nome_clietne;Via;Città;Cap;Provincia;titolare_azienda;recapiti_mail;ANNO;IMPONIBILE
ANTORAF SRL Società Unipersonale;VIA SPINETO 14/O/P;Loc. Piane di FALERONE;63837;FM;ANDREA VERDUCCI;amministrazione@antoraf.it;2021;2082,07
ANTORAF SRL Società Unipersonale;VIA SPINETO 14/O/P;Loc. Piane di FALERONE;63837;FM;ANDREA VERDUCCI;amministrazione@antoraf.it;2022;3697,63
ANTORAF SRL Società Unipersonale;VIA SPINETO 14/O/P;Loc. Piane di FALERONE;63837;FM;ANDREA VERDUCCI;amministrazione@antoraf.it;2023;94,73
CALZIFICIO POTENZA SRL;VIA CAMPANIA 10;MELISSANO;73040;LE;;"calz.potenza@tin.it;";2018;204,67
CALZIFICIO POTENZA SRL;VIA CAMPANIA 10;MELISSANO;73040;LE;;"calz.potenza@tin.it;";2019;400,58
CALZIFICIO POTENZA SRL;VIA CAMPANIA 10;MELISSANO;73040;LE;;"calz.potenza@tin.it;";2020;1814,1
CALZIFICIO POTENZA SRL;VIA CAMPANIA 10;MELISSANO;73040;LE;;"calz.potenza@tin.it;";2021;9964,86
CALZIFICIO POTENZA SRL;VIA CAMPANIA 10;MELISSANO;73040;LE;;"calz.potenza@tin.it;";2022;2699,14
MEGADYNE SPA ;VIA TRIESTE 16;MATHI;10075;TO;DANIELA GIACOMELLI -FEDERICO AIROLA;laura.fiore@megadynegroup.com;2010;10343,48
MEGADYNE SPA ;VIA TRIESTE 16;MATHI;10075;TO;DANIELA GIACOMELLI -FEDERICO AIROLA;laura.fiore@megadynegroup.com;2011;11793,42
MEGADYNE SPA ;VIA TRIESTE 16;MATHI;10075;TO;DANIELA GIACOMELLI -FEDERICO AIROLA;laura.fiore@megadynegroup.com;2012;12223,36
MEGADYNE SPA ;VIA TRIESTE 16;MATHI;10075;TO;DANIELA GIACOMELLI -FEDERICO AIROLA;laura.fiore@megadynegroup.com;2013;7082,91
MEGADYNE SPA ;VIA TRIESTE 16;MATHI;10075;TO;DANIELA GIACOMELLI -FEDERICO AIROLA;laura.fiore@megadynegroup.com;2014;5143,31
MEGADYNE SPA ;VIA TRIESTE 16;MATHI;10075;TO;DANIELA GIACOMELLI -FEDERICO AIROLA;laura.fiore@megadynegroup.com;2015;11137,33
MEGADYNE SPA ;VIA TRIESTE 16;MATHI;10075;TO;DANIELA GIACOMELLI -FEDERICO AIROLA;laura.fiore@megadynegroup.com;2016;12827,27
MEGADYNE SPA ;VIA TRIESTE 16;MATHI;10075;TO;DANIELA GIACOMELLI -FEDERICO AIROLA;laura.fiore@megadynegroup.com;2017;12830,79
MEGADYNE SPA ;VIA TRIESTE 16;MATHI;10075;TO;DANIELA GIACOMELLI -FEDERICO AIROLA;laura.fiore@megadynegroup.com;2018;5245,57
MEGADYNE SPA ;VIA TRIESTE 16;MATHI;10075;TO;DANIELA GIACOMELLI -FEDERICO AIROLA;laura.fiore@megadynegroup.com;2020;14338,79
MEGADYNE SPA ;VIA TRIESTE 16;MATHI;10075;TO;DANIELA GIACOMELLI -FEDERICO AIROLA;laura.fiore@megadynegroup.com;2021;5061,88
MEGADYNE SPA ;VIA TRIESTE 16;MATHI;10075;TO;DANIELA GIACOMELLI -FEDERICO AIROLA;laura.fiore@megadynegroup.com;2022;16526,75
PIROLA GIOVANNI SNC;VIA L. DA VINCI, 56-58;CASSANO D'ADDA;20062;MI;PIROLA DANIELE;"info@passamaneriapirola.com; amministrazione@passamaneriapirola.com";2017;4486,88
PIROLA GIOVANNI SNC;VIA L. DA VINCI, 56-58;CASSANO D'ADDA;20062;MI;PIROLA DANIELE;"info@passamaneriapirola.com; amministrazione@passamaneriapirola.com";2018;563,47
PIROLA GIOVANNI SNC;VIA L. DA VINCI, 56-58;CASSANO D'ADDA;20062;MI;PIROLA DANIELE;"info@passamaneriapirola.com; amministrazione@passamaneriapirola.com";2019;908,69
REAL KNITTING DOO;UL. PATRIJARHA PAVLA BR. 76;GAJDOBRA, BACKA PALANKA, SRBIJA;21432;;ANDREA PIZZOCOLO 340.8102946.;"ivana.vujic@realknitting.eu;petar.krajisnik@realknitting.eu";2012;1290,58
REAL KNITTING DOO;UL. PATRIJARHA PAVLA BR. 76;GAJDOBRA, BACKA PALANKA, SRBIJA;21432;;ANDREA PIZZOCOLO 340.8102946.;"ivana.vujic@realknitting.eu;petar.krajisnik@realknitting.eu";2013;18409,26
REAL KNITTING DOO;UL. PATRIJARHA PAVLA BR. 76;GAJDOBRA, BACKA PALANKA, SRBIJA;21432;;ANDREA PIZZOCOLO 340.8102946.;"ivana.vujic@realknitting.eu;petar.krajisnik@realknitting.eu";2014;7732,85
REAL KNITTING DOO;UL. PATRIJARHA PAVLA BR. 76;GAJDOBRA, BACKA PALANKA, SRBIJA;21432;;ANDREA PIZZOCOLO 340.8102946.;"ivana.vujic@realknitting.eu;petar.krajisnik@realknitting.eu";2015;6658,11
REAL KNITTING DOO;UL. PATRIJARHA PAVLA BR. 76;GAJDOBRA, BACKA PALANKA, SRBIJA;21432;;ANDREA PIZZOCOLO 340.8102946.;"ivana.vujic@realknitting.eu;petar.krajisnik@realknitting.eu";2016;20357,28
REAL KNITTING DOO;UL. PATRIJARHA PAVLA BR. 76;GAJDOBRA, BACKA PALANKA, SRBIJA;21432;;ANDREA PIZZOCOLO 340.8102946.;"ivana.vujic@realknitting.eu;petar.krajisnik@realknitting.eu";2017;35879,9
REAL KNITTING DOO;UL. PATRIJARHA PAVLA BR. 76;GAJDOBRA, BACKA PALANKA, SRBIJA;21432;;ANDREA PIZZOCOLO 340.8102946.;"ivana.vujic@realknitting.eu;petar.krajisnik@realknitting.eu";2018;22404,8
REAL KNITTING DOO;UL. PATRIJARHA PAVLA BR. 76;GAJDOBRA, BACKA PALANKA, SRBIJA;21432;;ANDREA PIZZOCOLO 340.8102946.;"ivana.vujic@realknitting.eu;petar.krajisnik@realknitting.eu";2019;24822,65
REAL KNITTING DOO;UL. PATRIJARHA PAVLA BR. 76;GAJDOBRA, BACKA PALANKA, SRBIJA;21432;;ANDREA PIZZOCOLO 340.8102946.;"ivana.vujic@realknitting.eu;petar.krajisnik@realknitting.eu";2020;12092,33
REAL KNITTING DOO;UL. PATRIJARHA PAVLA BR. 76;GAJDOBRA, BACKA PALANKA, SRBIJA;21432;;ANDREA PIZZOCOLO 340.8102946.;"ivana.vujic@realknitting.eu;petar.krajisnik@realknitting.eu";2021;11729,13
REAL KNITTING DOO;UL. PATRIJARHA PAVLA BR. 76;GAJDOBRA, BACKA PALANKA, SRBIJA;21432;;ANDREA PIZZOCOLO 340.8102946.;"ivana.vujic@realknitting.eu;petar.krajisnik@realknitting.eu";2022;10505,89
CALZIFICIO CHIARA di Giannelli Marco;P.ZA PRIMICELI 22 - ZONA A.E.V.;RACALE;73055;LE;MARCO GIANNELLI;"gmcalzificiochiara@tiscali.it;calzificiochiara@gmail.com;";2013;4375,41
CALZIFICIO CHIARA di Giannelli Marco;P.ZA PRIMICELI 22 - ZONA A.E.V.;RACALE;73055;LE;MARCO GIANNELLI;"gmcalzificiochiara@tiscali.it;calzificiochiara@gmail.com;";2015;1062,68
CALZIFICIO CHIARA di Giannelli Marco;P.ZA PRIMICELI 22 - ZONA A.E.V.;RACALE;73055;LE;MARCO GIANNELLI;"gmcalzificiochiara@tiscali.it;calzificiochiara@gmail.com;";2017;1600,68
CALZIFICIO CHIARA di Giannelli Marco;P.ZA PRIMICELI 22 - ZONA A.E.V.;RACALE;73055;LE;MARCO GIANNELLI;"gmcalzificiochiara@tiscali.it;calzificiochiara@gmail.com;";2018;2850,8
CALZIFICIO CHIARA di Giannelli Marco;P.ZA PRIMICELI 22 - ZONA A.E.V.;RACALE;73055;LE;MARCO GIANNELLI;"gmcalzificiochiara@tiscali.it;calzificiochiara@gmail.com;";2019;3392,97
CALZIFICIO CHIARA di Giannelli Marco;P.ZA PRIMICELI 22 - ZONA A.E.V.;RACALE;73055;LE;MARCO GIANNELLI;"gmcalzificiochiara@tiscali.it;calzificiochiara@gmail.com;";2020;1960,59
CALZIFICIO CHIARA di Giannelli Marco;P.ZA PRIMICELI 22 - ZONA A.E.V.;RACALE;73055;LE;MARCO GIANNELLI;"gmcalzificiochiara@tiscali.it;calzificiochiara@gmail.com;";2021;11184,12
CALZIFICIO CHIARA di Giannelli Marco;P.ZA PRIMICELI 22 - ZONA A.E.V.;RACALE;73055;LE;MARCO GIANNELLI;"gmcalzificiochiara@tiscali.it;calzificiochiara@gmail.com;";2022;20169,33
CALZIFICIO CHIARA di Giannelli Marco;P.ZA PRIMICELI 22 - ZONA A.E.V.;RACALE;73055;LE;MARCO GIANNELLI;"gmcalzificiochiara@tiscali.it;calzificiochiara@gmail.com;";2023;2983,87
DE IACO RITA Calzificio;VIA MONTE CERVINO, 10 Z.I.;MELISSANO;73040;LE;;calzificiodeiaco@hotmail.com;2021;3485,76
DE IACO RITA Calzificio;VIA MONTE CERVINO, 10 Z.I.;MELISSANO;73040;LE;;calzificiodeiaco@hotmail.com;2023;4773,61
2M SRL;VIA PORTICI UMBERTO PRIMO, 5/3;MALCESINE;37018;VR;MATTIA BISSOLOTTI GIORGIO BERNA GUI;"guido.ferrari@calzedonia.it; elena.marchetti@calzedonia.it";2021;19272,18
A.F. Maglieria Alberini s.n.c.;Via D.G. Dossetti 1;Gonzaga;46023;MN;ALBERINI;"alberto@afmaglieria.it; info@afmaglieria.it";2024;1305,54
A.F. Maglieria Alberini s.n.c.;Via D.G. Dossetti 1;Gonzaga;46023;MN;ALBERINI;"alberto@afmaglieria.it; info@afmaglieria.it";2025;518,88
ACCESSORI TESSILI OLMI SRL;VIA GANDHI 1;TREVIOLO;24048;BG;;access1b@acctessolmi.191.it;2014;644
ACHILLE VALERA LISSONI s.r.l.;VIA NANDO TINTORRI 19/23;CONCOREZZO;20863;MB;ANDREA LISSONI - LARA = 338 7219495;"risso@valera.it; 'valera - acquisti' <acquisti@valera.it>";2021;10,5
ACHILLE VALERA LISSONI s.r.l.;VIA NANDO TINTORRI 19/23;CONCOREZZO;20863;MB;ANDREA LISSONI - LARA = 338 7219495;"risso@valera.it; 'valera - acquisti' <acquisti@valera.it>";2024;1799,68
ADRIANTEX di Spinoni Adriana;VIA J.F. KENNEDY 1;BORGO S.GIACOMO;25022;BS;ADRIANA;adriantex@sonic.it;2011;375,23
AGAV SRL;VIA F.LLI CERVI 7/9;GERNO DI LESMO;20855;MB;Edoardo Viganò;michela@agavsrl.it;2017;2708,82
AGAV SRL;VIA F.LLI CERVI 7/9;GERNO DI LESMO;20855;MB;Edoardo Viganò;michela@agavsrl.it;2018;433,7
AGAV SRL;VIA F.LLI CERVI 7/9;GERNO DI LESMO;20855;MB;Edoardo Viganò;michela@agavsrl.it;2019;22871,8
AGAV SRL;VIA F.LLI CERVI 7/9;GERNO DI LESMO;20855;MB;Edoardo Viganò;michela@agavsrl.it;2020;58549,67
AGAV SRL;VIA F.LLI CERVI 7/9;GERNO DI LESMO;20855;MB;Edoardo Viganò;michela@agavsrl.it;2021;8615,42
AGAV SRL;VIA F.LLI CERVI 7/9;GERNO DI LESMO;20855;MB;Edoardo Viganò;michela@agavsrl.it;2022;6943,9
AGAV SRL;VIA F.LLI CERVI 7/9;GERNO DI LESMO;20855;MB;Edoardo Viganò;michela@agavsrl.it;2023;15038,89
AGAV SRL;VIA F.LLI CERVI 7/9;GERNO DI LESMO;20855;MB;Edoardo Viganò;michela@agavsrl.it;2024;17428,16
AGAV SRL;VIA F.LLI CERVI 7/9;GERNO DI LESMO;20855;MB;Edoardo Viganò;michela@agavsrl.it;2025;1318,72
ALBA & CO di Potenza Lucialba ;VIA XXV LUGLIO, 16;MELISSANO;73040;LE;"CRISTINA; Daniele";amministrazione@alba-co.it;2022;1009,19
ALBA & CO di Potenza Lucialba ;VIA XXV LUGLIO, 16;MELISSANO;73040;LE;"CRISTINA; Daniele";amministrazione@alba-co.it;2023;4474,43
ALBA & CO di Potenza Lucialba ;VIA XXV LUGLIO, 16;MELISSANO;73040;LE;"CRISTINA; Daniele";amministrazione@alba-co.it;2024;1242,78
ALBERTO BARDAZZI SPA;VIA TOSCANA 9/11 - Z.I. MACROLOTTO;PRATO;59100;PO;FEDERICO VALENTE - Sandro Meoni;s.guazzini@bardazzi.it;2020;1837,38
ALBERTO BARDAZZI SPA;VIA TOSCANA 9/11 - Z.I. MACROLOTTO;PRATO;59100;PO;FEDERICO VALENTE - Sandro Meoni;s.guazzini@bardazzi.it;2021;453,34
ALBERTO BARDAZZI SPA;VIA TOSCANA 9/11 - Z.I. MACROLOTTO;PRATO;59100;PO;FEDERICO VALENTE - Sandro Meoni;s.guazzini@bardazzi.it;2022;8727,71
ALBERTO BARDAZZI SPA;VIA TOSCANA 9/11 - Z.I. MACROLOTTO;PRATO;59100;PO;FEDERICO VALENTE - Sandro Meoni;s.guazzini@bardazzi.it;2023;46217,42
ALBERTO BARDAZZI SPA;VIA TOSCANA 9/11 - Z.I. MACROLOTTO;PRATO;59100;PO;FEDERICO VALENTE - Sandro Meoni;s.guazzini@bardazzi.it;2024;32129,47
ALBERTO BARDAZZI SPA;VIA TOSCANA 9/11 - Z.I. MACROLOTTO;PRATO;59100;PO;FEDERICO VALENTE - Sandro Meoni;s.guazzini@bardazzi.it;2025;5077,5
ALGE - INNOTEX GmbH;RASIS-BUNDT, 10;LUSTENAU - AUSTRIA;6890;;MARTIN KRISS;martin.kriss@alge-innotex.at;2018;6065,08
ALGE - INNOTEX GmbH;RASIS-BUNDT, 10;LUSTENAU - AUSTRIA;6890;;MARTIN KRISS;martin.kriss@alge-innotex.at;2022;4192,46
ALMA SRL;VIA DANIELE MANIN 69;MESTRE;30174;VE;DANILO - MARIAGRAZIA;"andria@nastrificioalma.it; amministrazione@nastrificioalma.it";2021;3823,65
ALMA SRL;VIA DANIELE MANIN 69;MESTRE;30174;VE;DANILO - MARIAGRAZIA;"andria@nastrificioalma.it; amministrazione@nastrificioalma.it";2024;760,36
ALMA SRL;VIA DANIELE MANIN 69;MESTRE;30174;VE;DANILO - MARIAGRAZIA;"andria@nastrificioalma.it; amministrazione@nastrificioalma.it";2025;2121,9
ALOIS TESSITURA SERICA SRL;STRADA STATALE APPIA KM 197,90;VITULAZIO;81041;CE;;"alois@alois.it; tiziana.crisci@alois.it";2018;253,45
ALOIS TESSITURA SERICA SRL;STRADA STATALE APPIA KM 197,90;VITULAZIO;81041;CE;;"alois@alois.it; tiziana.crisci@alois.it";2019;191,8
ALPIN CORAP SAN. TIC. A.S.;Bakir ve Pirinc San. Sit. Mustafa Kurtoglu Cad.18;Beylikduzu, Istanbul  TURKEY;34520;;MESUT ALYAKUT;mesut@alpincorap.com.tr;2020;324,81
ALPIN CORAP SAN. TIC. A.S.;Bakir ve Pirinc San. Sit. Mustafa Kurtoglu Cad.18;Beylikduzu, Istanbul  TURKEY;34520;;MESUT ALYAKUT;mesut@alpincorap.com.tr;2021;14
ALPIN CORAP SAN. TIC. A.S.;Bakir ve Pirinc San. Sit. Mustafa Kurtoglu Cad.18;Beylikduzu, Istanbul  TURKEY;34520;;MESUT ALYAKUT;mesut@alpincorap.com.tr;2022;72856,75
ALPIN CORAP SAN. TIC. A.S.;Bakir ve Pirinc San. Sit. Mustafa Kurtoglu Cad.18;Beylikduzu, Istanbul  TURKEY;34520;;MESUT ALYAKUT;mesut@alpincorap.com.tr;2023;17339,82
ALPIN CORAP SAN. TIC. A.S.;Bakir ve Pirinc San. Sit. Mustafa Kurtoglu Cad.18;Beylikduzu, Istanbul  TURKEY;34520;;MESUT ALYAKUT;mesut@alpincorap.com.tr;2024;89477,31
ALPIN CORAP SAN. TIC. A.S.;Bakir ve Pirinc San. Sit. Mustafa Kurtoglu Cad.18;Beylikduzu, Istanbul  TURKEY;34520;;MESUT ALYAKUT;mesut@alpincorap.com.tr;2025;58837,91
ALSAFIL SPA;VIA LUIGI GALVANI 17/19;CASTIGLIONE DELLE STIVIERE;46043;MN;deborah c. clienti laura c. fornit.;deborah.bisardi@alsafil.it;2010;92313,15
AMAL CALZE SOC. COOP.;Via dei Ciclamini, 16;RACALE;73055;LE;;amalcalzificio@gmail.com;2024;2176,16
AMAL CALZE SOC. COOP.;Via dei Ciclamini, 16;RACALE;73055;LE;;amalcalzificio@gmail.com;2025;3195,45
AMBROFIBRE 97 SRL;VIA GALVANI, 14;CASTIGLIONE DELLE STIVIERE;46043;MN;NATASCIA commerciale@ambrofibre.it;amministrazione@ambrofibre.it;2021;929,76
AMBROFIBRE 97 SRL;VIA GALVANI, 14;CASTIGLIONE DELLE STIVIERE;46043;MN;NATASCIA commerciale@ambrofibre.it;amministrazione@ambrofibre.it;2022;3179,76
AMBROFIBRE 97 SRL;VIA GALVANI, 14;CASTIGLIONE DELLE STIVIERE;46043;MN;NATASCIA commerciale@ambrofibre.it;amministrazione@ambrofibre.it;2023;7197,6
AMBROFIBRE 97 SRL;VIA GALVANI, 14;CASTIGLIONE DELLE STIVIERE;46043;MN;NATASCIA commerciale@ambrofibre.it;amministrazione@ambrofibre.it;2024;2244,62
AMMEGA ITALIA S.P.A.;VIA TRIESTE 16;MATHI;10075;TO;DANIELA GIACOMELLI -FEDERICO AIROLA;laura.fiore@megadynegroup.com;2023;17280,03
AMMEGA ITALIA S.P.A.;VIA TRIESTE 16;MATHI;10075;TO;DANIELA GIACOMELLI -FEDERICO AIROLA;laura.fiore@megadynegroup.com;2025;17358,01
ANDREONI SRL;VIA A. PACINOTTI, 3;VILLASANTA;20852;MB;MATTIA BURINI-LUISA ANDREONI-NADIA;luisa@andreonisnc.it;2022;3738,38
ANDREONI SRL;VIA A. PACINOTTI, 3;VILLASANTA;20852;MB;MATTIA BURINI-LUISA ANDREONI-NADIA;luisa@andreonisnc.it;2023;5642,16
ANTORAF S.R.L.  ;VIA SPINETO 14/O/P;Loc. Piane di FALERONE;63837;FM;ANDREA VERDUCCI;amministrazione@antoraf.it;2023;56,3
ANTORAF S.R.L.  ;VIA SPINETO 14/O/P;Loc. Piane di FALERONE;63837;FM;ANDREA VERDUCCI;amministrazione@antoraf.it;2024;768,96
ANTORAF S.R.L.  ;VIA SPINETO 14/O/P;Loc. Piane di FALERONE;63837;FM;ANDREA VERDUCCI;amministrazione@antoraf.it;2025;200
ANZICHI GIULIO;VIA GRAMSCI 15;CALCINATO;25011;BS;ANZICHI GIULIO;giulio.anzichi@alice.it;2017;1358,9
ANZICHI GIULIO;VIA GRAMSCI 15;CALCINATO;25011;BS;ANZICHI GIULIO;giulio.anzichi@alice.it;2018;153,59
ARCOS SRL UNIPERSONALE;VIA DELL'ARTIGIANATO 47;TRAVAGLIATO;25039;BS;GIUSEPPE VALCAMONICO;"arcos@socksarcos.com; vanessa@socksarcos.com";2010;43013,07
ARCOS SRL UNIPERSONALE;VIA DELL'ARTIGIANATO 47;TRAVAGLIATO;25039;BS;GIUSEPPE VALCAMONICO;"arcos@socksarcos.com; vanessa@socksarcos.com";2011;-1077,64
ARCOS SRL UNIPERSONALE;VIA DELL'ARTIGIANATO 47;TRAVAGLIATO;25039;BS;GIUSEPPE VALCAMONICO;"arcos@socksarcos.com; vanessa@socksarcos.com";2019;7713,09
ARPEX TEXTILES S.R.L.;Via Foggia, 47;Barletta;76121;BT;GiuseppeMusti-CinziaGambatesa-Valer;posta@arpexsrl.it;2024;26458,51
ARPEX TEXTILES S.R.L.;Via Foggia, 47;Barletta;76121;BT;GiuseppeMusti-CinziaGambatesa-Valer;posta@arpexsrl.it;2025;20625,21
ARTEMISIA SRL;STRADA ACQUAFREDDA 14 L/K;CASTEL GOFFREDO ;46042;MN;;contabilita@intimoartemisia.com;2017;346,96
ARTEMISIA SRL;STRADA ACQUAFREDDA 14 L/K;CASTEL GOFFREDO ;46042;MN;;contabilita@intimoartemisia.com;2019;39808,96
ARTEMISIA SRL;STRADA ACQUAFREDDA 14 L/K;CASTEL GOFFREDO ;46042;MN;;contabilita@intimoartemisia.com;2020;26152,71
ARTEMISIA SRL;STRADA ACQUAFREDDA 14 L/K;CASTEL GOFFREDO ;46042;MN;;contabilita@intimoartemisia.com;2021;116,1
ARTEMISIA SRL;STRADA ACQUAFREDDA 14 L/K;CASTEL GOFFREDO ;46042;MN;;contabilita@intimoartemisia.com;2022;3689,65
ARTEMISIA SRL;STRADA ACQUAFREDDA 14 L/K;CASTEL GOFFREDO ;46042;MN;;contabilita@intimoartemisia.com;2023;376,6
ARTEMISIA SRL;STRADA ACQUAFREDDA 14 L/K;CASTEL GOFFREDO ;46042;MN;;contabilita@intimoartemisia.com;2024;377
ATHENA CALZE SRL;VIA VIRGILIO 90;CASTEL GOFFREDO;46042;MN;DENISE ACCORSI;raffaella@athenacalze.it;2016;2672,63
ATHENA CALZE SRL;VIA VIRGILIO 90;CASTEL GOFFREDO;46042;MN;DENISE ACCORSI;raffaella@athenacalze.it;2017;2323,84
ATHENA CALZE SRL;VIA VIRGILIO 90;CASTEL GOFFREDO;46042;MN;DENISE ACCORSI;raffaella@athenacalze.it;2018;2427,21
ATHENA CALZE SRL;VIA VIRGILIO 90;CASTEL GOFFREDO;46042;MN;DENISE ACCORSI;raffaella@athenacalze.it;2019;538,22
ATHENA CALZE SRL;VIA VIRGILIO 90;CASTEL GOFFREDO;46042;MN;DENISE ACCORSI;raffaella@athenacalze.it;2020;615,52
ATHENA CALZE SRL;VIA VIRGILIO 90;CASTEL GOFFREDO;46042;MN;DENISE ACCORSI;raffaella@athenacalze.it;2021;840,95
ATHENA CALZE SRL;VIA VIRGILIO 90;CASTEL GOFFREDO;46042;MN;DENISE ACCORSI;raffaella@athenacalze.it;2022;788,87
ATHENA CALZE SRL;VIA VIRGILIO 90;CASTEL GOFFREDO;46042;MN;DENISE ACCORSI;raffaella@athenacalze.it;2025;593,12
Alge Elastic GmbH;Rasis Bündt 10 (Industriezone Nord);Lustenau - AUSTRIA;A6890;;Werner Erhart;nina.moosmann@algeelastic.at;2016;10298,86
Alge Elastic GmbH;Rasis Bündt 10 (Industriezone Nord);Lustenau - AUSTRIA;A6890;;Werner Erhart;nina.moosmann@algeelastic.at;2017;18258,63
B.EMME. GI. TESSITURA SNC;VIA CANALE 74;VERTOVA;24029;BG;MAURIZIO3393050128;bmgtessitura@gmail.com;2022;797,72
BANDAVEJ di VAGLIO TESSITORE;C.SO SAN MAURIZIO 25/A;BIELLA;13900;BI;VAGLIO FILIPPO ;info@bandavej.com;2014;400
BANDAVEJ di VAGLIO TESSITORE;C.SO SAN MAURIZIO 25/A;BIELLA;13900;BI;VAGLIO FILIPPO ;info@bandavej.com;2015;962,4
BASSINI ANGELO & C. Snc - Calzificio;VIA S. MARTINO 5;FARFENGO DI BORGO S. GIACOMO;25022;BS;MARINA BASSINI;marina@calzebassini.it;2019;1358,41
BATTAGLIO Cav. NORBERTO;VIA G. DI VITTORIO 13;CASTELMELLA;25030;BS;Cav. NORBERTO padre  CLAUDIOfiglio;claudiobattaglio@alice.it;2023;2017,81
BATTAGLIO Cav. NORBERTO;VIA G. DI VITTORIO 13;CASTELMELLA;25030;BS;Cav. NORBERTO padre  CLAUDIOfiglio;claudiobattaglio@alice.it;2024;1949,38
BATTAGLIO Cav. NORBERTO;VIA G. DI VITTORIO 13;CASTELMELLA;25030;BS;Cav. NORBERTO padre  CLAUDIOfiglio;claudiobattaglio@alice.it;2025;5618,2
BERTELLI LUIGI SRL;VIA PADANA SUPERIORE, 133;CASTEGNATO;25045;BS;ANDREA FIGLIO LUIGI PADRE;;2011;5704,4
BERTHEAS ET CIE;PARC D'ACTIVITES DE STELYTEC BP28;ST CHAMOND CEDEX - FRANCE;42401;;;"s.spatti@nyfil.eu;silviacrepaldi@i-dika.com";2015;265,53
BEST CALZE S.R.L.;S.P.ANDRIA-TRANI KM 2,20-CONTRADA LAMAPAOLA Z.I.;ANDRIA;76123;BT;SIG.VINCENZO-MICHELE;"info@bestcalze.com; ufficiocommerciale@bestcalze.com";2016;1527,15
BEST CALZE S.R.L.;S.P.ANDRIA-TRANI KM 2,20-CONTRADA LAMAPAOLA Z.I.;ANDRIA;76123;BT;SIG.VINCENZO-MICHELE;"info@bestcalze.com; ufficiocommerciale@bestcalze.com";2017;1016,77
BEST CALZE S.R.L.;S.P.ANDRIA-TRANI KM 2,20-CONTRADA LAMAPAOLA Z.I.;ANDRIA;76123;BT;SIG.VINCENZO-MICHELE;"info@bestcalze.com; ufficiocommerciale@bestcalze.com";2018;1298,15
BEST CALZE S.R.L.;S.P.ANDRIA-TRANI KM 2,20-CONTRADA LAMAPAOLA Z.I.;ANDRIA;76123;BT;SIG.VINCENZO-MICHELE;"info@bestcalze.com; ufficiocommerciale@bestcalze.com";2019;2232,39
BEST CALZE S.R.L.;S.P.ANDRIA-TRANI KM 2,20-CONTRADA LAMAPAOLA Z.I.;ANDRIA;76123;BT;SIG.VINCENZO-MICHELE;"info@bestcalze.com; ufficiocommerciale@bestcalze.com";2020;173,79
BEST CALZE S.R.L.;S.P.ANDRIA-TRANI KM 2,20-CONTRADA LAMAPAOLA Z.I.;ANDRIA;76123;BT;SIG.VINCENZO-MICHELE;"info@bestcalze.com; ufficiocommerciale@bestcalze.com";2024;202,8
BOTA NV;STADIONLAAN 12-16;DEINZE-BELGIUM;9800;;PHILIPPE MOERKENS;invoices@bota.be ;2024;758,58
BREITEX GMBH;DITTERSDORFER STR. 18;AMTSBERG - GERMANY;9439;;;"m.oertel@breitex.de, buchhaltung@breitex.de; h.kopper-wilhelm@breitex.de";2023;7380,57
BREITEX GMBH;DITTERSDORFER STR. 18;AMTSBERG - GERMANY;9439;;;"m.oertel@breitex.de, buchhaltung@breitex.de; h.kopper-wilhelm@breitex.de";2024;4418,65
BREITEX GMBH;DITTERSDORFER STR. 18;AMTSBERG - GERMANY;9439;;;"m.oertel@breitex.de, buchhaltung@breitex.de; h.kopper-wilhelm@breitex.de";2025;2107,55
BRUNO CHIARUTTINI SRL;VIA PAPA GIOVANNI XXIII;REZZATO;25086;BS;Niccolò ;"info@accapi.com; alessandro@accapi.com";2016;956,12
BRUNO CHIARUTTINI SRL;VIA PAPA GIOVANNI XXIII;REZZATO;25086;BS;Niccolò ;"info@accapi.com; alessandro@accapi.com";2020;588,2
BVBA BEERNAERT;ANNEKENSSTRAAT 1;OUDENAARDE - BELGIUM;9700;;DIDIER BEERNAERT;didier.beernaert@beernaertsocks.be;2019;7846,27
BVBA BEERNAERT;ANNEKENSSTRAAT 1;OUDENAARDE - BELGIUM;9700;;DIDIER BEERNAERT;didier.beernaert@beernaertsocks.be;2020;9870,09
BVBA BEERNAERT;ANNEKENSSTRAAT 1;OUDENAARDE - BELGIUM;9700;;DIDIER BEERNAERT;didier.beernaert@beernaertsocks.be;2021;14844,94
BVBA BEERNAERT;ANNEKENSSTRAAT 1;OUDENAARDE - BELGIUM;9700;;DIDIER BEERNAERT;didier.beernaert@beernaertsocks.be;2022;7849,41
Bettina Sam;Avenue Crovetto Frères, 2 B.P. 808;Monaco Cedex;98012;;Diego Miseria;"robbiati@bettina.mc; facturation@bettina.mc; charpentier@bettina.mc";2023;1020,25
Bettina Sam;Avenue Crovetto Frères, 2 B.P. 808;Monaco Cedex;98012;;Diego Miseria;"robbiati@bettina.mc; facturation@bettina.mc; charpentier@bettina.mc";2024;11110,55
Bettina Sam;Avenue Crovetto Frères, 2 B.P. 808;Monaco Cedex;98012;;Diego Miseria;"robbiati@bettina.mc; facturation@bettina.mc; charpentier@bettina.mc";2025;1932,48
Bony Tekstil Isletmeleri Sanayi ve Ticaret A.S.;Ismet Pasa.Mah.4 SOK.N10-Cerkezkoy.organ. san.bolg;KAPAKLI - TEKIRDAG;59500;;;"bcetinkaya@bonysocks.com; hsensoy@bonysocks.com";2020;17
C&Ld S.R.L.;Via Papa Roncalli, 21/23; Borgo San Giacomo;25022;BS;Denis Este;"info@calzificiocld.it; denis.este@calzificiocld.it";2022;1257,87
C&Ld S.R.L.;Via Papa Roncalli, 21/23; Borgo San Giacomo;25022;BS;Denis Este;"info@calzificiocld.it; denis.este@calzificiocld.it";2023;-188,35
CAGE s.a.s. di De Biase Alessia & C.;CONTRADA TORRE - ZONA INDUSTRIALE;LATRONICO;85043;PZ;DE BIASE EGIDIO;cagecalze@tiscali.it;2020;788,74
CAGE s.a.s. di De Biase Alessia & C.;CONTRADA TORRE - ZONA INDUSTRIALE;LATRONICO;85043;PZ;DE BIASE EGIDIO;cagecalze@tiscali.it;2021;4184,24
CAGE s.a.s. di De Biase Alessia & C.;CONTRADA TORRE - ZONA INDUSTRIALE;LATRONICO;85043;PZ;DE BIASE EGIDIO;cagecalze@tiscali.it;2022;8663,8
CAGE s.a.s. di De Biase Alessia & C.;CONTRADA TORRE - ZONA INDUSTRIALE;LATRONICO;85043;PZ;DE BIASE EGIDIO;cagecalze@tiscali.it;2023;4683,71
CAGE s.a.s. di De Biase Alessia & C.;CONTRADA TORRE - ZONA INDUSTRIALE;LATRONICO;85043;PZ;DE BIASE EGIDIO;cagecalze@tiscali.it;2024;2756,67
CAGE s.a.s. di De Biase Alessia & C.;CONTRADA TORRE - ZONA INDUSTRIALE;LATRONICO;85043;PZ;DE BIASE EGIDIO;cagecalze@tiscali.it;2025;565,54
CAL. DI PARABIAGO M.RE DE PAOLINI SPA;VIA SANTA MARIA 60;PARABIAGO;20015;MI;MONICA GUERRI-GIOVANNI LEGRENZI;"anna.pisoni@rede.it;marta.redaelli@rede.it";2010;503,47
CAL. DI PARABIAGO M.RE DE PAOLINI SPA;VIA SANTA MARIA 60;PARABIAGO;20015;MI;MONICA GUERRI-GIOVANNI LEGRENZI;"anna.pisoni@rede.it;marta.redaelli@rede.it";2022;14785,83
CAL. DI PARABIAGO M.RE DE PAOLINI SPA;VIA SANTA MARIA 60;PARABIAGO;20015;MI;MONICA GUERRI-GIOVANNI LEGRENZI;"anna.pisoni@rede.it;marta.redaelli@rede.it";2023;42098,52
CALINT S.R.L.;VIA PONTE DEL TREMIO, 12;ANAGNI;3012;FR;SIG. DISEGNI UMBERTO ;"calintroma@live.it; calintsrl@msn.com";2011;0
CALINT S.R.L.;VIA PONTE DEL TREMIO, 12;ANAGNI;3012;FR;SIG. DISEGNI UMBERTO ;"calintroma@live.it; calintsrl@msn.com";2013;295,7
CALZ. DE BERT di Bertoletti Pietro;LEONARDO DA VINCI, 7;BORGO SAN GIACOMO;25022;BS;SIG. BERTOLETTI PIETRO;debert@debert.it;2010;873,27
CALZ. DE BERT di Bertoletti Pietro;LEONARDO DA VINCI, 7;BORGO SAN GIACOMO;25022;BS;SIG. BERTOLETTI PIETRO;debert@debert.it;2011;572,66
CALZ. DE BERT di Bertoletti Pietro;LEONARDO DA VINCI, 7;BORGO SAN GIACOMO;25022;BS;SIG. BERTOLETTI PIETRO;debert@debert.it;2012;738,91
CALZ. DE BERT di Bertoletti Pietro;LEONARDO DA VINCI, 7;BORGO SAN GIACOMO;25022;BS;SIG. BERTOLETTI PIETRO;debert@debert.it;2013;370,6
CALZ. DE BERT di Bertoletti Pietro;LEONARDO DA VINCI, 7;BORGO SAN GIACOMO;25022;BS;SIG. BERTOLETTI PIETRO;debert@debert.it;2014;375,15
CALZE BENEDUCI SRL;VIA MATTEI 15;CASTIGLIONE DELLE STIVIERE;46043;MN;SIG. LUCA BENEDUCI;a.calzificiobeneduci@libero.it;2010;111,8
CALZE HORUS di Paiano Quintino;VIA P.CAPANO, 56;RACALE;73055;LE;QUINTINO;quintinopaiano@gmail.com;2012;459,9
CALZE HORUS di Paiano Quintino;VIA P.CAPANO, 56;RACALE;73055;LE;QUINTINO;quintinopaiano@gmail.com;2013;939,84
CALZE HORUS di Paiano Quintino;VIA P.CAPANO, 56;RACALE;73055;LE;QUINTINO;quintinopaiano@gmail.com;2014;637,44
CALZE HORUS di Paiano Quintino;VIA P.CAPANO, 56;RACALE;73055;LE;QUINTINO;quintinopaiano@gmail.com;2015;289,15
CALZE HORUS di Paiano Quintino;VIA P.CAPANO, 56;RACALE;73055;LE;QUINTINO;quintinopaiano@gmail.com;2016;828,61
CALZE HORUS di Paiano Quintino;VIA P.CAPANO, 56;RACALE;73055;LE;QUINTINO;quintinopaiano@gmail.com;2017;889,81
CALZE HORUS di Paiano Quintino;VIA P.CAPANO, 56;RACALE;73055;LE;QUINTINO;quintinopaiano@gmail.com;2018;703,3
CALZE HORUS di Paiano Quintino;VIA P.CAPANO, 56;RACALE;73055;LE;QUINTINO;quintinopaiano@gmail.com;2019;196,63
CALZE HORUS di Paiano Quintino;VIA P.CAPANO, 56;RACALE;73055;LE;QUINTINO;quintinopaiano@gmail.com;2020;1965,34
CALZE HORUS di Paiano Quintino;VIA P.CAPANO, 56;RACALE;73055;LE;QUINTINO;quintinopaiano@gmail.com;2021;922,09
CALZE HORUS di Paiano Quintino;VIA P.CAPANO, 56;RACALE;73055;LE;QUINTINO;quintinopaiano@gmail.com;2022;1790,37
CALZE HORUS di Paiano Quintino;VIA P.CAPANO, 56;RACALE;73055;LE;QUINTINO;quintinopaiano@gmail.com;2023;5280,53
CALZE HORUS di Paiano Quintino;VIA P.CAPANO, 56;RACALE;73055;LE;QUINTINO;quintinopaiano@gmail.com;2024;2880,18
CALZE HORUS di Paiano Quintino;VIA P.CAPANO, 56;RACALE;73055;LE;QUINTINO;quintinopaiano@gmail.com;2025;3014,07
CALZE LORD di Fortini Vittorino;VIA BEATA CERIOLI 3, FR. VILLACAMPANIA;SONCINO;26029;CR;FORTINI VITTORINO;v.fortini@calzelord.it;2010;207,41
CALZIFICIO ALESSANDRA S.R.L.;VIA AVIS, 8;CASALOLDO;46040;MN;;barbara [barbara@alessandra.it];2010;133
CALZIFICIO ANSON SNC di Verardi Vito, Anna e Sonia;VIA PROV.LE RACALE - MELISSANO 133;RACALE;73055;LE;SIG.RA SONIA - GABRIELLA - ILARIA;contabilita@anson.it;2015;202,96
CALZIFICIO ANSON SNC di Verardi Vito, Anna e Sonia;VIA PROV.LE RACALE - MELISSANO 133;RACALE;73055;LE;SIG.RA SONIA - GABRIELLA - ILARIA;contabilita@anson.it;2016;5257,52
CALZIFICIO ANSON SNC di Verardi Vito, Anna e Sonia;VIA PROV.LE RACALE - MELISSANO 133;RACALE;73055;LE;SIG.RA SONIA - GABRIELLA - ILARIA;contabilita@anson.it;2017;4737,18
CALZIFICIO ANSON SNC di Verardi Vito, Anna e Sonia;VIA PROV.LE RACALE - MELISSANO 133;RACALE;73055;LE;SIG.RA SONIA - GABRIELLA - ILARIA;contabilita@anson.it;2018;7625,15
CALZIFICIO ANSON SNC di Verardi Vito, Anna e Sonia;VIA PROV.LE RACALE - MELISSANO 133;RACALE;73055;LE;SIG.RA SONIA - GABRIELLA - ILARIA;contabilita@anson.it;2019;9264,15
CALZIFICIO ANSON SNC di Verardi Vito, Anna e Sonia;VIA PROV.LE RACALE - MELISSANO 133;RACALE;73055;LE;SIG.RA SONIA - GABRIELLA - ILARIA;contabilita@anson.it;2020;10040,56
CALZIFICIO ANSON SNC di Verardi Vito, Anna e Sonia;VIA PROV.LE RACALE - MELISSANO 133;RACALE;73055;LE;SIG.RA SONIA - GABRIELLA - ILARIA;contabilita@anson.it;2021;30088,97
CALZIFICIO ANSON SNC di Verardi Vito, Anna e Sonia;VIA PROV.LE RACALE - MELISSANO 133;RACALE;73055;LE;SIG.RA SONIA - GABRIELLA - ILARIA;contabilita@anson.it;2022;55066,3
CALZIFICIO ANSON SNC di Verardi Vito, Anna e Sonia;VIA PROV.LE RACALE - MELISSANO 133;RACALE;73055;LE;SIG.RA SONIA - GABRIELLA - ILARIA;contabilita@anson.it;2023;27265,92
CALZIFICIO ANSON SNC di Verardi Vito, Anna e Sonia;VIA PROV.LE RACALE - MELISSANO 133;RACALE;73055;LE;SIG.RA SONIA - GABRIELLA - ILARIA;contabilita@anson.it;2024;23907,88
CALZIFICIO ANSON SNC di Verardi Vito, Anna e Sonia;VIA PROV.LE RACALE - MELISSANO 133;RACALE;73055;LE;SIG.RA SONIA - GABRIELLA - ILARIA;contabilita@anson.it;2025;9961,4
CALZIFICIO BAGGINI SNC;VIA GIACOMO VERDI 7/9;OGGIONA CON SANTO STEFANO;21040;VA;;info@calzificiobaggini.it;2010;1445,5
CALZIFICIO BAGGINI SNC;VIA GIACOMO VERDI 7/9;OGGIONA CON SANTO STEFANO;21040;VA;;info@calzificiobaggini.it;2024;677,17
CALZIFICIO BAGGINI SNC;VIA GIACOMO VERDI 7/9;OGGIONA CON SANTO STEFANO;21040;VA;;info@calzificiobaggini.it;2025;1496,25
CALZIFICIO BAGNATO SRL;VIA G. MATTEOTTI 61;RACALE;73055;LE;LUIGI E GRAZIANO;"info@bagnatocalze.it;calzificiobagnato@libero.it; calzificiobagnatosrl@pec.it";2013;1462,43
CALZIFICIO BAGNATO SRL;VIA G. MATTEOTTI 61;RACALE;73055;LE;LUIGI E GRAZIANO;"info@bagnatocalze.it;calzificiobagnato@libero.it; calzificiobagnatosrl@pec.it";2014;3270,24
CALZIFICIO BAGNATO SRL;VIA G. MATTEOTTI 61;RACALE;73055;LE;LUIGI E GRAZIANO;"info@bagnatocalze.it;calzificiobagnato@libero.it; calzificiobagnatosrl@pec.it";2020;691,37
CALZIFICIO BAGNATO SRL;VIA G. MATTEOTTI 61;RACALE;73055;LE;LUIGI E GRAZIANO;"info@bagnatocalze.it;calzificiobagnato@libero.it; calzificiobagnatosrl@pec.it";2023;158,85
CALZIFICIO BAGNATO SRL;VIA G. MATTEOTTI 61;RACALE;73055;LE;LUIGI E GRAZIANO;"info@bagnatocalze.it;calzificiobagnato@libero.it; calzificiobagnatosrl@pec.it";2024;6506,46
CALZIFICIO BAGNATO SRL;VIA G. MATTEOTTI 61;RACALE;73055;LE;LUIGI E GRAZIANO;"info@bagnatocalze.it;calzificiobagnato@libero.it; calzificiobagnatosrl@pec.it";2025;3533,07
CALZIFICIO BIASCO SRL;VIA A. MEUCCI 9;GAGLIANO DEL CAPO;73034;LE;MARTINO BIASCO;info@calzificiobiasco.it;2020;1485,42
CALZIFICIO BIASCO SRL;VIA A. MEUCCI 9;GAGLIANO DEL CAPO;73034;LE;MARTINO BIASCO;info@calzificiobiasco.it;2021;1085,08
CALZIFICIO BIASCO SRL;VIA A. MEUCCI 9;GAGLIANO DEL CAPO;73034;LE;MARTINO BIASCO;info@calzificiobiasco.it;2022;906,2
CALZIFICIO BIELLE DI BOLDRINI LUIGI;VIA SAN GIOVANNI 395;MONTICHIARI;25018;BS;SIG. BOLDRINI GUIDO;;2014;533,13
CALZIFICIO BONADEI SRL;VIA I MAGGIO;OSPITALETTO;25035;BS;Sig.ra Paola figlia Sig. Gianfranco;"luca@bonadei.com; info@bonadei.com";2010;16241,85
CALZIFICIO BONADEI SRL;VIA I MAGGIO;OSPITALETTO;25035;BS;Sig.ra Paola figlia Sig. Gianfranco;"luca@bonadei.com; info@bonadei.com";2011;7945,24
CALZIFICIO BOTTICELLI;VIA COLLI 211;COLLI DI SUSO - SEZZE;4010;LT;;calzificiobotticelli@libero.it;2011;1072
CALZIFICIO CENEDESE SAS DI CENEDESE FRANCESCO & C.;VIA SAN DANIELE 61;COLFOSCO DI SUSEGANA;31030;TV;FRANCESCO CENEDESE;calzificiocenedese@gmail.com;2025;1112,38
CALZIFICIO CHIARA SRL;PIAZZA PRIMICERI ZONA A.E.V. 22;RACALE;73055;LE;;"gmcalzificiochiara@tiscali.it;calzificiochiara@gmail.com;";2023;526,13
CALZIFICIO COCCIA ANGELO & C. SNC;VIA BOSCHETTO 10-12;RAPAGNANO;63831;FM;ANDREA;"calzecoccia@libero.it; calzecoccia@gmail.com";2012;226,65
CALZIFICIO COCCIA ANGELO & C. SNC;VIA BOSCHETTO 10-12;RAPAGNANO;63831;FM;ANDREA;"calzecoccia@libero.it; calzecoccia@gmail.com";2021;1304,23
CALZIFICIO COCCIA ANGELO & C. SNC;VIA BOSCHETTO 10-12;RAPAGNANO;63831;FM;ANDREA;"calzecoccia@libero.it; calzecoccia@gmail.com";2023;282,04
CALZIFICIO COCCOLI SRL;VIA G. MAZZINI 77;BOTTICINO SERA ;25082;BS;MONICA COCCOLI MARIELLA;"anna@calzificiococcoli.com;";2019;935,21
CALZIFICIO COCCOLI SRL;VIA G. MAZZINI 77;BOTTICINO SERA ;25082;BS;MONICA COCCOLI MARIELLA;"anna@calzificiococcoli.com;";2020;1567,2
CALZIFICIO DANY SRL;Via Padre G. Piamarta 3/B;Bagnolo Mella;25021;BS;Daniele Gritti;amministrazione@calzificiodany.it;2020;12622,32
CALZIFICIO DANY SRL;Via Padre G. Piamarta 3/B;Bagnolo Mella;25021;BS;Daniele Gritti;amministrazione@calzificiodany.it;2021;11446,46
CALZIFICIO DANY SRL;Via Padre G. Piamarta 3/B;Bagnolo Mella;25021;BS;Daniele Gritti;amministrazione@calzificiodany.it;2022;8657,93
CALZIFICIO DANY SRL;Via Padre G. Piamarta 3/B;Bagnolo Mella;25021;BS;Daniele Gritti;amministrazione@calzificiodany.it;2023;17191,87
CALZIFICIO DANY SRL;Via Padre G. Piamarta 3/B;Bagnolo Mella;25021;BS;Daniele Gritti;amministrazione@calzificiodany.it;2024;7840,73
CALZIFICIO DANY SRL;Via Padre G. Piamarta 3/B;Bagnolo Mella;25021;BS;Daniele Gritti;amministrazione@calzificiodany.it;2025;4749,49
CALZIFICIO DE IACO RITA DI SCOZZI SALVATORE;VIA MONTE CERVINO, 10 Z.I.;MELISSANO;73040;LE;SOCZZI SALVATORE;calzificiodeiaco@hotmail.com;2024;4174,16
CALZIFICIO DE IACO RITA DI SCOZZI SALVATORE;VIA MONTE CERVINO, 10 Z.I.;MELISSANO;73040;LE;SOCZZI SALVATORE;calzificiodeiaco@hotmail.com;2025;2872,42
CALZIFICIO DE PIO di Chiaruttini & C. Snc.;VIA TITO SPERI 29;BOTTICINO SERA;25082;BS;Sig.ra Mary  - Simona;"depio@depio.it;depio@indirizzopec.net";2010;6272,71
CALZIFICIO DE PIO di Chiaruttini & C. Snc.;VIA TITO SPERI 29;BOTTICINO SERA;25082;BS;Sig.ra Mary  - Simona;"depio@depio.it;depio@indirizzopec.net";2011;5560,56
CALZIFICIO DE PIO di Chiaruttini & C. Snc.;VIA TITO SPERI 29;BOTTICINO SERA;25082;BS;Sig.ra Mary  - Simona;"depio@depio.it;depio@indirizzopec.net";2012;2689,36
CALZIFICIO DE PIO di Chiaruttini & C. Snc.;VIA TITO SPERI 29;BOTTICINO SERA;25082;BS;Sig.ra Mary  - Simona;"depio@depio.it;depio@indirizzopec.net";2013;100
CALZIFICIO EIRE SRL;VIA EUROPA UNITA 3;CASALMORO;46040;MN;;ammin@eirecalze.it;2011;135,17
CALZIFICIO EIRE SRL;VIA EUROPA UNITA 3;CASALMORO;46040;MN;;ammin@eirecalze.it;2012;5586,88
CALZIFICIO EIRE SRL;VIA EUROPA UNITA 3;CASALMORO;46040;MN;;ammin@eirecalze.it;2017;1239,45
CALZIFICIO EURO S.R.L.;VIA AVIS, 6;CASALOLDO;46040;MN;SIG.LUCA CERETTI;calzificioeurosrl@libero.it;2025;1917,13
CALZIFICIO FRANZONI G.MAURO & C. SRL Unipersonale;VIA PONTE MUSIA 23/25;REZZATO;25086;BS;Renata Produzione -  Egidia Contab.;egidia@franzoni-calzamoda.com;2010;170,94
CALZIFICIO FRANZONI SRL;VIA CADUTI 23;CASALOLDO;46040;MN;SILVIA;ottolini@franzonicalze.it;2010;1503,97
CALZIFICIO GIANFERRARI SRL;VIA GARZA 18;BORGOSATOLLO;25010;BS;SIG. GIANFERRARI;info@calzificiogianferrari.it;2010;300,67
CALZIFICIO ILARY SRL;VIA DON ZANETTI 12/14;VISANO;25010;BS;GIANNI SILVIA ERICA CRISTINA;amministrazione@ilarygroup.com;2012;946,08
CALZIFICIO ILARY SRL;VIA DON ZANETTI 12/14;VISANO;25010;BS;GIANNI SILVIA ERICA CRISTINA;amministrazione@ilarygroup.com;2022;13832,42
CALZIFICIO ILARY SRL;VIA DON ZANETTI 12/14;VISANO;25010;BS;GIANNI SILVIA ERICA CRISTINA;amministrazione@ilarygroup.com;2023;9265,12
CALZIFICIO ILARY SRL;VIA DON ZANETTI 12/14;VISANO;25010;BS;GIANNI SILVIA ERICA CRISTINA;amministrazione@ilarygroup.com;2024;6277,41
CALZIFICIO ILARY SRL;VIA DON ZANETTI 12/14;VISANO;25010;BS;GIANNI SILVIA ERICA CRISTINA;amministrazione@ilarygroup.com;2025;367,19
CALZIFICIO ITALIANO SRL;Via Verdi, 68;PAINA DI GIUSSANO;20833;MB;ERMINIA GATTI;fatture@marcoliani.it;2023;332,5
CALZIFICIO LAURA DI BUSI FABIO;Via Dante 1;BOTTICINO SERA;25082;BS;SIG.BUSI SERGIO-FABIO;calzificiolaura@gmail.com;2023;498,15
CALZIFICIO LAURA DI BUSI FABIO;Via Dante 1;BOTTICINO SERA;25082;BS;SIG.BUSI SERGIO-FABIO;calzificiolaura@gmail.com;2024;300,31
CALZIFICIO LAURA DI BUSI FABIO;Via Dante 1;BOTTICINO SERA;25082;BS;SIG.BUSI SERGIO-FABIO;calzificiolaura@gmail.com;2025;355,42
CALZIFICIO LUISELLA S.R.L.;VIA DELLA REPUBBLICA, 50;STABBIA;50050;FI;SIG. MASSIMO PELLEGRINI;luisellacalze@libero.it;2011;96,36
CALZIFICIO M BRESCIANI SRL;VIA CAMPO ROMANO 34/36;SPIRANO ;24050;BG;MARIO BRESCIANI;sergio@bresciani.it;2017;5398,64
CALZIFICIO M BRESCIANI SRL;VIA CAMPO ROMANO 34/36;SPIRANO ;24050;BG;MARIO BRESCIANI;sergio@bresciani.it;2018;8546,09
CALZIFICIO M BRESCIANI SRL;VIA CAMPO ROMANO 34/36;SPIRANO ;24050;BG;MARIO BRESCIANI;sergio@bresciani.it;2019;8346,29
CALZIFICIO M BRESCIANI SRL;VIA CAMPO ROMANO 34/36;SPIRANO ;24050;BG;MARIO BRESCIANI;sergio@bresciani.it;2020;4094,99
CALZIFICIO M BRESCIANI SRL;VIA CAMPO ROMANO 34/36;SPIRANO ;24050;BG;MARIO BRESCIANI;sergio@bresciani.it;2021;8856,67
CALZIFICIO M BRESCIANI SRL;VIA CAMPO ROMANO 34/36;SPIRANO ;24050;BG;MARIO BRESCIANI;sergio@bresciani.it;2022;17288,92
CALZIFICIO M BRESCIANI SRL;VIA CAMPO ROMANO 34/36;SPIRANO ;24050;BG;MARIO BRESCIANI;sergio@bresciani.it;2023;13732,14
CALZIFICIO M BRESCIANI SRL;VIA CAMPO ROMANO 34/36;SPIRANO ;24050;BG;MARIO BRESCIANI;sergio@bresciani.it;2024;12391,31
CALZIFICIO M BRESCIANI SRL;VIA CAMPO ROMANO 34/36;SPIRANO ;24050;BG;MARIO BRESCIANI;sergio@bresciani.it;2025;7616,25
CALZIFICIO M&G S.R.L.;VIA MONTE CERVINO Z.I.;MELISSANO;73040;LE;;calzificiomegsrl@libero.it;2021;8640,18
CALZIFICIO M&G S.R.L.;VIA MONTE CERVINO Z.I.;MELISSANO;73040;LE;;calzificiomegsrl@libero.it;2022;1342,57
CALZIFICIO M&G S.R.L.;VIA MONTE CERVINO Z.I.;MELISSANO;73040;LE;;calzificiomegsrl@libero.it;2023;1906,92
CALZIFICIO M&G S.R.L.;VIA MONTE CERVINO Z.I.;MELISSANO;73040;LE;;calzificiomegsrl@libero.it;2024;5775,28
CALZIFICIO M&G S.R.L.;VIA MONTE CERVINO Z.I.;MELISSANO;73040;LE;;calzificiomegsrl@libero.it;2025;3527,71
CALZIFICIO PALATINO S.P.A.;VIA L.F. MARSIGLI, 5;ROMA;176;RM;;info@calzificiopalatino.it;2011;783,71
CALZIFICIO PEDACI ANTONIO;C.DA GHIANDA TORTA, s.n.;ACQUARICA DEL CAPO;73040;LE;Pedaci Antonio, Annalisa 3929976642;"antoniopedaci@pedaci.com; produzione@pedaci.com";2010;2026,34
CALZIFICIO PEDACI ANTONIO;C.DA GHIANDA TORTA, s.n.;ACQUARICA DEL CAPO;73040;LE;Pedaci Antonio, Annalisa 3929976642;"antoniopedaci@pedaci.com; produzione@pedaci.com";2017;976,32
CALZIFICIO PEDACI ANTONIO;C.DA GHIANDA TORTA, s.n.;ACQUARICA DEL CAPO;73040;LE;Pedaci Antonio, Annalisa 3929976642;"antoniopedaci@pedaci.com; produzione@pedaci.com";2020;119476,99
CALZIFICIO PEDACI ANTONIO;C.DA GHIANDA TORTA, s.n.;ACQUARICA DEL CAPO;73040;LE;Pedaci Antonio, Annalisa 3929976642;"antoniopedaci@pedaci.com; produzione@pedaci.com";2021;193201,56
CALZIFICIO PEDACI ANTONIO;C.DA GHIANDA TORTA, s.n.;ACQUARICA DEL CAPO;73040;LE;Pedaci Antonio, Annalisa 3929976642;"antoniopedaci@pedaci.com; produzione@pedaci.com";2022;345147,92
CALZIFICIO PEDACI ANTONIO;C.DA GHIANDA TORTA, s.n.;ACQUARICA DEL CAPO;73040;LE;Pedaci Antonio, Annalisa 3929976642;"antoniopedaci@pedaci.com; produzione@pedaci.com";2023;373924,99
CALZIFICIO PEDACI ANTONIO;C.DA GHIANDA TORTA, s.n.;ACQUARICA DEL CAPO;73040;LE;Pedaci Antonio, Annalisa 3929976642;"antoniopedaci@pedaci.com; produzione@pedaci.com";2024;437895,19
CALZIFICIO PEDACI ANTONIO;C.DA GHIANDA TORTA, s.n.;ACQUARICA DEL CAPO;73040;LE;Pedaci Antonio, Annalisa 3929976642;"antoniopedaci@pedaci.com; produzione@pedaci.com";2025;220350,35
CALZIFICIO PENELOPE DI VOLONGHI G.;VIA TOSCANINI 6;BORGOSATOLLO;25010;BS;SIG. GIUSEPPE;penelope@compagniadellecalze.com;2022;488,34
CALZIFICIO PEZZINI SRL;VIA STATI UNITI 40;CASTEL GOFFREDO;46042;MN;CARMELO - DANIELE;"amministrazione@calzificiopezzini.it; elisa@calzificiopezzini.it;";2012;3103,14
CALZIFICIO PEZZINI SRL;VIA STATI UNITI 40;CASTEL GOFFREDO;46042;MN;CARMELO - DANIELE;"amministrazione@calzificiopezzini.it; elisa@calzificiopezzini.it;";2013;8993,72
CALZIFICIO PEZZINI SRL;VIA STATI UNITI 40;CASTEL GOFFREDO;46042;MN;CARMELO - DANIELE;"amministrazione@calzificiopezzini.it; elisa@calzificiopezzini.it;";2015;2845,71
CALZIFICIO PEZZINI SRL;VIA STATI UNITI 40;CASTEL GOFFREDO;46042;MN;CARMELO - DANIELE;"amministrazione@calzificiopezzini.it; elisa@calzificiopezzini.it;";2016;5106,5
CALZIFICIO PEZZINI SRL;VIA STATI UNITI 40;CASTEL GOFFREDO;46042;MN;CARMELO - DANIELE;"amministrazione@calzificiopezzini.it; elisa@calzificiopezzini.it;";2017;8026,05
CALZIFICIO PEZZINI SRL;VIA STATI UNITI 40;CASTEL GOFFREDO;46042;MN;CARMELO - DANIELE;"amministrazione@calzificiopezzini.it; elisa@calzificiopezzini.it;";2018;13942,97
CALZIFICIO PEZZINI SRL;VIA STATI UNITI 40;CASTEL GOFFREDO;46042;MN;CARMELO - DANIELE;"amministrazione@calzificiopezzini.it; elisa@calzificiopezzini.it;";2019;17526,19
CALZIFICIO PEZZINI SRL;VIA STATI UNITI 40;CASTEL GOFFREDO;46042;MN;CARMELO - DANIELE;"amministrazione@calzificiopezzini.it; elisa@calzificiopezzini.it;";2020;18708,97
CALZIFICIO PEZZINI SRL;VIA STATI UNITI 40;CASTEL GOFFREDO;46042;MN;CARMELO - DANIELE;"amministrazione@calzificiopezzini.it; elisa@calzificiopezzini.it;";2021;17838,32
CALZIFICIO PEZZINI SRL;VIA STATI UNITI 40;CASTEL GOFFREDO;46042;MN;CARMELO - DANIELE;"amministrazione@calzificiopezzini.it; elisa@calzificiopezzini.it;";2022;423,99
CALZIFICIO PEZZINI SRL;VIA STATI UNITI 40;CASTEL GOFFREDO;46042;MN;CARMELO - DANIELE;"amministrazione@calzificiopezzini.it; elisa@calzificiopezzini.it;";2023;6797,33
CALZIFICIO PEZZINI SRL;VIA STATI UNITI 40;CASTEL GOFFREDO;46042;MN;CARMELO - DANIELE;"amministrazione@calzificiopezzini.it; elisa@calzificiopezzini.it;";2024;23617,81
CALZIFICIO PEZZINI SRL;VIA STATI UNITI 40;CASTEL GOFFREDO;46042;MN;CARMELO - DANIELE;"amministrazione@calzificiopezzini.it; elisa@calzificiopezzini.it;";2025;3862,49
CALZIFICIO PM SNC;VIA FOSCOLO, 58/B;GHEDI;25016;BS;Francesco Owusu - Elena Calvetti;commerciale@calzificiopm.it;2021;17076,79
CALZIFICIO PM SNC;VIA FOSCOLO, 58/B;GHEDI;25016;BS;Francesco Owusu - Elena Calvetti;commerciale@calzificiopm.it;2022;8374,34
CALZIFICIO PM SNC;VIA FOSCOLO, 58/B;GHEDI;25016;BS;Francesco Owusu - Elena Calvetti;commerciale@calzificiopm.it;2023;3993,43
CALZIFICIO PRISCO SRL;VIA INDUSTRIALE 15/17;LOGRATO ;25030;BS;ENRICA MORANDI 392/4900391 BagnoloM;"giovannamiglio@calzificioprisco.it;enricamorandi@calzificioprisco.it;";2015;78558,67
CALZIFICIO PRISCO SRL;VIA INDUSTRIALE 15/17;LOGRATO ;25030;BS;ENRICA MORANDI 392/4900391 BagnoloM;"giovannamiglio@calzificioprisco.it;enricamorandi@calzificioprisco.it;";2016;86200,44
CALZIFICIO PRISCO SRL;VIA INDUSTRIALE 15/17;LOGRATO ;25030;BS;ENRICA MORANDI 392/4900391 BagnoloM;"giovannamiglio@calzificioprisco.it;enricamorandi@calzificioprisco.it;";2017;87853,46
CALZIFICIO PRISCO SRL;VIA INDUSTRIALE 15/17;LOGRATO ;25030;BS;ENRICA MORANDI 392/4900391 BagnoloM;"giovannamiglio@calzificioprisco.it;enricamorandi@calzificioprisco.it;";2018;88482,46
CALZIFICIO PRISCO SRL;VIA INDUSTRIALE 15/17;LOGRATO ;25030;BS;ENRICA MORANDI 392/4900391 BagnoloM;"giovannamiglio@calzificioprisco.it;enricamorandi@calzificioprisco.it;";2019;68978,68
CALZIFICIO PRISCO SRL;VIA INDUSTRIALE 15/17;LOGRATO ;25030;BS;ENRICA MORANDI 392/4900391 BagnoloM;"giovannamiglio@calzificioprisco.it;enricamorandi@calzificioprisco.it;";2020;50910,3
CALZIFICIO PRISCO SRL;VIA INDUSTRIALE 15/17;LOGRATO ;25030;BS;ENRICA MORANDI 392/4900391 BagnoloM;"giovannamiglio@calzificioprisco.it;enricamorandi@calzificioprisco.it;";2021;39931,25
CALZIFICIO PRISCO SRL;VIA INDUSTRIALE 15/17;LOGRATO ;25030;BS;ENRICA MORANDI 392/4900391 BagnoloM;"giovannamiglio@calzificioprisco.it;enricamorandi@calzificioprisco.it;";2022;62942,08
CALZIFICIO PRISCO SRL;VIA INDUSTRIALE 15/17;LOGRATO ;25030;BS;ENRICA MORANDI 392/4900391 BagnoloM;"giovannamiglio@calzificioprisco.it;enricamorandi@calzificioprisco.it;";2023;42016,22
CALZIFICIO PRISCO SRL;VIA INDUSTRIALE 15/17;LOGRATO ;25030;BS;ENRICA MORANDI 392/4900391 BagnoloM;"giovannamiglio@calzificioprisco.it;enricamorandi@calzificioprisco.it;";2024;30926,08
CALZIFICIO PRISCO SRL;VIA INDUSTRIALE 15/17;LOGRATO ;25030;BS;ENRICA MORANDI 392/4900391 BagnoloM;"giovannamiglio@calzificioprisco.it;enricamorandi@calzificioprisco.it;";2025;20474,76
CALZIFICIO PUNTO SRL;VIA DEGLI ARTIGIANI 16;BAGNOLO MELLA;25021;BS;ENRICA MORANDI - RINALDO;claudiasottini@calzificiopunto.it;2010;140685,32
CALZIFICIO PUNTO SRL;VIA DEGLI ARTIGIANI 16;BAGNOLO MELLA;25021;BS;ENRICA MORANDI - RINALDO;claudiasottini@calzificiopunto.it;2011;162802,73
CALZIFICIO PUNTO SRL;VIA DEGLI ARTIGIANI 16;BAGNOLO MELLA;25021;BS;ENRICA MORANDI - RINALDO;claudiasottini@calzificiopunto.it;2012;80368,35
CALZIFICIO PUNTO SRL;VIA DEGLI ARTIGIANI 16;BAGNOLO MELLA;25021;BS;ENRICA MORANDI - RINALDO;claudiasottini@calzificiopunto.it;2013;69573,37
CALZIFICIO PUNTO SRL;VIA DEGLI ARTIGIANI 16;BAGNOLO MELLA;25021;BS;ENRICA MORANDI - RINALDO;claudiasottini@calzificiopunto.it;2014;90598,95
CALZIFICIO REBORN;PROV. ALLISTE - FELINE Z.I. ;ALLISTE ;73040;LE;RENATO;angelospiri@gmail.com;2013;178,53
CALZIFICIO REBORN;PROV. ALLISTE - FELINE Z.I. ;ALLISTE ;73040;LE;RENATO;angelospiri@gmail.com;2020;117,7
CALZIFICIO REBORN;PROV. ALLISTE - FELINE Z.I. ;ALLISTE ;73040;LE;RENATO;angelospiri@gmail.com;2021;639,42
CALZIFICIO REBORN;PROV. ALLISTE - FELINE Z.I. ;ALLISTE ;73040;LE;RENATO;angelospiri@gmail.com;2023;25,92
CALZIFICIO ROVER SRL;VIA CASTEL GOFFREDO;ACQUAFREDDA;25010;BS;MADONNINI NATALE TITOLARE;amministrazione@calzificiorover.it;2016;1834,12
CALZIFICIO TATIANA di Quecchia Davide;VIA MOLINI N. 61;BOTTICINO MATTINA;25082;BS;QUECCHIA DAVIDE;info@calzificiotatiana.it;2017;9217,52
CALZIFICIO TATIANA di Quecchia Davide;VIA MOLINI N. 61;BOTTICINO MATTINA;25082;BS;QUECCHIA DAVIDE;info@calzificiotatiana.it;2018;516,92
CALZIFICIO TATIANA di Quecchia Davide;VIA MOLINI N. 61;BOTTICINO MATTINA;25082;BS;QUECCHIA DAVIDE;info@calzificiotatiana.it;2019;2336,28
CALZIFICIO TATIANA di Quecchia Davide;VIA MOLINI N. 61;BOTTICINO MATTINA;25082;BS;QUECCHIA DAVIDE;info@calzificiotatiana.it;2020;317,99
CALZIFICIO TELEMACO SRL;VIA BRENTELLA 9;TREVIGNANO;31040;TV;Chiara Favotto ;alessandra@calzificiotelemaco.it;2010;372,67
CALZIFICIO TELEMACO SRL;VIA BRENTELLA 9;TREVIGNANO;31040;TV;Chiara Favotto ;alessandra@calzificiotelemaco.it;2016;480,24
CALZIFICIO TELEMACO SRL;VIA BRENTELLA 9;TREVIGNANO;31040;TV;Chiara Favotto ;alessandra@calzificiotelemaco.it;2017;8308,75
CALZIFICIO TELEMACO SRL;VIA BRENTELLA 9;TREVIGNANO;31040;TV;Chiara Favotto ;alessandra@calzificiotelemaco.it;2018;5973,84
CALZIFICIO TELEMACO SRL;VIA BRENTELLA 9;TREVIGNANO;31040;TV;Chiara Favotto ;alessandra@calzificiotelemaco.it;2019;34094,13
CALZIFICIO TELEMACO SRL;VIA BRENTELLA 9;TREVIGNANO;31040;TV;Chiara Favotto ;alessandra@calzificiotelemaco.it;2020;27571,9
CALZIFICIO TELEMACO SRL;VIA BRENTELLA 9;TREVIGNANO;31040;TV;Chiara Favotto ;alessandra@calzificiotelemaco.it;2021;39800,35
CALZIFICIO TELEMACO SRL;VIA BRENTELLA 9;TREVIGNANO;31040;TV;Chiara Favotto ;alessandra@calzificiotelemaco.it;2022;18951,51
CALZIFICIO TELEMACO SRL;VIA BRENTELLA 9;TREVIGNANO;31040;TV;Chiara Favotto ;alessandra@calzificiotelemaco.it;2023;5509,85
CALZIFICIO TELEMACO SRL;VIA BRENTELLA 9;TREVIGNANO;31040;TV;Chiara Favotto ;alessandra@calzificiotelemaco.it;2024;11436,78
CALZIFICIO TELEMACO SRL;VIA BRENTELLA 9;TREVIGNANO;31040;TV;Chiara Favotto ;alessandra@calzificiotelemaco.it;2025;830,7
CALZITEX SRL;VIA CAMPAGNOLI 41;MONTICHIARI;25018;BS;FRANCESCO CESARI ARIANNA;info@calzitex.com;2010;24838,38
CASTO GROUP SRLS;VIA COSTA, 74;RACALE;73055;LE;;info@castogroup.it;2023;6719,55
CATEX SRL;VIALE EUROPA 91/3-92 LOC. CASALGUIDI;SERRAVALLE PISTOIESE;51034;PT;SAMUELE TASSELLI;amministrazione@ca-tex.com;2010;3094,42
CATEX SRL;VIALE EUROPA 91/3-92 LOC. CASALGUIDI;SERRAVALLE PISTOIESE;51034;PT;SAMUELE TASSELLI;amministrazione@ca-tex.com;2011;4520,07
CATEX SRL;VIALE EUROPA 91/3-92 LOC. CASALGUIDI;SERRAVALLE PISTOIESE;51034;PT;SAMUELE TASSELLI;amministrazione@ca-tex.com;2017;386,22
CATEX SRL;VIALE EUROPA 91/3-92 LOC. CASALGUIDI;SERRAVALLE PISTOIESE;51034;PT;SAMUELE TASSELLI;amministrazione@ca-tex.com;2018;69300,4
CATEX SRL;VIALE EUROPA 91/3-92 LOC. CASALGUIDI;SERRAVALLE PISTOIESE;51034;PT;SAMUELE TASSELLI;amministrazione@ca-tex.com;2019;112085,33
CATEX SRL;VIALE EUROPA 91/3-92 LOC. CASALGUIDI;SERRAVALLE PISTOIESE;51034;PT;SAMUELE TASSELLI;amministrazione@ca-tex.com;2020;92783,2
CATEX SRL;VIALE EUROPA 91/3-92 LOC. CASALGUIDI;SERRAVALLE PISTOIESE;51034;PT;SAMUELE TASSELLI;amministrazione@ca-tex.com;2021;97715,95
CATEX SRL;VIALE EUROPA 91/3-92 LOC. CASALGUIDI;SERRAVALLE PISTOIESE;51034;PT;SAMUELE TASSELLI;amministrazione@ca-tex.com;2022;68716,27
CATEX SRL;VIALE EUROPA 91/3-92 LOC. CASALGUIDI;SERRAVALLE PISTOIESE;51034;PT;SAMUELE TASSELLI;amministrazione@ca-tex.com;2023;9239,45
CATEX SRL;VIALE EUROPA 91/3-92 LOC. CASALGUIDI;SERRAVALLE PISTOIESE;51034;PT;SAMUELE TASSELLI;amministrazione@ca-tex.com;2024;5634,05
CATEX SRL;VIALE EUROPA 91/3-92 LOC. CASALGUIDI;SERRAVALLE PISTOIESE;51034;PT;SAMUELE TASSELLI;amministrazione@ca-tex.com;2025;10858,05
CGM SRL;VIA CARDUCCI 6;BASIANO;20060;MI;CHRISTIAN GHRABER;c.grabher-meyer@cgm-nikitex.it;2010;2673,78
CGM SRL;VIA CARDUCCI 6;BASIANO;20060;MI;CHRISTIAN GHRABER;c.grabher-meyer@cgm-nikitex.it;2011;1496,1
CGM SRL;VIA CARDUCCI 6;BASIANO;20060;MI;CHRISTIAN GHRABER;c.grabher-meyer@cgm-nikitex.it;2013;81,14
CIOCCA SPA;VIA LUIGI CIOCCA 11;QUINZANO D'OGLIO;25027;BS;SIMONA (0309925905 BRUNO)mariagraz.;contab@ciocca.it;2010;151690,82
CIOCCA SPA;VIA LUIGI CIOCCA 11;QUINZANO D'OGLIO;25027;BS;SIMONA (0309925905 BRUNO)mariagraz.;contab@ciocca.it;2011;143289,85
CIOCCA SPA;VIA LUIGI CIOCCA 11;QUINZANO D'OGLIO;25027;BS;SIMONA (0309925905 BRUNO)mariagraz.;contab@ciocca.it;2012;51525,71
CIOCCA SPA;VIA LUIGI CIOCCA 11;QUINZANO D'OGLIO;25027;BS;SIMONA (0309925905 BRUNO)mariagraz.;contab@ciocca.it;2013;81579,45
CIOCCA SPA;VIA LUIGI CIOCCA 11;QUINZANO D'OGLIO;25027;BS;SIMONA (0309925905 BRUNO)mariagraz.;contab@ciocca.it;2014;65695,92
CIOCCA SPA;VIA LUIGI CIOCCA 11;QUINZANO D'OGLIO;25027;BS;SIMONA (0309925905 BRUNO)mariagraz.;contab@ciocca.it;2015;76445,46
CIOCCA SPA;VIA LUIGI CIOCCA 11;QUINZANO D'OGLIO;25027;BS;SIMONA (0309925905 BRUNO)mariagraz.;contab@ciocca.it;2016;72974,11
CIOCCA SPA;VIA LUIGI CIOCCA 11;QUINZANO D'OGLIO;25027;BS;SIMONA (0309925905 BRUNO)mariagraz.;contab@ciocca.it;2017;68684,37
CIOCCA SPA;VIA LUIGI CIOCCA 11;QUINZANO D'OGLIO;25027;BS;SIMONA (0309925905 BRUNO)mariagraz.;contab@ciocca.it;2018;30513,2
CIOCCA SPA;VIA LUIGI CIOCCA 11;QUINZANO D'OGLIO;25027;BS;SIMONA (0309925905 BRUNO)mariagraz.;contab@ciocca.it;2019;53098,81
CIOCCA SPA;VIA LUIGI CIOCCA 11;QUINZANO D'OGLIO;25027;BS;SIMONA (0309925905 BRUNO)mariagraz.;contab@ciocca.it;2020;49185,99
CIOCCA SPA;VIA LUIGI CIOCCA 11;QUINZANO D'OGLIO;25027;BS;SIMONA (0309925905 BRUNO)mariagraz.;contab@ciocca.it;2021;54339,94
CIOCCA SPA;VIA LUIGI CIOCCA 11;QUINZANO D'OGLIO;25027;BS;SIMONA (0309925905 BRUNO)mariagraz.;contab@ciocca.it;2022;70725,48
CIOCCA SPA;VIA LUIGI CIOCCA 11;QUINZANO D'OGLIO;25027;BS;SIMONA (0309925905 BRUNO)mariagraz.;contab@ciocca.it;2023;45818,24
CIOCCA SPA;VIA LUIGI CIOCCA 11;QUINZANO D'OGLIO;25027;BS;SIMONA (0309925905 BRUNO)mariagraz.;contab@ciocca.it;2024;25453,35
CIOCCA SPA;VIA LUIGI CIOCCA 11;QUINZANO D'OGLIO;25027;BS;SIMONA (0309925905 BRUNO)mariagraz.;contab@ciocca.it;2025;14532,56
CIZETA MEDICALI SPA;VIA IV NOVEMBRE 46;CUGGIONO;20012;MI;"RESSE; PICOLLO; COLOMBO 0297218136";administration@cizetamedicali.com;2010;628,81
CIZETA MEDICALI SPA;VIA IV NOVEMBRE 46;CUGGIONO;20012;MI;"RESSE; PICOLLO; COLOMBO 0297218136";administration@cizetamedicali.com;2011;273,07
CIZETA MEDICALI SPA;VIA IV NOVEMBRE 46;CUGGIONO;20012;MI;"RESSE; PICOLLO; COLOMBO 0297218136";administration@cizetamedicali.com;2012;1037,54
CIZETA MEDICALI SPA;VIA IV NOVEMBRE 46;CUGGIONO;20012;MI;"RESSE; PICOLLO; COLOMBO 0297218136";administration@cizetamedicali.com;2013;1498,64
CIZETA MEDICALI SPA;VIA IV NOVEMBRE 46;CUGGIONO;20012;MI;"RESSE; PICOLLO; COLOMBO 0297218136";administration@cizetamedicali.com;2014;921,08
CIZETA MEDICALI SPA;VIA IV NOVEMBRE 46;CUGGIONO;20012;MI;"RESSE; PICOLLO; COLOMBO 0297218136";administration@cizetamedicali.com;2016;907,48
CIZETA MEDICALI SPA;VIA IV NOVEMBRE 46;CUGGIONO;20012;MI;"RESSE; PICOLLO; COLOMBO 0297218136";administration@cizetamedicali.com;2017;846,05
CIZETA MEDICALI SPA;VIA IV NOVEMBRE 46;CUGGIONO;20012;MI;"RESSE; PICOLLO; COLOMBO 0297218136";administration@cizetamedicali.com;2018;863,52
CIZETA MEDICALI SPA;VIA IV NOVEMBRE 46;CUGGIONO;20012;MI;"RESSE; PICOLLO; COLOMBO 0297218136";administration@cizetamedicali.com;2019;454,13
CIZETA MEDICALI SPA;VIA IV NOVEMBRE 46;CUGGIONO;20012;MI;"RESSE; PICOLLO; COLOMBO 0297218136";administration@cizetamedicali.com;2021;533,29
CIZETA MEDICALI SPA;VIA IV NOVEMBRE 46;CUGGIONO;20012;MI;"RESSE; PICOLLO; COLOMBO 0297218136";administration@cizetamedicali.com;2022;351,46
CIZETA MEDICALI SPA;VIA IV NOVEMBRE 46;CUGGIONO;20012;MI;"RESSE; PICOLLO; COLOMBO 0297218136";administration@cizetamedicali.com;2023;6917,7
CIZETA MEDICALI SPA;VIA IV NOVEMBRE 46;CUGGIONO;20012;MI;"RESSE; PICOLLO; COLOMBO 0297218136";administration@cizetamedicali.com;2024;12350,14
CIZETA MEDICALI SPA;VIA IV NOVEMBRE 46;CUGGIONO;20012;MI;"RESSE; PICOLLO; COLOMBO 0297218136";administration@cizetamedicali.com;2025;3008,85
CORAFIL SRL;VIALE DELL'INDUSTRIA 16/20;PIOVE DI SACCO;35028;PD;SIG. BERNARDELLO;amministrazione@corafil.it;2012;1191,74
COTTONTEX SRL;CALEA BUZIASULUI 18;1 TIMISOARA - ROMANIA;30057;;AMALIA HOZAN;"amalia@cottontex.ro;cristinaf@cottontex.ro ";2010;4812,7
COTTONTEX SRL;CALEA BUZIASULUI 18;1 TIMISOARA - ROMANIA;30057;;AMALIA HOZAN;"amalia@cottontex.ro;cristinaf@cottontex.ro ";2011;6893,9
COTTONTEX SRL;CALEA BUZIASULUI 18;1 TIMISOARA - ROMANIA;30057;;AMALIA HOZAN;"amalia@cottontex.ro;cristinaf@cottontex.ro ";2012;14338,4
COTTONTEX SRL;CALEA BUZIASULUI 18;1 TIMISOARA - ROMANIA;30057;;AMALIA HOZAN;"amalia@cottontex.ro;cristinaf@cottontex.ro ";2013;4555,2
COTTONTEX SRL;CALEA BUZIASULUI 18;1 TIMISOARA - ROMANIA;30057;;AMALIA HOZAN;"amalia@cottontex.ro;cristinaf@cottontex.ro ";2014;2652
CUCIRINI TRE STELLE MANIFATTURA DI SETTALA S.P.A.;VIA P. GOBETTI, 12;SETTALA (FRAZ. CALEPPIO);20090;MI;treccani@cucirinitrestelle.com;eva.locatelli@cucirinitrestelle.com;2010;343
CUCIRINI TRE STELLE MANIFATTURA DI SETTALA S.P.A.;VIA P. GOBETTI, 12;SETTALA (FRAZ. CALEPPIO);20090;MI;treccani@cucirinitrestelle.com;eva.locatelli@cucirinitrestelle.com;2014;463,8
Calzificio Braga Srl;Via Ferri 8;Borgosatollo;25010;BS;;amministrazione@bragasocks.it;2019;243,27
Calzificio Braga Srl;Via Ferri 8;Borgosatollo;25010;BS;;amministrazione@bragasocks.it;2020;1064,97
Calzificio Braga Srl;Via Ferri 8;Borgosatollo;25010;BS;;amministrazione@bragasocks.it;2021;2450
Calzificio Braga Srl;Via Ferri 8;Borgosatollo;25010;BS;;amministrazione@bragasocks.it;2024;658,35
Calzificio Conte Di Conte Rodolfo;Via Alcide de Gasperi, 51;Melissano;73040;LE;;calzedelconte@gmail.com;2022;1246,56
Calzificio Conte Di Conte Rodolfo;Via Alcide de Gasperi, 51;Melissano;73040;LE;;calzedelconte@gmail.com;2023;662,4
Calzificio Conte Di Conte Rodolfo;Via Alcide de Gasperi, 51;Melissano;73040;LE;;calzedelconte@gmail.com;2024;1414,33
Calzificio Conte Di Conte Rodolfo;Via Alcide de Gasperi, 51;Melissano;73040;LE;;calzedelconte@gmail.com;2025;1065,14
Calzificio SA.BA Snc;Via W. Tobagi 25;Casaloldo;46040;MN;Dario - Erina;calzificiosaba@tiscali.it;2012;9493,4
Calzificio SA.BA Snc;Via W. Tobagi 25;Casaloldo;46040;MN;Dario - Erina;calzificiosaba@tiscali.it;2013;2792,43
Calzificio SA.BA Snc;Via W. Tobagi 25;Casaloldo;46040;MN;Dario - Erina;calzificiosaba@tiscali.it;2017;53,51
Conf. Giusy di Bonetti Giuseppina;Via Tiepolo 7;Verolavecchia ;25029;BS;Sig.ra Maria Rosa;;2010;2623,9
DAC SRL;VIA MONTE SANTO 44/A;RACALE;73055;LE;SIG. DARIO;"dac@calzedac.it;";2012;1783,98
DAC SRL;VIA MONTE SANTO 44/A;RACALE;73055;LE;SIG. DARIO;"dac@calzedac.it;";2018;311,55
DAC SRL;VIA MONTE SANTO 44/A;RACALE;73055;LE;SIG. DARIO;"dac@calzedac.it;";2020;844,37
DAC SRL;VIA MONTE SANTO 44/A;RACALE;73055;LE;SIG. DARIO;"dac@calzedac.it;";2021;2121,98
DAC SRL;VIA MONTE SANTO 44/A;RACALE;73055;LE;SIG. DARIO;"dac@calzedac.it;";2022;14449,68
DAC SRL;VIA MONTE SANTO 44/A;RACALE;73055;LE;SIG. DARIO;"dac@calzedac.it;";2023;12796,9
DAC SRL;VIA MONTE SANTO 44/A;RACALE;73055;LE;SIG. DARIO;"dac@calzedac.it;";2024;19201,9
DAC SRL;VIA MONTE SANTO 44/A;RACALE;73055;LE;SIG. DARIO;"dac@calzedac.it;";2025;3613,6
DANIELE CENEDESE (NON USARE);VIA SAN DANIELE 58;COLFOSCO DI SUSEGANA;31030;TV;DANIELE CENEDESE ***;"daniele@cenedese.eu; daniele.cenedese@gmail.com";2017;202,58
DANIELE CENEDESE (NON USARE);VIA SAN DANIELE 58;COLFOSCO DI SUSEGANA;31030;TV;DANIELE CENEDESE ***;"daniele@cenedese.eu; daniele.cenedese@gmail.com";2018;1012,11
DAVIDE RICUPERATI S.N.C.;VIA RIPA, 13;ALBINO;24021;BG;FAUSTO RICUPERATI;"nastri@ricuperati.it; info@nastriricuperati.it";2010;804,37
DAVIDE RICUPERATI S.N.C.;VIA RIPA, 13;ALBINO;24021;BG;FAUSTO RICUPERATI;"nastri@ricuperati.it; info@nastriricuperati.it";2011;1007,09
DAVIDE RICUPERATI S.N.C.;VIA RIPA, 13;ALBINO;24021;BG;FAUSTO RICUPERATI;"nastri@ricuperati.it; info@nastriricuperati.it";2012;1068,55
DAVIDE RICUPERATI S.N.C.;VIA RIPA, 13;ALBINO;24021;BG;FAUSTO RICUPERATI;"nastri@ricuperati.it; info@nastriricuperati.it";2014;671,16
DAVIDE RICUPERATI S.N.C.;VIA RIPA, 13;ALBINO;24021;BG;FAUSTO RICUPERATI;"nastri@ricuperati.it; info@nastriricuperati.it";2015;779,94
DAVIDE RICUPERATI S.N.C.;VIA RIPA, 13;ALBINO;24021;BG;FAUSTO RICUPERATI;"nastri@ricuperati.it; info@nastriricuperati.it";2017;827,63
DAVIDE RICUPERATI S.N.C.;VIA RIPA, 13;ALBINO;24021;BG;FAUSTO RICUPERATI;"nastri@ricuperati.it; info@nastriricuperati.it";2018;3020,29
DAVIDE RICUPERATI S.N.C.;VIA RIPA, 13;ALBINO;24021;BG;FAUSTO RICUPERATI;"nastri@ricuperati.it; info@nastriricuperati.it";2019;2242,5
DAVIDE RICUPERATI S.N.C.;VIA RIPA, 13;ALBINO;24021;BG;FAUSTO RICUPERATI;"nastri@ricuperati.it; info@nastriricuperati.it";2020;2359,54
DBApparel Italia Srl - Società Unipersonale;VIA BOSCHETTI, 53/55 - CASELLA POSTALE 5;GRASSOBBIO;24050;BG;BARBARA ESPOSITO;finlovable@dbaeu.com;2010;183
DCTEXTIL S.r.l.s ;VIA SAN DANIELE 58;SUSEGANA;31030;TV;DANIELE CENEDESE;"daniele@cenedese.eu; daniele.cenedese@gmail.com";2019;1068,15
DCTEXTIL S.r.l.s ;VIA SAN DANIELE 58;SUSEGANA;31030;TV;DANIELE CENEDESE;"daniele@cenedese.eu; daniele.cenedese@gmail.com";2025;2978,54
DE VINCENZO CARMINE Filati e Fibre Sintetiche;VIA G. MARCONI 199;CASAVATORE ;80020;NA;MARCO DE VINCENZO;devmarc@libero.it;2010;6202,37
DE VINCENZO CARMINE Filati e Fibre Sintetiche;VIA G. MARCONI 199;CASAVATORE ;80020;NA;MARCO DE VINCENZO;devmarc@libero.it;2011;5799,84
DEA DI GRAZIELLA FRANCIOSO;VIA NAPOLI 6;RACALE;73055;LE;Fabrizio;pisanellofabrizio@gmail.com;2013;3937,23
DEA DI GRAZIELLA FRANCIOSO;VIA NAPOLI 6;RACALE;73055;LE;Fabrizio;pisanellofabrizio@gmail.com;2014;9571,5
DEA DI GRAZIELLA FRANCIOSO;VIA NAPOLI 6;RACALE;73055;LE;Fabrizio;pisanellofabrizio@gmail.com;2015;8148,81
DEA DI GRAZIELLA FRANCIOSO;VIA NAPOLI 6;RACALE;73055;LE;Fabrizio;pisanellofabrizio@gmail.com;2016;7213,32
DEA DI GRAZIELLA FRANCIOSO;VIA NAPOLI 6;RACALE;73055;LE;Fabrizio;pisanellofabrizio@gmail.com;2017;5334,76
DEA DI GRAZIELLA FRANCIOSO;VIA NAPOLI 6;RACALE;73055;LE;Fabrizio;pisanellofabrizio@gmail.com;2018;7974,18
DEA DI GRAZIELLA FRANCIOSO;VIA NAPOLI 6;RACALE;73055;LE;Fabrizio;pisanellofabrizio@gmail.com;2019;5585,58
DEA DI GRAZIELLA FRANCIOSO;VIA NAPOLI 6;RACALE;73055;LE;Fabrizio;pisanellofabrizio@gmail.com;2020;6089,23
DEA DI GRAZIELLA FRANCIOSO;VIA NAPOLI 6;RACALE;73055;LE;Fabrizio;pisanellofabrizio@gmail.com;2021;11096,38
DEA DI GRAZIELLA FRANCIOSO;VIA NAPOLI 6;RACALE;73055;LE;Fabrizio;pisanellofabrizio@gmail.com;2022;6499,87
DEA DI GRAZIELLA FRANCIOSO;VIA NAPOLI 6;RACALE;73055;LE;Fabrizio;pisanellofabrizio@gmail.com;2023;1921,42
DEL BARBA GIANFRANCO;VIA P. L. NERVI 4;PASSIRANO;25050;BS;GIANFRANCO DEL BARBA, CINZIA;info@calzedelbarba.com;2010;37,8
DELTA ALFA CORAP VE TEKSTIL SAN. TIC. LTD. STI.;Topcular Mahallesi , Duzce Caddesi No:103/A;Cilimli, Duzce - Turkey;81750;;ZEYNEP ACAR - LAB. TECNICO;azmi.dabbah@deltagalil.com;2022;2509
DISTRETTO73 SRL;VIA A. D'ANDREA 11;LECCE;73100;LE;LUIGI TOMA;amministrazione@distretto73.it;2021;877,74
DISTRETTO73 SRL;VIA A. D'ANDREA 11;LECCE;73100;LE;LUIGI TOMA;amministrazione@distretto73.it;2024;560,43
DOLCI CALZE 2 SRL;CORSO DELLA VITTORIA 1034;CARONNO PERTUSELLA ;21042;VA;STEFANO ZANONI - Cinzia contabilità;amministrazione@dolcicalze2.com;2010;23137,97
DOLCI CALZE 2 SRL;CORSO DELLA VITTORIA 1034;CARONNO PERTUSELLA ;21042;VA;STEFANO ZANONI - Cinzia contabilità;amministrazione@dolcicalze2.com;2011;18412,21
DOLCI CALZE 2 SRL;CORSO DELLA VITTORIA 1034;CARONNO PERTUSELLA ;21042;VA;STEFANO ZANONI - Cinzia contabilità;amministrazione@dolcicalze2.com;2012;11905,91
DOLCI CALZE 2 SRL;CORSO DELLA VITTORIA 1034;CARONNO PERTUSELLA ;21042;VA;STEFANO ZANONI - Cinzia contabilità;amministrazione@dolcicalze2.com;2013;6738,74
DOLCI CALZE 2 SRL;CORSO DELLA VITTORIA 1034;CARONNO PERTUSELLA ;21042;VA;STEFANO ZANONI - Cinzia contabilità;amministrazione@dolcicalze2.com;2014;2301,69
DOLCI CALZE 2 SRL;CORSO DELLA VITTORIA 1034;CARONNO PERTUSELLA ;21042;VA;STEFANO ZANONI - Cinzia contabilità;amministrazione@dolcicalze2.com;2015;777,38
DOLCI CALZE 2 SRL;CORSO DELLA VITTORIA 1034;CARONNO PERTUSELLA ;21042;VA;STEFANO ZANONI - Cinzia contabilità;amministrazione@dolcicalze2.com;2016;1591,02
DORINI SRL;Via di Bellanda, 3/5;Gazoldo Ippoliti;46040;MN;Alessandro Dorini;info@dorini.it;2022;224
DUBLO SRL;VIA DELLA STAZIONE KM 6;LATINA SCALO;4013;LT;claudiodaldin massimo marini-Dalila;m.marangon@dublo.it;2010;54282,2
DUBLO SRL;VIA DELLA STAZIONE KM 6;LATINA SCALO;4013;LT;claudiodaldin massimo marini-Dalila;m.marangon@dublo.it;2011;19133,12
DUBLO SRL;VIA DELLA STAZIONE KM 6;LATINA SCALO;4013;LT;claudiodaldin massimo marini-Dalila;m.marangon@dublo.it;2012;15084,75
DUBLO SRL;VIA DELLA STAZIONE KM 6;LATINA SCALO;4013;LT;claudiodaldin massimo marini-Dalila;m.marangon@dublo.it;2013;10709,33
DUBLO SRL;VIA DELLA STAZIONE KM 6;LATINA SCALO;4013;LT;claudiodaldin massimo marini-Dalila;m.marangon@dublo.it;2014;16219,56
DUBLO SRL;VIA DELLA STAZIONE KM 6;LATINA SCALO;4013;LT;claudiodaldin massimo marini-Dalila;m.marangon@dublo.it;2015;42430,26
DUBLO SRL;VIA DELLA STAZIONE KM 6;LATINA SCALO;4013;LT;claudiodaldin massimo marini-Dalila;m.marangon@dublo.it;2016;19038,17
DUBLO SRL;VIA DELLA STAZIONE KM 6;LATINA SCALO;4013;LT;claudiodaldin massimo marini-Dalila;m.marangon@dublo.it;2017;24476,85
DUBLO SRL;VIA DELLA STAZIONE KM 6;LATINA SCALO;4013;LT;claudiodaldin massimo marini-Dalila;m.marangon@dublo.it;2018;35768,91
DUBLO SRL;VIA DELLA STAZIONE KM 6;LATINA SCALO;4013;LT;claudiodaldin massimo marini-Dalila;m.marangon@dublo.it;2019;14648,1
DUBLO SRL;VIA DELLA STAZIONE KM 6;LATINA SCALO;4013;LT;claudiodaldin massimo marini-Dalila;m.marangon@dublo.it;2020;39536,81
DUBLO SRL;VIA DELLA STAZIONE KM 6;LATINA SCALO;4013;LT;claudiodaldin massimo marini-Dalila;m.marangon@dublo.it;2021;34722,05
DUBLO SRL;VIA DELLA STAZIONE KM 6;LATINA SCALO;4013;LT;claudiodaldin massimo marini-Dalila;m.marangon@dublo.it;2022;48476,75
DUBLO SRL;VIA DELLA STAZIONE KM 6;LATINA SCALO;4013;LT;claudiodaldin massimo marini-Dalila;m.marangon@dublo.it;2023;84846,81
DUBLO SRL;VIA DELLA STAZIONE KM 6;LATINA SCALO;4013;LT;claudiodaldin massimo marini-Dalila;m.marangon@dublo.it;2024;47312,77
DUBLO SRL;VIA DELLA STAZIONE KM 6;LATINA SCALO;4013;LT;claudiodaldin massimo marini-Dalila;m.marangon@dublo.it;2025;35306,83
DUE GALLI SRL Socio Unico;VIA TURATI 1;GALLARATE;21013;VA;PROTASONI RAFFAELE CASSANI;"info@duegallimoda.it;raffaele.cassani@duegallimoda.it";2012;9264,37
DUE GALLI SRL Socio Unico;VIA TURATI 1;GALLARATE;21013;VA;PROTASONI RAFFAELE CASSANI;"info@duegallimoda.it;raffaele.cassani@duegallimoda.it";2013;6290,22
DUE GALLI SRL Socio Unico;VIA TURATI 1;GALLARATE;21013;VA;PROTASONI RAFFAELE CASSANI;"info@duegallimoda.it;raffaele.cassani@duegallimoda.it";2014;4015,3
DUE GALLI SRL Socio Unico;VIA TURATI 1;GALLARATE;21013;VA;PROTASONI RAFFAELE CASSANI;"info@duegallimoda.it;raffaele.cassani@duegallimoda.it";2015;4990,1
DUE GALLI SRL Socio Unico;VIA TURATI 1;GALLARATE;21013;VA;PROTASONI RAFFAELE CASSANI;"info@duegallimoda.it;raffaele.cassani@duegallimoda.it";2016;5713,21
DUE GALLI SRL Socio Unico;VIA TURATI 1;GALLARATE;21013;VA;PROTASONI RAFFAELE CASSANI;"info@duegallimoda.it;raffaele.cassani@duegallimoda.it";2017;1476,49
DUE GALLI SRL Socio Unico;VIA TURATI 1;GALLARATE;21013;VA;PROTASONI RAFFAELE CASSANI;"info@duegallimoda.it;raffaele.cassani@duegallimoda.it";2018;1879,07
ECOFIL NEW CO. SRL;VIA G.GALILEI 17;TORRE DE' ROVERI;24060;BG;SIG. ZANNI;ecofilnewco@libero.it;2010;2707,57
ECOFIL NEW CO. SRL;VIA G.GALILEI 17;TORRE DE' ROVERI;24060;BG;SIG. ZANNI;ecofilnewco@libero.it;2011;3059,8
ECOFIL NEW CO. SRL;VIA G.GALILEI 17;TORRE DE' ROVERI;24060;BG;SIG. ZANNI;ecofilnewco@libero.it;2012;405,2
ELAS s.r.o.;Vetrna 418;Hradek nad Nisou;46334;;;dana.zdrazilova@elas.cz;2023;964,45
ELAS s.r.o.;Vetrna 418;Hradek nad Nisou;46334;;;dana.zdrazilova@elas.cz;2024;840,55
ELASTO SRL;VIA DELLE BREGOLE 24;PADERNO D'ADDA;23877;LC;SIG. RIVA LUIGI;elastosrl@elasto.it;2015;902,2
ELMAR NASTRIFICIO SRL;VIALE EMILIA 83/A;COLOGNO MONZESE;20093;MI;FABIO MARIANI - SIMO Contabilità;"info@elmarnastrificio.it; amministrazione@elmarnastrificio.it";2018;212,18
EMMETEX ITALIA SNC DI MARMO N. & C.;VIA BARLETTA, 214;ANDRIA;76123;BT;SIG. MARMO - STEFANIA;amministrazione@emmetexitalia.com;2010;2022,61
EMMETEX ITALIA SNC DI MARMO N. & C.;VIA BARLETTA, 214;ANDRIA;76123;BT;SIG. MARMO - STEFANIA;amministrazione@emmetexitalia.com;2012;488,03
EMMETEX ITALIA SNC DI MARMO N. & C.;VIA BARLETTA, 214;ANDRIA;76123;BT;SIG. MARMO - STEFANIA;amministrazione@emmetexitalia.com;2013;22650,69
EMMETEX ITALIA SNC DI MARMO N. & C.;VIA BARLETTA, 214;ANDRIA;76123;BT;SIG. MARMO - STEFANIA;amministrazione@emmetexitalia.com;2014;21381,55
EMMETEX ITALIA SNC DI MARMO N. & C.;VIA BARLETTA, 214;ANDRIA;76123;BT;SIG. MARMO - STEFANIA;amministrazione@emmetexitalia.com;2015;20585,92
EMMETEX ITALIA SNC DI MARMO N. & C.;VIA BARLETTA, 214;ANDRIA;76123;BT;SIG. MARMO - STEFANIA;amministrazione@emmetexitalia.com;2016;17280,59
EMMETEX ITALIA SNC DI MARMO N. & C.;VIA BARLETTA, 214;ANDRIA;76123;BT;SIG. MARMO - STEFANIA;amministrazione@emmetexitalia.com;2017;38206,53
EMMETEX ITALIA SNC DI MARMO N. & C.;VIA BARLETTA, 214;ANDRIA;76123;BT;SIG. MARMO - STEFANIA;amministrazione@emmetexitalia.com;2018;68700,09
EMMETEX ITALIA SNC DI MARMO N. & C.;VIA BARLETTA, 214;ANDRIA;76123;BT;SIG. MARMO - STEFANIA;amministrazione@emmetexitalia.com;2019;37434,76
EMMETEX ITALIA SNC DI MARMO N. & C.;VIA BARLETTA, 214;ANDRIA;76123;BT;SIG. MARMO - STEFANIA;amministrazione@emmetexitalia.com;2020;29341,38
EMMETEX ITALIA SNC DI MARMO N. & C.;VIA BARLETTA, 214;ANDRIA;76123;BT;SIG. MARMO - STEFANIA;amministrazione@emmetexitalia.com;2021;5935,04
EMMETEX ITALIA SNC DI MARMO N. & C.;VIA BARLETTA, 214;ANDRIA;76123;BT;SIG. MARMO - STEFANIA;amministrazione@emmetexitalia.com;2022;5896,11
EMMETEX ITALIA SNC DI MARMO N. & C.;VIA BARLETTA, 214;ANDRIA;76123;BT;SIG. MARMO - STEFANIA;amministrazione@emmetexitalia.com;2023;20881,34
EMMETEX ITALIA SNC DI MARMO N. & C.;VIA BARLETTA, 214;ANDRIA;76123;BT;SIG. MARMO - STEFANIA;amministrazione@emmetexitalia.com;2024;22019,61
EMMETEX ITALIA SNC DI MARMO N. & C.;VIA BARLETTA, 214;ANDRIA;76123;BT;SIG. MARMO - STEFANIA;amministrazione@emmetexitalia.com;2025;8714,42
EMY CALZE S.R.L.;VIA MEDOLE 48/E;CASTIGLIONE DELLE STIVIERE;46043;MN;Simone;" info@emycalze.it; amministrazione@emycalze.it";2024;974,8
EMY CALZE S.R.L.;VIA MEDOLE 48/E;CASTIGLIONE DELLE STIVIERE;46043;MN;Simone;" info@emycalze.it; amministrazione@emycalze.it";2025;896,5
ESSITY BSN-JOBST GmbH ;BEIERSDORFSTR. 1;EMMERICH AM RHEIN;46446;;;purchasingemmerich@essity.com;2023;890,18
ESSITY BSN-JOBST GmbH ;BEIERSDORFSTR. 1;EMMERICH AM RHEIN;46446;;;purchasingemmerich@essity.com;2024;462,08
ETTORE NEGRO SAS;VIA DE LORENTIIS 19;MAGLIE;73024;LE;;;2010;68,3
EUROELAST SRL;VIA MAMELI 2;CASATENOVO;23880;LC;EMANUELE 338 5290222 DANIELA: TEL.2;info@euroelast.it;2022;2614,92
EUROELAST SRL;VIA MAMELI 2;CASATENOVO;23880;LC;EMANUELE 338 5290222 DANIELA: TEL.2;info@euroelast.it;2023;11547,74
EUROELAST SRL;VIA MAMELI 2;CASATENOVO;23880;LC;EMANUELE 338 5290222 DANIELA: TEL.2;info@euroelast.it;2024;849,1
EUROELAST SRL;VIA MAMELI 2;CASATENOVO;23880;LC;EMANUELE 338 5290222 DANIELA: TEL.2;info@euroelast.it;2025;1724,81
EUROFIL SNC di Tucci Marco & C.;VIA CORATO 709;ANDRIA;76123;BT;;logistica1@eurofilsnc.it;2013;2422,6
EUROLAST SRL;VIA SVEZIA;CASTELGOFFREDO;46042;MN;DAVIDE BIANCHI -ELENA BIANCHI;eurolast@eurolast.it;2011;5577,82
EUROLAST SRL;VIA SVEZIA;CASTELGOFFREDO;46042;MN;DAVIDE BIANCHI -ELENA BIANCHI;eurolast@eurolast.it;2013;3130,93
EUROLAST SRL;VIA SVEZIA;CASTELGOFFREDO;46042;MN;DAVIDE BIANCHI -ELENA BIANCHI;eurolast@eurolast.it;2014;24,13
EUROLAST SRL;VIA SVEZIA;CASTELGOFFREDO;46042;MN;DAVIDE BIANCHI -ELENA BIANCHI;eurolast@eurolast.it;2017;781,56
Erzgebirgssocks GmbH;Strasse der Einheit 260;D-09423 Gelenau - Germany;;;brigitte.wendler;"brigitte.wendler@online.de; ";2024;660,2
F.A.M.I. TEX SRL;VIA FIRENZE 13/B;CHIUDUNO;24060;BG;;"amministrazione@famitex.it; info@famitex.it";2025;50
F.T. CALZE SRL;VIA ALBANIA 1/3;CASTEL GOFFREDO ;46042;MN;MAURO FASSI;mauro.fassi@ftcalze.it;2012;1011,26
F.T. FILATI TOMASELLI SRL;VIA INDUSTRIALE 5;BARBARIGA;25030;BS;MAGHINA GABRIELLE - GIUSY;maghina@maghina.it;2011;10961,73
F.T. FILATI TOMASELLI SRL;VIA INDUSTRIALE 5;BARBARIGA;25030;BS;MAGHINA GABRIELLE - GIUSY;maghina@maghina.it;2012;11017,43
F.T. FILATI TOMASELLI SRL;VIA INDUSTRIALE 5;BARBARIGA;25030;BS;MAGHINA GABRIELLE - GIUSY;maghina@maghina.it;2013;11889,91
F.T. FILATI TOMASELLI SRL;VIA INDUSTRIALE 5;BARBARIGA;25030;BS;MAGHINA GABRIELLE - GIUSY;maghina@maghina.it;2014;18072,87
F.T. FILATI TOMASELLI SRL;VIA INDUSTRIALE 5;BARBARIGA;25030;BS;MAGHINA GABRIELLE - GIUSY;maghina@maghina.it;2015;21522,61
F.T. FILATI TOMASELLI SRL;VIA INDUSTRIALE 5;BARBARIGA;25030;BS;MAGHINA GABRIELLE - GIUSY;maghina@maghina.it;2016;21192,6
F.lli Lanza snc di Lanza Luigi & C.;Via Paolo Veronese, 132;Melissano;73040;LE;;lanzacalze@libero.it;2024;1402,6
FACENTI & SONS SRL;VIA B. BUOZZI 23;BAGNOLO MELLA;25021;BS;SIG. TOGNOLI FRANCO 3356622237;info@facenti.it;2018;189
FACI di Falzoni Luigi & C. SNC;CORSO ROMA 87;CILAVEGNA;27024;PV;ROMINA;info@facisnc.it;2010;13947,93
FACI di Falzoni Luigi & C. SNC;CORSO ROMA 87;CILAVEGNA;27024;PV;ROMINA;info@facisnc.it;2011;9486,44
FACI di Falzoni Luigi & C. SNC;CORSO ROMA 87;CILAVEGNA;27024;PV;ROMINA;info@facisnc.it;2012;16836,77
FACI di Falzoni Luigi & C. SNC;CORSO ROMA 87;CILAVEGNA;27024;PV;ROMINA;info@facisnc.it;2013;6990,16
FACI di Falzoni Luigi & C. SNC;CORSO ROMA 87;CILAVEGNA;27024;PV;ROMINA;info@facisnc.it;2014;13892,24
FACI di Falzoni Luigi & C. SNC;CORSO ROMA 87;CILAVEGNA;27024;PV;ROMINA;info@facisnc.it;2015;28487,01
FACI di Falzoni Luigi & C. SNC;CORSO ROMA 87;CILAVEGNA;27024;PV;ROMINA;info@facisnc.it;2016;26656,07
FACI di Falzoni Luigi & C. SNC;CORSO ROMA 87;CILAVEGNA;27024;PV;ROMINA;info@facisnc.it;2017;9696,53
FACI di Falzoni Luigi & C. SNC;CORSO ROMA 87;CILAVEGNA;27024;PV;ROMINA;info@facisnc.it;2018;11396,78
FACI di Falzoni Luigi & C. SNC;CORSO ROMA 87;CILAVEGNA;27024;PV;ROMINA;info@facisnc.it;2019;6141,23
FACI di Falzoni Luigi & C. SNC;CORSO ROMA 87;CILAVEGNA;27024;PV;ROMINA;info@facisnc.it;2020;7778,49
FACI di Falzoni Luigi & C. SNC;CORSO ROMA 87;CILAVEGNA;27024;PV;ROMINA;info@facisnc.it;2021;8792,9
FACI di Falzoni Luigi & C. SNC;CORSO ROMA 87;CILAVEGNA;27024;PV;ROMINA;info@facisnc.it;2022;14339,04
FACI di Falzoni Luigi & C. SNC;CORSO ROMA 87;CILAVEGNA;27024;PV;ROMINA;info@facisnc.it;2023;4879,24
FACI di Falzoni Luigi & C. SNC;CORSO ROMA 87;CILAVEGNA;27024;PV;ROMINA;info@facisnc.it;2024;7650,5
FACI di Falzoni Luigi & C. SNC;CORSO ROMA 87;CILAVEGNA;27024;PV;ROMINA;info@facisnc.it;2025;6694,64
FEETNESS SRL;VIA DELL'ARTIGIANATO 47;TRAVAGLIATO;25039;BS;SERGIO BORBONI/FABIO VARISCO/ILARIA;"amministrazione@feetness.it;fabio@feetness.it";2020;10003,89
FEETNESS SRL;VIA DELL'ARTIGIANATO 47;TRAVAGLIATO;25039;BS;SERGIO BORBONI/FABIO VARISCO/ILARIA;"amministrazione@feetness.it;fabio@feetness.it";2021;24804,8
FEETNESS SRL;VIA DELL'ARTIGIANATO 47;TRAVAGLIATO;25039;BS;SERGIO BORBONI/FABIO VARISCO/ILARIA;"amministrazione@feetness.it;fabio@feetness.it";2022;21384,79
FEETNESS SRL;VIA DELL'ARTIGIANATO 47;TRAVAGLIATO;25039;BS;SERGIO BORBONI/FABIO VARISCO/ILARIA;"amministrazione@feetness.it;fabio@feetness.it";2023;-1236,51
FGP S.r.l.;Via A. Volta, 3;Dossobuono;37062;VR;Gianfranco Rosignoli;"fgp@fgpsrl.it; andrea.cielo@fgpstl.it";2023;60
FGP S.r.l.;Via A. Volta, 3;Dossobuono;37062;VR;Gianfranco Rosignoli;"fgp@fgpsrl.it; andrea.cielo@fgpstl.it";2024;30
FILARTEX SPA;Via Firenze 13;Palazzolo s/Oglio;25036;BS;MauroBonadei-Anna(exLored i5/4)-Tea;"mauro.bonadei@filartex.it; mirco.cannone@filartex.it; marisa.patelli@filartex.it";2021;2714,72
FILARTEX SPA;Via Firenze 13;Palazzolo s/Oglio;25036;BS;MauroBonadei-Anna(exLored i5/4)-Tea;"mauro.bonadei@filartex.it; mirco.cannone@filartex.it; marisa.patelli@filartex.it";2022;55262,97
FILARTEX SPA;Via Firenze 13;Palazzolo s/Oglio;25036;BS;MauroBonadei-Anna(exLored i5/4)-Tea;"mauro.bonadei@filartex.it; mirco.cannone@filartex.it; marisa.patelli@filartex.it";2023;16856,55
FILARTEX SPA;Via Firenze 13;Palazzolo s/Oglio;25036;BS;MauroBonadei-Anna(exLored i5/4)-Tea;"mauro.bonadei@filartex.it; mirco.cannone@filartex.it; marisa.patelli@filartex.it";2024;6403,97
FILATI ELASTICI MAGHINA SRL;VIA MARCONI 54;SAN PAOLO;25020;BS;GABRIELLA GIUSY SERGIO;maghina@maghina.it;2016;7645,21
FILATI ELASTICI MAGHINA SRL;VIA MARCONI 54;SAN PAOLO;25020;BS;GABRIELLA GIUSY SERGIO;maghina@maghina.it;2017;95630,77
FILATI ELASTICI MAGHINA SRL;VIA MARCONI 54;SAN PAOLO;25020;BS;GABRIELLA GIUSY SERGIO;maghina@maghina.it;2018;83166,61
FILATI ELASTICI MAGHINA SRL;VIA MARCONI 54;SAN PAOLO;25020;BS;GABRIELLA GIUSY SERGIO;maghina@maghina.it;2019;91995,26
FILATI ELASTICI MAGHINA SRL;VIA MARCONI 54;SAN PAOLO;25020;BS;GABRIELLA GIUSY SERGIO;maghina@maghina.it;2020;58943,96
FILATI ELASTICI MAGHINA SRL;VIA MARCONI 54;SAN PAOLO;25020;BS;GABRIELLA GIUSY SERGIO;maghina@maghina.it;2021;91286,73
FILATI ELASTICI MAGHINA SRL;VIA MARCONI 54;SAN PAOLO;25020;BS;GABRIELLA GIUSY SERGIO;maghina@maghina.it;2022;70790,71
FILATI ELASTICI MAGHINA SRL;VIA MARCONI 54;SAN PAOLO;25020;BS;GABRIELLA GIUSY SERGIO;maghina@maghina.it;2023;62277,16
FILATI ELASTICI MAGHINA SRL;VIA MARCONI 54;SAN PAOLO;25020;BS;GABRIELLA GIUSY SERGIO;maghina@maghina.it;2024;64992,5
FILATI ELASTICI MAGHINA SRL;VIA MARCONI 54;SAN PAOLO;25020;BS;GABRIELLA GIUSY SERGIO;maghina@maghina.it;2025;50311,64
FILBOFLEX S.R.L.;VIALE INDUSTRIA, 39;BOTTANUCO;24040;BG;DANIELA BOVATI;ammin@filboflex.it;2012;1294,31
FILBOFLEX S.R.L.;VIALE INDUSTRIA, 39;BOTTANUCO;24040;BG;DANIELA BOVATI;ammin@filboflex.it;2014;867,9
FILBOFLEX S.R.L.;VIALE INDUSTRIA, 39;BOTTANUCO;24040;BG;DANIELA BOVATI;ammin@filboflex.it;2015;492,16
FILBOFLEX S.R.L.;VIALE INDUSTRIA, 39;BOTTANUCO;24040;BG;DANIELA BOVATI;ammin@filboflex.it;2016;492,89
FILBOFLEX S.R.L.;VIALE INDUSTRIA, 39;BOTTANUCO;24040;BG;DANIELA BOVATI;ammin@filboflex.it;2017;515,55
FILBOFLEX S.R.L.;VIALE INDUSTRIA, 39;BOTTANUCO;24040;BG;DANIELA BOVATI;ammin@filboflex.it;2019;738,27
FILELMO S.r.l.;Via della Repubblica, 1/B;INVERUNO;20001;MI;;"filelmo@filelmo.com; info@filelmo.com";2025;150
FILMAR SPA;VIA DE GASPERI 65;ZOCCO D'ERBUSCO;25030;BS;BOSELLI STEFANO - CRISTINA PEDRONI;"erika@filmar.it; pamela@filmar.it;";2018;2587,27
FILMAR SPA;VIA DE GASPERI 65;ZOCCO D'ERBUSCO;25030;BS;BOSELLI STEFANO - CRISTINA PEDRONI;"erika@filmar.it; pamela@filmar.it;";2019;3627,11
FILMAR SPA;VIA DE GASPERI 65;ZOCCO D'ERBUSCO;25030;BS;BOSELLI STEFANO - CRISTINA PEDRONI;"erika@filmar.it; pamela@filmar.it;";2020;2056,11
FILMAR SPA;VIA DE GASPERI 65;ZOCCO D'ERBUSCO;25030;BS;BOSELLI STEFANO - CRISTINA PEDRONI;"erika@filmar.it; pamela@filmar.it;";2021;38324,83
FILMAR SPA;VIA DE GASPERI 65;ZOCCO D'ERBUSCO;25030;BS;BOSELLI STEFANO - CRISTINA PEDRONI;"erika@filmar.it; pamela@filmar.it;";2022;27204,83
FILMAR SPA;VIA DE GASPERI 65;ZOCCO D'ERBUSCO;25030;BS;BOSELLI STEFANO - CRISTINA PEDRONI;"erika@filmar.it; pamela@filmar.it;";2023;17124,66
FILMAR SPA;VIA DE GASPERI 65;ZOCCO D'ERBUSCO;25030;BS;BOSELLI STEFANO - CRISTINA PEDRONI;"erika@filmar.it; pamela@filmar.it;";2024;6455,48
FILMAR SPA;VIA DE GASPERI 65;ZOCCO D'ERBUSCO;25030;BS;BOSELLI STEFANO - CRISTINA PEDRONI;"erika@filmar.it; pamela@filmar.it;";2025;2078,04
FILMAR SRL;STRADA LEINI' 22;CASELLE TORINESE;10072;TO;CORBELLI/MARTINETTO/EMANUELA/Fil. P;amministrazione@filmar.net;2019;5189,92
FILMAR SRL;STRADA LEINI' 22;CASELLE TORINESE;10072;TO;CORBELLI/MARTINETTO/EMANUELA/Fil. P;amministrazione@filmar.net;2021;1283,47
FINOTEX ITALIA SRL;VIA DELLE GRIGNE, 17;LOCATE VARESINO;22070;CO;SIG. FINOLI ENZO;enzo@finotex.net;2010;3230,02
FINOTEX ITALIA SRL;VIA DELLE GRIGNE, 17;LOCATE VARESINO;22070;CO;SIG. FINOLI ENZO;enzo@finotex.net;2011;2557,39
FINOTEX ITALIA SRL;VIA DELLE GRIGNE, 17;LOCATE VARESINO;22070;CO;SIG. FINOLI ENZO;enzo@finotex.net;2012;2915,2
FINOTEX ITALIA SRL;VIA DELLE GRIGNE, 17;LOCATE VARESINO;22070;CO;SIG. FINOLI ENZO;enzo@finotex.net;2013;2130,37
FINOTEX ITALIA SRL;VIA DELLE GRIGNE, 17;LOCATE VARESINO;22070;CO;SIG. FINOLI ENZO;enzo@finotex.net;2014;1860,17
FINOTEX ITALIA SRL;VIA DELLE GRIGNE, 17;LOCATE VARESINO;22070;CO;SIG. FINOLI ENZO;enzo@finotex.net;2015;2201,12
FINOTEX ITALIA SRL;VIA DELLE GRIGNE, 17;LOCATE VARESINO;22070;CO;SIG. FINOLI ENZO;enzo@finotex.net;2016;3138,5
FINOTEX ITALIA SRL;VIA DELLE GRIGNE, 17;LOCATE VARESINO;22070;CO;SIG. FINOLI ENZO;enzo@finotex.net;2017;2805,59
FINOTEX ITALIA SRL;VIA DELLE GRIGNE, 17;LOCATE VARESINO;22070;CO;SIG. FINOLI ENZO;enzo@finotex.net;2018;1300,6
FINOTEX ITALIA SRL;VIA DELLE GRIGNE, 17;LOCATE VARESINO;22070;CO;SIG. FINOLI ENZO;enzo@finotex.net;2023;3485,5
FINOTEX ITALIA SRL;VIA DELLE GRIGNE, 17;LOCATE VARESINO;22070;CO;SIG. FINOLI ENZO;enzo@finotex.net;2024;2042,65
FINOTEX ITALIA SRL;VIA DELLE GRIGNE, 17;LOCATE VARESINO;22070;CO;SIG. FINOLI ENZO;enzo@finotex.net;2025;2549,61
FLAVIATEX SRL Unipersonale;VIA UMBRIA 3/B;CASTELGOFFREDO;46042;MN;SARA MARZOCCHI - ANNA MADELLA;"sara@flaviatex.it; anna@flaviatex.it";2025;501,02
FLEX TEX SRL;VIA GIULIO ZAPPA 11/13;BESANA BRIANZA;20842;MB;DANIELA VITALE (amm);"daniela@flextex.it; info@flextex.it;fabio@flextex.it";2019;20583,35
FLEX TEX SRL;VIA GIULIO ZAPPA 11/13;BESANA BRIANZA;20842;MB;DANIELA VITALE (amm);"daniela@flextex.it; info@flextex.it;fabio@flextex.it";2020;39463,06
FLEX TEX SRL;VIA GIULIO ZAPPA 11/13;BESANA BRIANZA;20842;MB;DANIELA VITALE (amm);"daniela@flextex.it; info@flextex.it;fabio@flextex.it";2021;22992,92
FLEX TEX SRL;VIA GIULIO ZAPPA 11/13;BESANA BRIANZA;20842;MB;DANIELA VITALE (amm);"daniela@flextex.it; info@flextex.it;fabio@flextex.it";2022;11422,24
FLEX TEX SRL;VIA GIULIO ZAPPA 11/13;BESANA BRIANZA;20842;MB;DANIELA VITALE (amm);"daniela@flextex.it; info@flextex.it;fabio@flextex.it";2023;1016,29
FLEX TEX SRL;VIA GIULIO ZAPPA 11/13;BESANA BRIANZA;20842;MB;DANIELA VITALE (amm);"daniela@flextex.it; info@flextex.it;fabio@flextex.it";2024;561
FLEX TEX SRL;VIA GIULIO ZAPPA 11/13;BESANA BRIANZA;20842;MB;DANIELA VITALE (amm);"daniela@flextex.it; info@flextex.it;fabio@flextex.it";2025;459,17
FRA-PRO SRL;VIA LIBERAZIONE 78;GALLARATE;21013;VA;ING. ALBERTO PROTASONI ANTONELLA;frapro@frapro.it;2010;10200,19
FRA-PRO SRL;VIA LIBERAZIONE 78;GALLARATE;21013;VA;ING. ALBERTO PROTASONI ANTONELLA;frapro@frapro.it;2011;12224,84
Filati  Elastici Maghina Snc di Tomaselli G. e E.;Via Marconi 54;SAN PAOLO;25020;BS;GABRIELLA - GIUSY;maghina@maghina.it;2010;110652,43
Filati  Elastici Maghina Snc di Tomaselli G. e E.;Via Marconi 54;SAN PAOLO;25020;BS;GABRIELLA - GIUSY;maghina@maghina.it;2011;136060,27
Filati  Elastici Maghina Snc di Tomaselli G. e E.;Via Marconi 54;SAN PAOLO;25020;BS;GABRIELLA - GIUSY;maghina@maghina.it;2012;94358,62
Filati  Elastici Maghina Snc di Tomaselli G. e E.;Via Marconi 54;SAN PAOLO;25020;BS;GABRIELLA - GIUSY;maghina@maghina.it;2013;80245,14
Filati  Elastici Maghina Snc di Tomaselli G. e E.;Via Marconi 54;SAN PAOLO;25020;BS;GABRIELLA - GIUSY;maghina@maghina.it;2014;92313,97
Filati  Elastici Maghina Snc di Tomaselli G. e E.;Via Marconi 54;SAN PAOLO;25020;BS;GABRIELLA - GIUSY;maghina@maghina.it;2015;83165,28
Filati  Elastici Maghina Snc di Tomaselli G. e E.;Via Marconi 54;SAN PAOLO;25020;BS;GABRIELLA - GIUSY;maghina@maghina.it;2016;84346,68
GEMTEX SRL;VIA G. MARCONI 4;SUISIO;24040;BG;ROBERTO TERZOLI 3339905150;"gemtex@gemtex.it;barbara.mazzoleni@gemtex.it";2010;5394,6
GEMTEX SRL;VIA G. MARCONI 4;SUISIO;24040;BG;ROBERTO TERZOLI 3339905150;"gemtex@gemtex.it;barbara.mazzoleni@gemtex.it";2013;13834,86
GEMTEX SRL;VIA G. MARCONI 4;SUISIO;24040;BG;ROBERTO TERZOLI 3339905150;"gemtex@gemtex.it;barbara.mazzoleni@gemtex.it";2014;75028,28
GEMTEX SRL;VIA G. MARCONI 4;SUISIO;24040;BG;ROBERTO TERZOLI 3339905150;"gemtex@gemtex.it;barbara.mazzoleni@gemtex.it";2015;25528,64
GEMTEX SRL;VIA G. MARCONI 4;SUISIO;24040;BG;ROBERTO TERZOLI 3339905150;"gemtex@gemtex.it;barbara.mazzoleni@gemtex.it";2016;20228,5
GEMTEX SRL;VIA G. MARCONI 4;SUISIO;24040;BG;ROBERTO TERZOLI 3339905150;"gemtex@gemtex.it;barbara.mazzoleni@gemtex.it";2017;21343,42
GEMTEX SRL;VIA G. MARCONI 4;SUISIO;24040;BG;ROBERTO TERZOLI 3339905150;"gemtex@gemtex.it;barbara.mazzoleni@gemtex.it";2018;16448,43
GEMTEX SRL;VIA G. MARCONI 4;SUISIO;24040;BG;ROBERTO TERZOLI 3339905150;"gemtex@gemtex.it;barbara.mazzoleni@gemtex.it";2019;15173,08
GEMTEX SRL;VIA G. MARCONI 4;SUISIO;24040;BG;ROBERTO TERZOLI 3339905150;"gemtex@gemtex.it;barbara.mazzoleni@gemtex.it";2020;11311,97
GEMTEX SRL;VIA G. MARCONI 4;SUISIO;24040;BG;ROBERTO TERZOLI 3339905150;"gemtex@gemtex.it;barbara.mazzoleni@gemtex.it";2021;5565,73
GEMTEX SRL;VIA G. MARCONI 4;SUISIO;24040;BG;ROBERTO TERZOLI 3339905150;"gemtex@gemtex.it;barbara.mazzoleni@gemtex.it";2022;1681,23
GENESI SRL;VIA W. TOBAGI 37;CASALOLDO;46040;MN;PAOLA CURTI INT. 3;"amministrazione@genesi-seamless.it;acquisti@genesi-seamless.it";2010;31653,87
GENESI SRL;VIA W. TOBAGI 37;CASALOLDO;46040;MN;PAOLA CURTI INT. 3;"amministrazione@genesi-seamless.it;acquisti@genesi-seamless.it";2011;28826,43
GENESI SRL;VIA W. TOBAGI 37;CASALOLDO;46040;MN;PAOLA CURTI INT. 3;"amministrazione@genesi-seamless.it;acquisti@genesi-seamless.it";2012;21136,4
GENESI SRL;VIA W. TOBAGI 37;CASALOLDO;46040;MN;PAOLA CURTI INT. 3;"amministrazione@genesi-seamless.it;acquisti@genesi-seamless.it";2013;17565
GENESI SRL;VIA W. TOBAGI 37;CASALOLDO;46040;MN;PAOLA CURTI INT. 3;"amministrazione@genesi-seamless.it;acquisti@genesi-seamless.it";2014;11766,4
GENESI SRL;VIA W. TOBAGI 37;CASALOLDO;46040;MN;PAOLA CURTI INT. 3;"amministrazione@genesi-seamless.it;acquisti@genesi-seamless.it";2015;9378,4
GENESI SRL;VIA W. TOBAGI 37;CASALOLDO;46040;MN;PAOLA CURTI INT. 3;"amministrazione@genesi-seamless.it;acquisti@genesi-seamless.it";2016;13980,06
GENESI SRL;VIA W. TOBAGI 37;CASALOLDO;46040;MN;PAOLA CURTI INT. 3;"amministrazione@genesi-seamless.it;acquisti@genesi-seamless.it";2017;6735,34
GENESI SRL;VIA W. TOBAGI 37;CASALOLDO;46040;MN;PAOLA CURTI INT. 3;"amministrazione@genesi-seamless.it;acquisti@genesi-seamless.it";2018;6645,18
GENESI SRL;VIA W. TOBAGI 37;CASALOLDO;46040;MN;PAOLA CURTI INT. 3;"amministrazione@genesi-seamless.it;acquisti@genesi-seamless.it";2019;4412
GENESI SRL;VIA W. TOBAGI 37;CASALOLDO;46040;MN;PAOLA CURTI INT. 3;"amministrazione@genesi-seamless.it;acquisti@genesi-seamless.it";2020;2620
GENESI SRL;VIA W. TOBAGI 37;CASALOLDO;46040;MN;PAOLA CURTI INT. 3;"amministrazione@genesi-seamless.it;acquisti@genesi-seamless.it";2021;5661,12
GENESI SRL;VIA W. TOBAGI 37;CASALOLDO;46040;MN;PAOLA CURTI INT. 3;"amministrazione@genesi-seamless.it;acquisti@genesi-seamless.it";2022;6073,48
GENESI SRL;VIA W. TOBAGI 37;CASALOLDO;46040;MN;PAOLA CURTI INT. 3;"amministrazione@genesi-seamless.it;acquisti@genesi-seamless.it";2023;440,2
GEROPA SPORT NV;KAPELSTRAAT 75;HAMONT-ACHEL -  BELGIUM;3930;;Patrick Doms +32495245494;"patrick@geropa.be; info@geropa.be; eveline@geropa.be";2023;133,68
GEROPA SPORT NV;KAPELSTRAAT 75;HAMONT-ACHEL -  BELGIUM;3930;;Patrick Doms +32495245494;"patrick@geropa.be; info@geropa.be; eveline@geropa.be";2024;1497,56
GEROPA SPORT NV;KAPELSTRAAT 75;HAMONT-ACHEL -  BELGIUM;3930;;Patrick Doms +32495245494;"patrick@geropa.be; info@geropa.be; eveline@geropa.be";2025;58,45
GERPOL SP Z O. O.;UL KATARZYNóW 1a;99-400 Lowicz;;;;"patrick@geropa.be, sourcing@gerpol.be; aneta@gerpol.be; info@geropa.be;";2024;50118,98
GERPOL SP Z O. O.;UL KATARZYNóW 1a;99-400 Lowicz;;;;"patrick@geropa.be, sourcing@gerpol.be; aneta@gerpol.be; info@geropa.be;";2025;57990,77
GEVAERT BANDWEVERIJ NV;INDUSTRIELAAN 18-22;DEINZE - BELGIUM;B9800;;STEFAN KINDEKENSstefan.kindekens@ge;"stefan.kindekens@gevaertband.be; ilse.dick@gevaertband.be; fien.hautekiet@gevaertband.be;";2015;2874,06
GEVAERT BANDWEVERIJ NV;INDUSTRIELAAN 18-22;DEINZE - BELGIUM;B9800;;STEFAN KINDEKENSstefan.kindekens@ge;"stefan.kindekens@gevaertband.be; ilse.dick@gevaertband.be; fien.hautekiet@gevaertband.be;";2016;22899,19
GEVAERT BANDWEVERIJ NV;INDUSTRIELAAN 18-22;DEINZE - BELGIUM;B9800;;STEFAN KINDEKENSstefan.kindekens@ge;"stefan.kindekens@gevaertband.be; ilse.dick@gevaertband.be; fien.hautekiet@gevaertband.be;";2017;47306,7
GEVAERT BANDWEVERIJ NV;INDUSTRIELAAN 18-22;DEINZE - BELGIUM;B9800;;STEFAN KINDEKENSstefan.kindekens@ge;"stefan.kindekens@gevaertband.be; ilse.dick@gevaertband.be; fien.hautekiet@gevaertband.be;";2018;93465,22
GEVAERT BANDWEVERIJ NV;INDUSTRIELAAN 18-22;DEINZE - BELGIUM;B9800;;STEFAN KINDEKENSstefan.kindekens@ge;"stefan.kindekens@gevaertband.be; ilse.dick@gevaertband.be; fien.hautekiet@gevaertband.be;";2019;54908,55
GEVAERT BANDWEVERIJ NV;INDUSTRIELAAN 18-22;DEINZE - BELGIUM;B9800;;STEFAN KINDEKENSstefan.kindekens@ge;"stefan.kindekens@gevaertband.be; ilse.dick@gevaertband.be; fien.hautekiet@gevaertband.be;";2020;37760,99
GEVAERT BANDWEVERIJ NV;INDUSTRIELAAN 18-22;DEINZE - BELGIUM;B9800;;STEFAN KINDEKENSstefan.kindekens@ge;"stefan.kindekens@gevaertband.be; ilse.dick@gevaertband.be; fien.hautekiet@gevaertband.be;";2021;33955,92
GEVAERT BANDWEVERIJ NV;INDUSTRIELAAN 18-22;DEINZE - BELGIUM;B9800;;STEFAN KINDEKENSstefan.kindekens@ge;"stefan.kindekens@gevaertband.be; ilse.dick@gevaertband.be; fien.hautekiet@gevaertband.be;";2022;37609,4
GEVAERT BANDWEVERIJ NV;INDUSTRIELAAN 18-22;DEINZE - BELGIUM;B9800;;STEFAN KINDEKENSstefan.kindekens@ge;"stefan.kindekens@gevaertband.be; ilse.dick@gevaertband.be; fien.hautekiet@gevaertband.be;";2023;26734,44
GEVAERT BANDWEVERIJ NV;INDUSTRIELAAN 18-22;DEINZE - BELGIUM;B9800;;STEFAN KINDEKENSstefan.kindekens@ge;"stefan.kindekens@gevaertband.be; ilse.dick@gevaertband.be; fien.hautekiet@gevaertband.be;";2024;33769,07
GEVAERT BANDWEVERIJ NV;INDUSTRIELAAN 18-22;DEINZE - BELGIUM;B9800;;STEFAN KINDEKENSstefan.kindekens@ge;"stefan.kindekens@gevaertband.be; ilse.dick@gevaertband.be; fien.hautekiet@gevaertband.be;";2025;9657,8
GIANNI DALE' S.R.L.;VIA PARENZO, 8;BRESCIA;25125;BS;ENZO - PIERO - LORELLA;enzo.dale@giannidale.it ;2011;908,52
GIANTEX SRL;Via Lavoro e Industria, 880;Rudiano;25030;BS;Gianluca Dotti;info@giantexfilati.it;2016;1599,23
GIANTEX SRL;Via Lavoro e Industria, 880;Rudiano;25030;BS;Gianluca Dotti;info@giantexfilati.it;2018;1516,62
GIANTEX SRL;Via Lavoro e Industria, 880;Rudiano;25030;BS;Gianluca Dotti;info@giantexfilati.it;2019;20534,81
GIANTEX SRL;Via Lavoro e Industria, 880;Rudiano;25030;BS;Gianluca Dotti;info@giantexfilati.it;2020;4760,69
GIANTEX SRL;Via Lavoro e Industria, 880;Rudiano;25030;BS;Gianluca Dotti;info@giantexfilati.it;2021;4424,83
GIEFFE SRL;VIA CANOVA 10/A;RONCOLEVA' di TREVENZUOLO;37060;VR;Cristiano Bonato;mauro@gieffeverona.com;2010;564,62
GILMATEX SRL;Via Padania 9/A;San Vendemiano ;31020;TV;Marta Ulian;administration@gilmatex.it;2019;9720,09
GIRARDI SRL;VIA MAZZACURATI;REGGIO EMILIA;42100;RE;GIRARDI PIETRO;info@girardi.net;2010;1911,93
GIRARDI SRL;VIA MAZZACURATI;REGGIO EMILIA;42100;RE;GIRARDI PIETRO;info@girardi.net;2012;2491,19
GIRARDI SRL;VIA MAZZACURATI;REGGIO EMILIA;42100;RE;GIRARDI PIETRO;info@girardi.net;2013;722,8
GIRARDI SRL;VIA MAZZACURATI;REGGIO EMILIA;42100;RE;GIRARDI PIETRO;info@girardi.net;2014;1525,67
GIRARDI SRL;VIA MAZZACURATI;REGGIO EMILIA;42100;RE;GIRARDI PIETRO;info@girardi.net;2016;1919,06
GIRARDI SRL;VIA MAZZACURATI;REGGIO EMILIA;42100;RE;GIRARDI PIETRO;info@girardi.net;2017;506,8
GIRARDI SRL;VIA MAZZACURATI;REGGIO EMILIA;42100;RE;GIRARDI PIETRO;info@girardi.net;2019;1742,58
GIRARDI SRL;VIA MAZZACURATI;REGGIO EMILIA;42100;RE;GIRARDI PIETRO;info@girardi.net;2020;591,26
GLORIA MED SPA;VIA A. DIAZ 7;MENAGGIO;22017;CO;ING. PEROSCHI - GABRIELE M- MARCO M;m.malinverno@gloriamed.it;2010;55095,65
GLORIA MED SPA;VIA A. DIAZ 7;MENAGGIO;22017;CO;ING. PEROSCHI - GABRIELE M- MARCO M;m.malinverno@gloriamed.it;2011;56292,62
GLORIA MED SPA;VIA A. DIAZ 7;MENAGGIO;22017;CO;ING. PEROSCHI - GABRIELE M- MARCO M;m.malinverno@gloriamed.it;2012;79813,12
GLORIA MED SPA;VIA A. DIAZ 7;MENAGGIO;22017;CO;ING. PEROSCHI - GABRIELE M- MARCO M;m.malinverno@gloriamed.it;2013;57020,3
GLORIA MED SPA;VIA A. DIAZ 7;MENAGGIO;22017;CO;ING. PEROSCHI - GABRIELE M- MARCO M;m.malinverno@gloriamed.it;2014;18797,28
GLORIA MED SPA;VIA A. DIAZ 7;MENAGGIO;22017;CO;ING. PEROSCHI - GABRIELE M- MARCO M;m.malinverno@gloriamed.it;2024;8133,98
GLORIA MED SPA;VIA A. DIAZ 7;MENAGGIO;22017;CO;ING. PEROSCHI - GABRIELE M- MARCO M;m.malinverno@gloriamed.it;2025;7880,65
GRUPPO DONDI SPA;VIA BUDRIONE MIGLIARINA PARTE EST, 2/A;FOSSOLI;41012;MO;GUIDO CAPELLI - CINZIA MANNINA;"info@dondijersey.com; fatture@dondijersey.com";2022;806,14
GRUPPO DONDI SPA;VIA BUDRIONE MIGLIARINA PARTE EST, 2/A;FOSSOLI;41012;MO;GUIDO CAPELLI - CINZIA MANNINA;"info@dondijersey.com; fatture@dondijersey.com";2024;1388,56
HAINE OÜ;Puiestee 13b;Tartu;50303;;Olga Truuse ;olga@haine.ee;2025;61,54
HENITEX INTERNATIONAL;ZI DE LA VILLETTE, 999 RUE LOUISE MICHEL;RIORGES;42153;;PIERRE GUERIN;"pierre.guerin@henitex.fr;maud.haudricourt@henitex.fr;";2023;402,29
I.R.T.E. SRL;VIA NOVA 66;TRECATE;28069;NO;ZANOTTI ENRICO comm.MAURA prod. MAT;info@irtetrecate.it;2010;1427,04
I.R.T.E. SRL;VIA NOVA 66;TRECATE;28069;NO;ZANOTTI ENRICO comm.MAURA prod. MAT;info@irtetrecate.it;2012;1583,91
I.R.T.E. SRL;VIA NOVA 66;TRECATE;28069;NO;ZANOTTI ENRICO comm.MAURA prod. MAT;info@irtetrecate.it;2013;13472,4
I.R.T.E. SRL;VIA NOVA 66;TRECATE;28069;NO;ZANOTTI ENRICO comm.MAURA prod. MAT;info@irtetrecate.it;2014;197357,55
I.R.T.E. SRL;VIA NOVA 66;TRECATE;28069;NO;ZANOTTI ENRICO comm.MAURA prod. MAT;info@irtetrecate.it;2015;189821,31
I.R.T.E. SRL;VIA NOVA 66;TRECATE;28069;NO;ZANOTTI ENRICO comm.MAURA prod. MAT;info@irtetrecate.it;2016;160049,37
I.R.T.E. SRL;VIA NOVA 66;TRECATE;28069;NO;ZANOTTI ENRICO comm.MAURA prod. MAT;info@irtetrecate.it;2017;153536,86
I.R.T.E. SRL;VIA NOVA 66;TRECATE;28069;NO;ZANOTTI ENRICO comm.MAURA prod. MAT;info@irtetrecate.it;2018;253357,39
I.R.T.E. SRL;VIA NOVA 66;TRECATE;28069;NO;ZANOTTI ENRICO comm.MAURA prod. MAT;info@irtetrecate.it;2019;255474,85
I.R.T.E. SRL;VIA NOVA 66;TRECATE;28069;NO;ZANOTTI ENRICO comm.MAURA prod. MAT;info@irtetrecate.it;2020;378682,6
I.R.T.E. SRL;VIA NOVA 66;TRECATE;28069;NO;ZANOTTI ENRICO comm.MAURA prod. MAT;info@irtetrecate.it;2021;319322,6
I.R.T.E. SRL;VIA NOVA 66;TRECATE;28069;NO;ZANOTTI ENRICO comm.MAURA prod. MAT;info@irtetrecate.it;2022;395733,94
I.R.T.E. SRL;VIA NOVA 66;TRECATE;28069;NO;ZANOTTI ENRICO comm.MAURA prod. MAT;info@irtetrecate.it;2023;159051,64
I.R.T.E. SRL;VIA NOVA 66;TRECATE;28069;NO;ZANOTTI ENRICO comm.MAURA prod. MAT;info@irtetrecate.it;2024;57138,45
I.R.T.E. SRL;VIA NOVA 66;TRECATE;28069;NO;ZANOTTI ENRICO comm.MAURA prod. MAT;info@irtetrecate.it;2025;33544,59
IHLE STRUMPF GMBH;Reuterweg 1 Gewerbepark Heinzebank;Wolkenstein - Germany;9429;;Alexander Burow ;invoice@ihle-strumpf.de ;2022;3016,95
IHLE STRUMPF GMBH;Reuterweg 1 Gewerbepark Heinzebank;Wolkenstein - Germany;9429;;Alexander Burow ;invoice@ihle-strumpf.de ;2023;2448,96
IHLE STRUMPF GMBH;Reuterweg 1 Gewerbepark Heinzebank;Wolkenstein - Germany;9429;;Alexander Burow ;invoice@ihle-strumpf.de ;2024;4020,27
IHLE STRUMPF GMBH;Reuterweg 1 Gewerbepark Heinzebank;Wolkenstein - Germany;9429;;Alexander Burow ;invoice@ihle-strumpf.de ;2025;4657,26
IL GABBIANO SRL;VIA DELLA STAMPA 8;SONCINO;26029;CR;STEFANO, EMANUELA;emanuela@calzificiogabbiano.it;2010;30477,43
IL GABBIANO SRL;VIA DELLA STAMPA 8;SONCINO;26029;CR;STEFANO, EMANUELA;emanuela@calzificiogabbiano.it;2011;33519,38
IL GABBIANO SRL;VIA DELLA STAMPA 8;SONCINO;26029;CR;STEFANO, EMANUELA;emanuela@calzificiogabbiano.it;2012;1174,38
ILUNA GROUP SRL;VIA VERDI 11;BERGAMO;24121;BG;marco leidi 3357479023;"natascia.c@iluna.com; marco.l@iluna.com";2010;579,45
ILUNA GROUP SRL;VIA VERDI 11;BERGAMO;24121;BG;marco leidi 3357479023;"natascia.c@iluna.com; marco.l@iluna.com";2012;4750
ILUNA GROUP SRL;VIA VERDI 11;BERGAMO;24121;BG;marco leidi 3357479023;"natascia.c@iluna.com; marco.l@iluna.com";2013;9383,6
ILUNA GROUP SRL;VIA VERDI 11;BERGAMO;24121;BG;marco leidi 3357479023;"natascia.c@iluna.com; marco.l@iluna.com";2014;6666,2
ILUNA GROUP SRL;VIA VERDI 11;BERGAMO;24121;BG;marco leidi 3357479023;"natascia.c@iluna.com; marco.l@iluna.com";2015;4817,83
ILUNA GROUP SRL;VIA VERDI 11;BERGAMO;24121;BG;marco leidi 3357479023;"natascia.c@iluna.com; marco.l@iluna.com";2016;5103,14
ILUNA GROUP SRL;VIA VERDI 11;BERGAMO;24121;BG;marco leidi 3357479023;"natascia.c@iluna.com; marco.l@iluna.com";2017;6824,65
ILUNA GROUP SRL;VIA VERDI 11;BERGAMO;24121;BG;marco leidi 3357479023;"natascia.c@iluna.com; marco.l@iluna.com";2018;19541
IN LINE DI SMUSSI CHRISTIAN & C. S.N.C.;VIA ARTIGIANALE 41;BOTTICINO SERA ;25082;BS;EMANUELA ANDREA;"inline@wz-international.com; contabilita@wz-international.com;";2010;21234,19
IN LINE DI SMUSSI CHRISTIAN & C. S.N.C.;VIA ARTIGIANALE 41;BOTTICINO SERA ;25082;BS;EMANUELA ANDREA;"inline@wz-international.com; contabilita@wz-international.com;";2011;2414,62
IN LINE DI SMUSSI CHRISTIAN & C. S.N.C.;VIA ARTIGIANALE 41;BOTTICINO SERA ;25082;BS;EMANUELA ANDREA;"inline@wz-international.com; contabilita@wz-international.com;";2012;1565,37
IN LINE DI SMUSSI CHRISTIAN & C. S.N.C.;VIA ARTIGIANALE 41;BOTTICINO SERA ;25082;BS;EMANUELA ANDREA;"inline@wz-international.com; contabilita@wz-international.com;";2025;315,74
INCANTO FASHION GROUP SRL;VIA COLLI STORICI 5/7;DESENZANO DEL GARDA;25010;BS;ANDREA PIZZOCOLO;andrea.pizzocolo@incanto.eu;2013;115,21
INCANTO INDUSTRIES DOO;Marsala Tita 45;Celarevo - Serbia;21413;;ANDREA PIZZOCOLO 340.8102946.;"ivana.vujic@realknitting.eu;petar.krajisnik@realknitting.eu";2023;17050,08
INCANTO INDUSTRIES DOO;Marsala Tita 45;Celarevo - Serbia;21413;;ANDREA PIZZOCOLO 340.8102946.;"ivana.vujic@realknitting.eu;petar.krajisnik@realknitting.eu";2024;10825,81
INCANTO INDUSTRIES DOO;Marsala Tita 45;Celarevo - Serbia;21413;;ANDREA PIZZOCOLO 340.8102946.;"ivana.vujic@realknitting.eu;petar.krajisnik@realknitting.eu";2025;8775,46
INNEX SRL;VIA DELL'UNIONE EUROPEA, 6;BARLETTA;76121;BT;PIETRO DITERLIZZI +39 3804534464;lucia.scaraggi@innex.it;2022;76,4
INNEX SRL;VIA DELL'UNIONE EUROPEA, 6;BARLETTA;76121;BT;PIETRO DITERLIZZI +39 3804534464;lucia.scaraggi@innex.it;2023;806,4
INNOVAZIONE SALUTE E BENESSERE - ISB INDUSTRIE SRL;VIA MORIGI 13;MILANO;20123;MI;ERIC LARSEN;"carlottalucchini@gmail.com; dott.nikidragonetti@gmail.com;";2020;3067,23
INSOCKS SRL;VIA DELL'INDUSTRIA, 28 - Z.I. PALUDI;ALPAGO ;32016;BL;0437983887 NORA;"info@insocks.it; alma.fagherazzi@intersocks.com";2015;2871,69
INSOCKS SRL;VIA DELL'INDUSTRIA, 28 - Z.I. PALUDI;ALPAGO ;32016;BL;0437983887 NORA;"info@insocks.it; alma.fagherazzi@intersocks.com";2016;28665,03
INSOCKS SRL;VIA DELL'INDUSTRIA, 28 - Z.I. PALUDI;ALPAGO ;32016;BL;0437983887 NORA;"info@insocks.it; alma.fagherazzi@intersocks.com";2017;24827,23
INSOCKS SRL;VIA DELL'INDUSTRIA, 28 - Z.I. PALUDI;ALPAGO ;32016;BL;0437983887 NORA;"info@insocks.it; alma.fagherazzi@intersocks.com";2018;27405,91
INSOCKS SRL;VIA DELL'INDUSTRIA, 28 - Z.I. PALUDI;ALPAGO ;32016;BL;0437983887 NORA;"info@insocks.it; alma.fagherazzi@intersocks.com";2019;38503,62
INSOCKS SRL;VIA DELL'INDUSTRIA, 28 - Z.I. PALUDI;ALPAGO ;32016;BL;0437983887 NORA;"info@insocks.it; alma.fagherazzi@intersocks.com";2020;26087,32
INSOCKS SRL;VIA DELL'INDUSTRIA, 28 - Z.I. PALUDI;ALPAGO ;32016;BL;0437983887 NORA;"info@insocks.it; alma.fagherazzi@intersocks.com";2021;10826,12
INTERKNIT SRL;LOC. PALUDI - ZONA INDUSTRIALE;ALPAGO;32016;BL;Nora Bortoluzzi 0437983887;"alma.fagherazzi@intersocks.com; stefano.deparis@interknit.it";2010;3506,57
INTERKNIT SRL;LOC. PALUDI - ZONA INDUSTRIALE;ALPAGO;32016;BL;Nora Bortoluzzi 0437983887;"alma.fagherazzi@intersocks.com; stefano.deparis@interknit.it";2015;3775,62
INTERKNIT SRL;LOC. PALUDI - ZONA INDUSTRIALE;ALPAGO;32016;BL;Nora Bortoluzzi 0437983887;"alma.fagherazzi@intersocks.com; stefano.deparis@interknit.it";2016;20750,35
INTERKNIT SRL;LOC. PALUDI - ZONA INDUSTRIALE;ALPAGO;32016;BL;Nora Bortoluzzi 0437983887;"alma.fagherazzi@intersocks.com; stefano.deparis@interknit.it";2017;14260,65
INTERKNIT SRL;LOC. PALUDI - ZONA INDUSTRIALE;ALPAGO;32016;BL;Nora Bortoluzzi 0437983887;"alma.fagherazzi@intersocks.com; stefano.deparis@interknit.it";2018;28033,87
INTERKNIT SRL;LOC. PALUDI - ZONA INDUSTRIALE;ALPAGO;32016;BL;Nora Bortoluzzi 0437983887;"alma.fagherazzi@intersocks.com; stefano.deparis@interknit.it";2019;18373,45
INTERKNIT SRL;LOC. PALUDI - ZONA INDUSTRIALE;ALPAGO;32016;BL;Nora Bortoluzzi 0437983887;"alma.fagherazzi@intersocks.com; stefano.deparis@interknit.it";2020;11619,88
INTERKNIT SRL;LOC. PALUDI - ZONA INDUSTRIALE;ALPAGO;32016;BL;Nora Bortoluzzi 0437983887;"alma.fagherazzi@intersocks.com; stefano.deparis@interknit.it";2021;20613,6
INTERSOCKS D.O.O.;RESKA CESTA 29;KOCEVJE - SLOVENIJA;1330;;MAJA TOMC;"federico.altini@intersocks.com; roberta.cavallet@intersocks.com; andrea.antifora@intersocks.com";2019;5602,82
INTERSOCKS D.O.O.;RESKA CESTA 29;KOCEVJE - SLOVENIJA;1330;;MAJA TOMC;"federico.altini@intersocks.com; roberta.cavallet@intersocks.com; andrea.antifora@intersocks.com";2020;7158,9
INTERSOCKS D.O.O.;RESKA CESTA 29;KOCEVJE - SLOVENIJA;1330;;MAJA TOMC;"federico.altini@intersocks.com; roberta.cavallet@intersocks.com; andrea.antifora@intersocks.com";2021;15946,68
INTERSOCKS D.O.O.;RESKA CESTA 29;KOCEVJE - SLOVENIJA;1330;;MAJA TOMC;"federico.altini@intersocks.com; roberta.cavallet@intersocks.com; andrea.antifora@intersocks.com";2022;6808,34
INTERSOCKS D.O.O.;RESKA CESTA 29;KOCEVJE - SLOVENIJA;1330;;MAJA TOMC;"federico.altini@intersocks.com; roberta.cavallet@intersocks.com; andrea.antifora@intersocks.com";2023;3163,24
INTERSOCKS D.O.O.;RESKA CESTA 29;KOCEVJE - SLOVENIJA;1330;;MAJA TOMC;"federico.altini@intersocks.com; roberta.cavallet@intersocks.com; andrea.antifora@intersocks.com";2024;2405,9
INTERSOCKS D.O.O.;RESKA CESTA 29;KOCEVJE - SLOVENIJA;1330;;MAJA TOMC;"federico.altini@intersocks.com; roberta.cavallet@intersocks.com; andrea.antifora@intersocks.com";2025;1898,68
INTERSOCKS S.R.L. a Socio Unico;VIA TRENTINO 19-21, Z.I. S. GIACOMO DI VEGLIA;VITTORIO VENETO;31029;TV;INGRID-ROBERTA 0437983833 (X05-47);"federico.altini@intersocks.com; roberta.cavallet@intersocks.com; elisa.covre@arklyz.com";2016;3718,46
INTERSOCKS S.R.L. a Socio Unico;VIA TRENTINO 19-21, Z.I. S. GIACOMO DI VEGLIA;VITTORIO VENETO;31029;TV;INGRID-ROBERTA 0437983833 (X05-47);"federico.altini@intersocks.com; roberta.cavallet@intersocks.com; elisa.covre@arklyz.com";2017;4899,55
INTERSOCKS S.R.L. a Socio Unico;VIA TRENTINO 19-21, Z.I. S. GIACOMO DI VEGLIA;VITTORIO VENETO;31029;TV;INGRID-ROBERTA 0437983833 (X05-47);"federico.altini@intersocks.com; roberta.cavallet@intersocks.com; elisa.covre@arklyz.com";2018;5716,28
INTERSOCKS S.R.L. a Socio Unico;VIA TRENTINO 19-21, Z.I. S. GIACOMO DI VEGLIA;VITTORIO VENETO;31029;TV;INGRID-ROBERTA 0437983833 (X05-47);"federico.altini@intersocks.com; roberta.cavallet@intersocks.com; elisa.covre@arklyz.com";2019;5321,52
INTERSOCKS S.R.L. a Socio Unico;VIA TRENTINO 19-21, Z.I. S. GIACOMO DI VEGLIA;VITTORIO VENETO;31029;TV;INGRID-ROBERTA 0437983833 (X05-47);"federico.altini@intersocks.com; roberta.cavallet@intersocks.com; elisa.covre@arklyz.com";2020;3478,12
INTERSOCKS S.R.L. a Socio Unico;VIA TRENTINO 19-21, Z.I. S. GIACOMO DI VEGLIA;VITTORIO VENETO;31029;TV;INGRID-ROBERTA 0437983833 (X05-47);"federico.altini@intersocks.com; roberta.cavallet@intersocks.com; elisa.covre@arklyz.com";2021;2292,01
INTERSOCKS S.R.L. a Socio Unico;VIA TRENTINO 19-21, Z.I. S. GIACOMO DI VEGLIA;VITTORIO VENETO;31029;TV;INGRID-ROBERTA 0437983833 (X05-47);"federico.altini@intersocks.com; roberta.cavallet@intersocks.com; elisa.covre@arklyz.com";2022;17792,34
INTERSOCKS S.R.L. a Socio Unico;VIA TRENTINO 19-21, Z.I. S. GIACOMO DI VEGLIA;VITTORIO VENETO;31029;TV;INGRID-ROBERTA 0437983833 (X05-47);"federico.altini@intersocks.com; roberta.cavallet@intersocks.com; elisa.covre@arklyz.com";2023;14143,73
INTERSOCKS S.R.L. a Socio Unico;VIA TRENTINO 19-21, Z.I. S. GIACOMO DI VEGLIA;VITTORIO VENETO;31029;TV;INGRID-ROBERTA 0437983833 (X05-47);"federico.altini@intersocks.com; roberta.cavallet@intersocks.com; elisa.covre@arklyz.com";2024;6657,32
INTERSOCKS S.R.L. a Socio Unico;VIA TRENTINO 19-21, Z.I. S. GIACOMO DI VEGLIA;VITTORIO VENETO;31029;TV;INGRID-ROBERTA 0437983833 (X05-47);"federico.altini@intersocks.com; roberta.cavallet@intersocks.com; elisa.covre@arklyz.com";2025;9534,89
INTERTES SRL;Via Sanguine, 4;Correggioverde;46030;MN;;administration@intertes.it ;2016;500,72
ITALIA JOB SRL;VIA ROMA 3;ORBASSANO;10043;TO;G.TOSCANO G. MUSSI  M. ALBESANO ;"toscano@italiajobsrl.it; mussi@italiajobsrl.it";2020;6271,46
ITALIAFILI SRL;C.DA SANTA CALCAGNA 70;ROCCA SAN GIOVANNI ;66020;CH;FLORIO FRANCO;info@litaliafili.com;2017;65
Johannes Breitfeld;Annaberger Str. 3;D-09471 Bärenstein - Germany;;;brigitte.wendler;brigitte.wendler@online.de;2024;379,91
KESSLER STRÜMPFE GMBH;Hauptstraße 74;Limbach-Oberfrohna;9212;;;"mail@kessler-struempfe.de; info@kessler-socks.com;";2025;545,54
KYORITSU ITALIA S.R.L.;Corso Buenos Aires 77;Milano;20124;MI;FABIANA LANTIERI;"f.lantieri@kyoritsu-seni.co.jp;";2025;3901,81
LA BLU SRL;VIA MONTE BIANCO Z.I.;MELISSANO ;73040;LE;PATRIZIA CORSANO;"patrizia.corsano@tiscali.it; ";2018;332,48
LA BLU SRL;VIA MONTE BIANCO Z.I.;MELISSANO ;73040;LE;PATRIZIA CORSANO;"patrizia.corsano@tiscali.it; ";2020;240,06
LA BLU SRL;VIA MONTE BIANCO Z.I.;MELISSANO ;73040;LE;PATRIZIA CORSANO;"patrizia.corsano@tiscali.it; ";2022;2800,48
LA BLU SRL;VIA MONTE BIANCO Z.I.;MELISSANO ;73040;LE;PATRIZIA CORSANO;"patrizia.corsano@tiscali.it; ";2023;30822,71
LA BLU SRL;VIA MONTE BIANCO Z.I.;MELISSANO ;73040;LE;PATRIZIA CORSANO;"patrizia.corsano@tiscali.it; ";2024;42716,64
LA BLU SRL;VIA MONTE BIANCO Z.I.;MELISSANO ;73040;LE;PATRIZIA CORSANO;"patrizia.corsano@tiscali.it; ";2025;25718,16
LA FILTOM SRL;VIA DRIZZA, 28/A;SOLARO ;20020;MI;;"lafiltom@lafiltom.it; barbara@lafiltom.it";2013;389,93
LA FILTOM SRL;VIA DRIZZA, 28/A;SOLARO ;20020;MI;;"lafiltom@lafiltom.it; barbara@lafiltom.it";2014;1373,63
LA FILTOM SRL;VIA DRIZZA, 28/A;SOLARO ;20020;MI;;"lafiltom@lafiltom.it; barbara@lafiltom.it";2018;686,36
LABORATORIO GRAZIA SRL;VIA FURA 122;BRESCIA;25125;BS;SIG.RA LUCIA GENTILINI;grazialaboratorio@gmail.com;2010;1916,72
LABORATORIO GRAZIA SRL;VIA FURA 122;BRESCIA;25125;BS;SIG.RA LUCIA GENTILINI;grazialaboratorio@gmail.com;2011;1049,06
LABORATORIO GRAZIA SRL;VIA FURA 122;BRESCIA;25125;BS;SIG.RA LUCIA GENTILINI;grazialaboratorio@gmail.com;2014;800,32
LEGS SP. Z.O.O.;UL. ZGIERSKA 48/52;ALEKSANDROW LODZKI POLAND;95070;;VITTORIO SPAGARINO;v.spagarino@legs.com.pl;2011;1123,19
LEMUR SPA;VIA VOLTA 27;ALA;38061;TN;THOMAS KLOTZ;ornella.passerini@lemur-italy.com;2015;264,27
LEMUR SPA;VIA VOLTA 27;ALA;38061;TN;THOMAS KLOTZ;ornella.passerini@lemur-italy.com;2023;13911,5
LENZI EGISTO SPA;VIA G. DI VITTORIO 39;VAIANO;59021;PO;"EMANUELE PARTENZI; MIRIA GIANOTTI";miria.gianotti@lenziegisto.it;2012;309,43
LIABEL SPA;Via Salvo D'Acquisto, 8;Biella;13900;BI;ALESSANDRA ZORZAN;azorzan@liabel.it;2010;3471,98
LIABEL SPA;Via Salvo D'Acquisto, 8;Biella;13900;BI;ALESSANDRA ZORZAN;azorzan@liabel.it;2011;928,51
LIABEL SPA;Via Salvo D'Acquisto, 8;Biella;13900;BI;ALESSANDRA ZORZAN;azorzan@liabel.it;2014;1039,8
LIABEL SPA;Via Salvo D'Acquisto, 8;Biella;13900;BI;ALESSANDRA ZORZAN;azorzan@liabel.it;2015;1147,8
LIABEL SPA;Via Salvo D'Acquisto, 8;Biella;13900;BI;ALESSANDRA ZORZAN;azorzan@liabel.it;2016;1046,4
LIABEL SPA;Via Salvo D'Acquisto, 8;Biella;13900;BI;ALESSANDRA ZORZAN;azorzan@liabel.it;2017;1059,84
LIABEL SPA;Via Salvo D'Acquisto, 8;Biella;13900;BI;ALESSANDRA ZORZAN;azorzan@liabel.it;2018;2689,4
LIABEL SPA;Via Salvo D'Acquisto, 8;Biella;13900;BI;ALESSANDRA ZORZAN;azorzan@liabel.it;2019;1223,28
LIABEL SPA;Via Salvo D'Acquisto, 8;Biella;13900;BI;ALESSANDRA ZORZAN;azorzan@liabel.it;2021;835,38
LIABEL SPA;Via Salvo D'Acquisto, 8;Biella;13900;BI;ALESSANDRA ZORZAN;azorzan@liabel.it;2022;656
LIMONTA & LIMONTA S.R.L.;Via Marzabotto 12,14,16;Vimercate;20871;MB;SIG. RENZO;info@limontaelimonta.com;2024;2154,69
LINEA SPRINT SPA;VIA ROSSINI 8;TREVIGLIO ;24047;BG;ANNA;linea8@lineasprint.it;2010;3020,17
LINEA SPRINT SPA;VIA ROSSINI 8;TREVIGLIO ;24047;BG;ANNA;linea8@lineasprint.it;2011;3287,44
LINEA SPRINT SPA;VIA ROSSINI 8;TREVIGLIO ;24047;BG;ANNA;linea8@lineasprint.it;2012;2237,49
LINEA SPRINT SPA;VIA ROSSINI 8;TREVIGLIO ;24047;BG;ANNA;linea8@lineasprint.it;2013;2817,71
LINEA SPRINT SPA;VIA ROSSINI 8;TREVIGLIO ;24047;BG;ANNA;linea8@lineasprint.it;2014;304
LUCIO ZHEN;VIA BOTTEGHINO 124;CASTIGLIONE D/STIVIERE;46043;MN;LUCIO;;2018;12475,64
LUCIO ZHEN;VIA BOTTEGHINO 124;CASTIGLIONE D/STIVIERE;46043;MN;LUCIO;;2022;350,26
LUIGI DI FOCENZA di Conti Ferdinando;VIA AUSTRIA 8/A;CASTEL GOFFREDO;46042;MN;STEFANO;;2010;156
LUTI SOCIETA' COOPERATIVA;VIA DE GASPERI 38;MELISSANO;73040;LE;;info@luticalze.it;2019;201,4
La R.T.B. Di Dettali Riccardo ;Via Cavour 97/a;Castiglione delle Stiviere;46043;MN;Riccardo - St 339 7206431;lartbfilati@gmail.com;2010;7324,02
La R.T.B. Di Dettali Riccardo ;Via Cavour 97/a;Castiglione delle Stiviere;46043;MN;Riccardo - St 339 7206431;lartbfilati@gmail.com;2018;1091,79
La R.T.B. Di Dettali Riccardo ;Via Cavour 97/a;Castiglione delle Stiviere;46043;MN;Riccardo - St 339 7206431;lartbfilati@gmail.com;2020;206,4
La R.T.B. Di Dettali Riccardo ;Via Cavour 97/a;Castiglione delle Stiviere;46043;MN;Riccardo - St 339 7206431;lartbfilati@gmail.com;2021;1906,63
La R.T.B. Di Dettali Riccardo ;Via Cavour 97/a;Castiglione delle Stiviere;46043;MN;Riccardo - St 339 7206431;lartbfilati@gmail.com;2024;2424,84
M&G Calzificio di MACRI' GINO & C. (NON USARE);Z.I. VIA MONTE CERVINO LOTTO V41;MELISSANO;73040;LE;;"calzificiomegsrl@libero.it;";2018;421,15
M&G Calzificio di MACRI' GINO & C. (NON USARE);Z.I. VIA MONTE CERVINO LOTTO V41;MELISSANO;73040;LE;;"calzificiomegsrl@libero.it;";2019;8770,87
M&G Calzificio di MACRI' GINO & C. (NON USARE);Z.I. VIA MONTE CERVINO LOTTO V41;MELISSANO;73040;LE;;"calzificiomegsrl@libero.it;";2020;9198,89
M&G Calzificio di MACRI' GINO & C. (NON USARE);Z.I. VIA MONTE CERVINO LOTTO V41;MELISSANO;73040;LE;;"calzificiomegsrl@libero.it;";2021;555,15
M.P. DI PEZZINI MANUEL;VIA GUIDO ROSSA, 9;CASTEL GOFFREDO ;46042;MN;Mauro 3292981717;info.mpcalze@libero.it;2018;128,9
MA.RA SRL;MIGLIARA 46;B.GO SAN DONATO - SABAUDIA;4010;LT;"ANDREA/GIOVANNI CATRACCHIA; ";mara@pizetanet.com;2013;485,08
MAB SPA;VIA ALESSANDRO VOLTA 50;CONCOREZZO ;20049;MI;SILVIA BRAMBILLA;loredanacalloni@mabspa.com;2010;636,26
MAB SPA;VIA ALESSANDRO VOLTA 50;CONCOREZZO ;20049;MI;SILVIA BRAMBILLA;loredanacalloni@mabspa.com;2011;1934,5
MAB SPA;VIA ALESSANDRO VOLTA 50;CONCOREZZO ;20049;MI;SILVIA BRAMBILLA;loredanacalloni@mabspa.com;2012;503,62
MAB SPA;VIA ALESSANDRO VOLTA 50;CONCOREZZO ;20049;MI;SILVIA BRAMBILLA;loredanacalloni@mabspa.com;2013;6550,92
MAB SPA;VIA ALESSANDRO VOLTA 50;CONCOREZZO ;20049;MI;SILVIA BRAMBILLA;loredanacalloni@mabspa.com;2014;2942,95
MAB SPA;VIA ALESSANDRO VOLTA 50;CONCOREZZO ;20049;MI;SILVIA BRAMBILLA;loredanacalloni@mabspa.com;2015;216,69
MAGLIFICIO CREAZIONI ALICE SRL;VIA CREMASCA 7;AZZANO S. PAOLO;24052;BG;GIOVANNI ALLEVI;liliana.d@alicefashion.it;2010;298,06
MAGLIFICIO PO SRL c/Socio Unico;VIA ASIAGO, 59/8;TORINO;10142;TO;;amministrazione@oscalito.it;2024;62,13
MAGLIFICIO RIPA SPA;VIA DELL'INDUSTRIA 32;SPINO D'ADDA;26016;CR;ERIC BUTTINI-MASSIMO ZERBINI-ELIDE ;"elide@maglificioripa.it;info@maglificioripa.it";2010;24060,34
MAGLIFICIO RIPA SPA;VIA DELL'INDUSTRIA 32;SPINO D'ADDA;26016;CR;ERIC BUTTINI-MASSIMO ZERBINI-ELIDE ;"elide@maglificioripa.it;info@maglificioripa.it";2011;4732,83
MAGLIFICIO RIPA SPA;VIA DELL'INDUSTRIA 32;SPINO D'ADDA;26016;CR;ERIC BUTTINI-MASSIMO ZERBINI-ELIDE ;"elide@maglificioripa.it;info@maglificioripa.it";2022;42083,52
MANIFATTURA CANTU' EGIZIO SNC;VIA OBIZZONE, 36;BERNAREGGIO ;20881;MB;SIG. VITTORIO CANTU';"raffaella.cantu@cantuegizio.it; vittorio.cantu@cantuegizio.it";2021;15229,72
MANIFATTURA CANTU' EGIZIO SNC;VIA OBIZZONE, 36;BERNAREGGIO ;20881;MB;SIG. VITTORIO CANTU';"raffaella.cantu@cantuegizio.it; vittorio.cantu@cantuegizio.it";2022;13513,59
MANIFATTURA CANTU' EGIZIO SNC;VIA OBIZZONE, 36;BERNAREGGIO ;20881;MB;SIG. VITTORIO CANTU';"raffaella.cantu@cantuegizio.it; vittorio.cantu@cantuegizio.it";2024;3922,21
MANIFATTURA CRESPI SRL;CORSO ITALIA 11;VANZAGHELLO;20020;MI;DANIELE CRESPI - ELISABETTA SPRIANO;"daniele@mcrespi.com; elisabetta@mcrespi.com";2019;217,8
MANIFATTURA DI BREME DI VICTORIA SRL;REG. CASCINETTA;BREME;27020;PV;DAVIDE NICOLOSO - federica contabil;amministrazione@manibreme.it;2010;285,42
MANIFATTURA DI BREME DI VICTORIA SRL;REG. CASCINETTA;BREME;27020;PV;DAVIDE NICOLOSO - federica contabil;amministrazione@manibreme.it;2012;683,86
MANIFATTURA DI BREME DI VICTORIA SRL;REG. CASCINETTA;BREME;27020;PV;DAVIDE NICOLOSO - federica contabil;amministrazione@manibreme.it;2013;296,1
MANIFATTURA DI BREME DI VICTORIA SRL;REG. CASCINETTA;BREME;27020;PV;DAVIDE NICOLOSO - federica contabil;amministrazione@manibreme.it;2016;333
MANIFATTURA DI DOMODOSSOLA SPA;VIALE DELL'INDUSTRIA 1;VILLADOSSOLA;28884;VB;Sig. Poli - Silvia Polli - Roberta;info@manifatturadomodossola.it;2010;1061,08
MANIFATTURA MARIS SRL ;VIA OTTO MARZO, 54;CARPENEDOLO;25013;BS;ALESSANDRO-ALBERTO FAGANELLI;m.faganelli@maris.it;2021;1895,04
MANIFATTURA MARIS SRL ;VIA OTTO MARZO, 54;CARPENEDOLO;25013;BS;ALESSANDRO-ALBERTO FAGANELLI;m.faganelli@maris.it;2022;17701,25
MANIFATTURA MARIS SRL ;VIA OTTO MARZO, 54;CARPENEDOLO;25013;BS;ALESSANDRO-ALBERTO FAGANELLI;m.faganelli@maris.it;2023;23813,16
MANIFATTURA MARIS SRL ;VIA OTTO MARZO, 54;CARPENEDOLO;25013;BS;ALESSANDRO-ALBERTO FAGANELLI;m.faganelli@maris.it;2024;40433,23
MANIFATTURA MARIS SRL ;VIA OTTO MARZO, 54;CARPENEDOLO;25013;BS;ALESSANDRO-ALBERTO FAGANELLI;m.faganelli@maris.it;2025;53886,48
MANIFATTURA SVIZZERA MAGL. SAS di Canova P. & C.;VIA BOTTEGO 10;TORINO;10129;TO;CANOVA;m.svizzera@mclinkmail.it;2010;5351,65
MANIFATTURA SVIZZERA MAGL. SAS di Canova P. & C.;VIA BOTTEGO 10;TORINO;10129;TO;CANOVA;m.svizzera@mclinkmail.it;2011;744,33
MANIFATTURA SVIZZERA MAGL. SAS di Canova P. & C.;VIA BOTTEGO 10;TORINO;10129;TO;CANOVA;m.svizzera@mclinkmail.it;2012;2418,97
MANIFATTURA SVIZZERA MAGL. SAS di Canova P. & C.;VIA BOTTEGO 10;TORINO;10129;TO;CANOVA;m.svizzera@mclinkmail.it;2013;3315,5
MANIFATTURA SVIZZERA MAGL. SAS di Canova P. & C.;VIA BOTTEGO 10;TORINO;10129;TO;CANOVA;m.svizzera@mclinkmail.it;2014;1560,98
MARA DI RIVABEN LUCA & C. S.N.C.;VIA LAZZARIN, 55/A;CONEGLIANO;31015;TV;;amministrazione@maraintimosanitario.it;2010;287,37
MARA DI RIVABEN LUCA & C. S.N.C.;VIA LAZZARIN, 55/A;CONEGLIANO;31015;TV;;amministrazione@maraintimosanitario.it;2011;1928,64
MARA DI RIVABEN LUCA & C. S.N.C.;VIA LAZZARIN, 55/A;CONEGLIANO;31015;TV;;amministrazione@maraintimosanitario.it;2012;2027,81
MARA DI RIVABEN LUCA & C. S.N.C.;VIA LAZZARIN, 55/A;CONEGLIANO;31015;TV;;amministrazione@maraintimosanitario.it;2013;2227,25
MARA DI RIVABEN LUCA & C. S.N.C.;VIA LAZZARIN, 55/A;CONEGLIANO;31015;TV;;amministrazione@maraintimosanitario.it;2014;902,28
MARA DI RIVABEN LUCA & C. S.N.C.;VIA LAZZARIN, 55/A;CONEGLIANO;31015;TV;;amministrazione@maraintimosanitario.it;2015;1320,6
MARA DI RIVABEN LUCA & C. S.N.C.;VIA LAZZARIN, 55/A;CONEGLIANO;31015;TV;;amministrazione@maraintimosanitario.it;2016;1199,02
MARA DI RIVABEN LUCA & C. S.N.C.;VIA LAZZARIN, 55/A;CONEGLIANO;31015;TV;;amministrazione@maraintimosanitario.it;2017;1495,66
MARA DI RIVABEN LUCA & C. S.N.C.;VIA LAZZARIN, 55/A;CONEGLIANO;31015;TV;;amministrazione@maraintimosanitario.it;2018;1845,8
MARA DI RIVABEN LUCA & C. S.N.C.;VIA LAZZARIN, 55/A;CONEGLIANO;31015;TV;;amministrazione@maraintimosanitario.it;2019;1607,58
MARA DI RIVABEN LUCA & C. S.N.C.;VIA LAZZARIN, 55/A;CONEGLIANO;31015;TV;;amministrazione@maraintimosanitario.it;2020;1463,78
MARA DI RIVABEN LUCA & C. S.N.C.;VIA LAZZARIN, 55/A;CONEGLIANO;31015;TV;;amministrazione@maraintimosanitario.it;2021;431,34
MARA DI RIVABEN LUCA & C. S.N.C.;VIA LAZZARIN, 55/A;CONEGLIANO;31015;TV;;amministrazione@maraintimosanitario.it;2022;2088,21
MARCEL LIEBAERT NV;INDUSTRIELAAN 1;DEINZE - BELGIUM;9800;;LUC DE VOS Luc.deVos@liebaert.com;"invoices@liebaert.com; natasja.devos@liebaert.com";2019;6444,24
MARCEL LIEBAERT NV;INDUSTRIELAAN 1;DEINZE - BELGIUM;9800;;LUC DE VOS Luc.deVos@liebaert.com;"invoices@liebaert.com; natasja.devos@liebaert.com";2020;4916,25
MARCEL LIEBAERT NV;INDUSTRIELAAN 1;DEINZE - BELGIUM;9800;;LUC DE VOS Luc.deVos@liebaert.com;"invoices@liebaert.com; natasja.devos@liebaert.com";2021;6996,5
MARCEL LIEBAERT NV;INDUSTRIELAAN 1;DEINZE - BELGIUM;9800;;LUC DE VOS Luc.deVos@liebaert.com;"invoices@liebaert.com; natasja.devos@liebaert.com";2022;11707,57
MARCEL LIEBAERT NV;INDUSTRIELAAN 1;DEINZE - BELGIUM;9800;;LUC DE VOS Luc.deVos@liebaert.com;"invoices@liebaert.com; natasja.devos@liebaert.com";2023;11981,69
MARCEL LIEBAERT NV;INDUSTRIELAAN 1;DEINZE - BELGIUM;9800;;LUC DE VOS Luc.deVos@liebaert.com;"invoices@liebaert.com; natasja.devos@liebaert.com";2024;27680,14
MARCEL LIEBAERT NV;INDUSTRIELAAN 1;DEINZE - BELGIUM;9800;;LUC DE VOS Luc.deVos@liebaert.com;"invoices@liebaert.com; natasja.devos@liebaert.com";2025;10255,67
MARIFLOS S.R.L.;CORSO BRIANZA, 21;MARIANO COMENSE;22066;CO;GIOVANNI COLOMBO 335224672;mariangela@mariflos.com;2021;158,29
MARINA CALZE S.R.L.;VIA G. VERDI 11;RACALE;73055;LE;NADIA COI;info@ci-enne.it;2015;310
MARINA CALZE S.R.L.;VIA G. VERDI 11;RACALE;73055;LE;NADIA COI;info@ci-enne.it;2016;1060,51
MARINA CALZE S.R.L.;VIA G. VERDI 11;RACALE;73055;LE;NADIA COI;info@ci-enne.it;2017;12796,95
MARINA CALZE S.R.L.;VIA G. VERDI 11;RACALE;73055;LE;NADIA COI;info@ci-enne.it;2018;11490,48
MARINA CALZE S.R.L.;VIA G. VERDI 11;RACALE;73055;LE;NADIA COI;info@ci-enne.it;2023;294,27
MARINA CALZE S.R.L.;VIA G. VERDI 11;RACALE;73055;LE;NADIA COI;info@ci-enne.it;2024;840,31
MICHELE SOLBIATI SASIL SPA;VIA GARIBALDI 26;LONATE POZZOLO;21015;VA;WILLY LAVAZZA;paola.ferrario@solbiati.net;2013;701,2
MICO SPORT SPA;VIA STRETTA 161;BRESCIA;25136;BS;ALBERTO CORTINOVIS 3357237406;laura@mico.it;2010;186273,62
MICO SPORT SPA;VIA STRETTA 161;BRESCIA;25136;BS;ALBERTO CORTINOVIS 3357237406;laura@mico.it;2011;163768,74
MICO SPORT SPA;VIA STRETTA 161;BRESCIA;25136;BS;ALBERTO CORTINOVIS 3357237406;laura@mico.it;2012;60435,63
MICO SPORT SPA;VIA STRETTA 161;BRESCIA;25136;BS;ALBERTO CORTINOVIS 3357237406;laura@mico.it;2013;53315,63
MICO SPORT SPA;VIA STRETTA 161;BRESCIA;25136;BS;ALBERTO CORTINOVIS 3357237406;laura@mico.it;2014;63828,63
MICO SPORT SPA;VIA STRETTA 161;BRESCIA;25136;BS;ALBERTO CORTINOVIS 3357237406;laura@mico.it;2015;49090,47
MICO SPORT SPA;VIA STRETTA 161;BRESCIA;25136;BS;ALBERTO CORTINOVIS 3357237406;laura@mico.it;2016;59425,85
MICO SPORT SPA;VIA STRETTA 161;BRESCIA;25136;BS;ALBERTO CORTINOVIS 3357237406;laura@mico.it;2017;55011,91
MICO SPORT SPA;VIA STRETTA 161;BRESCIA;25136;BS;ALBERTO CORTINOVIS 3357237406;laura@mico.it;2018;54303,42
MICO SPORT SPA;VIA STRETTA 161;BRESCIA;25136;BS;ALBERTO CORTINOVIS 3357237406;laura@mico.it;2019;57874,85
MICO SPORT SPA;VIA STRETTA 161;BRESCIA;25136;BS;ALBERTO CORTINOVIS 3357237406;laura@mico.it;2020;50739,85
MICO SPORT SPA;VIA STRETTA 161;BRESCIA;25136;BS;ALBERTO CORTINOVIS 3357237406;laura@mico.it;2021;77136,45
MICO SPORT SPA;VIA STRETTA 161;BRESCIA;25136;BS;ALBERTO CORTINOVIS 3357237406;laura@mico.it;2022;113931,97
MICO SPORT SPA;VIA STRETTA 161;BRESCIA;25136;BS;ALBERTO CORTINOVIS 3357237406;laura@mico.it;2023;118136,52
MICO SPORT SPA;VIA STRETTA 161;BRESCIA;25136;BS;ALBERTO CORTINOVIS 3357237406;laura@mico.it;2024;102202,9
MICO SPORT SPA;VIA STRETTA 161;BRESCIA;25136;BS;ALBERTO CORTINOVIS 3357237406;laura@mico.it;2025;53787,12
MIVA SRL;VIA TREVIGLIO 34;BRIGNANO GERA D'ADDA;24053;BG;ALESSANDRO VAILATI;alessandro.vailati@calzemiva.it;2010;1737,18
MIVA SRL;VIA TREVIGLIO 34;BRIGNANO GERA D'ADDA;24053;BG;ALESSANDRO VAILATI;alessandro.vailati@calzemiva.it;2011;1627,15
MIVA SRL;VIA TREVIGLIO 34;BRIGNANO GERA D'ADDA;24053;BG;ALESSANDRO VAILATI;alessandro.vailati@calzemiva.it;2012;1916,56
MIVA SRL;VIA TREVIGLIO 34;BRIGNANO GERA D'ADDA;24053;BG;ALESSANDRO VAILATI;alessandro.vailati@calzemiva.it;2014;402,29
MIVA SRL;VIA TREVIGLIO 34;BRIGNANO GERA D'ADDA;24053;BG;ALESSANDRO VAILATI;alessandro.vailati@calzemiva.it;2015;412,7
MIVA SRL;VIA TREVIGLIO 34;BRIGNANO GERA D'ADDA;24053;BG;ALESSANDRO VAILATI;alessandro.vailati@calzemiva.it;2016;381,31
MIVA SRL;VIA TREVIGLIO 34;BRIGNANO GERA D'ADDA;24053;BG;ALESSANDRO VAILATI;alessandro.vailati@calzemiva.it;2017;550,65
MIVA SRL;VIA TREVIGLIO 34;BRIGNANO GERA D'ADDA;24053;BG;ALESSANDRO VAILATI;alessandro.vailati@calzemiva.it;2018;376,68
MONNET SAS;RUE DU PETIT BOIS 71;MONTCEAU LES MINES - FRANCE;71300;;GERARD BRANCHER;anne.laure.charrier@monnet-sports.com;2024;579,4
MONNET SAS;RUE DU PETIT BOIS 71;MONTCEAU LES MINES - FRANCE;71300;;GERARD BRANCHER;anne.laure.charrier@monnet-sports.com;2025;4932,83
Manifattura Italiana Cucirini Spa ;Via Spineta 61;Vallese di Oppeano ;37050;VR;GIANNI CORSO - TOMMASO CUMERLATO;giovanni@micspa.com;2019;81,97
Manifattura San Biagio Srl;ZONA INDUSTRIALE LOTTO N. 2;CORSANO;73033;LE;LUIGI DEFRANCESCO;"info@calzificiosanbiagio.it; msanbiagio@gmail.com;";2017;905,16
Manifattura San Biagio Srl;ZONA INDUSTRIALE LOTTO N. 2;CORSANO;73033;LE;LUIGI DEFRANCESCO;"info@calzificiosanbiagio.it; msanbiagio@gmail.com;";2024;3253,08
Manifattura San Biagio Srl;ZONA INDUSTRIALE LOTTO N. 2;CORSANO;73033;LE;LUIGI DEFRANCESCO;"info@calzificiosanbiagio.it; msanbiagio@gmail.com;";2025;7074,72
Mauri Angelo S.r.l.;Via Giuseppe Garibaldi, 55;Lentate sul Seveso;20823;MI;WALTER MAURI, FEDERICO MAURI;claudia@mauriangelo.it;2024;77,41
NASTRIFICIO ALBERT BONATI SRL;VIA MONTE ROSA, 16;CONCOREZZO;20863;MB;info@albertbonati.com;amm@albertbonati.com;2022;4685,83
NASTRIFICIO FINAT Sas di Bruno e Danilo Casini & C;VIA PASUBIO 37;BISCEGLIE;76011;BT;DANILO CASINI;amministrazione@nastrificiofinat.it;2012;655,69
NASTRIFICIO VICTOR SPA;Copernico 5/7/9/11/13  C. P. 101/B;PIOVE DI SACCO;35028;PD;SARTORI ANGELO - MICHELA - REGINA;monia.callegaro@victor.it;2010;48658,54
NASTRIFICIO VICTOR SPA;Copernico 5/7/9/11/13  C. P. 101/B;PIOVE DI SACCO;35028;PD;SARTORI ANGELO - MICHELA - REGINA;monia.callegaro@victor.it;2011;46466,9
NASTRIFICIO VICTOR SPA;Copernico 5/7/9/11/13  C. P. 101/B;PIOVE DI SACCO;35028;PD;SARTORI ANGELO - MICHELA - REGINA;monia.callegaro@victor.it;2021;922,79
NASTRIFICIO VICTOR SPA;Copernico 5/7/9/11/13  C. P. 101/B;PIOVE DI SACCO;35028;PD;SARTORI ANGELO - MICHELA - REGINA;monia.callegaro@victor.it;2024;30
NASTRIFICIO ZINGONIA SRL;VIALE LONDRA;ZINGONIA;24040;BG;SIG.ROBERTO-FRANCO;info@nastrificiozingonia.com;2010;348842,12
NASTRIFICIO ZINGONIA SRL;VIALE LONDRA;ZINGONIA;24040;BG;SIG.ROBERTO-FRANCO;info@nastrificiozingonia.com;2011;402362,75
NASTRIFICIO ZINGONIA SRL;VIALE LONDRA;ZINGONIA;24040;BG;SIG.ROBERTO-FRANCO;info@nastrificiozingonia.com;2012;499870,69
NASTRIFICIO ZINGONIA SRL;VIALE LONDRA;ZINGONIA;24040;BG;SIG.ROBERTO-FRANCO;info@nastrificiozingonia.com;2013;606346,55
NASTRIFICIO ZINGONIA SRL;VIALE LONDRA;ZINGONIA;24040;BG;SIG.ROBERTO-FRANCO;info@nastrificiozingonia.com;2014;503985,11
NASTRIFICIO ZINGONIA SRL;VIALE LONDRA;ZINGONIA;24040;BG;SIG.ROBERTO-FRANCO;info@nastrificiozingonia.com;2015;451528,33
NASTRIFICIO ZINGONIA SRL;VIALE LONDRA;ZINGONIA;24040;BG;SIG.ROBERTO-FRANCO;info@nastrificiozingonia.com;2016;633088,39
NASTRIFICIO ZINGONIA SRL;VIALE LONDRA;ZINGONIA;24040;BG;SIG.ROBERTO-FRANCO;info@nastrificiozingonia.com;2017;612103,85
NASTRIFICIO ZINGONIA SRL;VIALE LONDRA;ZINGONIA;24040;BG;SIG.ROBERTO-FRANCO;info@nastrificiozingonia.com;2018;941336,83
NASTRIFICIO ZINGONIA SRL;VIALE LONDRA;ZINGONIA;24040;BG;SIG.ROBERTO-FRANCO;info@nastrificiozingonia.com;2019;563718,31
NASTRIFICIO ZINGONIA SRL;VIALE LONDRA;ZINGONIA;24040;BG;SIG.ROBERTO-FRANCO;info@nastrificiozingonia.com;2020;701817,63
NASTRIFICIO ZINGONIA SRL;VIALE LONDRA;ZINGONIA;24040;BG;SIG.ROBERTO-FRANCO;info@nastrificiozingonia.com;2021;610036,14
NASTRIFICIO ZINGONIA SRL;VIALE LONDRA;ZINGONIA;24040;BG;SIG.ROBERTO-FRANCO;info@nastrificiozingonia.com;2022;130559,5
NASTRIFICIO ZINGONIA SRL;VIALE LONDRA;ZINGONIA;24040;BG;SIG.ROBERTO-FRANCO;info@nastrificiozingonia.com;2023;18470,58
NASTRITESSUTI SRL;Via del Progresso 42;Marano Vicentino;36035;VI;"939 int. Valentina; Jessica";"info@nastritessuti.it; sara.trevisan@nastritessuti.it";2017;135,37
NASTRITESSUTI SRL;Via del Progresso 42;Marano Vicentino;36035;VI;"939 int. Valentina; Jessica";"info@nastritessuti.it; sara.trevisan@nastritessuti.it";2019;1766,7
NASTRITESSUTI SRL;Via del Progresso 42;Marano Vicentino;36035;VI;"939 int. Valentina; Jessica";"info@nastritessuti.it; sara.trevisan@nastritessuti.it";2020;1716,37
NASTRITESSUTI SRL;Via del Progresso 42;Marano Vicentino;36035;VI;"939 int. Valentina; Jessica";"info@nastritessuti.it; sara.trevisan@nastritessuti.it";2021;1694,42
NASTRITESSUTI SRL;Via del Progresso 42;Marano Vicentino;36035;VI;"939 int. Valentina; Jessica";"info@nastritessuti.it; sara.trevisan@nastritessuti.it";2022;3893,52
NASTROTESSILE ITALIANA SRL;VIA ANTONIO GRAMSCI, 121;GIULIANOVA;64021;TE;GIANNI DANESI 3482231599;amministrazione@nastrotessileitaliana.it;2022;84,23
NASTROTEX CUFRA SPA;STRADA STATALE SONCINESE 2;COVO;24050;BG;BARBARA CUFRA-CINZIA MORONI-CATELLO;"acquisti@nastrotex-cufra.it; amministrazione@nastrotex-cufra.it;";2012;26336,39
NASTROTEX CUFRA SPA;STRADA STATALE SONCINESE 2;COVO;24050;BG;BARBARA CUFRA-CINZIA MORONI-CATELLO;"acquisti@nastrotex-cufra.it; amministrazione@nastrotex-cufra.it;";2013;30025,26
NASTROTEX CUFRA SPA;STRADA STATALE SONCINESE 2;COVO;24050;BG;BARBARA CUFRA-CINZIA MORONI-CATELLO;"acquisti@nastrotex-cufra.it; amministrazione@nastrotex-cufra.it;";2014;21061,3
NASTROTEX CUFRA SPA;STRADA STATALE SONCINESE 2;COVO;24050;BG;BARBARA CUFRA-CINZIA MORONI-CATELLO;"acquisti@nastrotex-cufra.it; amministrazione@nastrotex-cufra.it;";2015;30635,78
NASTROTEX CUFRA SPA;STRADA STATALE SONCINESE 2;COVO;24050;BG;BARBARA CUFRA-CINZIA MORONI-CATELLO;"acquisti@nastrotex-cufra.it; amministrazione@nastrotex-cufra.it;";2016;27442,07
NASTROTEX CUFRA SPA;STRADA STATALE SONCINESE 2;COVO;24050;BG;BARBARA CUFRA-CINZIA MORONI-CATELLO;"acquisti@nastrotex-cufra.it; amministrazione@nastrotex-cufra.it;";2019;3482,05
NASTROTEX CUFRA SPA;STRADA STATALE SONCINESE 2;COVO;24050;BG;BARBARA CUFRA-CINZIA MORONI-CATELLO;"acquisti@nastrotex-cufra.it; amministrazione@nastrotex-cufra.it;";2020;19561,46
NASTROTEX CUFRA SPA;STRADA STATALE SONCINESE 2;COVO;24050;BG;BARBARA CUFRA-CINZIA MORONI-CATELLO;"acquisti@nastrotex-cufra.it; amministrazione@nastrotex-cufra.it;";2021;1216,69
NASTROTEX CUFRA SPA;STRADA STATALE SONCINESE 2;COVO;24050;BG;BARBARA CUFRA-CINZIA MORONI-CATELLO;"acquisti@nastrotex-cufra.it; amministrazione@nastrotex-cufra.it;";2022;20229,31
NASTROTEX CUFRA SPA;STRADA STATALE SONCINESE 2;COVO;24050;BG;BARBARA CUFRA-CINZIA MORONI-CATELLO;"acquisti@nastrotex-cufra.it; amministrazione@nastrotex-cufra.it;";2023;47635,04
NASTROTEX CUFRA SPA;STRADA STATALE SONCINESE 2;COVO;24050;BG;BARBARA CUFRA-CINZIA MORONI-CATELLO;"acquisti@nastrotex-cufra.it; amministrazione@nastrotex-cufra.it;";2024;110122,98
NASTROTEX CUFRA SPA;STRADA STATALE SONCINESE 2;COVO;24050;BG;BARBARA CUFRA-CINZIA MORONI-CATELLO;"acquisti@nastrotex-cufra.it; amministrazione@nastrotex-cufra.it;";2025;17800,2
NEB SRL;VIA DON BRAMBILLA 29;CUCCIAGO;22060;CO;ERMANNO;neb.srl@virgilio.it;2016;152,69
NEMAR SPA;VIA CAVOUR 141;CALCINATELLO ;25010;BS;UMBERTO ARTIOLI-A.EOLI-TROMBETTA;"info@nemar.com; acquisti1@nemar.com;";2010;6153,51
NEMAR SPA;VIA CAVOUR 141;CALCINATELLO ;25010;BS;UMBERTO ARTIOLI-A.EOLI-TROMBETTA;"info@nemar.com; acquisti1@nemar.com;";2011;76318,92
NEMAR SPA;VIA CAVOUR 141;CALCINATELLO ;25010;BS;UMBERTO ARTIOLI-A.EOLI-TROMBETTA;"info@nemar.com; acquisti1@nemar.com;";2012;37406,9
NEMAR SPA;VIA CAVOUR 141;CALCINATELLO ;25010;BS;UMBERTO ARTIOLI-A.EOLI-TROMBETTA;"info@nemar.com; acquisti1@nemar.com;";2013;51164,05
NEMAR SPA;VIA CAVOUR 141;CALCINATELLO ;25010;BS;UMBERTO ARTIOLI-A.EOLI-TROMBETTA;"info@nemar.com; acquisti1@nemar.com;";2014;29400
NEMAR SPA;VIA CAVOUR 141;CALCINATELLO ;25010;BS;UMBERTO ARTIOLI-A.EOLI-TROMBETTA;"info@nemar.com; acquisti1@nemar.com;";2015;2683,75
NEW KOKO'S  SRL;VIA DELL'INDUSTRIA 28;ALPAGO;32016;BL;Stefania Dal Pont, Donatella Desalv;"flavio@newkokos.it; sabrina@newkokos.it ";2015;3048,5
NEW KOKO'S  SRL;VIA DELL'INDUSTRIA 28;ALPAGO;32016;BL;Stefania Dal Pont, Donatella Desalv;"flavio@newkokos.it; sabrina@newkokos.it ";2016;32945,01
NEW KOKO'S  SRL;VIA DELL'INDUSTRIA 28;ALPAGO;32016;BL;Stefania Dal Pont, Donatella Desalv;"flavio@newkokos.it; sabrina@newkokos.it ";2017;34139,21
NEW KOKO'S  SRL;VIA DELL'INDUSTRIA 28;ALPAGO;32016;BL;Stefania Dal Pont, Donatella Desalv;"flavio@newkokos.it; sabrina@newkokos.it ";2018;39464,15
NEW KOKO'S  SRL;VIA DELL'INDUSTRIA 28;ALPAGO;32016;BL;Stefania Dal Pont, Donatella Desalv;"flavio@newkokos.it; sabrina@newkokos.it ";2019;52641,26
NEW KOKO'S  SRL;VIA DELL'INDUSTRIA 28;ALPAGO;32016;BL;Stefania Dal Pont, Donatella Desalv;"flavio@newkokos.it; sabrina@newkokos.it ";2020;31434,25
NEW KOKO'S  SRL;VIA DELL'INDUSTRIA 28;ALPAGO;32016;BL;Stefania Dal Pont, Donatella Desalv;"flavio@newkokos.it; sabrina@newkokos.it ";2021;14998,28
NEW KOKO'S  SRL;VIA DELL'INDUSTRIA 28;ALPAGO;32016;BL;Stefania Dal Pont, Donatella Desalv;"flavio@newkokos.it; sabrina@newkokos.it ";2022;10893,6
NEW KOKO'S  SRL;VIA DELL'INDUSTRIA 28;ALPAGO;32016;BL;Stefania Dal Pont, Donatella Desalv;"flavio@newkokos.it; sabrina@newkokos.it ";2023;5742,64
NEW KOKO'S  SRL;VIA DELL'INDUSTRIA 28;ALPAGO;32016;BL;Stefania Dal Pont, Donatella Desalv;"flavio@newkokos.it; sabrina@newkokos.it ";2024;5293,22
NEW MARY PIZZI SRL;VIA G. GIGANTE 116/118;CORATO;70033;BA;;info@marypizzi.it;2013;64039,45
NILITALIA SRL;VIA MOSCOVA, 9;RHO;20017;MI;Zanni Gabriele 3494185576;"federicaz@nilit.com; elenama@nilit.com;";2019;1067,21
NORMAN SRL;VIA GRECIA 2/4;CASTELGOFFREDO ;46042;MN;LIANA-ELENA(Cont.)-FRANC.O(Colori);"elena.brugnoli@normansrl.com; stefania.tonelli@normansrl.com; ";2020;29107,17
NORMAN SRL;VIA GRECIA 2/4;CASTELGOFFREDO ;46042;MN;LIANA-ELENA(Cont.)-FRANC.O(Colori);"elena.brugnoli@normansrl.com; stefania.tonelli@normansrl.com; ";2021;27811,31
NORMAN SRL;VIA GRECIA 2/4;CASTELGOFFREDO ;46042;MN;LIANA-ELENA(Cont.)-FRANC.O(Colori);"elena.brugnoli@normansrl.com; stefania.tonelli@normansrl.com; ";2022;460,2
NORMAN SRL;VIA GRECIA 2/4;CASTELGOFFREDO ;46042;MN;LIANA-ELENA(Cont.)-FRANC.O(Colori);"elena.brugnoli@normansrl.com; stefania.tonelli@normansrl.com; ";2023;24270,51
NORMAN SRL;VIA GRECIA 2/4;CASTELGOFFREDO ;46042;MN;LIANA-ELENA(Cont.)-FRANC.O(Colori);"elena.brugnoli@normansrl.com; stefania.tonelli@normansrl.com; ";2024;41784,43
NORMAN SRL;VIA GRECIA 2/4;CASTELGOFFREDO ;46042;MN;LIANA-ELENA(Cont.)-FRANC.O(Colori);"elena.brugnoli@normansrl.com; stefania.tonelli@normansrl.com; ";2025;11485,9
NUOVA CALZE REGIA SRL;VIA SONIGA, 3;NUVOLENTO;25080;BS;SIG.RA GEMMA-SIG.ZANETTI-SIG.ROMMI;"info@calzeregia.it; stefano@calzeregia.it";2016;19717,47
NUOVA CALZE REGIA SRL;VIA SONIGA, 3;NUVOLENTO;25080;BS;SIG.RA GEMMA-SIG.ZANETTI-SIG.ROMMI;"info@calzeregia.it; stefano@calzeregia.it";2017;29748,38
NUOVA CALZE REGIA SRL;VIA SONIGA, 3;NUVOLENTO;25080;BS;SIG.RA GEMMA-SIG.ZANETTI-SIG.ROMMI;"info@calzeregia.it; stefano@calzeregia.it";2018;7821,78
NUOVA CALZE REGIA SRL;VIA SONIGA, 3;NUVOLENTO;25080;BS;SIG.RA GEMMA-SIG.ZANETTI-SIG.ROMMI;"info@calzeregia.it; stefano@calzeregia.it";2019;3274,98
NUOVA CALZE REGIA SRL;VIA SONIGA, 3;NUVOLENTO;25080;BS;SIG.RA GEMMA-SIG.ZANETTI-SIG.ROMMI;"info@calzeregia.it; stefano@calzeregia.it";2022;44198,25
NUOVA CALZE REGIA SRL;VIA SONIGA, 3;NUVOLENTO;25080;BS;SIG.RA GEMMA-SIG.ZANETTI-SIG.ROMMI;"info@calzeregia.it; stefano@calzeregia.it";2023;99208,1
NUOVA CALZE REGIA SRL;VIA SONIGA, 3;NUVOLENTO;25080;BS;SIG.RA GEMMA-SIG.ZANETTI-SIG.ROMMI;"info@calzeregia.it; stefano@calzeregia.it";2024;72657,24
NUOVA CALZE REGIA SRL;VIA SONIGA, 3;NUVOLENTO;25080;BS;SIG.RA GEMMA-SIG.ZANETTI-SIG.ROMMI;"info@calzeregia.it; stefano@calzeregia.it";2025;97948,46
NY - NEW YARN SRL;VIA SVIZZERA 38;CASTEL GOFFREDO;46042;MN;FABIO DAMIANI;info@newyarn.it ;2016;626,64
NY - NEW YARN SRL;VIA SVIZZERA 38;CASTEL GOFFREDO;46042;MN;FABIO DAMIANI;info@newyarn.it ;2019;87431,48
NY - NEW YARN SRL;VIA SVIZZERA 38;CASTEL GOFFREDO;46042;MN;FABIO DAMIANI;info@newyarn.it ;2020;52044,77
NY - NEW YARN SRL;VIA SVIZZERA 38;CASTEL GOFFREDO;46042;MN;FABIO DAMIANI;info@newyarn.it ;2021;33464,69
NY - NEW YARN SRL;VIA SVIZZERA 38;CASTEL GOFFREDO;46042;MN;FABIO DAMIANI;info@newyarn.it ;2022;30272,93
NY - NEW YARN SRL;VIA SVIZZERA 38;CASTEL GOFFREDO;46042;MN;FABIO DAMIANI;info@newyarn.it ;2023;20567,72
NY - NEW YARN SRL;VIA SVIZZERA 38;CASTEL GOFFREDO;46042;MN;FABIO DAMIANI;info@newyarn.it ;2024;13196,35
NY - NEW YARN SRL;VIA SVIZZERA 38;CASTEL GOFFREDO;46042;MN;FABIO DAMIANI;info@newyarn.it ;2025;8876,77
NYFIL S.R.L.;VIA DELL'ARTIGIANATO, 69;MONTICHIARI;25018;BS;;l.agricoli@nyfil.eu;2018;5913,91
NYFIL S.R.L.;VIA DELL'ARTIGIANATO, 69;MONTICHIARI;25018;BS;;l.agricoli@nyfil.eu;2020;5407,91
NYFIL S.R.L.;VIA DELL'ARTIGIANATO, 69;MONTICHIARI;25018;BS;;l.agricoli@nyfil.eu;2021;16452,09
NYFIL S.R.L.;VIA DELL'ARTIGIANATO, 69;MONTICHIARI;25018;BS;;l.agricoli@nyfil.eu;2022;14270,24
NYFIL S.R.L.;VIA DELL'ARTIGIANATO, 69;MONTICHIARI;25018;BS;;l.agricoli@nyfil.eu;2023;3842,09
NYFIL S.R.L.;VIA DELL'ARTIGIANATO, 69;MONTICHIARI;25018;BS;;l.agricoli@nyfil.eu;2025;2367,92
NYTEX SRL;VIA LISNETTA 27;CASTELGOFFREDO;46042;MN;Bertola Roberto;"info@nytex.it; roberto.gorgaini@gmail.com";2016;1319,17
NYTEX SRL;VIA LISNETTA 27;CASTELGOFFREDO;46042;MN;Bertola Roberto;"info@nytex.it; roberto.gorgaini@gmail.com";2018;1518,91
NYTEX SRL;VIA LISNETTA 27;CASTELGOFFREDO;46042;MN;Bertola Roberto;"info@nytex.it; roberto.gorgaini@gmail.com";2019;2475,86
NYTEX SRL;VIA LISNETTA 27;CASTELGOFFREDO;46042;MN;Bertola Roberto;"info@nytex.it; roberto.gorgaini@gmail.com";2020;4002,2
NYTEX SRL;VIA LISNETTA 27;CASTELGOFFREDO;46042;MN;Bertola Roberto;"info@nytex.it; roberto.gorgaini@gmail.com";2021;1522,15
NYTEX SRL;VIA LISNETTA 27;CASTELGOFFREDO;46042;MN;Bertola Roberto;"info@nytex.it; roberto.gorgaini@gmail.com";2022;730,21
NYTEX SRL;VIA LISNETTA 27;CASTELGOFFREDO;46042;MN;Bertola Roberto;"info@nytex.it; roberto.gorgaini@gmail.com";2023;1651,47
NYTEX SRL;VIA LISNETTA 27;CASTELGOFFREDO;46042;MN;Bertola Roberto;"info@nytex.it; roberto.gorgaini@gmail.com";2025;777,73
Nastrificio Be Ra Tex srl;Via Campagna, 158;Galliera Veneta;35015;PD;beratex@beratex.it;amministrazione@beratex.it;2024;5465,07
Nastrificio Be Ra Tex srl;Via Campagna, 158;Galliera Veneta;35015;PD;beratex@beratex.it;amministrazione@beratex.it;2025;3732,41
Nastrificio De Bernardi S.r.l.;Via Monte Grappa, 83-85;Concorezzo;20863;MB;Sig. Piero;"piero@nastrificiodebernardi.com; uff.acquisti@nastrificiodebernardi.com";2023;11252,61
Nastrificio De Bernardi S.r.l.;Via Monte Grappa, 83-85;Concorezzo;20863;MB;Sig. Piero;"piero@nastrificiodebernardi.com; uff.acquisti@nastrificiodebernardi.com";2024;27434,61
OFFICINA FILATI S.R.L.;VIA H.DUNANT,8;CASTIGLIONE DELLE STIVIERE;46043;MN;Danilo-Sabrina-Valeria;officinafilati@gmail.com;2010;7663,07
OFFICINA FILATI S.R.L.;VIA H.DUNANT,8;CASTIGLIONE DELLE STIVIERE;46043;MN;Danilo-Sabrina-Valeria;officinafilati@gmail.com;2013;579,26
ONEBUSINESS SRL;PIAZZA PER LA CONCORDIA 21;DESENZANO DEL GARDA;25015;BS;DANILO CASINI MARIAGRAZIA (az Alma);"onebfinatandria@gmail.com; info@onebusiness.it";2016;3179,55
ONEBUSINESS SRL;PIAZZA PER LA CONCORDIA 21;DESENZANO DEL GARDA;25015;BS;DANILO CASINI MARIAGRAZIA (az Alma);"onebfinatandria@gmail.com; info@onebusiness.it";2017;19051,3
ONEBUSINESS SRL;PIAZZA PER LA CONCORDIA 21;DESENZANO DEL GARDA;25015;BS;DANILO CASINI MARIAGRAZIA (az Alma);"onebfinatandria@gmail.com; info@onebusiness.it";2018;21929,53
ONEBUSINESS SRL;PIAZZA PER LA CONCORDIA 21;DESENZANO DEL GARDA;25015;BS;DANILO CASINI MARIAGRAZIA (az Alma);"onebfinatandria@gmail.com; info@onebusiness.it";2019;15243,72
ONEBUSINESS SRL;PIAZZA PER LA CONCORDIA 21;DESENZANO DEL GARDA;25015;BS;DANILO CASINI MARIAGRAZIA (az Alma);"onebfinatandria@gmail.com; info@onebusiness.it";2020;6135,58
ONEBUSINESS SRL;PIAZZA PER LA CONCORDIA 21;DESENZANO DEL GARDA;25015;BS;DANILO CASINI MARIAGRAZIA (az Alma);"onebfinatandria@gmail.com; info@onebusiness.it";2021;4958,49
OVERFLEX SRL;VIALE EUROPA 1;SUISIO;24040;BG;Sig.ra Bovati;overflex@overflex.it;2010;440,02
OVERFLEX SRL;VIALE EUROPA 1;SUISIO;24040;BG;Sig.ra Bovati;overflex@overflex.it;2011;1367,55
OVERFLEX SRL;VIALE EUROPA 1;SUISIO;24040;BG;Sig.ra Bovati;overflex@overflex.it;2012;467,71
PANTHERELLA LTD;HALLON STREET;LEICESTER LE2 8QY - ENGLAND;;;Mr Hall e Mr Ellson sellson@panther;"s.spatti@nyfil.eu;silviacrepaldi@i-dika.com";2015;1382,3
PARVOS D.O.O.;KAJUHOVA ULICA 28;IZOLA - SLOVENIJA;6310;;LIUBO BUBIC;ljubo@bount.si;2019;1609,48
PERRIN S.A.;12 RUE DE VERDUN;MONTCEAU LES MINES - FRANCIA;71300;;CLAUDE BLANCHARD;claude.blanchard@manufacture-perrin.com;2025;1521,2
PIEFFE SPORT SNC;VIA DEL FIORDALISO 10;BOVOLONE;37051;VR;LARA-PAOLO;info@pieffesport.it;2010;6071,02
PIEFFE SPORT SNC;VIA DEL FIORDALISO 10;BOVOLONE;37051;VR;LARA-PAOLO;info@pieffesport.it;2024;286,74
PINORI FILATI S.P.A.;Via Eugenio Gestri, 19;Prato;59100;PO;ALBERTO BARBANI-RENATO 40 (ITMA 23);"info@pinori.it; c.ghinassi@pinori.it";2023;1674,72
PINORI FILATI S.P.A.;Via Eugenio Gestri, 19;Prato;59100;PO;ALBERTO BARBANI-RENATO 40 (ITMA 23);"info@pinori.it; c.ghinassi@pinori.it";2024;871,45
PIROLA PASSAMANERIE SRL;VIA LEONARDO DA VINCI 56/58;CASSANO D'ADDA;20062;MI;;"amministrazione@passamaneriapirola.com;info@passamaneriapirola.com";2020;243,58
PIROLA PASSAMANERIE SRL;VIA LEONARDO DA VINCI 56/58;CASSANO D'ADDA;20062;MI;;"amministrazione@passamaneriapirola.com;info@passamaneriapirola.com";2021;840,23
PIROLA PASSAMANERIE SRL;VIA LEONARDO DA VINCI 56/58;CASSANO D'ADDA;20062;MI;;"amministrazione@passamaneriapirola.com;info@passamaneriapirola.com";2022;1444,24
PIROLA PASSAMANERIE SRL;VIA LEONARDO DA VINCI 56/58;CASSANO D'ADDA;20062;MI;;"amministrazione@passamaneriapirola.com;info@passamaneriapirola.com";2023;1240,36
PIROLA PASSAMANERIE SRL;VIA LEONARDO DA VINCI 56/58;CASSANO D'ADDA;20062;MI;;"amministrazione@passamaneriapirola.com;info@passamaneriapirola.com";2025;696,74
PIROVANO SRL;VIA AL MOGNAGO 22;OGGIONO;23848;LC;SERGIO PIROVANO; info@pirovanosrl.com;2020;0
PIZETA FASHION SRL;VIA MIGLIARA 46;B.GO SAN DONATO;4010;LT;Stefania Zamponi;"s.zamponi@pizetanet.com; a.catracchia@pizetanet.com";2014;1021,05
PIZETA FASHION SRL;VIA MIGLIARA 46;B.GO SAN DONATO;4010;LT;Stefania Zamponi;"s.zamponi@pizetanet.com; a.catracchia@pizetanet.com";2016;1075,67
PIZETA FASHION SRL;VIA MIGLIARA 46;B.GO SAN DONATO;4010;LT;Stefania Zamponi;"s.zamponi@pizetanet.com; a.catracchia@pizetanet.com";2017;377,8
PIZETA FASHION SRL;VIA MIGLIARA 46;B.GO SAN DONATO;4010;LT;Stefania Zamponi;"s.zamponi@pizetanet.com; a.catracchia@pizetanet.com";2018;754,45
PLEAS S.R.O.;Havírská 144;Havlíckuv Brod-Czech Republic;58001;;Jana Fiedlerová;" jana.fiedlerova@pleas.cz; jakub.jirousek@pleas.cz";2022;5244,58
PLEAS S.R.O.;Havírská 144;Havlíckuv Brod-Czech Republic;58001;;Jana Fiedlerová;" jana.fiedlerova@pleas.cz; jakub.jirousek@pleas.cz";2023;91051,48
PLEAS S.R.O.;Havírská 144;Havlíckuv Brod-Czech Republic;58001;;Jana Fiedlerová;" jana.fiedlerova@pleas.cz; jakub.jirousek@pleas.cz";2024;220596,06
PLEAS S.R.O.;Havírská 144;Havlíckuv Brod-Czech Republic;58001;;Jana Fiedlerová;" jana.fiedlerova@pleas.cz; jakub.jirousek@pleas.cz";2025;94609,95
POMPEA SPA;VIA S. DAMASO 10;MEDOLE;46046;MN;MANUELA-VALERIA VENERI-SIG.VERGNA;fornitori@pompea.com;2010;10405,12
POMPEA SPA;VIA S. DAMASO 10;MEDOLE;46046;MN;MANUELA-VALERIA VENERI-SIG.VERGNA;fornitori@pompea.com;2011;92495,87
POMPEA SPA;VIA S. DAMASO 10;MEDOLE;46046;MN;MANUELA-VALERIA VENERI-SIG.VERGNA;fornitori@pompea.com;2012;72391
POMPEA SPA;VIA S. DAMASO 10;MEDOLE;46046;MN;MANUELA-VALERIA VENERI-SIG.VERGNA;fornitori@pompea.com;2013;43402,77
POMPEA SPA;VIA S. DAMASO 10;MEDOLE;46046;MN;MANUELA-VALERIA VENERI-SIG.VERGNA;fornitori@pompea.com;2014;11756,28
POMPEA SPA;VIA S. DAMASO 10;MEDOLE;46046;MN;MANUELA-VALERIA VENERI-SIG.VERGNA;fornitori@pompea.com;2015;9809,85
POMPEA SPA;VIA S. DAMASO 10;MEDOLE;46046;MN;MANUELA-VALERIA VENERI-SIG.VERGNA;fornitori@pompea.com;2016;9809,59
POMPEA SPA;VIA S. DAMASO 10;MEDOLE;46046;MN;MANUELA-VALERIA VENERI-SIG.VERGNA;fornitori@pompea.com;2017;11381,69
POMPEA SPA;VIA S. DAMASO 10;MEDOLE;46046;MN;MANUELA-VALERIA VENERI-SIG.VERGNA;fornitori@pompea.com;2018;9702,11
POMPEA SPA;VIA S. DAMASO 10;MEDOLE;46046;MN;MANUELA-VALERIA VENERI-SIG.VERGNA;fornitori@pompea.com;2019;12511,68
POMPEA SPA;VIA S. DAMASO 10;MEDOLE;46046;MN;MANUELA-VALERIA VENERI-SIG.VERGNA;fornitori@pompea.com;2020;10298,11
POMPEA SPA;VIA S. DAMASO 10;MEDOLE;46046;MN;MANUELA-VALERIA VENERI-SIG.VERGNA;fornitori@pompea.com;2021;24844,87
POMPEA SPA;VIA S. DAMASO 10;MEDOLE;46046;MN;MANUELA-VALERIA VENERI-SIG.VERGNA;fornitori@pompea.com;2022;14352,54
POMPEA SPA;VIA S. DAMASO 10;MEDOLE;46046;MN;MANUELA-VALERIA VENERI-SIG.VERGNA;fornitori@pompea.com;2023;5751,44
POMPEA SPA;VIA S. DAMASO 10;MEDOLE;46046;MN;MANUELA-VALERIA VENERI-SIG.VERGNA;fornitori@pompea.com;2024;4904,34
POMPEA SPA;VIA S. DAMASO 10;MEDOLE;46046;MN;MANUELA-VALERIA VENERI-SIG.VERGNA;fornitori@pompea.com;2025;1148,4
POTENZA SOCKS SOCIETA' COOPERATIVA;VIA CAMPANIA 24;MELISSANO;73040;LE;;potenzacalze@gmail.com;2022;10259,78
POTENZA SOCKS SOCIETA' COOPERATIVA;VIA CAMPANIA 24;MELISSANO;73040;LE;;potenzacalze@gmail.com;2023;22294
POTENZA SOCKS SOCIETA' COOPERATIVA;VIA CAMPANIA 24;MELISSANO;73040;LE;;potenzacalze@gmail.com;2024;13296,03
POTENZA SOCKS SOCIETA' COOPERATIVA;VIA CAMPANIA 24;MELISSANO;73040;LE;;potenzacalze@gmail.com;2025;2691,6
PPH Polexim GmbH sp. z o.o.;ul. Obywatelska 129/131;Lódz ;94104;;AGNIESKA BINIENDA-ZLOTA;abinienda@polexim.com.pl;2023;737,36
PPH Polexim GmbH sp. z o.o.;ul. Obywatelska 129/131;Lódz ;94104;;AGNIESKA BINIENDA-ZLOTA;abinienda@polexim.com.pl;2024;11715,43
PPH Polexim GmbH sp. z o.o.;ul. Obywatelska 129/131;Lódz ;94104;;AGNIESKA BINIENDA-ZLOTA;abinienda@polexim.com.pl;2025;13202,47
PPHU KRAJEWSKI Sp.z o.o.;Ul. Nadbzurzanska 19;Lowicz - POLAND;99400;PL;KAMIL;"kamil@krajewski.com.pl; firma@krajewski.com.pl";2024;1483,17
PRIMAFILA SRLS;VIA SASSARI N. 9;RACALE;73055;LE;;info@primafila.biz;2025;3235,71
RADICI YARN SPA;VIA PROVINCIALE 1125;VILLA D'OGNA;24020;BG;CARDELLA MAURA - FORNONI KATIA;contabilita.radiciyarn@radicigroup.com;2020;150
RADICI YARN SPA;Via Provinciale, 1125;Villa d'Ogna;24020;BG;Bertola3355840864 Vito3356240189;"milvia.pezzoli@radicigroup.com; irene.rondi@radicigroup.com;";2020;201,48
RADICI YARN SPA;VIA PROVINCIALE 1125;VILLA D'OGNA;24020;BG;CARDELLA MAURA - FORNONI KATIA;contabilita.radiciyarn@radicigroup.com;2021;50546,88
RADICI YARN SPA;VIA PROVINCIALE 1125;VILLA D'OGNA;24020;BG;CARDELLA MAURA - FORNONI KATIA;contabilita.radiciyarn@radicigroup.com;2022;29230,18
RADICI YARN SPA;VIA PROVINCIALE 1125;VILLA D'OGNA;24020;BG;CARDELLA MAURA - FORNONI KATIA;contabilita.radiciyarn@radicigroup.com;2023;38634,75
RADICI YARN SPA;VIA PROVINCIALE 1125;VILLA D'OGNA;24020;BG;CARDELLA MAURA - FORNONI KATIA;contabilita.radiciyarn@radicigroup.com;2024;82754,98
RADICI YARN SPA;VIA PROVINCIALE 1125;VILLA D'OGNA;24020;BG;CARDELLA MAURA - FORNONI KATIA;contabilita.radiciyarn@radicigroup.com;2025;56796,35
RAISER TAPES - 22-23;SF No. 126, Poochakadu, K V R Nagar Main Road;641604 - TIRUPUR Tamil Nadu, 33;;;Jan Akbar R;"raisertapes@gmail.com; raiserindia@live.com";2023;350
RAZZABONI NELLA E C. S.A.S.;VIALE GRAMSCI ,301/303;MIRANDOLA;41037;MO;BARALDI ROBERTO;razzaboni@fastwebnet.it;2010;4258,02
REGINA SRL;Via Piovega Z.I.;PIEVE DEL GRAPPA;31017;TV;ZANCHETTIN MAURIZIO;"info@reginasrl.it; acquisti@reginasrl.it";2019;60
REMMERT SPA;VIA REMMERT 20;S. MAURIZIO CANAVESE;10077;TO;PIETRINI/MASSIMO SOL.E in39/ROBERTO;"amministrazione@remmert.it;p.rosso@remmert.it";2010;2081
REMMERT SPA;VIA REMMERT 20;S. MAURIZIO CANAVESE;10077;TO;PIETRINI/MASSIMO SOL.E in39/ROBERTO;"amministrazione@remmert.it;p.rosso@remmert.it";2011;2519,7
REMMERT SPA;VIA REMMERT 20;S. MAURIZIO CANAVESE;10077;TO;PIETRINI/MASSIMO SOL.E in39/ROBERTO;"amministrazione@remmert.it;p.rosso@remmert.it";2012;98449,42
REMMERT SPA;VIA REMMERT 20;S. MAURIZIO CANAVESE;10077;TO;PIETRINI/MASSIMO SOL.E in39/ROBERTO;"amministrazione@remmert.it;p.rosso@remmert.it";2013;75249,1
REMMERT SPA;VIA REMMERT 20;S. MAURIZIO CANAVESE;10077;TO;PIETRINI/MASSIMO SOL.E in39/ROBERTO;"amministrazione@remmert.it;p.rosso@remmert.it";2014;80002,07
REMMERT SPA;VIA REMMERT 20;S. MAURIZIO CANAVESE;10077;TO;PIETRINI/MASSIMO SOL.E in39/ROBERTO;"amministrazione@remmert.it;p.rosso@remmert.it";2015;38597,72
REMMERT SPA;VIA REMMERT 20;S. MAURIZIO CANAVESE;10077;TO;PIETRINI/MASSIMO SOL.E in39/ROBERTO;"amministrazione@remmert.it;p.rosso@remmert.it";2016;58239,77
REMMERT SPA;VIA REMMERT 20;S. MAURIZIO CANAVESE;10077;TO;PIETRINI/MASSIMO SOL.E in39/ROBERTO;"amministrazione@remmert.it;p.rosso@remmert.it";2017;37498,06
REMMERT SPA;VIA REMMERT 20;S. MAURIZIO CANAVESE;10077;TO;PIETRINI/MASSIMO SOL.E in39/ROBERTO;"amministrazione@remmert.it;p.rosso@remmert.it";2018;44474,69
REMMERT SPA;VIA REMMERT 20;S. MAURIZIO CANAVESE;10077;TO;PIETRINI/MASSIMO SOL.E in39/ROBERTO;"amministrazione@remmert.it;p.rosso@remmert.it";2019;69922
REMMERT SPA;VIA REMMERT 20;S. MAURIZIO CANAVESE;10077;TO;PIETRINI/MASSIMO SOL.E in39/ROBERTO;"amministrazione@remmert.it;p.rosso@remmert.it";2020;35177,98
REMMERT SPA;VIA REMMERT 20;S. MAURIZIO CANAVESE;10077;TO;PIETRINI/MASSIMO SOL.E in39/ROBERTO;"amministrazione@remmert.it;p.rosso@remmert.it";2021;56657,87
REMMERT SPA;VIA REMMERT 20;S. MAURIZIO CANAVESE;10077;TO;PIETRINI/MASSIMO SOL.E in39/ROBERTO;"amministrazione@remmert.it;p.rosso@remmert.it";2022;51506,1
REMMERT SPA;VIA REMMERT 20;S. MAURIZIO CANAVESE;10077;TO;PIETRINI/MASSIMO SOL.E in39/ROBERTO;"amministrazione@remmert.it;p.rosso@remmert.it";2023;40286,58
REMMERT SPA;VIA REMMERT 20;S. MAURIZIO CANAVESE;10077;TO;PIETRINI/MASSIMO SOL.E in39/ROBERTO;"amministrazione@remmert.it;p.rosso@remmert.it";2024;31740,74
REMMERT SPA;VIA REMMERT 20;S. MAURIZIO CANAVESE;10077;TO;PIETRINI/MASSIMO SOL.E in39/ROBERTO;"amministrazione@remmert.it;p.rosso@remmert.it";2025;13373,79
RIBBONTEX SRL UNINOMINALE;VIA PALLADIO 43;PAVIOLA DI S.GIORGIO IN BOSCO;35010;PD;ELISA PAN - SIGNORELLI - CRISTINA M;"fatturazione@ribbontex.it; acquisti@ribbontex.it;";2010;731,76
RIBBONTEX SRL UNINOMINALE;VIA PALLADIO 43;PAVIOLA DI S.GIORGIO IN BOSCO;35010;PD;ELISA PAN - SIGNORELLI - CRISTINA M;"fatturazione@ribbontex.it; acquisti@ribbontex.it;";2021;1043,83
RIBBONTEX SRL UNINOMINALE;VIA PALLADIO 43;PAVIOLA DI S.GIORGIO IN BOSCO;35010;PD;ELISA PAN - SIGNORELLI - CRISTINA M;"fatturazione@ribbontex.it; acquisti@ribbontex.it;";2022;4029,9
RIBBONTEX SRL UNINOMINALE;VIA PALLADIO 43;PAVIOLA DI S.GIORGIO IN BOSCO;35010;PD;ELISA PAN - SIGNORELLI - CRISTINA M;"fatturazione@ribbontex.it; acquisti@ribbontex.it;";2023;6798,95
RIBBONTEX SRL UNINOMINALE;VIA PALLADIO 43;PAVIOLA DI S.GIORGIO IN BOSCO;35010;PD;ELISA PAN - SIGNORELLI - CRISTINA M;"fatturazione@ribbontex.it; acquisti@ribbontex.it;";2024;45278,73
RIBBONTEX SRL UNINOMINALE;VIA PALLADIO 43;PAVIOLA DI S.GIORGIO IN BOSCO;35010;PD;ELISA PAN - SIGNORELLI - CRISTINA M;"fatturazione@ribbontex.it; acquisti@ribbontex.it;";2025;17055,86
RIFRA NASTRI S.R.L.;Via Primo Maggio, 98;Concorezzo;20863;MB;ROBERTO RIVA - PIERANTONIO BUI;"roberto@rifranastri.it; pier@rifranastri.it; paola@rifranastri.it";2025;847,64
RIMTEKS  A.S.;Omerli Mah. Ucurtma Sok.No.:1/2;Hadimkoy-Arnavutkoy ISTANBUL-TURKEY;34555;;MAURICE PARDOmpardo@rimteksorme.com;"neriman@rimteksorme.com;kubilay@rimteksorme.com; hande sevinhande.sevindik@rimteksorme.com";2015;0,14
RIMTEKS  A.S.;Omerli Mah. Ucurtma Sok.No.:1/2;Hadimkoy-Arnavutkoy ISTANBUL-TURKEY;34555;;MAURICE PARDOmpardo@rimteksorme.com;"neriman@rimteksorme.com;kubilay@rimteksorme.com; hande sevinhande.sevindik@rimteksorme.com";2016;382,34
RIMTEKS  A.S.;Omerli Mah. Ucurtma Sok.No.:1/2;Hadimkoy-Arnavutkoy ISTANBUL-TURKEY;34555;;MAURICE PARDOmpardo@rimteksorme.com;"neriman@rimteksorme.com;kubilay@rimteksorme.com; hande sevinhande.sevindik@rimteksorme.com";2017;0,96
RIMTEKS  A.S.;Omerli Mah. Ucurtma Sok.No.:1/2;Hadimkoy-Arnavutkoy ISTANBUL-TURKEY;34555;;MAURICE PARDOmpardo@rimteksorme.com;"neriman@rimteksorme.com;kubilay@rimteksorme.com; hande sevinhande.sevindik@rimteksorme.com";2018;16423,04
RIMTEKS  A.S.;Omerli Mah. Ucurtma Sok.No.:1/2;Hadimkoy-Arnavutkoy ISTANBUL-TURKEY;34555;;MAURICE PARDOmpardo@rimteksorme.com;"neriman@rimteksorme.com;kubilay@rimteksorme.com; hande sevinhande.sevindik@rimteksorme.com";2019;4918,65
RIMTEKS  A.S.;Omerli Mah. Ucurtma Sok.No.:1/2;Hadimkoy-Arnavutkoy ISTANBUL-TURKEY;34555;;MAURICE PARDOmpardo@rimteksorme.com;"neriman@rimteksorme.com;kubilay@rimteksorme.com; hande sevinhande.sevindik@rimteksorme.com";2020;1247,17
RIMTEKS  A.S.;Omerli Mah. Ucurtma Sok.No.:1/2;Hadimkoy-Arnavutkoy ISTANBUL-TURKEY;34555;;MAURICE PARDOmpardo@rimteksorme.com;"neriman@rimteksorme.com;kubilay@rimteksorme.com; hande sevinhande.sevindik@rimteksorme.com";2022;0
RIMTEKS  A.S.;Omerli Mah. Ucurtma Sok.No.:1/2;Hadimkoy-Arnavutkoy ISTANBUL-TURKEY;34555;;MAURICE PARDOmpardo@rimteksorme.com;"neriman@rimteksorme.com;kubilay@rimteksorme.com; hande sevinhande.sevindik@rimteksorme.com";2023;196,76
SAFTE S.R.L.;VIA ADAMELLO 13;COLLEGNO;10093;TO;FABIO VALENTI;valenti@safte.it;2010;670,95
SAFTE S.R.L.;VIA ADAMELLO 13;COLLEGNO;10093;TO;FABIO VALENTI;valenti@safte.it;2011;12382,6
SAFTE S.R.L.;VIA ADAMELLO 13;COLLEGNO;10093;TO;FABIO VALENTI;valenti@safte.it;2012;4840,99
SAFTE S.R.L.;VIA ADAMELLO 13;COLLEGNO;10093;TO;FABIO VALENTI;valenti@safte.it;2019;181
SAFTE S.R.L.;VIA ADAMELLO 13;COLLEGNO;10093;TO;FABIO VALENTI;valenti@safte.it;2020;29411,09
SAFTE S.R.L.;VIA ADAMELLO 13;COLLEGNO;10093;TO;FABIO VALENTI;valenti@safte.it;2021;48719,93
SAFTE S.R.L.;VIA ADAMELLO 13;COLLEGNO;10093;TO;FABIO VALENTI;valenti@safte.it;2022;33666,33
SAFTE S.R.L.;VIA ADAMELLO 13;COLLEGNO;10093;TO;FABIO VALENTI;valenti@safte.it;2023;36932,79
SAFTE S.R.L.;VIA ADAMELLO 13;COLLEGNO;10093;TO;FABIO VALENTI;valenti@safte.it;2024;59650,43
SAFTE S.R.L.;VIA ADAMELLO 13;COLLEGNO;10093;TO;FABIO VALENTI;valenti@safte.it;2025;35440,29
SANYLEG SRL A SOCIO UNICO;VIA ALBANIA, 1/3;CASTEL GOFFREDO;46042;MN;;"info@sanyleg.com; monica@sanyleg.com";2022;4239,28
SANYLEG SRL A SOCIO UNICO;VIA ALBANIA, 1/3;CASTEL GOFFREDO;46042;MN;;"info@sanyleg.com; monica@sanyleg.com";2023;1470,46
SARA SPORTLINE SRL;VIA DEGLI ARTIGIANI 18;CROCETTA DEL MONTELLO;31035;TV;SIG. TOMASI - TOMMASO - MAURIZIO;info@sarasportline.com;2010;24385,57
SARA SPORTLINE SRL;VIA DEGLI ARTIGIANI 18;CROCETTA DEL MONTELLO;31035;TV;SIG. TOMASI - TOMMASO - MAURIZIO;info@sarasportline.com;2011;11729,94
SARA SPORTLINE SRL;VIA DEGLI ARTIGIANI 18;CROCETTA DEL MONTELLO;31035;TV;SIG. TOMASI - TOMMASO - MAURIZIO;info@sarasportline.com;2012;8630,34
SARA SPORTLINE SRL;VIA DEGLI ARTIGIANI 18;CROCETTA DEL MONTELLO;31035;TV;SIG. TOMASI - TOMMASO - MAURIZIO;info@sarasportline.com;2013;7857,84
SARA SPORTLINE SRL;VIA DEGLI ARTIGIANI 18;CROCETTA DEL MONTELLO;31035;TV;SIG. TOMASI - TOMMASO - MAURIZIO;info@sarasportline.com;2014;10076,01
SARA SPORTLINE SRL;VIA DEGLI ARTIGIANI 18;CROCETTA DEL MONTELLO;31035;TV;SIG. TOMASI - TOMMASO - MAURIZIO;info@sarasportline.com;2015;6098,47
SARA SPORTLINE SRL;VIA DEGLI ARTIGIANI 18;CROCETTA DEL MONTELLO;31035;TV;SIG. TOMASI - TOMMASO - MAURIZIO;info@sarasportline.com;2016;5152,22
SARA SPORTLINE SRL;VIA DEGLI ARTIGIANI 18;CROCETTA DEL MONTELLO;31035;TV;SIG. TOMASI - TOMMASO - MAURIZIO;info@sarasportline.com;2017;8630,51
SARA SPORTLINE SRL;VIA DEGLI ARTIGIANI 18;CROCETTA DEL MONTELLO;31035;TV;SIG. TOMASI - TOMMASO - MAURIZIO;info@sarasportline.com;2018;7651,32
SARA SPORTLINE SRL;VIA DEGLI ARTIGIANI 18;CROCETTA DEL MONTELLO;31035;TV;SIG. TOMASI - TOMMASO - MAURIZIO;info@sarasportline.com;2019;5425,34
SARA SPORTLINE SRL;VIA DEGLI ARTIGIANI 18;CROCETTA DEL MONTELLO;31035;TV;SIG. TOMASI - TOMMASO - MAURIZIO;info@sarasportline.com;2020;6702,95
SARA SPORTLINE SRL;VIA DEGLI ARTIGIANI 18;CROCETTA DEL MONTELLO;31035;TV;SIG. TOMASI - TOMMASO - MAURIZIO;info@sarasportline.com;2021;44372,08
SARA SPORTLINE SRL;VIA DEGLI ARTIGIANI 18;CROCETTA DEL MONTELLO;31035;TV;SIG. TOMASI - TOMMASO - MAURIZIO;info@sarasportline.com;2022;451150,4
SARA SPORTLINE SRL;VIA DEGLI ARTIGIANI 18;CROCETTA DEL MONTELLO;31035;TV;SIG. TOMASI - TOMMASO - MAURIZIO;info@sarasportline.com;2023;50446,52
SARA SPORTLINE SRL;VIA DEGLI ARTIGIANI 18;CROCETTA DEL MONTELLO;31035;TV;SIG. TOMASI - TOMMASO - MAURIZIO;info@sarasportline.com;2024;82689,27
SARA SPORTLINE SRL;VIA DEGLI ARTIGIANI 18;CROCETTA DEL MONTELLO;31035;TV;SIG. TOMASI - TOMMASO - MAURIZIO;info@sarasportline.com;2025;129380,7
SARAFLEX SRL;VIA PLINIO 1;MILANO;20129;MI;SIG. CALIMANI - ANNA;info@saraflex.com;2010;628,59
SARAFLEX SRL;VIA PLINIO 1;MILANO;20129;MI;SIG. CALIMANI - ANNA;info@saraflex.com;2012;868,9
SARAFLEX SRL;VIA PLINIO 1;MILANO;20129;MI;SIG. CALIMANI - ANNA;info@saraflex.com;2013;1092,47
SARAFLEX SRL;VIA PLINIO 1;MILANO;20129;MI;SIG. CALIMANI - ANNA;info@saraflex.com;2014;909,41
SARAFLEX SRL;VIA PLINIO 1;MILANO;20129;MI;SIG. CALIMANI - ANNA;info@saraflex.com;2015;1405,57
SARAFLEX SRL;VIA PLINIO 1;MILANO;20129;MI;SIG. CALIMANI - ANNA;info@saraflex.com;2016;3145,37
SARAFLEX SRL;VIA PLINIO 1;MILANO;20129;MI;SIG. CALIMANI - ANNA;info@saraflex.com;2017;2127,74
SARAFLEX SRL;VIA PLINIO 1;MILANO;20129;MI;SIG. CALIMANI - ANNA;info@saraflex.com;2019;197,04
SARAFLEX SRL;VIA PLINIO 1;MILANO;20129;MI;SIG. CALIMANI - ANNA;info@saraflex.com;2022;281,45
SARL ZIG ZAG;ROUTE DU POULGOT, 14;BATZ SUR MER;44740;;ERIC HAUSS +33609749224;zigzag2007@orange.fr;2021;2656,55
SARL ZIG ZAG;ROUTE DU POULGOT, 14;BATZ SUR MER;44740;;ERIC HAUSS +33609749224;zigzag2007@orange.fr;2022;18018,44
SC CALZE SRL;Via Stazio 300;Andria;76123;BT;GIANPIETRO;"fornitori@sccalze.com; amministrazione@sccalze.com";2016;1429,15
SC CALZE SRL;Via Stazio 300;Andria;76123;BT;GIANPIETRO;"fornitori@sccalze.com; amministrazione@sccalze.com";2017;6102,58
SC CALZE SRL;Via Stazio 300;Andria;76123;BT;GIANPIETRO;"fornitori@sccalze.com; amministrazione@sccalze.com";2018;6960,98
SC CALZE SRL;Via Stazio 300;Andria;76123;BT;GIANPIETRO;"fornitori@sccalze.com; amministrazione@sccalze.com";2019;8822,8
SC CALZE SRL;Via Stazio 300;Andria;76123;BT;GIANPIETRO;"fornitori@sccalze.com; amministrazione@sccalze.com";2020;4083,3
SC CALZE SRL;Via Stazio 300;Andria;76123;BT;GIANPIETRO;"fornitori@sccalze.com; amministrazione@sccalze.com";2021;16153,72
SC CALZE SRL;Via Stazio 300;Andria;76123;BT;GIANPIETRO;"fornitori@sccalze.com; amministrazione@sccalze.com";2022;11050,92
SC CALZE SRL;Via Stazio 300;Andria;76123;BT;GIANPIETRO;"fornitori@sccalze.com; amministrazione@sccalze.com";2025;7471,4
SERATES SRL UNIPERSONALE;Via Civati, 6;Albavilla;22031;CO;Cinzia Frigerio - Alessia;cinzia.frigerio@serates.it;2023;129,6
SERATES SRL UNIPERSONALE;Via Civati, 6;Albavilla;22031;CO;Cinzia Frigerio - Alessia;cinzia.frigerio@serates.it;2024;10271,94
SERATES SRL UNIPERSONALE;Via Civati, 6;Albavilla;22031;CO;Cinzia Frigerio - Alessia;cinzia.frigerio@serates.it;2025;6568,29
SERVICEPLUS SRL ;VIA MONTESANTO 3;CASARANO;73042;LE;GIANNI BELGRADO;patrizia.demarco@serviceplus-srl.it;2021;5293,86
SERVICEPLUS SRL ;VIA MONTESANTO 3;CASARANO;73042;LE;GIANNI BELGRADO;patrizia.demarco@serviceplus-srl.it;2022;9088,93
SINFLEX S.A.S.;STRADA AL MAGLIOLEO 19;BIELLA;13900;BI;LUCA LOVERO;amministrazione@sinflex.it;2020;11121,4
SINFLEX S.A.S.;STRADA AL MAGLIOLEO 19;BIELLA;13900;BI;LUCA LOVERO;amministrazione@sinflex.it;2024;1400,89
SINFLEX S.A.S.;STRADA AL MAGLIOLEO 19;BIELLA;13900;BI;LUCA LOVERO;amministrazione@sinflex.it;2025;5172,76
SIRIO SNC;VIA BRESCIA 107 - Viadana di Calvis;CALVISANO;25012;BS;PEA ANTONIO CLELIA JACOPO;elisa@siriolecalze.it;2010;10537,07
SOX2SOX B.V.;TELEVISIESTRAAT 4 - UNIT 508;2525 KD - DEN HAAG - NEDERLAND;;;LEANDROS DE RUITER leandros@sox2s;factuur@sox2sox.nl;2019;1842,51
SOX2SOX B.V.;TELEVISIESTRAAT 4 - UNIT 508;2525 KD - DEN HAAG - NEDERLAND;;;LEANDROS DE RUITER leandros@sox2s;factuur@sox2sox.nl;2020;4185,25
SOX2SOX B.V.;TELEVISIESTRAAT 4 - UNIT 508;2525 KD - DEN HAAG - NEDERLAND;;;LEANDROS DE RUITER leandros@sox2s;factuur@sox2sox.nl;2021;10399,89
SOX2SOX B.V.;TELEVISIESTRAAT 4 - UNIT 508;2525 KD - DEN HAAG - NEDERLAND;;;LEANDROS DE RUITER leandros@sox2s;factuur@sox2sox.nl;2022;28507,06
SOX2SOX B.V.;TELEVISIESTRAAT 4 - UNIT 508;2525 KD - DEN HAAG - NEDERLAND;;;LEANDROS DE RUITER leandros@sox2s;factuur@sox2sox.nl;2023;48044,91
SOX2SOX B.V.;TELEVISIESTRAAT 4 - UNIT 508;2525 KD - DEN HAAG - NEDERLAND;;;LEANDROS DE RUITER leandros@sox2s;factuur@sox2sox.nl;2024;6256,17
SOX2SOX B.V.;TELEVISIESTRAAT 4 - UNIT 508;2525 KD - DEN HAAG - NEDERLAND;;;LEANDROS DE RUITER leandros@sox2s;factuur@sox2sox.nl;2025;7448,87
SOZZI CALZE S.R.L.;VIA PECCHIO, 14;MILANO;20131;MI;ANGELO BRUNO PROTASONI;info@sozzicalze.it;2011;432,84
SOZZI CALZE S.R.L.;VIA PECCHIO, 14;MILANO;20131;MI;ANGELO BRUNO PROTASONI;info@sozzicalze.it;2012;387,84
STORI B. & C. SRL;VIA ADIGE 12;DESENZANO DEL GARDA;25015;BS;STORI - S. BOSCAGLIA - M.C. RATTI;"acquisti@storyloris.it;simonaboscaglia@storyloris.it; amministra@storyloris.it";2010;31089,98
STORI B. & C. SRL;VIA ADIGE 12;DESENZANO DEL GARDA;25015;BS;STORI - S. BOSCAGLIA - M.C. RATTI;"acquisti@storyloris.it;simonaboscaglia@storyloris.it; amministra@storyloris.it";2011;23844,22
STORI B. & C. SRL;VIA ADIGE 12;DESENZANO DEL GARDA;25015;BS;STORI - S. BOSCAGLIA - M.C. RATTI;"acquisti@storyloris.it;simonaboscaglia@storyloris.it; amministra@storyloris.it";2012;9668,68
STORI B. & C. SRL;VIA ADIGE 12;DESENZANO DEL GARDA;25015;BS;STORI - S. BOSCAGLIA - M.C. RATTI;"acquisti@storyloris.it;simonaboscaglia@storyloris.it; amministra@storyloris.it";2013;9294,52
STORI B. & C. SRL;VIA ADIGE 12;DESENZANO DEL GARDA;25015;BS;STORI - S. BOSCAGLIA - M.C. RATTI;"acquisti@storyloris.it;simonaboscaglia@storyloris.it; amministra@storyloris.it";2014;10724,52
STORI B. & C. SRL;VIA ADIGE 12;DESENZANO DEL GARDA;25015;BS;STORI - S. BOSCAGLIA - M.C. RATTI;"acquisti@storyloris.it;simonaboscaglia@storyloris.it; amministra@storyloris.it";2015;10157,51
STORI B. & C. SRL;VIA ADIGE 12;DESENZANO DEL GARDA;25015;BS;STORI - S. BOSCAGLIA - M.C. RATTI;"acquisti@storyloris.it;simonaboscaglia@storyloris.it; amministra@storyloris.it";2016;8943,3
STORI B. & C. SRL;VIA ADIGE 12;DESENZANO DEL GARDA;25015;BS;STORI - S. BOSCAGLIA - M.C. RATTI;"acquisti@storyloris.it;simonaboscaglia@storyloris.it; amministra@storyloris.it";2017;12067,78
STORI B. & C. SRL;VIA ADIGE 12;DESENZANO DEL GARDA;25015;BS;STORI - S. BOSCAGLIA - M.C. RATTI;"acquisti@storyloris.it;simonaboscaglia@storyloris.it; amministra@storyloris.it";2018;13888,48
STORI B. & C. SRL;VIA ADIGE 12;DESENZANO DEL GARDA;25015;BS;STORI - S. BOSCAGLIA - M.C. RATTI;"acquisti@storyloris.it;simonaboscaglia@storyloris.it; amministra@storyloris.it";2019;5187,52
STORI B. & C. SRL;VIA ADIGE 12;DESENZANO DEL GARDA;25015;BS;STORI - S. BOSCAGLIA - M.C. RATTI;"acquisti@storyloris.it;simonaboscaglia@storyloris.it; amministra@storyloris.it";2020;3616,78
STORI B. & C. SRL;VIA ADIGE 12;DESENZANO DEL GARDA;25015;BS;STORI - S. BOSCAGLIA - M.C. RATTI;"acquisti@storyloris.it;simonaboscaglia@storyloris.it; amministra@storyloris.it";2021;7138,51
STORI B. & C. SRL;VIA ADIGE 12;DESENZANO DEL GARDA;25015;BS;STORI - S. BOSCAGLIA - M.C. RATTI;"acquisti@storyloris.it;simonaboscaglia@storyloris.it; amministra@storyloris.it";2022;5514,7
STORI B. & C. SRL;VIA ADIGE 12;DESENZANO DEL GARDA;25015;BS;STORI - S. BOSCAGLIA - M.C. RATTI;"acquisti@storyloris.it;simonaboscaglia@storyloris.it; amministra@storyloris.it";2023;1740,82
STORI B. & C. SRL;VIA ADIGE 12;DESENZANO DEL GARDA;25015;BS;STORI - S. BOSCAGLIA - M.C. RATTI;"acquisti@storyloris.it;simonaboscaglia@storyloris.it; amministra@storyloris.it";2024;2300,62
STORI B. & C. SRL;VIA ADIGE 12;DESENZANO DEL GARDA;25015;BS;STORI - S. BOSCAGLIA - M.C. RATTI;"acquisti@storyloris.it;simonaboscaglia@storyloris.it; amministra@storyloris.it";2025;3305,02
STRUMPF DIRKS GmbH;FRIETHOFER KAMP 1;BILLERBECK - GERMANY;48727;;MICHAEL OBERHAUS;rechnung@strumpfdirks.de;2020;197
STRUMPF DIRKS GmbH;FRIETHOFER KAMP 1;BILLERBECK - GERMANY;48727;;MICHAEL OBERHAUS;rechnung@strumpfdirks.de;2021;14722,74
Santoni Spa;Via Carlo Fenzi, 14;Brescia;25135;BS;Zampati - Bertoglio(contabilità); accounting.santoni@santoni.com;2019;1337,91
Scandinavia Clothing Company ltd;blvd. Cherny vrah 47A;Sofia - Bulgaria;1407;;Simeon Venev;"s.venev@trexsocks.com;";2025;3120,49
Sheertex Inc;126 Boulevard Brunswick;Pointe claire QC H9R 5N2;;;;finance@sheertex.com;2023;269,11
Strumpfwerk Lindner GmbH;Goldbachstraße, 40;Hohenstein - Ernstthal;9337;;Herr Schubert;einkauf@lindner-socks.com;2023;1048,34
Strumpfwerk Lindner GmbH;Goldbachstraße, 40;Hohenstein - Ernstthal;9337;;Herr Schubert;einkauf@lindner-socks.com;2024;2098,59
Syntesys by Sport & Fashion Srl;Via A. Pisano, 31;Montemurlo;59013;PO;Marco;info@syntesysgroup.it;2022;10840,78
Syntesys by Sport & Fashion Srl;Via F. Ferrucci, 57;Prato;59100;PO;Marco;info@syntesysgroup.it;2022;12137,84
Syntesys by Sport & Fashion Srl;Via F. Ferrucci, 57;Prato;59100;PO;Marco;info@syntesysgroup.it;2024;2005,28
T.R.S. International S.r.l.;Via E. Mattei 7/A;Mazzano;25080;BS;Sabattoli Daniela;"daniela.sabattoli@trsinternational.com;stefano@trsinternational.com";2017;644,87
T.R.S. International S.r.l.;Via E. Mattei 7/A;Mazzano;25080;BS;Sabattoli Daniela;"daniela.sabattoli@trsinternational.com;stefano@trsinternational.com";2018;713,94
TAFER dei Fratelli Tanzini G. & F. SNC;VIA MADONNINA 60;MONTICHIARI;25018;BS;TANZINI GUSEPPE;info@tafersnc.it;2022;2280
TAFER dei Fratelli Tanzini G. & F. SNC;VIA MADONNINA 60;MONTICHIARI;25018;BS;TANZINI GUSEPPE;info@tafersnc.it;2024;6824,4
TEA SRL;VIA A . EINSTEIN 17 Z.I. Bertassi;AVIGLIANA;10051;TO;SIG. MICHELOTTI CLAUDIA MICHELOTTI;amministrazione@medicaltea.it;2010;7764,55
TEA SRL;VIA A . EINSTEIN 17 Z.I. Bertassi;AVIGLIANA;10051;TO;SIG. MICHELOTTI CLAUDIA MICHELOTTI;amministrazione@medicaltea.it;2011;4688,22
TEA SRL;VIA A . EINSTEIN 17 Z.I. Bertassi;AVIGLIANA;10051;TO;SIG. MICHELOTTI CLAUDIA MICHELOTTI;amministrazione@medicaltea.it;2012;4902,85
TEA SRL;VIA A . EINSTEIN 17 Z.I. Bertassi;AVIGLIANA;10051;TO;SIG. MICHELOTTI CLAUDIA MICHELOTTI;amministrazione@medicaltea.it;2013;2982,29
TEA SRL;VIA A . EINSTEIN 17 Z.I. Bertassi;AVIGLIANA;10051;TO;SIG. MICHELOTTI CLAUDIA MICHELOTTI;amministrazione@medicaltea.it;2014;6041,54
TEA SRL;VIA A . EINSTEIN 17 Z.I. Bertassi;AVIGLIANA;10051;TO;SIG. MICHELOTTI CLAUDIA MICHELOTTI;amministrazione@medicaltea.it;2015;1662,72
TEA SRL;VIA A . EINSTEIN 17 Z.I. Bertassi;AVIGLIANA;10051;TO;SIG. MICHELOTTI CLAUDIA MICHELOTTI;amministrazione@medicaltea.it;2016;5708,72
TEA SRL;VIA A . EINSTEIN 17 Z.I. Bertassi;AVIGLIANA;10051;TO;SIG. MICHELOTTI CLAUDIA MICHELOTTI;amministrazione@medicaltea.it;2017;3386,41
TEA SRL;VIA A . EINSTEIN 17 Z.I. Bertassi;AVIGLIANA;10051;TO;SIG. MICHELOTTI CLAUDIA MICHELOTTI;amministrazione@medicaltea.it;2018;4495,95
TEA SRL;VIA A . EINSTEIN 17 Z.I. Bertassi;AVIGLIANA;10051;TO;SIG. MICHELOTTI CLAUDIA MICHELOTTI;amministrazione@medicaltea.it;2019;2718,14
TEA SRL;VIA A . EINSTEIN 17 Z.I. Bertassi;AVIGLIANA;10051;TO;SIG. MICHELOTTI CLAUDIA MICHELOTTI;amministrazione@medicaltea.it;2020;3475,18
TEA SRL;VIA A . EINSTEIN 17 Z.I. Bertassi;AVIGLIANA;10051;TO;SIG. MICHELOTTI CLAUDIA MICHELOTTI;amministrazione@medicaltea.it;2021;3844,42
TEA SRL;VIA A . EINSTEIN 17 Z.I. Bertassi;AVIGLIANA;10051;TO;SIG. MICHELOTTI CLAUDIA MICHELOTTI;amministrazione@medicaltea.it;2022;7469,64
TEA SRL;VIA A . EINSTEIN 17 Z.I. Bertassi;AVIGLIANA;10051;TO;SIG. MICHELOTTI CLAUDIA MICHELOTTI;amministrazione@medicaltea.it;2023;4516,68
TEA SRL;VIA A . EINSTEIN 17 Z.I. Bertassi;AVIGLIANA;10051;TO;SIG. MICHELOTTI CLAUDIA MICHELOTTI;amministrazione@medicaltea.it;2024;3700,38
TEA SRL;VIA A . EINSTEIN 17 Z.I. Bertassi;AVIGLIANA;10051;TO;SIG. MICHELOTTI CLAUDIA MICHELOTTI;amministrazione@medicaltea.it;2025;2609,58
TERTEX S.R.L.;VIA DELLA FORNACE 2;Z.I. CAMPOVALANO, CAMPLI;64012;TE;LUIGI DI MATTEO +39 348 28 06 871;tertex4@tertex.com;2024;44,89
TERTEX S.R.L.;VIA DELLA FORNACE 2;Z.I. CAMPOVALANO, CAMPLI;64012;TE;LUIGI DI MATTEO +39 348 28 06 871;tertex4@tertex.com;2025;146,3
TESSIL PIZZI SNC di Fasanella A.;VIA STAZIO 300;ANDRIA;70031;BA;SIG. VINCENZO;tessilpizzi@tin.it;2012;1407,6
TESSIL PIZZI SNC di Fasanella A.;VIA STAZIO 300;ANDRIA;70031;BA;SIG. VINCENZO;tessilpizzi@tin.it;2013;3730,2
TESSIL PIZZI SNC di Fasanella A.;VIA STAZIO 300;ANDRIA;70031;BA;SIG. VINCENZO;tessilpizzi@tin.it;2014;1320,7
TESSILE SAN GALLO SRL;Via Repubblica, 2/C;LONATO DEL GARDA;25017;BS;;;2025;80,1
TONOLI  SRL;VIA DELL'ARTIGIANATO  69;MONTICHIARI;25018;BS;MICHELE -  tonoli@pec.tintoriatonol;;2011;52648,93
TONOLI  SRL;VIA DELL'ARTIGIANATO  69;MONTICHIARI;25018;BS;MICHELE -  tonoli@pec.tintoriatonol;;2012;22236,32
TONOLI  SRL;VIA DELL'ARTIGIANATO  69;MONTICHIARI;25018;BS;MICHELE -  tonoli@pec.tintoriatonol;;2013;64136,93
TONOLI  SRL;VIA DELL'ARTIGIANATO  69;MONTICHIARI;25018;BS;MICHELE -  tonoli@pec.tintoriatonol;;2014;40702,59
TONOLI  SRL;VIA DELL'ARTIGIANATO  69;MONTICHIARI;25018;BS;MICHELE -  tonoli@pec.tintoriatonol;;2015;59548,22
TONOLI  SRL;VIA DELL'ARTIGIANATO  69;MONTICHIARI;25018;BS;MICHELE -  tonoli@pec.tintoriatonol;;2016;50320
TONOLI  SRL;VIA DELL'ARTIGIANATO  69;MONTICHIARI;25018;BS;MICHELE -  tonoli@pec.tintoriatonol;;2017;17715,55
TONOLI  SRL;VIA DELL'ARTIGIANATO  69;MONTICHIARI;25018;BS;MICHELE -  tonoli@pec.tintoriatonol;;2021;41710,79
TONOLI  SRL;VIA DELL'ARTIGIANATO  69;MONTICHIARI;25018;BS;MICHELE -  tonoli@pec.tintoriatonol;;2022;70788,7
TONOLI  SRL;VIA DELL'ARTIGIANATO  69;MONTICHIARI;25018;BS;MICHELE -  tonoli@pec.tintoriatonol;;2023;67874,21
TOP TECH SNC ;PIAZZA DR. ERALDO GIOVANNINI, 4/B;ROASIO;13060;VC;;g.pascarelli@email.it;2010;2215,03
TORCITURA QUARENGHI SPA;VIA FRIULI 71/81;COLOGNO AL SERIO;24055;BG;Ing. Quarenghi;torcquarenghi@virgilio.it;2010;24492,09
TRE EFFE MANIFATTURA di Bergamini e Rubes Snc;VIA LOMBARDIA, 38;CASTEL GOFFREDO ;46042;MN;;tre.effe2008@gmail.com;2011;2534,4
TRE EFFE MANIFATTURA di Bergamini e Rubes Snc;VIA LOMBARDIA, 38;CASTEL GOFFREDO ;46042;MN;;tre.effe2008@gmail.com;2012;8738
TRE EFFE MANIFATTURA di Bergamini e Rubes Snc;VIA LOMBARDIA, 38;CASTEL GOFFREDO ;46042;MN;;tre.effe2008@gmail.com;2013;729,9
TRE EFFE MANIFATTURA di Bergamini e Rubes Snc;VIA LOMBARDIA, 38;CASTEL GOFFREDO ;46042;MN;;tre.effe2008@gmail.com;2014;3658,79
TRE EFFE MANIFATTURA di Bergamini e Rubes Snc;VIA LOMBARDIA, 38;CASTEL GOFFREDO ;46042;MN;;tre.effe2008@gmail.com;2015;2064,68
TRE EFFE MANIFATTURA di Bergamini e Rubes Snc;VIA LOMBARDIA, 38;CASTEL GOFFREDO ;46042;MN;;tre.effe2008@gmail.com;2016;268,48
TRE EFFE MANIFATTURA di Bergamini e Rubes Snc;VIA LOMBARDIA, 38;CASTEL GOFFREDO ;46042;MN;;tre.effe2008@gmail.com;2021;810,22
TRE EFFE MANIFATTURA di Bergamini e Rubes Snc;VIA LOMBARDIA, 38;CASTEL GOFFREDO ;46042;MN;;tre.effe2008@gmail.com;2022;62,63
TRE EFFE MANIFATTURA di Bergamini e Rubes Snc;VIA LOMBARDIA, 38;CASTEL GOFFREDO ;46042;MN;;tre.effe2008@gmail.com;2025;1999,2
TRERE' INNOVATION S.R.L.;VIA MODENA, 18;ASOLA;46041;MN;0376718-616 / 777 Lorena;"fatturazione@trereinnovation.it; monicam@trereinnovation.it;";2011;20945,07
TRERE' INNOVATION S.R.L.;VIA MODENA, 18;ASOLA;46041;MN;0376718-616 / 777 Lorena;"fatturazione@trereinnovation.it; monicam@trereinnovation.it;";2012;49428,69
TRERE' INNOVATION S.R.L.;VIA MODENA, 18;ASOLA;46041;MN;0376718-616 / 777 Lorena;"fatturazione@trereinnovation.it; monicam@trereinnovation.it;";2013;90467,37
TRERE' INNOVATION S.R.L.;VIA MODENA, 18;ASOLA;46041;MN;0376718-616 / 777 Lorena;"fatturazione@trereinnovation.it; monicam@trereinnovation.it;";2014;152889,3
TRERE' INNOVATION S.R.L.;VIA MODENA, 18;ASOLA;46041;MN;0376718-616 / 777 Lorena;"fatturazione@trereinnovation.it; monicam@trereinnovation.it;";2015;103156,58
TRERE' INNOVATION S.R.L.;VIA MODENA, 18;ASOLA;46041;MN;0376718-616 / 777 Lorena;"fatturazione@trereinnovation.it; monicam@trereinnovation.it;";2016;93871,44
TRERE' INNOVATION S.R.L.;VIA MODENA, 18;ASOLA;46041;MN;0376718-616 / 777 Lorena;"fatturazione@trereinnovation.it; monicam@trereinnovation.it;";2017;87886,65
TRERE' INNOVATION S.R.L.;VIA MODENA, 18;ASOLA;46041;MN;0376718-616 / 777 Lorena;"fatturazione@trereinnovation.it; monicam@trereinnovation.it;";2018;43023,67
TRERE' INNOVATION S.R.L.;VIA MODENA, 18;ASOLA;46041;MN;0376718-616 / 777 Lorena;"fatturazione@trereinnovation.it; monicam@trereinnovation.it;";2019;32600,88
TRERE' INNOVATION S.R.L.;VIA MODENA, 18;ASOLA;46041;MN;0376718-616 / 777 Lorena;"fatturazione@trereinnovation.it; monicam@trereinnovation.it;";2020;46192,01
TRERE' INNOVATION S.R.L.;VIA MODENA, 18;ASOLA;46041;MN;0376718-616 / 777 Lorena;"fatturazione@trereinnovation.it; monicam@trereinnovation.it;";2021;171704,3
TRERE' INNOVATION S.R.L.;VIA MODENA, 18;ASOLA;46041;MN;0376718-616 / 777 Lorena;"fatturazione@trereinnovation.it; monicam@trereinnovation.it;";2022;400853,1
TRERE' INNOVATION S.R.L.;VIA MODENA, 18;ASOLA;46041;MN;0376718-616 / 777 Lorena;"fatturazione@trereinnovation.it; monicam@trereinnovation.it;";2023;195607,97
TRERE' INNOVATION S.R.L.;VIA MODENA, 18;ASOLA;46041;MN;0376718-616 / 777 Lorena;"fatturazione@trereinnovation.it; monicam@trereinnovation.it;";2024;148154,15
TRERE' INNOVATION S.R.L.;VIA MODENA, 18;ASOLA;46041;MN;0376718-616 / 777 Lorena;"fatturazione@trereinnovation.it; monicam@trereinnovation.it;";2025;72438,68
TUBOFIL di Zecchina Piermario & C.  SNC;Via A. Toscanini, 59/61;Castiglione delle Stiviere;46043;MN;Sig. Zecchina;tubofil@tubofil.it;2012;414,4
Tessuti DU-BEL s.r.l. a socio unico;VIA DEL TARIO 12;ANDEZENO;10020;TO;MASSIMO 3291816725;tessuti-dubel@hotmail.com;2022;6358,71
Tessuti DU-BEL s.r.l. a socio unico;VIA DEL TARIO 12;ANDEZENO;10020;TO;MASSIMO 3291816725;tessuti-dubel@hotmail.com;2023;13191,35
Tessuti DU-BEL s.r.l. a socio unico;VIA DEL TARIO 12;ANDEZENO;10020;TO;MASSIMO 3291816725;tessuti-dubel@hotmail.com;2024;17460,49
Tessuti DU-BEL s.r.l. a socio unico;VIA DEL TARIO 12;ANDEZENO;10020;TO;MASSIMO 3291816725;tessuti-dubel@hotmail.com;2025;13497,4
Tutto Calze S.R.L.S.;Via Cagliari, 12;Racale;73055;LE;;;2024;7573,8
Tvornica carapa MIRO d.o.o.;Milana Zjalica 18;Samobor - Croatia;10430;;Dina Topolovec;novak@miro-carape.hr;2017;1562,49
Tvornica carapa MIRO d.o.o.;Milana Zjalica 18;Samobor - Croatia;10430;;Dina Topolovec;novak@miro-carape.hr;2018;874,95
"UAB ""TEXBALTIC""";Kirtimu St. 47B;Vilnius - Lithuania;2244;;;;2012;3189,91
UAB DEVOLD;J. JANONIO ST. 66;PANEVEZYS LT - 35289 LITHUANIA;35289;;EUGENIJA ADAMONIENE;eugenija@devold.lt;2016;7379,63
UNIPROD SRL;Z.I. LOCALITA' FORMICA;CASARANO;73042;LE;LEONARDO MITA-Gianni 3398770228;"stefania.malagnino@uniprod.it;gianni.belgrado@uniprod.it;maria.casto@uniprod.it;";2012;7570,45
UNIPROD SRL;Z.I. LOCALITA' FORMICA;CASARANO;73042;LE;LEONARDO MITA-Gianni 3398770228;"stefania.malagnino@uniprod.it;gianni.belgrado@uniprod.it;maria.casto@uniprod.it;";2013;37478,83
UNIPROD SRL;Z.I. LOCALITA' FORMICA;CASARANO;73042;LE;LEONARDO MITA-Gianni 3398770228;"stefania.malagnino@uniprod.it;gianni.belgrado@uniprod.it;maria.casto@uniprod.it;";2016;1082,38
UNIPROD SRL;Z.I. LOCALITA' FORMICA;CASARANO;73042;LE;LEONARDO MITA-Gianni 3398770228;"stefania.malagnino@uniprod.it;gianni.belgrado@uniprod.it;maria.casto@uniprod.it;";2018;18215,4
UNIPROD SRL;Z.I. LOCALITA' FORMICA;CASARANO;73042;LE;LEONARDO MITA-Gianni 3398770228;"stefania.malagnino@uniprod.it;gianni.belgrado@uniprod.it;maria.casto@uniprod.it;";2019;5430,09
URANIA FASHION SRL;VIA LENIN, 01;CARPI;41012;MO;Samuele;"samuele@uraniafashion.it;cristina@uraniafashion.it;";2023;881,78
V.M.C. SRL;VIA SELVOLE 73;CASTEL GOFFREDO;46042;MN;SIMONE VIGNONI - CELSO BERTOLETTI;info@vignoni.net;2011;837,06
V.M.C. SRL;VIA SELVOLE 73;CASTEL GOFFREDO;46042;MN;SIMONE VIGNONI - CELSO BERTOLETTI;info@vignoni.net;2012;1793,7
VALCUVIA SRL;VIA LABIENA 153;LAVENO M.;21014;VA;DANIELE  MARTIOLI MONICA;manuela.morello@valcuvia.it;2010;2811,64
VALCUVIA SRL;VIA LABIENA 153;LAVENO M.;21014;VA;DANIELE  MARTIOLI MONICA;manuela.morello@valcuvia.it;2011;373,71
VALCUVIA SRL;VIA LABIENA 153;LAVENO M.;21014;VA;DANIELE  MARTIOLI MONICA;manuela.morello@valcuvia.it;2012;469,89
VALCUVIA SRL;VIA LABIENA 153;LAVENO M.;21014;VA;DANIELE  MARTIOLI MONICA;manuela.morello@valcuvia.it;2013;931,5
VALCUVIA SRL;VIA LABIENA 153;LAVENO M.;21014;VA;DANIELE  MARTIOLI MONICA;manuela.morello@valcuvia.it;2014;422,68
VALCUVIA SRL;VIA LABIENA 153;LAVENO M.;21014;VA;DANIELE  MARTIOLI MONICA;manuela.morello@valcuvia.it;2015;344,35
VALCUVIA SRL;VIA LABIENA 153;LAVENO M.;21014;VA;DANIELE  MARTIOLI MONICA;manuela.morello@valcuvia.it;2016;768,26
VALCUVIA SRL;VIA LABIENA 153;LAVENO M.;21014;VA;DANIELE  MARTIOLI MONICA;manuela.morello@valcuvia.it;2017;965,08
VALCUVIA SRL;VIA LABIENA 153;LAVENO M.;21014;VA;DANIELE  MARTIOLI MONICA;manuela.morello@valcuvia.it;2018;864,69
VALCUVIA SRL;VIA LABIENA 153;LAVENO M.;21014;VA;DANIELE  MARTIOLI MONICA;manuela.morello@valcuvia.it;2019;690,84
VALCUVIA SRL;VIA LABIENA 153;LAVENO M.;21014;VA;DANIELE  MARTIOLI MONICA;manuela.morello@valcuvia.it;2021;665,44
VARIMED SRL;STRADALE BUMMACARO 3;CATANIA;95121;CT;klizia marchese/ riccardo cirolli;"kliziamarchese@varimed.it; riccardocirolli@varimed.it; alessandrotornatore@varimed.it;";2015;5724,87
VARIMED SRL;STRADALE BUMMACARO 3;CATANIA;95121;CT;klizia marchese/ riccardo cirolli;"kliziamarchese@varimed.it; riccardocirolli@varimed.it; alessandrotornatore@varimed.it;";2016;18696,28
VARIMED SRL;STRADALE BUMMACARO 3;CATANIA;95121;CT;klizia marchese/ riccardo cirolli;"kliziamarchese@varimed.it; riccardocirolli@varimed.it; alessandrotornatore@varimed.it;";2017;21623,96
VARTES SRL;VIALE UBERTINI 7;CASTEL GOFFREDO ;46042;MN;MARTA 3480562148;"daniele@vartes.it; info@vartes.it";2010;1021,51
VARTES SRL;VIALE UBERTINI 7;CASTEL GOFFREDO ;46042;MN;MARTA 3480562148;"daniele@vartes.it; info@vartes.it";2011;137,94
VARTES SRL;VIALE UBERTINI 7;CASTEL GOFFREDO ;46042;MN;MARTA 3480562148;"daniele@vartes.it; info@vartes.it";2012;874,22
VARTES SRL;VIALE UBERTINI 7;CASTEL GOFFREDO ;46042;MN;MARTA 3480562148;"daniele@vartes.it; info@vartes.it";2014;409,63
VARTES SRL;VIALE UBERTINI 7;CASTEL GOFFREDO ;46042;MN;MARTA 3480562148;"daniele@vartes.it; info@vartes.it";2015;583,7
VARTES SRL;VIALE UBERTINI 7;CASTEL GOFFREDO ;46042;MN;MARTA 3480562148;"daniele@vartes.it; info@vartes.it";2017;1493,84
VARTES SRL;VIALE UBERTINI 7;CASTEL GOFFREDO ;46042;MN;MARTA 3480562148;"daniele@vartes.it; info@vartes.it";2018;897,62
VARTES SRL;VIALE UBERTINI 7;CASTEL GOFFREDO ;46042;MN;MARTA 3480562148;"daniele@vartes.it; info@vartes.it";2020;7986,97
VARTES SRL;VIALE UBERTINI 7;CASTEL GOFFREDO ;46042;MN;MARTA 3480562148;"daniele@vartes.it; info@vartes.it";2022;352,21
VEGAS Srl;VIA PAPA GIOVANNI XXIII;REZZATO;25086;BS;MARIA TONGHINI;cristina@accapi.com;2011;4888,4
VEGAS Srl;VIA PAPA GIOVANNI XXIII;REZZATO;25086;BS;MARIA TONGHINI;cristina@accapi.com;2012;5580,01
VEGAS Srl;VIA PAPA GIOVANNI XXIII;REZZATO;25086;BS;MARIA TONGHINI;cristina@accapi.com;2013;6317,05
VEROPIZ S.R.L.;Via Magenta 10;ARSAGO SEPRI;21010;VA;Andr.Veron.:Ele 223/214 V/Cr211/Lau;"cristina@veropiz.it;";2010;10325,18
VEROPIZ S.R.L.;Via Magenta 10;ARSAGO SEPRI;21010;VA;Andr.Veron.:Ele 223/214 V/Cr211/Lau;"cristina@veropiz.it;";2011;4643,64
VEROPIZ S.R.L.;Via Magenta 10;ARSAGO SEPRI;21010;VA;Andr.Veron.:Ele 223/214 V/Cr211/Lau;"cristina@veropiz.it;";2017;66430,49
VEROPIZ S.R.L.;Via Magenta 10;ARSAGO SEPRI;21010;VA;Andr.Veron.:Ele 223/214 V/Cr211/Lau;"cristina@veropiz.it;";2018;456626,05
VEROPIZ S.R.L.;Via Magenta 10;ARSAGO SEPRI;21010;VA;Andr.Veron.:Ele 223/214 V/Cr211/Lau;"cristina@veropiz.it;";2019;268027,44
VEROPIZ S.R.L.;Via Magenta 10;ARSAGO SEPRI;21010;VA;Andr.Veron.:Ele 223/214 V/Cr211/Lau;"cristina@veropiz.it;";2020;367715,69
VEROPIZ S.R.L.;Via Magenta 10;ARSAGO SEPRI;21010;VA;Andr.Veron.:Ele 223/214 V/Cr211/Lau;"cristina@veropiz.it;";2021;287034,05
VEROPIZ S.R.L.;Via Magenta 10;ARSAGO SEPRI;21010;VA;Andr.Veron.:Ele 223/214 V/Cr211/Lau;"cristina@veropiz.it;";2022;589484,96
VEROPIZ S.R.L.;Via Magenta 10;ARSAGO SEPRI;21010;VA;Andr.Veron.:Ele 223/214 V/Cr211/Lau;"cristina@veropiz.it;";2023;452352,41
VEROPIZ S.R.L.;Via Magenta 10;ARSAGO SEPRI;21010;VA;Andr.Veron.:Ele 223/214 V/Cr211/Lau;"cristina@veropiz.it;";2024;338879,34
VEROPIZ S.R.L.;Via Magenta 10;ARSAGO SEPRI;21010;VA;Andr.Veron.:Ele 223/214 V/Cr211/Lau;"cristina@veropiz.it;";2025;234999,5
VIOLA CALZIFICIO SPA;VIA CASTEL GOFFREDO 18;ACQUAFREDDA;25010;BS;ENRICO VIOLA;gaetano@violacalzificio.it;2017;272,17
VIOLASTEX SA;D. THEODORA STREET 8;METAMORPHOSIS, ATHENS - GREECE;14452;;Dimitris Tsatsos;violastex@ath.forthnet.gr;2024;370,96
Winsocks srl;Zona Industriale PIP Capannone n. 7;Corsano;73033;LE;GIANLUCA;"winsocks@winsocks.eu;";2018;10565,56
Winsocks srl;Zona Industriale PIP Capannone n. 7;Corsano;73033;LE;GIANLUCA;"winsocks@winsocks.eu;";2019;42085,23
Winsocks srl;Zona Industriale PIP Capannone n. 7;Corsano;73033;LE;GIANLUCA;"winsocks@winsocks.eu;";2020;14886,79
Winsocks srl;Zona Industriale PIP Capannone n. 7;Corsano;73033;LE;GIANLUCA;"winsocks@winsocks.eu;";2021;47783,59
Winsocks srl;Zona Industriale PIP Capannone n. 7;Corsano;73033;LE;GIANLUCA;"winsocks@winsocks.eu;";2022;109375,08
Winsocks srl;Zona Industriale PIP Capannone n. 7;Corsano;73033;LE;GIANLUCA;"winsocks@winsocks.eu;";2023;65283,89
Winsocks srl;Zona Industriale PIP Capannone n. 7;Corsano;73033;LE;GIANLUCA;"winsocks@winsocks.eu;";2024;64183,74
Winsocks srl;Zona Industriale PIP Capannone n. 7;Corsano;73033;LE;GIANLUCA;"winsocks@winsocks.eu;";2025;32867,28
ZADEIRO SRL;S.S. 275 KM. 25 LEUCA - MAGLIE;ALESSANO;73031;LE;;info@zadeiro.it;2019;629,97
ZADEIRO SRL;S.S. 275 KM. 25 LEUCA - MAGLIE;ALESSANO;73031;LE;;info@zadeiro.it;2020;167,97
ZADEIRO SRL;S.S. 275 KM. 25 LEUCA - MAGLIE;ALESSANO;73031;LE;;info@zadeiro.it;2021;1616,56
ZAMBETTI SRL;VIA U. BELLORA 83;CENE;24020;BG;MATTEO ZAMBETTI;zambetti@jein.it;2011;648,83
ZAMBETTI SRL;VIA U. BELLORA 83;CENE;24020;BG;MATTEO ZAMBETTI;zambetti@jein.it;2012;822,88