nome_cliente_19;codice_articolo_19;articolo_colore_19;unita_di_misura_19;quantita_19;imponibile_19
ARCOS SRL UNIPERSONALE;;;;;
ARCOS SRL UNIPERSONALE;PF0003070/20\661011;70/2 ELAS RIT S. PA 66 - NERO 999;KG;615,780002117157;5973,09
ARCOS SRL UNIPERSONALE;PF0003070/20\661013;70/2 ELAS RIT S. PA 66 - CANDIDO;KG;84,6599998474121;821,2
ARCOS SRL UNIPERSONALE;PF0003070/20\661046;70/2 ELAS RIT S. PA 66 - GIALLO 106;KG;20,4099998474121;197,97
ARCOS SRL UNIPERSONALE;PF0003070/20\661047;70/2 ELAS RIT S. PA 66 - MATTONE 346;KG;19,8800001144409;192,84
ARCOS SRL UNIPERSONALE;PF0003070/20\661048;70/2 ELAS RIT S. PA 66 - BLU 628/98;KG;46,2400007247925;448,53
ARCOS SRL UNIPERSONALE;PF0003070/60XP61013;70/6 ELAS RIT PA 6 - CANDIDO;KG;34,2600002884865;400,84
CIOCCA SPA;;;;;
CIOCCA SPA;PF0008040/20X661037;40/2 ELAS RIT PA 66 - GREGGIO;KG;217,999999284744;1951,1
CIOCCA SPA;PF0008040/20XEX1000;40/2 ELAS RIT FLEXI PA 66 - MORO 81;KG;76,2100011408329;1002,16
CIOCCA SPA;PF0008040/20XEX1001;40/2 ELAS RIT FLEXI PA 66 - NERO 20;KG;620,929998159409;8165,25
CIOCCA SPA;PF0008040/20XEX1002;40/2 ELAS RIT FLEXI PA 66 - BLU NOTTE 85;KG;588,169999361038;7734,46
CIOCCA SPA;PF0008040/20XEX1003;40/2 ELAS RIT FLEXI PA 66 - GRIGIO TOPO 88;KG;74,8700003623962;984,54
CIOCCA SPA;PF0008040/20XEX1004;40/2 ELAS RIT FLEXI PA 66 - ANTRACITE 89;KG;244,940000712872;3220,98
CIOCCA SPA;PF0008040/20XEX1005;40/2 ELAS RIT FLEXI PA 66 - BORDO' 58;KG;78,7500004768372;1035,56
CIOCCA SPA;PF0008040/20XEX1007;40/2 ELAS RIT FLEXI PA 66 - BLU NAVY 77;KG;17,7200000286102;233,02
CIOCCA SPA;PF0008040/20XEX1008;40/2 ELAS RIT FLEXI PA 66 - CORDA 06;KG;95,0099997520447;1249,4
CIOCCA SPA;PF0008040/20XEX1009;40/2 ELAS RIT FLEXI PA 66 - ARGENTO 36;KG;29,0699996948242;382,27
CIOCCA SPA;PF0008040/20XEX1016;40/2 ELAS RIT FLEXI PA 66 - SABBIA 03;KG;104,199999332428;1370,22
CIOCCA SPA;PF0008040/20XEX1023;40/2 ELAS RIT FLEXI PA 66 - AVIO 712;KG;17,5499997138977;230,79
CIOCCA SPA;PF0008040/20XEX1026;40/2 ELAS RIT FLEXI PA 66 - BEIGE 111;KG;18,7600002288818;246,69
CIOCCA SPA;PF0008040/20XEX1030;40/2 ELAS RIT FLEXI PA 66 - AVIO 778;KG;19,0799999237061;250,9
CIOCCA SPA;PF0008060/20X661037;60/2 ELAS RIT PA 66 - GREGGIO;KG;263,820000171661;2005,02
CIOCCA SPA;PF0008060/20XEX1000;60/2 ELAS RIT FLEXI PA 66 - MORO 81;KG;87,2599995136261;951,14
CIOCCA SPA;PF0008060/20XEX1001;60/2 ELAS RIT FLEXI PA 66 - NERO 20;KG;394,939999103546;4304,88
CIOCCA SPA;PF0008060/20XEX1002;60/2 ELAS RIT FLEXI PA 66 - BLU NOTTE 85;KG;407,640000104904;4443,27
CIOCCA SPA;PF0008060/20XEX1003;60/2 ELAS RIT FLEXI PA 66 - GRIGIO TOPO 88;KG;49,7399997115135;542,17
CIOCCA SPA;PF0008060/20XEX1004;60/2 ELAS RIT FLEXI PA 66 - ANTRACITE 89;KG;100,309999465942;1093,39
CIOCCA SPA;PF0008060/20XEX1005;60/2 ELAS RIT FLEXI PA 66 - BORDO' 58;KG;35,5099992752075;387,06
CIOCCA SPA;PF0008060/20XEX1007;60/2 ELAS RIT FLEXI PA 66 - BLU NAVY 77;KG;45,3100004196167;493,89
CIOCCA SPA;PF0008060/20XEX1009;60/2 ELAS RIT FLEXI PA 66 - ARGENTO 36;KG;17,8799996376038;194,89
CIOCCA SPA;PF0008060/20XEX1016;60/2 ELAS RIT FLEXI PA 66 - SABBIA 03;KG;19,3400001525879;210,81
CIOCCA SPA;PF0008060/20XEX1020;60/2 ELAS RIT FLEXI PA 66 - MILITARE 42;KG;1,62000000476837;17,66
CIOCCA SPA;PF0008060/20XEX1022;60/2 ELAS RIT FLEXI PA 66 - NATURALE 301;KG;19,8200001716614;216,04
CIOCCA SPA;PF0008060/20XEX1023;60/2 ELAS RIT FLEXI PA 66 - AVIO 712;KG;18,710000038147;203,94
CIOCCA SPA;PF0008060/20XEX1024;60/2 ELAS RIT FLEXI PA 66 - BIANCO 02;KG;146;1591,42
CIOCCA SPA;PF0008060/20XEX1030;60/2 ELAS RIT FLEXI PA 66 - AVIO 778;KG;28,710000038147;312,94
CIOCCA SPA;PF0008060/20XEX1031;60/2 ELAS RIT FLEXI PA 66 - GHISA 87;KG;39,0799992084503;425,97
CIOCCA SPA;PF0008060/20XEX1033;60/2 ELAS RIT FLEXI PA 66 - BEIGE 14;KG;18,3700001239777;200,24
CIOCCA SPA;PF0008060/30X661001;60/3 ELAS RIT PA 66 - NERO 20;KG;86,789999961853;985,07
CIOCCA SPA;PF0008060/30X661002;60/3 ELAS RIT PA 66 - BLU NOTTE 85;KG;45,2699989080429;513,81
CIOCCA SPA;PF0008060/30X661004;60/3 ELAS RIT PA 66 - ANTRACITE 89;KG;20,8399991989136;236,53
CIOCCA SPA;PF0008060/30X661024;60/3 ELAS RIT PA 66 - BIANCO 02;KG;74,0800001621246;840,8
CIOCCA SPA;PF000844/340XTC1010;44/34/2 ELAS RIT TACTEL - NERO 20;KG;105,779998660088;1613,16
CIOCCA SPA;PF000844/340XTC1011;44/34/2 ELAS RIT TACTEL - BLU NOTTE 85;KG;108,039999723434;1647,61
CIOCCA SPA;PF000844/340XTC1012;44/34/2 ELAS RIT TACTEL - ANTRACITE 89;KG;61,4999995231628;937,88
CIOCCA SPA;PF000844/340XTC1037;44/34/2 ELAS RIT TACTEL - GREGGIO;KG;58,6800010204315;671,88
DUBLO SRL;;;kg;17,1800003051758;-255,98
DUBLO SRL;;;;0;0
DUBLO SRL;PF001167/200K661000;67/20 LISCIO VOILE RIT 450 GIRI PA 66 - MARRONE 090;KG;65,8500001430511;954,84
DUBLO SRL;PF001167/200K661001;67/20 LISCIO VOILE RIT 450 GIRI PA 66 - BLEU 051;KG;459,890003800392;6668,5
DUBLO SRL;PF001167/200K661002;67/20 LISCIO VOILE RIT 450 GIRI PA 66 - NERO 002;KG;116,970000505447;1696,07
DUBLO SRL;PF001167/200K661005;67/20 LISCIO VOILE RIT 450 GIRI PA 66 - GRIGIO MEDIO 084;KG;40,0200006365776;580,3
DUBLO SRL;PF001167/200K661006;67/20 LISCIO VOILE RIT 450 GIRI PA 66 - BIANCO 001;KG;66,5899991989136;965,57
DUBLO SRL;PF001167/200K661007;67/20 LISCIO VOILE RIT 450 GIRI PA 66 - CASTORO 016;KG;33,8400001525879;490,69
DUBLO SRL;PF001167/200K661008;67/20 LISCIO VOILE RIT 450 GIRI PA 66 - VERDE SALVIA 192;KG;34,9499998092651;506,78
DUBLO SRL;PF001167/200K661011;67/20 LISCIO VOILE RIT 450 GIRI PA 66 - BORDO' 064;KG;40,0500001907349;580,73
DUBLO SRL;PF001167/200K661018;67/20 LISCIO VOILE RIT 450 GIRI PA 66 - CELESTE 052;KG;20,300000667572;294,36
DUBLO SRL;PF001167/200K661019;67/20 LISCIO VOILE RIT 450 GIRI PA 66 - GIALLO 050;KG;20,6399998664856;299,29
DUBLO SRL;PF001167/200K661020;67/20 LISCIO VOILE RIT 450 GIRI PA 66 - ARANCIO 141;KG;20,2599997520447;293,78
DUBLO SRL;PF001167/200K661021;67/20 LISCIO VOILE RIT 450 GIRI PA 66 - VERDE MELA 038;KG;21,9399995803833;318,14
DUBLO SRL;PF001167/200K661022;67/20 LISCIO VOILE RIT 450 GIRI PA 66 - ROSSO CILIEGIA 025;KG;22,3000001907349;323,35
DUBLO SRL;PF001167/200K661023;67/20 LISCIO VOILE RIT 450 GIRI PA 66 - VERDE BOTTIGLIA 193;KG;36,659999370575;531,57
DUBLO SRL;PR00110010;;;0;400,11
FACI di Falzoni Luigi & C. SNC;;;;;
FACI di Falzoni Luigi & C. SNC;PF0026040/20XP61024;40/2 ELAS RIT PA 6 - POUDRE 2014;KG;23,5100002288818;279,78
FACI di Falzoni Luigi & C. SNC;PF0026040/20\P61028;40/2 ELAS RIT S. PA 6 - MATTONE CGF 2019;KG;18,8600001335144;224,44
FACI di Falzoni Luigi & C. SNC;PF0026LUC700XP61000;70 LUCIDO RIT PA 6 - CANDIDO;KG;224,809998273849;3462,08
FACI di Falzoni Luigi & C. SNC;PF0026LUC700XP61008;70 LUCIDO RIT PA 6 - NERO;KG;91,7600004673004;1413,1
FACI di Falzoni Luigi & C. SNC;PF0026LUC700XP61028;70 LUCIDO RIT PA 6 - MATTONE CGF 2019;KG;40,1599998474121;618,46
FACI di Falzoni Luigi & C. SNC;PR00260001;;;0;63,56
FACI di Falzoni Luigi & C. SNC;PR00260007;;;0;79,81
FILMAR SRL;;;;;
FILMAR SRL;PF0027070/20XP61001;70/2 ELAS RIT PA 6 - BLU SCURO 929;KG;535,039999842644;5189,92
GEMTEX SRL;;;;;
GEMTEX SRL;PF0028070/20XP61002;70/2 ELAS RIT PA 6 - ARANCIO 62;KG;60,0499994754791;564,47
GEMTEX SRL;PF0028070/20XP61008;70/2 ELAS RIT PA 6 - ROSSO N.32;KG;109,980000495911;1033,82
GEMTEX SRL;PF0028070/20XP61019;70/2 ELAS RIT PA 6 - GRIGIO 149;KG;326,370001316071;3067,87
GEMTEX SRL;PF0028070/20XP61038;70/2 ELAS RIT PA 6 - GRIGIO MEDIO 26;KG;149,099999427795;1401,53
GEMTEX SRL;PF0028070/20XP61068;70/2 ELAS RIT PA 6 - BLU COOP 2016;KG;356,490000247955;3351
GEMTEX SRL;PF0028070/20XP61075;70/2 ELAS RIT PA 6 - BLU PANTONE 534 C;KG;67,1999998092651;631,68
GEMTEX SRL;PF0028070/20XP61076;70/2 ELAS RIT PA 6 - PURPLE PANTANE 216 C;KG;22,8200006484985;214,51
GEMTEX SRL;PF0028070/20XP61077;70/2 ELAS RIT PA 6 - AZZURRO PANTONE 2204 C;KG;169,409999847412;1592,46
GEMTEX SRL;PF0028070/20XP61078;70/2 ELAS RIT PA 6 - 261 C PURPLE;KG;76,9900016784668;723,7
GEMTEX SRL;PF0028070/20XP61079;70/2 ELAS RIT PA 6 - AMARILLO FLUO 8141;KG;69,0699996948242;649,26
GEMTEX SRL;PF0028070/20XP61080;70/2 ELAS RIT PA 6 - BLUETTE N. 175;KG;47,5500001907349;446,97
GEMTEX SRL;PF0028156/103661074;156/1  RIT 300 S PA 66 - CANDIDO;KG;0,5;7,25
GEMTEX SRL;PF0028701TT0I661081;78/2 MELANGE INTERLACCIATO PA 6 - GRIGIO MEL. 7640;KG;50,7300004959106;634,13
GEMTEX SRL;PF0028LUC700XP61072;70 LUCIDO RIT PA 6 - BLU SCURO N.0257;KG;18,9599995613098;303,36
GEMTEX SRL;PF0028LUC700XP61073;70 LUCIDO RIT PA 6 - NERO;KG;5,26999998092651;84,32
GEMTEX SRL;PF0028LUC700XP61074;70 LUCIDO RIT PA 6 - CANDIDO;KG;26,1500005722046;418,4
GEMTEX SRL;PR00280006;;;0;48,35
INTERKNIT SRL;;;kg;18,8700008392334;-181,15
INTERKNIT SRL;;;;0;0
INTERKNIT SRL;PF0032070/10A661052;70/1 ELAS APE PA 66 - 37362 GRIGIO CHIARO G396;KG;54,6900010108948;568,78
INTERKNIT SRL;PF0032070/10A661086;70/1 ELAS APE PA 66 - 37282 FATHOM J011;KG;45,7300004959106;475,6
INTERKNIT SRL;PF0032070/20XFL1028;70/2 ELAS RIT FLEXY PA 6 - 36854 DIVA PINK FLUO;KG;65,0100011825562;591,59
INTERKNIT SRL;PF0032070/20XFL1029;70/2 ELAS RIT FLEXY PA 6 - 37059 SULPHUR SPRING;KG;95,3399987220764;867,59
INTERKNIT SRL;PF0032070/20XFL1074;70/2 ELAS RIT FLEXY PA 6 - 30976 PIETRA M102;KG;17,5;159,25
INTERKNIT SRL;PF0032070/20XFL1079;70/2 ELAS RIT FLEXY PA 6 - 31319 LILLA SILK V012;KG;17,1000003814697;155,61
INTERKNIT SRL;PF0032070/20XFL1080;70/2 ELAS RIT FLEXY PA 6 - 36862 PRUGNA 8158 P104;KG;14,6599998474121;133,41
INTERKNIT SRL;PF0032070/20XFL1081;70/2 ELAS RIT FLEXY PA 6 - 37479 DIRECT BLUE B222;KG;17,6499998569489;160,61
INTERKNIT SRL;PF0032070/20XFL1082;70/2 ELAS RIT FLEXY PA 6 - 37659 ADRIATICO A601;KG;24,2600002288818;220,76
INTERKNIT SRL;PF0032070/30XFL1019;70/3 ELAS RIT FLEXY PA 6 - 36934 ARANCIO FLUO;KG;38,3000001907349;340,88
INTERKNIT SRL;PF0032070/30XFL1039;70/3 ELAS RIT FLEXY PA 6 - 36983 PRUGNA 8158 P104;KG;66,7099981307983;593,72
INTERKNIT SRL;PF0032070/30XFL1040;70/3 ELAS RIT FLEXY PA 6 - 37771 SULPHUR SPRING G029;KG;60,460000038147;538,1
INTERKNIT SRL;PF0032070/30XFL1042;70/3 ELAS RIT FLEXY PA 6 - 37695 FUCSIA SCURO F002;KG;91,5199990272522;814,53
INTERKNIT SRL;PF0032070/30XFL1046;70/3 ELAS RIT FLEXY PA 6 - 37783 VERDE BAIA V112;KG;46,4400007128716;413,32
INTERKNIT SRL;PF0032070/30XFL1048;70/3 ELAS RIT FLEXY PA 6 - 36998 OCRE;KG;19,7600002288818;175,87
INTERKNIT SRL;PF0032070/30XFL1049;70/3 ELAS RIT FLEXY PA 6 - 36935 AZZURRO TURCHESE A106;KG;64,4899997711182;573,97
INTERKNIT SRL;PF0032070/30XFL1062;70/3 ELAS RIT FLEXY PA 6 - 38138 DIRECT BLUE B222;KG;57,539999961853;512,12
INTERKNIT SRL;PF0032070/30XFL1064;70/3 ELAS RIT FLEXY PA 6 - 37597 FATHOM J011;KG;46,3000001907349;412,07
INTERKNIT SRL;PF0032070/30XFL1065;70/3 ELAS RIT FLEXY PA 6 - 36854 DIVA PINK FLUO;KG;153,429999351501;1365,54
INTERKNIT SRL;PF0032070/30XFL1076;70/3 ELAS RIT FLEXY PA 6 - 37858 OLIVA KONA V140;KG;85,060000538826;757,04
INTERKNIT SRL;PF0032070/30XFL1077;70/3 ELAS RIT FLEXY PA 6 - 36981 MARRONE CAMEL;KG;18,2599999904633;162,52
INTERKNIT SRL;PF0032070/30XFL1078;70/3 ELAS RIT FLEXY PA 6 - 38807 AURA SPECIAL;KG;143,649999976158;1278,5
INTERKNIT SRL;PF0032070/30XFL1083;70/3 ELAS RIT FLEXY PA 6 - 39065 MARRON SCURO M095;KG;18,4899997711182;164,56
INTERKNIT SRL;PF0032070/30XFL1090;70/3 ELAS RIT FLEXY PA 6 - 37568 ROSA CARNE S018;KG;19,6199998855591;174,62
INTERKNIT SRL;PF0032070/40XFL1046;70/4 ELAS RIT FLEXY PA 6 - 37783 VERDE BAIA V112;KG;90,8900010585785;836,18
INTERKNIT SRL;PF0032070/40XFL1084;70/4 ELAS RIT FLEXY PA 6 - 38557 BLUE COBALT C048;KG;39,4200000762939;362,67
INTERKNIT SRL;PF0032070/40XFL1085;70/4 ELAS RIT FLEXY PA 6 - 38797 GRIGIO SCURO G180;KG;59,2799997329712;545,39
INTERKNIT SRL;PF0032746820I661075;74/68/2 ELAS INT. PA 66 - 38296 AZZURRO TURCHESE A106;KG;26,0899998545647;573,98
INTERKNIT SRL;PF0032784620XTC1002;78/46/2 ELAS RIT TACTEL - 30389 NERO;KG;17,9200000762939;234,75
INTERKNIT SRL;PF0032784620XTC1024;78/46/2 ELAS RIT TACTEL - 36192 NEON GIALLO;KG;69,5300014019012;910,84
INTERKNIT SRL;PF0032786020LEX1087;78/60/2 QNOVA LEG.INTERL FLEXI GRS 60 PA 66 - 39002 GRS NERO N002;KG;158,289999961853;2010,29
INTERKNIT SRL;PF0032786020LEX1088;78/60/2 QNOVA LEG.INTERL FLEXI GRS 60 PA 66 - 39015 SAFETY YELLOW FLUO G006;KG;79,5800008773804;1010,66
INTERKNIT SRL;PF0032786820X661089;78/68/2  RIT PA 66 - 38111 PEACOAT B102;KG;21,0099997520447;256,33
INTERKNIT SRL;PR00320006;;;0;202,95
MICO SPORT SPA;;;KG;73,0400009155273;-888,36
MICO SPORT SPA;;;;0;0
MICO SPORT SPA;PF0034040/20XEX1004;40/2 ELAS RIT FLEXI PA 66 - GRAFITE 9240;KG;19,1599998474121;261,54
MICO SPORT SPA;PF0034040/20XEX1006;40/2 ELAS RIT FLEXI PA 66 - FUMO 107;KG;36,6299999952316;500
MICO SPORT SPA;PF0034040/20XEX1010;40/2 ELAS RIT FLEXI PA 66 - ROSSO 003;KG;37,9800004959106;518,43
MICO SPORT SPA;PF0034040/20XEX1016;40/2 ELAS RIT FLEXI PA 66 - BLU UNIVERSO;KG;49,1099991798401;670,35
MICO SPORT SPA;PF0034040/20XEX1020;40/2 ELAS RIT FLEXI PA 66 - GRIGIO PELTRO;KG;18,1499996185303;247,75
MICO SPORT SPA;PF0034040/20XEX1032;40/2 ELAS RIT FLEXI PA 66 - GRIGIO 431/C;KG;77,0700001716614;1052,01
MICO SPORT SPA;PF0034040/20XEX1033;40/2 ELAS RIT FLEXI PA 66 - VERDE ARMY;KG;18,460000038147;251,98
MICO SPORT SPA;PF0034040/20XEX1034;40/2 ELAS RIT FLEXI PA 66 - AZZURRO 05;KG;36,6800003051758;500,69
MICO SPORT SPA;PF0034040/20XEX1044;40/2 ELAS RIT FLEXI PA 66 - GIALLO FLUO;KG;107,640000343323;1469,29
MICO SPORT SPA;PF0034040/20XEX1074;40/2 ELAS RIT FLEXI PA 66 - VERDE FLUO;KG;18,8800001144409;257,72
MICO SPORT SPA;PF0034040/20XEX1081;40/2 ELAS RIT FLEXI PA 66 - GARDENIA 13;KG;39,9699997901917;545,59
MICO SPORT SPA;PF0034040/20XEX1082;40/2 ELAS RIT FLEXI PA 66 - GHIACCIAIO 13;KG;13,2799997329712;181,27
MICO SPORT SPA;PF0034040/20XEX1090;40/2 ELAS RIT FLEXI PA 66 - TURCHESE 15;KG;17,9000006914139;244,33
MICO SPORT SPA;PF0034040/20XEX1093;40/2 ELAS RIT FLEXI PA 66 - FUXIA 15;KG;18,5299997329712;252,94
MICO SPORT SPA;PF0034040/20XEX1104;40/2 ELAS RIT FLEXI PA 66 - ARANCIO 16;KG;19,6700000762939;268,5
MICO SPORT SPA;PF0034040/20XEX1107;40/2 ELAS RIT FLEXI PA 66 - BLUETTE 9086;KG;54,149998664856;739,14
MICO SPORT SPA;PF0034040/20XEX1113;40/2 ELAS RIT FLEXI PA 66 - PRINCESS 18;KG;18,7399995326996;255,8
MICO SPORT SPA;PF0034040/20XEX1114;40/2 ELAS RIT FLEXI PA 66 - DEEP WATER BLUE;KG;18,710000038147;255,39
MICO SPORT SPA;PF0034040/20XEX1119;40/2 ELAS RIT FLEXI PA 66 - HIBISKUS PINK 18-1762;KG;37,8999993801117;517,33
MICO SPORT SPA;PF0034040/20XEX1120;40/2 ELAS RIT FLEXI PA 66 - CHESTNUT RED 19-1724;KG;36,8600001335144;503,13
MICO SPORT SPA;PF0034070/20X661004;70/2 ELAS RIT PA 66 - GRAFITE 9240;KG;33,3199996948242;339,86
MICO SPORT SPA;PF0034070/20X661015;70/2 ELAS RIT PA 66 - GRIGIO M;KG;101,470000386238;1034,99
MICO SPORT SPA;PF0034070/20X661020;70/2 ELAS RIT PA 66 - GRIGIO PELTRO;KG;69,1799993515015;705,64
MICO SPORT SPA;PF0034070/20X661033;70/2 ELAS RIT PA 66 - VERDE ARMY;KG;106,340000331402;1084,66
MICO SPORT SPA;PF0034070/20X661034;70/2 ELAS RIT PA 66 - AZZURRO 05;KG;34,1900001764297;348,74
MICO SPORT SPA;PF0034070/20X661044;70/2 ELAS RIT PA 66 - GIALLO FLUO;KG;33,029999256134;336,91
MICO SPORT SPA;PF0034070/20X661061;70/2 ELAS RIT PA 66 - GIALLO 9317;KG;19,9900007247925;203,9
MICO SPORT SPA;PF0034070/20X661082;70/2 ELAS RIT PA 66 - GHIACCIAIO 13;KG;27,9100001454353;284,68
MICO SPORT SPA;PF0034070/20X661090;70/2 ELAS RIT PA 66 - TURCHESE 15;KG;13,5800001621246;138,52
MICO SPORT SPA;PF0034070/20X661102;70/2 ELAS RIT PA 66 - VERDE EST 16;KG;25,8900003433228;264,08
MICO SPORT SPA;PF0034070/20X661107;70/2 ELAS RIT PA 66 - BLUETTE 9086;KG;20,6299998760223;210,43
MICO SPORT SPA;PF0034070/20X661113;70/2 ELAS RIT PA 66 - PRINCESS 18;KG;29,4300012588501;300,18
MICO SPORT SPA;PF0034070/20X661119;70/2 ELAS RIT PA 66 - HIBISKUS PINK 18-1762;KG;21,8799991607666;223,18
MICO SPORT SPA;PF0034070/20X661120;70/2 ELAS RIT PA 66 - CHESTNUT RED 19-1724;KG;20,8299999237061;212,47
MICO SPORT SPA;PF0034070/20\661015;70/2 ELAS RIT S. PA 66 - GRIGIO M;KG;111,449999809265;1136,79
MICO SPORT SPA;PF0034070/20\661016;70/2 ELAS RIT S. PA 66 - BLU UNIVERSO;KG;80,9900007247925;826,1
MICO SPORT SPA;PF0034070/20\661020;70/2 ELAS RIT S. PA 66 - GRIGIO PELTRO;KG;110,799999237061;1130,18
MICO SPORT SPA;PF0034070/20\661033;70/2 ELAS RIT S. PA 66 - VERDE ARMY;KG;103,199999719858;1052,64
MICO SPORT SPA;PF0034070/20\661034;70/2 ELAS RIT S. PA 66 - AZZURRO 05;KG;150,450001001358;1534,59
MICO SPORT SPA;PF0034070/20\661044;70/2 ELAS RIT S. PA 66 - GIALLO FLUO;KG;78,2800011634827;798,45
MICO SPORT SPA;PF0034070/20\661072;70/2 ELAS RIT S. PA 66 - FUXIA FLUO;KG;38,5900007486343;393,62
MICO SPORT SPA;PF0034070/20\661074;70/2 ELAS RIT S. PA 66 - VERDE FLUO;KG;36,3299999237061;370,57
MICO SPORT SPA;PF0034070/20\661081;70/2 ELAS RIT S. PA 66 - GARDENIA 13;KG;114,559998989105;1168,52
MICO SPORT SPA;PF0034070/20\661082;70/2 ELAS RIT S. PA 66 - GHIACCIAIO 13;KG;41,8400001525879;426,77
MICO SPORT SPA;PF0034070/20\661090;70/2 ELAS RIT S. PA 66 - TURCHESE 15;KG;19,4799998998642;198,69
MICO SPORT SPA;PF0034070/20\661093;70/2 ELAS RIT S. PA 66 - FUXIA 15;KG;22,4099998474121;228,58
MICO SPORT SPA;PF0034070/20\661094;70/2 ELAS RIT S. PA 66 - PERVINCA 15;KG;39,4700012207031;402,59
MICO SPORT SPA;PF0034070/20\661099;70/2 ELAS RIT S. PA 66 - AZZURRO 16;KG;42,4299993515015;432,79
MICO SPORT SPA;PF0034070/20\661107;70/2 ELAS RIT S. PA 66 - BLUETTE 9086;KG;48,2300000190735;491,95
MICO SPORT SPA;PF0034070/20\661113;70/2 ELAS RIT S. PA 66 - PRINCESS 18;KG;136,529998540878;1392,59
MICO SPORT SPA;PF0034070/20\661114;70/2 ELAS RIT S. PA 66 - DEEP WATER BLUE;KG;24,389999628067;248,78
MICO SPORT SPA;PF0034070/20\661116;70/2 ELAS RIT S. PA 66 - ACIDO 18 13-0550TCX;KG;31,7700004577637;324,06
MICO SPORT SPA;PF0034070/20\661119;70/2 ELAS RIT S. PA 66 - HIBISKUS PINK 18-1762;KG;20,4200005531311;208,28
MICO SPORT SPA;PF0034070/20\661120;70/2 ELAS RIT S. PA 66 - CHESTNUT RED 19-1724;KG;20,3599996566772;207,68
MICO SPORT SPA;PF0034100/20X661004;100/2 ELAS RIT PA 66 - GRAFITE 9240;KG;41,9300003051758;440,27
MICO SPORT SPA;PF0034100/20X661010;100/2 ELAS RIT PA 66 - ROSSO 003;KG;285,909999847412;3002,1
MICO SPORT SPA;PF0034100/20X661011;100/2 ELAS RIT PA 66 - GRIGIO 2360;KG;89,5299997329712;940,09
MICO SPORT SPA;PF0034100/20X661015;100/2 ELAS RIT PA 66 - GRIGIO M;KG;290,730000972748;3052,69
MICO SPORT SPA;PF0034100/20X661016;100/2 ELAS RIT PA 66 - BLU UNIVERSO;KG;61,8499999046326;649,43
MICO SPORT SPA;PF0034100/20X661020;100/2 ELAS RIT PA 66 - GRIGIO PELTRO;KG;426,579998612404;4479,21
MICO SPORT SPA;PF0034100/20X661022;100/2 ELAS RIT PA 66 - GRIGIO CAMP;KG;130,949999332428;1375,01
MICO SPORT SPA;PF0034100/20X661032;100/2 ELAS RIT PA 66 - GRIGIO 431/C;KG;282,179998278618;2962,93
MICO SPORT SPA;PF0034100/20X661044;100/2 ELAS RIT PA 66 - GIALLO FLUO;KG;329,210000216961;3456,78
MICO SPORT SPA;PF0034100/20X661053;100/2 ELAS RIT PA 66 - AZZURRO 04 AS87;KG;55,9100008010864;587,07
MICO SPORT SPA;PF0034100/20X661061;100/2 ELAS RIT PA 66 - GIALLO 9317;KG;19,8299994468689;208,22
MICO SPORT SPA;PF0034100/20X661074;100/2 ELAS RIT PA 66 - VERDE FLUO;KG;188,410002350807;1978,32
MICO SPORT SPA;PF0034100/20X661082;100/2 ELAS RIT PA 66 - GHIACCIAIO 13;KG;24,0500001907349;252,53
MICO SPORT SPA;PF0034100/20X661088;100/2 ELAS RIT PA 66 - GINGER 14;KG;96,5600003004074;1013,89
MICO SPORT SPA;PF0034100/20X661090;100/2 ELAS RIT PA 66 - TURCHESE 15;KG;50,0200004577637;525,22
MICO SPORT SPA;PF0034100/20X661093;100/2 ELAS RIT PA 66 - FUXIA 15;KG;131,899999499321;1384,99
MICO SPORT SPA;PF0034100/20X661102;100/2 ELAS RIT PA 66 - VERDE EST 16;KG;14,2600002288818;149,73
MICO SPORT SPA;PF0034100/20X661104;100/2 ELAS RIT PA 66 - ARANCIO 16;KG;32,9799997806549;346,3
MICO SPORT SPA;PF0034100/20X661114;100/2 ELAS RIT PA 66 - DEEP WATER BLUE;KG;22,7300004959106;238,68
MICO SPORT SPA;PF0034100/20X661116;100/2 ELAS RIT PA 66 - ACIDO 18 13-0550TCX;KG;21,5800004005432;226,59
MICO SPORT SPA;PF0034100/20X661119;100/2 ELAS RIT PA 66 - HIBISKUS PINK 18-1762;KG;28,9000000953674;303,45
MICO SPORT SPA;PF0034100/20X661120;100/2 ELAS RIT PA 66 - CHESTNUT RED 19-1724;KG;58,7400016784668;616,79
MICO SPORT SPA;PF0034784610XTC1001;78/46/1 ELAS RIT TACTEL - NERO;KG;147,860000967979;2018,29
MICO SPORT SPA;PF0034784610XTC1021;78/46/1 ELAS RIT TACTEL - ANTRACITE 4;KG;13,1599998474121;179,64
MICO SPORT SPA;PF0034784620XTC1021;78/46/2 ELAS RIT TACTEL - ANTRACITE 4;KG;17,0700001716614;219,35
NASTRIFICIO ZINGONIA SRL;;;KG;184,669998168945;-1671,26
NASTRIFICIO ZINGONIA SRL;;;kg;290,850006103516;-712,58
NASTRIFICIO ZINGONIA SRL;;;;0;0
NASTRIFICIO ZINGONIA SRL;PF00360156T0X661035;156/1 TACTEL RIT PA 66 - ARGENTO;KG;868,770002365112;12032,44
NASTRIFICIO ZINGONIA SRL;PF00360156T0X661036;156/1 TACTEL RIT PA 66 - ORO;KG;134,610000371933;1864,35
NASTRIFICIO ZINGONIA SRL;PF0036040/20I661001;40/2 ELAS INT. PA 66 - CANDIDO;KG;130,369999647141;1518,82
NASTRIFICIO ZINGONIA SRL;PF0036040/20I661004;40/2 ELAS INT. PA 66 - NERO;KG;283,219997406006;3299,5
NASTRIFICIO ZINGONIA SRL;PF0036040/20X661004;40/2 ELAS RIT PA 66 - NERO;KG;117,720000743866;1371,45
NASTRIFICIO ZINGONIA SRL;PF0036040/20X661020;40/2 ELAS RIT PA 66 - GRIGIO CHIARO;KG;114,070000648499;1328,91
NASTRIFICIO ZINGONIA SRL;PF0036070/20IP61184;70/2 ELAS INT. PA 6 - BLU PIC;KG;198,5100004673;1727,04
NASTRIFICIO ZINGONIA SRL;PF0036070/20IP61185;70/2 ELAS INT. PA 6 - ROSSO PIC;KG;207,869999647141;1808,49
NASTRIFICIO ZINGONIA SRL;PF0036070/20X661000;70/2 ELAS RIT PA 66 - BLEU STEINER;KG;378,259999752045;3423,26
NASTRIFICIO ZINGONIA SRL;PF0036070/20X661001;70/2 ELAS RIT PA 66 - CANDIDO;KG;4016,84000819921;36352,54
NASTRIFICIO ZINGONIA SRL;PF0036070/20X661002;70/2 ELAS RIT PA 66 - BLU RANGER;KG;108,959999799728;986,09
NASTRIFICIO ZINGONIA SRL;PF0036070/20X661004;70/2 ELAS RIT PA 66 - NERO;KG;7461,57000643015;67527,41
NASTRIFICIO ZINGONIA SRL;PF0036070/20X661005;70/2 ELAS RIT PA 66 - GRIGIO MEDIO;KG;267,23999786377;2418,54
NASTRIFICIO ZINGONIA SRL;PF0036070/20X661006;70/2 ELAS RIT PA 66 - ROSSO BRIKO;KG;95,4599990844727;863,92
NASTRIFICIO ZINGONIA SRL;PF0036070/20X661010;70/2 ELAS RIT PA 66 - AZZURRO 7;KG;98,9299993515015;895,31
NASTRIFICIO ZINGONIA SRL;PF0036070/20X661015;70/2 ELAS RIT PA 66 - GRIGIO SCURO BRIKO;KG;1074,00000238419;9719,71
NASTRIFICIO ZINGONIA SRL;PF0036070/20X661017;70/2 ELAS RIT PA 66 - ROSSO FUOCO;KG;390,720000743866;3536,01
NASTRIFICIO ZINGONIA SRL;PF0036070/20X661023;70/2 ELAS RIT PA 66 - BLU CATANZARO;KG;5162,02999842167;46716,56
NASTRIFICIO ZINGONIA SRL;PF0036070/20X661024;70/2 ELAS RIT PA 66 - GRIGIO PERLA;KG;1197,07000201941;10833,49
NASTRIFICIO ZINGONIA SRL;PF0036070/20X661026;70/2 ELAS RIT PA 66 - BLU MANTRA;KG;104,239999771118;943,37
NASTRIFICIO ZINGONIA SRL;PF0036070/20X661047;70/2 ELAS RIT PA 66 - GRIGIO UOMO;KG;1648,18999898434;14916,11
NASTRIFICIO ZINGONIA SRL;PF0036070/20X661051;70/2 ELAS RIT PA 66 - BLUETTE BRIKO;KG;84,2999992370605;762,91
NASTRIFICIO ZINGONIA SRL;PF0036070/20X661063;70/2 ELAS RIT PA 66 - GRIGIO CAGI;KG;112,169998645782;1015,14
NASTRIFICIO ZINGONIA SRL;PF0036070/20X661065;70/2 ELAS RIT PA 66 - ROSSO SANGUE;KG;411,159997701645;3721,02
NASTRIFICIO ZINGONIA SRL;PF0036070/20X661066;70/2 ELAS RIT PA 66 - BORDEAUX CHIARO;KG;204,379999399185;1849,62
NASTRIFICIO ZINGONIA SRL;PF0036070/20X661074;70/2 ELAS RIT PA 66 - BLU NOTTE;KG;2152,22000312805;19477,61
NASTRIFICIO ZINGONIA SRL;PF0036070/20X661083;70/2 ELAS RIT PA 66 - ROSA CONFETTO;KG;101,380001068115;917,47
NASTRIFICIO ZINGONIA SRL;PF0036070/20X661084;70/2 ELAS RIT PA 66 - VERDE FLUO;KG;97,2200002670288;879,84
NASTRIFICIO ZINGONIA SRL;PF0036070/20X661091;70/2 ELAS RIT PA 66 - ARANCIO SPY;KG;105,590000152588;955,6
NASTRIFICIO ZINGONIA SRL;PF0036070/20X661094;70/2 ELAS RIT PA 66 - TABACCO MEDIO;KG;99,0100002288818;896,05
NASTRIFICIO ZINGONIA SRL;PF0036070/20X661101;70/2 ELAS RIT PA 66 - BLUETTE UOMO;KG;176,85000038147;1600,49
NASTRIFICIO ZINGONIA SRL;PF0036070/20X661107;70/2 ELAS RIT PA 66 - AVIO SCURO BRIKO;KG;1462,43000251055;13235,02
NASTRIFICIO ZINGONIA SRL;PF0036070/20X661108;70/2 ELAS RIT PA 66 - VERDE F.L. 2;KG;201,860000610352;1826,85
NASTRIFICIO ZINGONIA SRL;PF0036070/20X661133;70/2 ELAS RIT PA 66 - AZZURRO 5;KG;89,0699996948242;806,08
NASTRIFICIO ZINGONIA SRL;PF0036070/20X661134;70/2 ELAS RIT PA 66 - LIVING CORAL 16-1546 TPX;KG;114,630001544952;1037,4
NASTRIFICIO ZINGONIA SRL;PF0036070/20X661138;70/2 ELAS RIT PA 66 - GREGGIO;KG;615,649997711182;4775,87
NASTRIFICIO ZINGONIA SRL;PF0036070/20X661144;70/2 ELAS RIT PA 66 - BORDO' QUARENGHI;KG;113,999998569489;1031,7
NASTRIFICIO ZINGONIA SRL;PF0036070/20X661153;70/2 ELAS RIT PA 66 - BRONZO;KG;99,3400011062622;899,03
NASTRIFICIO ZINGONIA SRL;PF0036070/20X661158;70/2 ELAS RIT PA 66 - VERDE SCOTLAND;KG;183,569999933243;1661,31
NASTRIFICIO ZINGONIA SRL;PF0036070/20X661161;70/2 ELAS RIT PA 66 - BORDEAUX 7421;KG;99,710000038147;902,39
NASTRIFICIO ZINGONIA SRL;PF0036070/20X661164;70/2 ELAS RIT PA 66 - GIALLO BAZ;KG;78,8699989318848;713,78
NASTRIFICIO ZINGONIA SRL;PF0036070/20X661170;70/2 ELAS RIT PA 66 - ARMY GREEN;KG;107,209998130798;970,26
NASTRIFICIO ZINGONIA SRL;PF0036070/20X661172;70/2 ELAS RIT PA 66 - ROSSO MELA;KG;100,270000457764;907,45
NASTRIFICIO ZINGONIA SRL;PF0036070/20X661189;70/2 ELAS RIT PA 66 - DEEP RED G378;KG;1551,12999802828;14037,73
NASTRIFICIO ZINGONIA SRL;PF0036070/20X661191;70/2 ELAS RIT PA 66 - BLU DARK;KG;172,740000247955;1563,31
NASTRIFICIO ZINGONIA SRL;PF0036070/20X661192;70/2 ELAS RIT PA 66 - AZZURRO 0513;KG;102,000000953674;923,09
NASTRIFICIO ZINGONIA SRL;PF0036070/20X661195;70/2 ELAS RIT PA 66 - VERDE AMAZZONIA;KG;865,87000054121;7836,1
NASTRIFICIO ZINGONIA SRL;PF0036070/20X661196;70/2 ELAS RIT PA 66 - FUXIA FLUORESCENTE;KG;88,9400005340576;804,89
NASTRIFICIO ZINGONIA SRL;PF0036070/20X661197;70/2 ELAS RIT PA 66 - ARANCIO PUNTO LINEA;KG;87,199999332428;789,16
NASTRIFICIO ZINGONIA SRL;PF0036070/20X661198;70/2 ELAS RIT PA 66 - GIALLO CHIARO;KG;154,630002498627;1399,4
NASTRIFICIO ZINGONIA SRL;PF0036070/20X661199;70/2 ELAS RIT PA 66 - VERDE OLIVA;KG;1099,86000442505;9953,76
NASTRIFICIO ZINGONIA SRL;PF0036070/20X661200;70/2 ELAS RIT PA 66 - ROSSO RAPA;KG;81,7800006866455;740,12
NASTRIFICIO ZINGONIA SRL;PF0036070/20X661201;70/2 ELAS RIT PA 66 - GIALLO SIRIO ;KG;549,159999668598;4969,87
NASTRIFICIO ZINGONIA SRL;PF0036070/20X661202;70/2 ELAS RIT PA 66 - GALACTIC GREEN;KG;83,6500000953674;757,04
NASTRIFICIO ZINGONIA SRL;PF0036070/20X661203;70/2 ELAS RIT PA 66 - GREEN HELMET;KG;567,34000146389;5134,43
NASTRIFICIO ZINGONIA SRL;PF0036070/20X661204;70/2 ELAS RIT PA 66 - BLU CIELO 1757/2019;KG;1574,84999835491;14252,38
NASTRIFICIO ZINGONIA SRL;PF0036070/20X661205;70/2 ELAS RIT PA 66 - ROSSO ARGILLA;KG;623,48999786377;5642,59
NASTRIFICIO ZINGONIA SRL;PF0036070/20X661207;70/2 ELAS RIT PA 66 - MIELE;KG;98,1300001144409;888,08
NASTRIFICIO ZINGONIA SRL;PF0036070/20X661208;70/2 ELAS RIT PA 66 - ROSSO RUBINO;KG;16,3900001049042;148,33
NASTRIFICIO ZINGONIA SRL;PF0036070/20X661209;70/2 ELAS RIT PA 66 - ECO GREEN;KG;16,9200000762939;153,12
NASTRIFICIO ZINGONIA SRL;PF0036070/20X661210;70/2 ELAS RIT PA 66 - BLU GREEN;KG;555,230002701283;5024,86
NASTRIFICIO ZINGONIA SRL;PF0036070/20X661211;70/2 ELAS RIT PA 66 - DARK CURRY;KG;379,600000739098;3435,36
NASTRIFICIO ZINGONIA SRL;PF0036070/20X661212;70/2 ELAS RIT PA 66 - DARK GREY A CAMPIONE/PR.1;KG;48,1899991035461;436,12
NASTRIFICIO ZINGONIA SRL;PF0036070/20X661213;70/2 ELAS RIT PA 66 - GIALLO SPAGHETTI;KG;272,800002574921;2468,86
NASTRIFICIO ZINGONIA SRL;PF0036070/40I661004;70/4 ELAS INT. PA 66 - NERO;KG;4224,96000015736;39081,2
NASTRIFICIO ZINGONIA SRL;PF0036070/40I661138;70/4 ELAS INT. PA 66 - GREGGIO;KG;1100,73999786377;6769,55
NASTRIFICIO ZINGONIA SRL;PF0036070400I661177;SPLENDOR DTEX 78/2 NY66 INTERL - DARK GREY MEL NZ;KG;1214,35999977589;14329,45
NASTRIFICIO ZINGONIA SRL;PF003640/2T0X661145;SPLENDOR DTEX 78/2 NY66 R. - BLU SCURO JEANS MELANGE;KG;1,8400000333786;21,71
NASTRIFICIO ZINGONIA SRL;PF0036402700INY1178;SPLENDOR DTEX 78/2 NY66 INTERL. - GRIGIO 031 NZ TONO 6;KG;369,280001163483;4357,47
NASTRIFICIO ZINGONIA SRL;PF0036402700INY1206;SPLENDOR DTEX 78/2 NY66 INTERL. - MELANGE GRIGIO PULL;KG;470,510001182556;5552,04
NASTRIFICIO ZINGONIA SRL;PF0036402I+0XNY1013;SPLENDOR DTEX 78/2 NY66 R. - GRIGIO MELANGE;KG;2312,87999868393;28448,62
NASTRIFICIO ZINGONIA SRL;PF0036406400INY1140;SPLENDOR DTEX 78/2 NY66 INTERL. - MELANGE ADM;KG;1689,7100007534;19938,56
NASTRIFICIO ZINGONIA SRL;PF0036701TT0I661062;SPLENDOR DTEX 78/2 NY 66 IN - GRIGIO MEDIO MELANGE;KG;1111,64000058174;13117,34
NASTRIFICIO ZINGONIA SRL;PF0036781820ITP1151;78/18X2 INT. PA6 TINTO PASTA - NERO T.P.;KG;4515,56000137329;24384,08
NASTRIFICIO ZINGONIA SRL;PF0036781820ITP1155;78/18X2 INT. PA6 TINTO PASTA - BIANCO T.P.;KG;9815,5599861145;53987,54
NASTRIFICIO ZINGONIA SRL;PF0036786820ITP1142;78/68/2 ELAS INTERL PA6 TINTO PASTA - BIANCO;KG;807,14999961853;7264,35
REMMERT SPA;;;KG;185,639999389648;-2784,6
REMMERT SPA;;;;0;0
REMMERT SPA;PF00370156T0X661013;156/1 TACTEL RIT PA 66 - BIANCO;KG;255,689999818802;4295,59
REMMERT SPA;PF00370156T0X661133;156/1 TACTEL RIT PA 66 - GREGGIO;KG;109,039999723434;1701,03
REMMERT SPA;PF0037070/10A661133;70/1 ELAS APE PA 66 - GREGGIO;KG;325,829997062683;2215,65
REMMERT SPA;PF0037070/10A661183;70/1 ELAS APE PA 66 - BLU PARALLELO;KG;236,05999994278;2313,39
REMMERT SPA;PF0037070/20IP61133;70/2 ELAS INT. PA 6 - GREGGIO;KG;933,269991397858;4852,96
REMMERT SPA;PF0037070/20XP61010;70/2 ELAS RIT PA 6 - ROSSO 237;KG;112,129999160767;1087,67
REMMERT SPA;PF0037070/20XP61016;70/2 ELAS RIT PA 6 - GRIGIO 630;KG;44,5900000929832;432,52
REMMERT SPA;PF0037070/20XP61019;70/2 ELAS RIT PA 6 - BLU 295;KG;110,25;1069,42
REMMERT SPA;PF0037070/20XP61026;70/2 ELAS RIT PA 6 - BLU 292;KG;157,109999895096;1523,97
REMMERT SPA;PF0037070/20XP61032;70/2 ELAS RIT PA 6 - GRIGIO 266;KG;135,039999961853;1309,89
REMMERT SPA;PF0037070/20XP61036;70/2 ELAS RIT PA 6 - GRIGIO 747;KG;57,919998884201;561,83
REMMERT SPA;PF0037070/20XP61045;70/2 ELAS RIT PA 6 - AZZURRO 290;KG;47,489999294281;460,65
REMMERT SPA;PF0037070/20XP61055;70/2 ELAS RIT PA 6 - AMARANTO 711;KG;98,1800003051758;952,34
REMMERT SPA;PF0037070/20XP61059;70/2 ELAS RIT PA 6 - MARRONE 542;KG;56,6499991416931;549,51
REMMERT SPA;PF0037070/20XP61068;70/2 ELAS RIT PA 6 - BLU 595;KG;49,4200005531311;479,39
REMMERT SPA;PF0037070/20XP61079;70/2 ELAS RIT PA 6 - CELESTE 627;KG;61,0299997329712;591,99
REMMERT SPA;PF0037070/20XP61083;70/2 ELAS RIT PA 6 - BLU 294;KG;55,6799993515015;540,1
REMMERT SPA;PF0037070/20XP61097;70/2 ELAS RIT PA 6 - VIOLA 307;KG;47,5599992275238;461,34
REMMERT SPA;PF0037070/20XP61120;70/2 ELAS RIT PA 6 - BEIGE 769;KG;49,6899988651276;482
REMMERT SPA;PF0037070/20XP61121;70/2 ELAS RIT PA 6 - MARRONE 616;KG;53,1099996566772;515,18
REMMERT SPA;PF0037070/20XP61124;70/2 ELAS RIT PA 6 - VERDE 257;KG;51,3799989819527;498,39
REMMERT SPA;PF0037070/20XP61125;70/2 ELAS RIT PA 6 - CARNE 737;KG;34,9500002861023;339,01
REMMERT SPA;PF0037070/20XP61133;70/2 ELAS RIT PA 6 - GREGGIO;KG;221,099997520447;1525,59
REMMERT SPA;PF0037070/20XP61137;70/2 ELAS RIT PA 6 - ARANCIO 220;KG;51,7399992346764;501,87
REMMERT SPA;PF0037070/20XP61160;70/2 ELAS RIT PA 6 - BEIGE 222;KG;34,1499996185303;331,25
REMMERT SPA;PF0037070/20XP61175;70/2 ELAS RIT PA 6 - MARRONE 746;KG;51,7900004386902;502,37
REMMERT SPA;PF0037070/20XP61176;70/2 ELAS RIT PA 6 - PETROLIO A CAMPIONE;KG;38,4800000190735;373,26
REMMERT SPA;PF0037070/20XP61177;70/2 ELAS RIT PA 6 - 554;KG;31,0799992084503;301,48
REMMERT SPA;PF0037070/20XP61178;70/2 ELAS RIT PA 6 - 227 FLUO;KG;28,4100003242493;275,59
REMMERT SPA;PF0037070/20XP61179;70/2 ELAS RIT PA 6 - 540;KG;30,25;293,42
REMMERT SPA;PF0037070/20XP61180;70/2 ELAS RIT PA 6 - 204;KG;31,3000011444092;303,61
REMMERT SPA;PF0037070/20XP61181;70/2 ELAS RIT PA 6 - 605;KG;28,3800001144409;275,29
REMMERT SPA;PF0037070/20XP61182;70/2 ELAS RIT PA 6 - AZZURRO 535;KG;36,3499989509583;352,6
REMMERT SPA;PF0037070/20XP61184;70/2 ELAS RIT PA 6 - ARANCIO 798;KG;57,3699998855591;556,5
REMMERT SPA;PF0037070/20XP61185;70/2 ELAS RIT PA 6 - GRIGIO 268;KG;44,9799995422363;436,3
REMMERT SPA;PF0037070/20XP61186;70/2 ELAS RIT PA 6 - BEIGE 322;KG;54,6399993896484;530,01
REMMERT SPA;PF0037070/30XFL1007;70/3 ELAS RITORTO FLEXY 120 GIRI PA 6 - GIALLO VF;KG;327,429998636246;3176,07
REMMERT SPA;PF0037070/60XP61187;70/6 ELAS RIT PA 6 - VERDE A CAMPIONE;KG;1,04999995231628;30
REMMERT SPA;PF0037786820M661000;78/68/2  RIT 200 GIRI PA 66 MICRO - CANDIDO;KG;1221,27000999451;18319,05
REMMERT SPA;PF0037786820M661008;78/68/2  RIT 200 GIRI PA 66 MICRO - BLU 805;KG;177,25;2658,75
REMMERT SPA;PF0037786820M661034;78/68/2  RIT 200 GIRI PA 66 MICRO - NERO;KG;728,930003404617;10933,95
REMMERT SPA;PF0037786820M661036;78/68/2  RIT 200 GIRI PA 66 MICRO - GRIGIO 747;KG;98,3299989700317;1474,95
REMMERT SPA;PF0037786820M661041;78/68/2  RIT 200 GIRI PA 66 MICRO - GRIGIO 270;KG;70,4200000762939;1056,3
REMMERT SPA;PF0037786820M661140;78/68/2  RIT 200 GIRI PA 66 MICRO - GRIGIO VERSACE;KG;54,6900005340576;820,35
REMMERT SPA;PR00370001;;;0;430,01
REMMERT SPA;PR00370006;;;0;14,21
SARA SPORTLINE SRL;;;;;
SARA SPORTLINE SRL;PF0039070/10A661006;70/1 ELAS APE PA 66 - CERAMIC 16-5127;KG;15,8400001525879;164,74
SARA SPORTLINE SRL;PF0039070/20\661001;70/2 ELAS RIT S. PA 66 - ROSSO;KG;268,189999222755;2574,6
SARA SPORTLINE SRL;PF0039070/40X661001;70/4 ELAS RIT PA 66 - ROSSO;KG;174,590000867844;1841,89
SARA SPORTLINE SRL;PF0039070/40X661004;70/4 ELAS RIT PA 66 - GIALLO 116C;KG;80,0100002288818;844,11
LIABEL SPA;;;;;
LIABEL SPA;PF0070020/10A661000;20/1 ELAS APE PA 66 - BORDO';KG;33,9800002574921;1223,28
TEA SRL;;;;;
TEA SRL;PF0073100/10X661006;100/1 ELAS RIT PA 66 - GREGGIO;KG;90,8799991607666;745,21
TEA SRL;PF0073100/20X661006;100/2 ELAS RIT PA 66 - GREGGIO;KG;240,599997520447;1972,93
NEW KOKO'S  SRL;;;KG;35,5799999237061;-330,73
NEW KOKO'S  SRL;;;;0;0
NEW KOKO'S  SRL;PF0084070/20XFL1012;70/2 ELAS RIT FLEXY PA 6 - 36193 DIVA PINK FLUO;KG;21,4800000190735;195,47
NEW KOKO'S  SRL;PF0084070/20XFL1016;70/2 ELAS RIT FLEXY PA 6 - 34476 ESCARLATA 8152;KG;14,9300003051758;135,86
NEW KOKO'S  SRL;PF0084070/20XFL1036;70/2 ELAS RIT FLEXY PA 6 - 31322 BLU B051;KG;39,1299993991852;356,08
NEW KOKO'S  SRL;PF0084070/20XFL1041;70/2 ELAS RIT FLEXY PA 6 - 34243 VERDE MAR 4550 LEFERON V300;KG;17,7299997806549;161,34
NEW KOKO'S  SRL;PF0084070/20XFL1042;70/2 ELAS RIT FLEXY PA 6 - 33359 VERDE PISTACCHIO V414;KG;19,5800001621246;178,18
NEW KOKO'S  SRL;PF0084070/20XFL1091;70/2 ELAS RIT FLEXY PA 6 - 36864 SEABREEZE C050;KG;18,2599999904633;166,17
NEW KOKO'S  SRL;PF0084070/20XFL1098;70/2 ELAS RIT FLEXY PA 6 - 37223 SCARLET R210;KG;34,8100004792213;316,77
NEW KOKO'S  SRL;PF0084070/20XFL1100;70/2 ELAS RIT FLEXY PA 6 - 31695 OLIVA KONA V140;KG;37,7999987602234;343,99
NEW KOKO'S  SRL;PF0084070/20XFL1101;70/2 ELAS RIT FLEXY PA 6 - 36514 CRUISE T001;KG;56,5799999237061;514,88
NEW KOKO'S  SRL;PF0084070/30XFL1005;70/3 ELAS RIT FLEXY PA 6 - 36833 BLUETTE;KG;131,669999361038;1171,88
NEW KOKO'S  SRL;PF0084070/30XFL1007;70/3 ELAS RIT FLEXY PA 6 - 36938 VIOLA;KG;35,1300001144409;312,66
NEW KOKO'S  SRL;PF0084070/30XFL1016;70/3 ELAS RIT FLEXY PA 6 - 34476 ESCARLATA 8152;KG;49,2099996805191;437,96
NEW KOKO'S  SRL;PF0084070/30XFL1022;70/3 ELAS RIT FLEXY PA 6 - 37221 ARANCIO A083 TANGERINE TANGO;KG;106,870000362396;951,15
NEW KOKO'S  SRL;PF0084070/30XFL1027;70/3 ELAS RIT FLEXY PA 6 - 36854 DIVA PINK FLUO;KG;96,840000629425;861,87
NEW KOKO'S  SRL;PF0084070/30XFL1035;70/3 ELAS RIT FLEXY PA 6 - 35345 CHARCHOAL;KG;393,310000419617;3500,49
NEW KOKO'S  SRL;PF0084070/30XFL1037;70/3 ELAS RIT FLEXY PA 6 - 36759 NERO;KG;340,080002307892;3026,7
NEW KOKO'S  SRL;PF0084070/30XFL1039;70/3 ELAS RIT FLEXY PA 6 - 37488 TURCHESE CHIARO 8155;KG;18,8299999237061;167,58
NEW KOKO'S  SRL;PF0084070/30XFL1041;70/3 ELAS RIT FLEXY PA 6 - 34243 VERDE MAR 4550 LEFERON V300;KG;38,0799999237061;338,91
NEW KOKO'S  SRL;PF0084070/30XFL1043;70/3 ELAS RIT FLEXY PA 6 - 36758 BIANCO E1;KG;430,500002384186;3831,45
NEW KOKO'S  SRL;PF0084070/30XFL1050;70/3 ELAS RIT FLEXY PA 6 - 37771 SULPHUR SPRING G029;KG;190,879999637604;1698,82
NEW KOKO'S  SRL;PF0084070/30XFL1055;70/3 ELAS RIT FLEXY PA 6 - 38084 MEDITERAN BLUE B125;KG;20,0699996948242;178,62
NEW KOKO'S  SRL;PF0084070/30XFL1058;70/3 ELAS RIT FLEXY PA 6 - 38027 SCARLET R210;KG;21,0900001525879;187,71
NEW KOKO'S  SRL;PF0084070/30XFL1059;70/3 ELAS RIT FLEXY PA 6 - 38807 AURA SPECIAL;KG;15,5799999237061;138,66
NEW KOKO'S  SRL;PF0084070/30XFL1060;70/3 ELAS RIT FLEXY PA 6 - 37005 BORDEAUX E 80 B058;KG;127,069999694824;1130,93
NEW KOKO'S  SRL;PF0084070/30XFL1061;70/3 ELAS RIT FLEXY PA 6 - 37120 ROSSO FUOCO E 34 R119;KG;38,9599990844727;346,74
NEW KOKO'S  SRL;PF0084070/30XFL1064;70/3 ELAS RIT FLEXY PA 6 - 36547 GRIGIO G396;KG;80,8700013160706;719,75
NEW KOKO'S  SRL;PF0084070/30XFL1065;70/3 ELAS RIT FLEXY PA 6 - 37413 VERDE V396;KG;86,6399985551834;771,1
NEW KOKO'S  SRL;PF0084070/30XFL1069;70/3 ELAS RIT FLEXY PA 6 - 36829 OTTANIO O013;KG;289,57999920845;2577,28
NEW KOKO'S  SRL;PF0084070/30XFL1076;70/3 ELAS RIT FLEXY PA 6 - 36824 PETROLIO P028;KG;19,9700000286102;177,74
NEW KOKO'S  SRL;PF0084070/30XFL1078;70/3 ELAS RIT FLEXY PA 6 - 37881 VERDE QUADRIFOGLIO V125;KG;42,8499994277954;381,36
NEW KOKO'S  SRL;PF0084070/30XFL1080;70/3 ELAS RIT FLEXY PA 6 - 37778 BLU B051;KG;58,8299999237061;523,59
NEW KOKO'S  SRL;PF0084070/30XFL1083;70/3 ELAS RIT FLEXY PA 6 - 37695 FUCSIA SCURO F002;KG;21,1400003433228;188,15
NEW KOKO'S  SRL;PF0084070/30XFL1085;70/3 ELAS RIT FLEXY PA 6 - 36845 BORDEAUX B049;KG;18,6900005340576;166,34
NEW KOKO'S  SRL;PF0084070/30XFL1086;70/3 ELAS RIT FLEXY PA 6 - 37313 PISTACCHIO V414 ;KG;17,3299999237061;154,24
NEW KOKO'S  SRL;PF0084070/30XFL1087;70/3 ELAS RIT FLEXY PA 6 - 36983 PRUGNA 8158 P104;KG;19,210000038147;170,97
NEW KOKO'S  SRL;PF0084070/30XFL1088;70/3 ELAS RIT FLEXY PA 6 - 37711 GIALLO CORN G065;KG;18,7000002861023;166,44
NEW KOKO'S  SRL;PF0084070/30XFL1089;70/3 ELAS RIT FLEXY PA 6 - 37028 CARDINALE 8037 V352;KG;16,2800002098083;144,89
NEW KOKO'S  SRL;PF0084070/30XFL1090;70/3 ELAS RIT FLEXY PA 6 - 37752 FUXIA NEON F031 FLUO;KG;37,3699996471405;332,6
NEW KOKO'S  SRL;PF0084070/30XFL1092;70/3 ELAS RIT FLEXY PA 6 - 36936 GIALLO G002 E36;KG;31,0300005674362;276,17
NEW KOKO'S  SRL;PF0084070/30XFL1093;70/3 ELAS RIT FLEXY PA 6 - 37025 ROSA AZALEA F005;KG;19,6500000953674;174,89
NEW KOKO'S  SRL;PF0084070/30XFL1094;70/3 ELAS RIT FLEXY PA 6 - 37030 BLUE COBALT C048;KG;20,4799995422363;182,27
NEW KOKO'S  SRL;PF0084070/30XFL1095;70/3 ELAS RIT FLEXY PA 6 - 37783 VERDE BAIA V112;KG;32,0800006985664;285,51
NEW KOKO'S  SRL;PF0084070/30XFL1097;70/3 ELAS RIT FLEXY PA 6 - 38194 WILF ROSE V073;KG;117,140000581741;1042,54
NEW KOKO'S  SRL;PF0084070/30XFL1099;70/3 ELAS RIT FLEXY PA 6 - 37023 VERDE MAR 4550 LEFERON V300;KG;202,769999504089;1804,66
NEW KOKO'S  SRL;PF0084070/40XFL1030;70/4 ELAS RIT FLEXY PA 6 - 37741 GRIGIO G901;KG;135,390000104904;1245,6
NEW KOKO'S  SRL;PF0084070/40XFL1046;70/4 ELAS RIT FLEXY PA 6 - 36510 ANTRACITE A235;KG;169,679999828339;1561,05
NEW KOKO'S  SRL;PF0084070/40XFL1047;70/4 ELAS RIT FLEXY PA 6 - 35186 GRIGIO CHIARO 106 G142;KG;47,7400002479553;439,2
NEW KOKO'S  SRL;PF0084070/40XFL1082;70/4 ELAS RIT FLEXY PA 6 - 36446 SPORT ORANGE FLUO A082;KG;54,4900002479553;501,29
NEW KOKO'S  SRL;PF0084070/40XFL1103;70/4 ELAS RIT FLEXY PA 6 - 35189 ROSSO R103;KG;113,430000305176;1043,55
NEW KOKO'S  SRL;PF0084070/40XFL1105;70/4 ELAS RIT FLEXY PA 6 - 38797 GRIGIO SCURO G180;KG;19,2800002098083;177,38
NEW KOKO'S  SRL;PF0084784620XTC1008;78/46/2 ELAS RIT TACTEL - 30389 NERO;KG;48,2600002288818;632,21
NEW KOKO'S  SRL;PF0084784620XTC1009;78/46/2 ELAS RIT TACTEL - 36230 ROSSO VINO 5663;KG;20,5999999046326;269,86
NEW KOKO'S  SRL;PF0084784620XTC1079;78/46/2 ELAS RIT TACTEL - 36499 VERDE MAR 4550 LEFERON;KG;20,9200000762939;274,05
NEW KOKO'S  SRL;PF0084786020LEX1106;78/60/2 QNOVA LEG.INTERL FLEXI GRS 60 PA 66 - 39002 NERO N002;KG;503,529999256134;6394,85
NEW KOKO'S  SRL;PF0084786020LEX1107;78/60/2 QNOVA LEG.INTERL FLEXI GRS 60 PA 66 - 39015 SAFETY YELLOW FLUO G006;KG;208,55999994278;2648,72
NEW KOKO'S  SRL;PF00847866Q0XEX1070;78/68/2 QSKIN RIT FLEXI PA 66 - 32630 NERO;KG;48,6499993801117;802,73
NEW KOKO'S  SRL;PF00847866Q0XEX1104;78/68/2 QSKIN RIT FLEXI PA 66 - 38620 GRIGIO ACCIAIO G180;KG;57,0300006866455;892,07
NEW KOKO'S  SRL;PF0084786820X661008;78/68/2  RIT PA 66 - 30389 NERO;KG;135,650001525879;1654,93
NEW KOKO'S  SRL;PF0084786820X661026;78/68/2  RIT PA 66 - 35208 B001 BIANCO;KG;101,179998874664;1234,38
NEW KOKO'S  SRL;PF0084786820X661084;78/68/2  RIT PA 66 - 38940 ROSSO R103;KG;52,300000667572;638,06
NEW KOKO'S  SRL;PF008478QSZ0B661102;78/68/2 MELANGE QSKIN BINATO PA66 - 39153 MEL NERO+ANTRACITE;KG;85,9600005149841;1461,32
NEW KOKO'S  SRL;PR00840006;;;0;209,38
STORI B. & C. SRL;;;;;
STORI B. & C. SRL;PF0102040/20XEX1039;40/2 ELAS RIT FLEXI PA 66 - N6 ANTRACITE;KG;20,8699998855591;346,44
STORI B. & C. SRL;PF0102070/20\661007;70/2 ELAS RIT S. PA 66 - NATURALE K0;KG;24,6999998092651;343,33
STORI B. & C. SRL;PF0102070/20\661039;70/2 ELAS RIT S. PA 66 - N6 ANTRACITE;KG;18,3499999046326;255,06
STORI B. & C. SRL;PF0102100/20X661007;100/2 ELAS RIT PA 66 - NATURALE K0;KG;11,1899995803833;155,54
STORI B. & C. SRL;PF0102443410I661000;44/34/1 ELAS INT. PA 66 - BIANCO X0;KG;106,110000610352;1543,9
STORI B. & C. SRL;PF0102443410I661003;44/34/1 ELAS INT. PA 66 - N9 NERO;KG;94,6999998092651;1377,88
STORI B. & C. SRL;PF0102443410I661009;44/34/1 ELAS INT. PA 66 - PIOMBO N8;KG;31,75;461,96
STORI B. & C. SRL;PF0102443410I661021;44/34/1 ELAS INT. PA 66 - ROSSO S0;KG;18,7599995136261;272,96
STORI B. & C. SRL;PF0102443410I661028;44/34/1 ELAS INT. PA 66 - P1 GRIGIO CHIARO;KG;40,6100006103516;590,88
CALZIFICIO TELEMACO SRL;;;;;
CALZIFICIO TELEMACO SRL;PF0110070/20XFL1002;70/2 ELAS RIT FLEXY PA 6 - 37059 SULPHUR SPRING;KG;65,0500001907349;591,96
CALZIFICIO TELEMACO SRL;PF0110070/20XFL1037;70/2 ELAS RIT FLEXY PA 6 - 36514 CRUISE T001;KG;18,2999997735023;166,53
CALZIFICIO TELEMACO SRL;PF0110070/30XFL1009;70/3 ELAS RIT FLEXY PA 6 - 36934 ARANCIO FLUO;KG;17,5900003910065;156,55
CALZIFICIO TELEMACO SRL;PF0110070/30XFL1029;70/3 ELAS RIT FLEXY PA 6 - 36761 GRIGIO E 111 G126;KG;200,96000289917;1788,55
CALZIFICIO TELEMACO SRL;PF0110070/30XFL1032;70/3 ELAS RIT FLEXY PA 6 - 36832 ROSSO R055;KG;18,5299997329712;164,91
CALZIFICIO TELEMACO SRL;PF0110070/30XFL1035;70/3 ELAS RIT FLEXY PA 6 - 37310 COL. 1039 GRIGIO MEDIO G172;KG;35,9599990844727;320,04
CALZIFICIO TELEMACO SRL;PF0110070/30XFL1036;70/3 ELAS RIT FLEXY PA 6 - 37771 SULPHUR SPRING G029;KG;93,0299997329712;827,98
CALZIFICIO TELEMACO SRL;PF0110070/40XFL1024;70/4 ELAS RIT FLEXY PA 6 - 38595 VIOLA LAVANDA V012;KG;19,9200010299683;183,27
CALZIFICIO TELEMACO SRL;PF01100786A0I661033;78/68/2 AMNI SOUL ECO INT. PA 66 - 30389 NERO;KG;29,3100004196167;515,86
CALZIFICIO TELEMACO SRL;PF01100786A0I661038;78/68/2 AMNI SOUL ECO INT. PA 66 - 39260 GRIGIO ARGENTO G067;KG;59,7399988174438;1051,43
CALZIFICIO TELEMACO SRL;PF01100786A0I661039;78/68/2 AMNI SOUL ECO INT. PA 66 - 39262 AVIO ABISSO A210;KG;19,2600002288818;338,97
CALZIFICIO TELEMACO SRL;PF0110782SL0XEX1006;78/68/2 SKINLIFE RIT FLEXI PA 66 - 37109 NERO N002;KG;4,92000007629395;76,26
CALZIFICIO TELEMACO SRL;PF0110782SL0XEX1026;78/68/2 SKINLIFE RIT FLEXI PA 66 - CANDIDO;KG;4,6100001335144;71,46
CALZIFICIO TELEMACO SRL;PF0110784620XTC1001;78/46/2 ELAS RIT TACTEL - 36192 NEON GIALLO FLUO;KG;30,3600001335144;397,72
CALZIFICIO TELEMACO SRL;PF0110784620XTC1033;78/46/2 ELAS RIT TACTEL - 30389 NERO;KG;95,4000000953674;1249,76
CALZIFICIO TELEMACO SRL;PF0110784620XTC1034;78/46/2 ELAS RIT TACTEL - 30380 BIANCO;KG;41,600001335144;544,96
CALZIFICIO TELEMACO SRL;PF0110786020LEX1006;78/60/2 QNOVA LEG.INTERL FLEXI GRS 60 PA 66 - 37109 NERO N002;KG;590,730002641678;7502,3
CALZIFICIO TELEMACO SRL;PF0110786020LEX1026;78/60/2 QNOVA LEG.INTERL FLEXI GRS 60 PA 66 - CANDIDO;KG;480,490001320839;6102,25
CALZIFICIO TELEMACO SRL;PF0110786020LEX1028;78/60/2 QNOVA LEG.INTERL FLEXI GRS 60 PA 66 - 39020 GRIGIO G126;KG;197,869999289513;2512,96
CALZIFICIO TELEMACO SRL;PF0110786020LEX1030;78/60/2 QNOVA LEG.INTERL FLEXI GRS 60 PA 66 - 39014 CABERNET R490;KG;135,650000095367;1722,76
CALZIFICIO TELEMACO SRL;PF0110786020LEX1031;78/60/2 QNOVA LEG.INTERL FLEXI GRS 60 PA 66 - 39015 GRS SAFETY YELLOW FLUO G006;KG;129,130000114441;1639,96
CALZIFICIO TELEMACO SRL;PF0110786020LEX1040;78/60/2 QNOVA LEG.INTERL FLEXI GRS 60 PA 66 - 39007 V732 VERDE ACQUA;KG;49,7099990844727;631,33
CALZIFICIO TELEMACO SRL;PF0110786020LEX1041;78/60/2 QNOVA LEG.INTERL FLEXI GRS 60 PA 66 - 39008 R016 ROSA SALMON;KG;20,0699996948242;254,89
CALZIFICIO TELEMACO SRL;PF0110786020LEX1042;78/60/2 QNOVA LEG.INTERL FLEXI GRS 60 PA 66 - 39009 A056 BLUE AZAFATA;KG;37,8699998855591;480,95
CALZIFICIO TELEMACO SRL;PF0110786020LEX1043;78/60/2 QNOVA LEG.INTERL FLEXI GRS 60 PA 66 - 39006 B103 COBALTO;KG;19,460000038147;247,14
CALZIFICIO TELEMACO SRL;PF01107866Q0XEX1027;78/68/2 QSKIN RIT FLEXI PA 66 - 38751 SULPHUR SPRING G029;KG;125,990000724792;2078,86
CALZIFICIO TELEMACO SRL;PF011078SQS0I661024;78/68/2 QSKIN INT. PA 66 - 38595 VIOLA LAVANDA V012;KG;12,539999961853;206,91
CALZIFICIO TELEMACO SRL;PF011078SQS0I661025;78/68/2 QSKIN INT. PA 66 - 38596 VERDONE V205;KG;12,960000038147;213,84
CALZIFICIO TELEMACO SRL;PF011078SQS0I661027;78/68/2 QSKIN INT. PA 66 - 38751 SULPHUR SPRING G029;KG;35,3799993991852;583,77
CALZIFICIO TELEMACO SRL;PF011078SQS0I661044;78/68/2 QSKIN INT. PA 66 - 38272 NERO 103;KG;79,8100008964539;1316,88
CALZIFICIO TELEMACO SRL;PR01100006;;;0;153,12
VEROPIZ S.R.L.;;;KG;164,549998283386;-1555
VEROPIZ S.R.L.;;;NR;;-320
VEROPIZ S.R.L.;;;;0;0
VEROPIZ S.R.L.;PF0118030/10A661061;30/1 ELAS APE PA 66 - GREGGIO;KG;115,250000238419;461
VEROPIZ S.R.L.;PF0118040/20X661003;40/2 ELAS RIT PA 66 - NERO;KG;8,36999988555908;104,63
VEROPIZ S.R.L.;PF0118070/20X661002;70/2 ELAS RIT PA 66 - BIANCO;KG;2041,1499979496;19288,84
VEROPIZ S.R.L.;PF0118070/20X661003;70/2 ELAS RIT PA 66 - NERO;KG;12342,2600070834;116634,56
VEROPIZ S.R.L.;PF0118070/20X661011;70/2 ELAS RIT PA 66 - DARK GREY A CAMPIONE/PR.1;KG;529,040000200272;4999,46
VEROPIZ S.R.L.;PF0118070/20X661017;70/2 ELAS RIT PA 66 - BLU CIELO 1757/2018;KG;1216,18000221252;11231,94
VEROPIZ S.R.L.;PF0118070/20X661024;70/2 ELAS RIT PA 66 - DEEP RED G378 /PR.1;KG;1195,72999751568;11299,64
VEROPIZ S.R.L.;PF0118070/20X661029;70/2 ELAS RIT PA 66 - POISON RED;KG;667,629997968674;6309,15
VEROPIZ S.R.L.;PF0118070/20X661031;70/2 ELAS RIT PA 66 - ANTRACITE SOLIDO;KG;368,909999608994;3486,23
VEROPIZ S.R.L.;PF0118070/20X661041;70/2 ELAS RIT PA 66 - VERDE AMAZZONIA;KG;84,3000001907349;796,64
VEROPIZ S.R.L.;PF0118070/20X661043;70/2 ELAS RIT PA 66 - G031/PR.1 - BLU;KG;0,589999973773956;5,58
VEROPIZ S.R.L.;PF0118070/20X661044;70/2 ELAS RIT PA 66 - ROSSO RAPA;KG;54,9299999475479;519,1
VEROPIZ S.R.L.;PF0118070/20X661046;70/2 ELAS RIT PA 66 - GALACTIC GREEN;KG;1,54999995231628;14,65
VEROPIZ S.R.L.;PF0118070/20X661047;70/2 ELAS RIT PA 66 - GIALLO SIRIO C.11055;KG;97,519999563694;921,58
VEROPIZ S.R.L.;PF0118070/20X661048;70/2 ELAS RIT PA 66 - BLU CIELO 1757/2019;KG;4217,83999788761;39858,6
VEROPIZ S.R.L.;PF0118070/20X661049;70/2 ELAS RIT PA 66 - SYDNEY BLU;KG;1,35000002384186;12,76
VEROPIZ S.R.L.;PF0118070/20X661050;70/2 ELAS RIT PA 66 - SIDNEY BLU;KG;228,550001144409;2159,79
VEROPIZ S.R.L.;PF0118070/20X661051;70/2 ELAS RIT PA 66 - POLVERE BLU TPX 16-4021;KG;1,89999997615814;17,96
VEROPIZ S.R.L.;PF0118070/20X661052;70/2 ELAS RIT PA 66 - WATER ROSE TPX 13-2802;KG;1,89999997615814;17,96
VEROPIZ S.R.L.;PF0118070/20X661053;70/2 ELAS RIT PA 66 - ULIVO TPX 17-0115;KG;2,15000009536743;20,32
VEROPIZ S.R.L.;PF0118070/20X661054;70/2 ELAS RIT PA 66 - VERDE QUADRIFOGLIO;KG;770,72999972105;7140,04
VEROPIZ S.R.L.;PF0118070/20X661055;70/2 ELAS RIT PA 66 - ROSSO ARGILLA;KG;325,850001215935;3079,28
VEROPIZ S.R.L.;PF0118070/20X661056;70/2 ELAS RIT PA 66 - BLU PATRIOTA;KG;336,580000817776;3180,7
VEROPIZ S.R.L.;PF0118070/20X661057;70/2 ELAS RIT PA 66 - APPLE GREEN;KG;706,809995293617;6679,34
VEROPIZ S.R.L.;PF0118070/20X661058;70/2 ELAS RIT PA 66 - GREEN HELMET;KG;1,3299999833107;12,57
VEROPIZ S.R.L.;PF0118070/20X661059;70/2 ELAS RIT PA 66 - GIALLO SOFT;KG;1,52999997138977;14,46
VEROPIZ S.R.L.;PF0118070/20X661060;70/2 ELAS RIT PA 66 - VIBRANT YELLOW 13-0858 TPX;KG;98,6699993610382;932,45
VEROPIZ S.R.L.;PF0118070/20X661062;70/2 ELAS RIT PA 66 - RED COOPER;KG;100,77999997139;952,36
VEROPIZ S.R.L.;PF0118070/20X661063;70/2 ELAS RIT PA 66 - RED BROWN;KG;0,990000009536743;9,36
VEROPIZ S.R.L.;PF0118070/20X661064;70/2 ELAS RIT PA 66 - CARTA DA ZUCCHERO;KG;1,29999995231628;12,29
VEROPIZ S.R.L.;PF0118070/20X661065;70/2 ELAS RIT PA 66 - DARK SAGE;KG;0,990000009536743;9,36
VEROPIZ S.R.L.;PF0118070/20X661066;70/2 ELAS RIT PA 66 - BLU PROFONDO;KG;1,20000004768372;11,34
VEROPIZ S.R.L.;PF0118070/20X661067;70/2 ELAS RIT PA 66 - FUXIA BLOGGER FLUO;KG;312,199998855591;2950,29
VEROPIZ S.R.L.;PF0118070/20X661068;70/2 ELAS RIT PA 66 - MINT NEON;KG;391,629999816418;3700,89
VEROPIZ S.R.L.;PF0118070/20X661069;70/2 ELAS RIT PA 66 - DARK CURRY;KG;3,26999998092651;30,9
VEROPIZ S.R.L.;PF0118070/20X661070;70/2 ELAS RIT PA 66 - BLU GREEN;KG;275,509998083115;2603,59
VEROPIZ S.R.L.;PF0118070/20X661071;70/2 ELAS RIT PA 66 - ECO GREEN;KG;653,609999299049;6176,63
VEROPIZ S.R.L.;PF0118070/20X661072;70/2 ELAS RIT PA 66 - ROSSO RUBINO;KG;382,32999920845;3613,04
VEROPIZ S.R.L.;PF0118070/20X661073;70/2 ELAS RIT PA 66 - GIALLO SPAGHETTI;KG;5,70999991893768;53,97
VEROPIZ S.R.L.;PF0118070/20X661074;70/2 ELAS RIT PA 66 - SUMMER PHARD;KG;0,920000016689301;8,69
VEROPIZ S.R.L.;PF0118070/20X661075;70/2 ELAS RIT PA 66 - SUMMER PHARD + SCURO;KG;1,23000001907349;11,62
VEROPIZ S.R.L.;PF0118070/20X661076;70/2 ELAS RIT PA 66 - GIALLO SIRIO C.11971;KG;377,280000805855;3565,29
VEROPIZ S.R.L.;PF0118070/20X661077;70/2 ELAS RIT PA 66 - DARK WINE;KG;0,720000028610229;6,8
VEROPIZ S.R.L.;PF0118070/20X661078;70/2 ELAS RIT PA 66 - PEARLE ROSE;KG;0,560000002384186;5,29
VEROPIZ S.R.L.;PF0118070/20X661079;70/2 ELAS RIT PA 66 - RED PLUM;KG;0,740000009536743;6,99
VEROPIZ S.R.L.;PF0118070/20X661080;70/2 ELAS RIT PA 66 - PHARD;KG;0,920000016689301;8,69
VEROPIZ S.R.L.;PF0118070/20X661081;70/2 ELAS RIT PA 66 - CREMA LATTE;KG;0,920000016689301;8,69
VEROPIZ S.R.L.;PF0118402700INY1037;SPLENDOR DTEX 78/2 NY66 INTERL. - GRIGIO 031 NZ TONO 6;KG;517,629999160767;6651,55
VEROPIZ S.R.L.;PF0118786820X661047;78/68/2  RIT PA 66 - GIALLO SIRIO C.11055;KG;1,08000004291534;13,5
VEROPIZ S.R.L.;PF0118786820X661073;78/68/2  RIT PA 66 - GIALLO SPAGHETTI;KG;1,42999994754791;17,88
VEROPIZ S.R.L.;PR01180001;;;0;24,43
VEROPIZ S.R.L.;PR01180006;;;0;249,77
GENESI SRL;;;;;
GENESI SRL;PF0121100/20D661010;100/2 ELAS CUC 10000 PA 66 - COD. 0003 NERO;KG;97,1900005340576;1632
GENESI SRL;PF0121100/20D661024;100/2 ELAS CUC 10000 PA 66 - COD. 1323;KG;26,2899994850159;436
GENESI SRL;PF0121100/20D661052;100/2 ELAS CUC 10000 PA 66 - COD. 1333;KG;13,6900001764297;232
GENESI SRL;PF0121100/20D661087;100/2 ELAS CUC 10000 PA 66 - COD. 320;KG;73,7400004863739;1240
GENESI SRL;PF0121100/20D661089;100/2 ELAS CUC 10000 PA 66 - NERO AS;KG;21,3199992179871;364
GENESI SRL;PF0121100/20D661128;100/2 ELAS CUC 10000 PA 66 - COD. 816;KG;15,4499998092651;264
GENESI SRL;PF0121100/20D661156;100/2 ELAS CUC 10000 PA 66 - COD. 835;KG;14,16000020504;244
VALCUVIA SRL;;;;;
VALCUVIA SRL;PF0127070/20XP61024;70/2 ELAS RIT PA 6 - 5484 SKIN 18;KG;62,0700006484985;690,84
POMPEA SPA;;;;;
POMPEA SPA;PF0128070/20X661078;70/2 ELAS RIT PA 66 - COD. 737 NATURALE;KG;44,9300012588501;453,79
POMPEA SPA;PF0128070/20X661087;70/2 ELAS RIT PA 66 - COD. 900 CAMMELLO;KG;16,3600006103516;165,24
POMPEA SPA;PF0128100/20D661001;100/2 ELAS CUC 10000 PA 66 - COD. 882 ;KG;18,3899998664856;288,72
POMPEA SPA;PF0128100/20D661021;100/2 ELAS CUC 10000 PA 66 - COD. 2 BIANCO LATTE;KG;57,2700006961823;899,16
POMPEA SPA;PF0128100/20D661028;100/2 ELAS CUC 10000 PA 66 - COD. 1332 BLU;KG;140,280001044273;2202,43
POMPEA SPA;PF0128100/20D661039;100/2 ELAS CUC 10000 PA 66 - COD. 613;KG;46,4400002062321;729,12
POMPEA SPA;PF0128100/20D661082;100/2 ELAS CUC 10000 PA 66 - COD. 325;KG;163,340000897646;2564,48
POMPEA SPA;PF0128100/20D661090;100/2 ELAS CUC 10000 PA 66 - COD. 856 GRIGIO;KG;13,5900001525879;213,37
POMPEA SPA;PF0128100/20D661097;100/2 ELAS CUC 10000 PA 66 - COD. 907 AZZURRO FUTURE;KG;46,8500000238419;735,56
POMPEA SPA;PF0128100/20D661128;100/2 ELAS CUC 10000 PA 66 - COD. 3034 MELOGRANO;KG;15,3800003528595;241,47
POMPEA SPA;PF0128100/20D661129;100/2 ELAS CUC 10000 PA 66 - COD. 930;KG;31,7800002098083;498,96
POMPEA SPA;PF0128100/20D661130;100/2 ELAS CUC 10000 PA 66 - COD. 239;KG;17,9600002765656;281,98
POMPEA SPA;PF0128100/20D661131;100/2 ELAS CUC 10000 PA 66 - COD. 880;KG;14,6000000238419;229,22
POMPEA SPA;PF0128100/20D661141;100/2 ELAS CUC 10000 PA 66 - COD. 328 AZZURRO;KG;17,0500001907349;267,69
POMPEA SPA;PF0128100/20D661143;100/2 ELAS CUC 10000 PA 66 - COD. 936;KG;52,0200002789497;816,75
POMPEA SPA;PF0128100/20D661144;100/2 ELAS CUC 10000 PA 66 - COD. 855;KG;35,3199996948242;554,52
POMPEA SPA;PF0128100/20D661145;100/2 ELAS CUC 10000 PA 66 - 923 POLVERE;KG;20,5700001716614;322,95
POMPEA SPA;PF0128100/20D661146;100/2 ELAS CUC 10000 PA 66 - COD. 920 ROSA;KG;26,5;416,06
POMPEA SPA;PF0128100/20D661147;100/2 ELAS CUC 10000 PA 66 - COD. 512;KG;17,4900002479553;274,6
POMPEA SPA;PF0128100/20D661148;100/2 ELAS CUC 10000 PA 66 - COD. 813;KG;13,3200001716614;209,12
POMPEA SPA;PF0128100/20D661149;100/2 ELAS CUC 10000 PA 66 - ROSA MATTONE 958;KG;9,32999992370605;146,49
I.R.T.E. SRL;;;KG;459,300003051758;-5005,19
I.R.T.E. SRL;;;;0;0
I.R.T.E. SRL;PF0129020/10A661140;20/1 ELAS APE PA 66 - GREGGIO;KG;4,01999986171722;16,08
I.R.T.E. SRL;PF0129040/10A661064;40/1 ELAS APE PA 66 - NERO 0006;KG;220,800000429153;3532,8
I.R.T.E. SRL;PF0129070/10A661177;70/1 ELAS APE PA 66 - BIANCO;KG;20,7400001734495;210,51
I.R.T.E. SRL;PF0129070/20IP61168;70/2 ELAS INT. PA 6 - BLU CIELO 1757/2018;KG;498,719999790192;4239,22
I.R.T.E. SRL;PF0129070/20X661064;70/2 ELAS RIT PA 66 - NERO 0006;KG;104,499998569489;987,54
I.R.T.E. SRL;PF0129070/20X661145;70/2 ELAS RIT PA 66 - GRIGIO CHIARO 653;KG;376,379996776581;3556,82
I.R.T.E. SRL;PF0129070/20X661146;70/2 ELAS RIT PA 66 - GRIGIO SCURO 4104;KG;388,340002059937;3669,82
I.R.T.E. SRL;PF0129070/20X661155;70/2 ELAS RIT PA 66 - NERO 951;KG;3782,96999657154;35749,16
I.R.T.E. SRL;PF0129070/20X661162;70/2 ELAS RIT PA 66 - 18-0201 TCX;KG;242,649999976158;2293,04
I.R.T.E. SRL;PF0129070/20X661174;70/2 ELAS RIT PA 66 - DRESS BLUES 19-4024 TCX;KG;15,5799999237061;147,24
I.R.T.E. SRL;PF0129070/20X661177;70/2 ELAS RIT PA 66 - BIANCO;KG;0,560000002384186;5,29
I.R.T.E. SRL;PF0129070/20X661180;70/2 ELAS RIT PA 66 - VERDE 5624;KG;21,6799998283386;204,87
I.R.T.E. SRL;PF0129402700INY1172;78/2 MELANGE INTERL - GRIGIO MEL. 031 ;KG;4059,21000081301;52161,04
I.R.T.E. SRL;PF0129402700INY1207;78/2 MELANGE INTER PA 66 - CIELO MELANGE;KG;339,290000915527;4359,88
I.R.T.E. SRL;PF0129402700INY1226;78/2 MELANGE RITORTO PA 66 - MEL 031 NO TEZ;KG;220,300000190735;2830,85
I.R.T.E. SRL;PF0129701TP0ATP1089;78/18 APE PA6 TINTO PASTA - NERO TINTO PASTA;KG;5156,46998977661;31196,56
I.R.T.E. SRL;PF0129701TT0I661092;78/2 MELANGE INTER PA 66 - DARK BLU MELANGE;KG;211,239998996258;2714,46
I.R.T.E. SRL;PF0129701TT0I661169;78/2 MELANGE INTER PA 66 - BLU MELANGE 1811;KG;1053,93999755383;13610,6
I.R.T.E. SRL;PF0129701TT0I661179;78/2 MELANGE INTER PA 66 - BLU MARL MELANGE;KG;526,999997854233;6771,96
I.R.T.E. SRL;PF0129781820ITP1163;78/18X2 INT. PA6 TINTO PASTA - SILVER TP;KG;776,979997634888;4539,49
I.R.T.E. SRL;PF0129786020LEX1064;78/60/2 QNOVA LEG.INTERL FLEXI GRS 60 PA 66 - NERO 0006;KG;20,1300001144409;281,82
I.R.T.E. SRL;PF0129786020LEX1133;78/60/2 QNOVA LEG.INTERL FLEXI GRS 60 PA 66 - WHITE 0001;KG;23,8999996185303;334,6
I.R.T.E. SRL;PF0129786020LEX1155;78/60/2 QNOVA LEG.INTERL FLEXI GRS 60 PA 66 - NERO 951;KG;44,4299993515015;622,02
I.R.T.E. SRL;PF0129786020LEX1225;78/60/2 QNOVA LEG.INTERL FLEXI GRS 60 PA 66 - BLU LEGION 19-4324;KG;29,9799995422363;419,72
I.R.T.E. SRL;PF0129786020LEX1231;78/60/2 QNOVA LEG.INTERL FLEXI GRS 60 PA 66 - BIANCO 900;KG;39,6999998092651;555,8
I.R.T.E. SRL;PF0129786020LEX1232;78/60/2 QNOVA LEG.INTERL FLEXI GRS 60 PA 66 - HARBOR MIST 14-4202;KG;21,9599995613098;307,44
I.R.T.E. SRL;PF0129786820M661002;78/68/2  RIT 200 GIRI PA 66 - BIANCO;KG;36,9399993419647;554,1
I.R.T.E. SRL;PF0129786820X661002;78/68/2  RIT PA 66 - BIANCO;KG;2313,84999477863;30427,19
I.R.T.E. SRL;PF0129786820X661152;78/68/2  RIT PA 66 - BLU MOON;KG;29,3799991607666;386,35
I.R.T.E. SRL;PF0129786820X661160;78/68/2  RIT PA 66 - ARANCIO MANDARIN;KG;47,4799995422363;624,37
I.R.T.E. SRL;PF0129786820X661161;78/68/2  RIT PA 66 - RED RUBY;KG;138,990000009537;1748,14
I.R.T.E. SRL;PF0129786820X661175;78/68/2  RIT PA 66 - ROSA 190;KG;11,9999999403954;157,8
I.R.T.E. SRL;PF0129786820X661176;78/68/2  RIT PA 66 - SPORTING RED;KG;144,399999976158;1898,88
I.R.T.E. SRL;PF0129786820X661193;78/68/2  RIT PA 66 - 13129 NERO;KG;101,360001087189;1332,88
I.R.T.E. SRL;PF0129786820X661198;78/68/2  RIT PA 66 - AVORIO 12-5202 TCX;KG;0,680000007152557;8,94
I.R.T.E. SRL;PF0129786820X661203;78/68/2  RIT PA 66 - RED ORANGE 18-1561 TCX;KG;0,540000021457672;7,1
I.R.T.E. SRL;PF0129786820X661204;78/68/2  RIT PA 66 - RED BERRY 19-1656 TCX;KG;0,740000009536743;9,73
I.R.T.E. SRL;PF0129786820X661205;78/68/2  RIT PA 66 - VERDE GUACAMOLE 18-0538 TCX;KG;0,740000009536743;9,73
I.R.T.E. SRL;PF0129786820X661208;78/68/2  RIT PA 66 - LIME FLUO TCX 13-0550;KG;1,10000002384186;14,47
I.R.T.E. SRL;PF0129786820X661212;78/68/2  RIT PA 66 - VERDE MINT;KG;0,720000028610229;9,47
I.R.T.E. SRL;PF0129786820X661222;78/68/2  RIT PA 66 - GREEN LIME;KG;0,779999971389771;10,26
I.R.T.E. SRL;PF0129LUC700XP61157;70 LUCIDO RIT PA 6 - NERO;KG;93,5;1439,91
I.R.T.E. SRL;PF0129V70/20V661097;70/2 VOLUMINIZZATO INTERL. PA 66 - GIALLO TWEETY;KG;214,629999637604;1985,37
I.R.T.E. SRL;PF0129V70/20V661103;70/2 VOLUMINIZZATO INTERL. PA 66 - VERDE SEQUOIA TPX 19-5513;KG;23;212,75
I.R.T.E. SRL;PF0129V70/20V661166;70/2 VOLUMINIZZATO INTERL. PA 66 - BLUE STRONG 18-4051 TCX;KG;150,829999566078;1395,21
I.R.T.E. SRL;PF0129V70/20V661168;70/2 VOLUMINIZZATO INTERL. PA 66 - BLU CIELO 1757/2018;KG;730,749998569489;6691,59
I.R.T.E. SRL;PF0129V70/20V661170;70/2 VOLUMINIZZATO INTERL. PA 66 - BLU SAFFIRO TPX 18-4041;KG;626,980001091957;5672,71
I.R.T.E. SRL;PF0129V70/20V661171;70/2 VOLUMINIZZATO INTERL. PA 66 - BLU ALASKAN TPX 18-4434;KG;2,31000000238419;21,28
I.R.T.E. SRL;PF0129V70/20V661173;70/2 VOLUMINIZZATO INTERL. PA 66 - GRIGIO SPACE;KG;32,1799999475479;297,45
I.R.T.E. SRL;PF0129V70/20V661177;70/2 VOLUMINIZZATO INTERL. PA 66 - BIANCO;KG;3,83000004291534;34,47
I.R.T.E. SRL;PF0129V70/20V661178;70/2 VOLUMINIZZATO INTERL. PA 66 - BLU ALASKAN A CAMPIONE;KG;793,43999838829;7173,74
I.R.T.E. SRL;PF0129V70/20V661180;70/2 VOLUMINIZZATO INTERL. PA 66 - VERDE 5624;KG;22,6400003433228;209,43
I.R.T.E. SRL;PF0129V70/20V661181;70/2 VOLUMINIZZATO INTERL. PA 66 - GRIGIO 19-3803 ;KG;136,369999647141;1261,13
I.R.T.E. SRL;PF0129V70/20V661182;70/2 VOLUMINIZZATO INTERL. PA 66 - GIALLO AURORA;KG;72,0699992179871;666,4
I.R.T.E. SRL;PF0129V70/20V661183;70/2 VOLUMINIZZATO INTERL. PA 66 - AZZURRO FADED 4021;KG;210,430000185966;1946,26
I.R.T.E. SRL;PF0129V70/20V661184;70/2 VOLUMINIZZATO INTERL. PA 66 - BLU OCEAN 4122;KG;163,700000762939;1513,93
I.R.T.E. SRL;PF0129V70/20V661185;70/2 VOLUMINIZZATO INTERL. PA 66 - ROSSO FIESTA 1564;KG;72,2999997138977;668,51
I.R.T.E. SRL;PF0129V70/20V661186;70/2 VOLUMINIZZATO INTERL. PA 66 - BLU DANUBE;KG;16,1800000667572;149,68
I.R.T.E. SRL;PF0129V70/20V661187;70/2 VOLUMINIZZATO INTERL. PA 66 - GIALLO MUSTARD;KG;15,7299997210503;145,52
I.R.T.E. SRL;PF0129V70/20V661188;70/2 VOLUMINIZZATO INTERL. PA 66 - VERDE SEA MOSS;KG;14,2799998521805;132,1
I.R.T.E. SRL;PF0129V70/20V661189;70/2 VOLUMINIZZATO INTERL. PA 66 - BLU POSEIDON;KG;13,83999979496;128,03
I.R.T.E. SRL;PF0129V70/20V661190;70/2 VOLUMINIZZATO INTERL. PA 66 - BORDO' CORDOVAN;KG;34,5799996554852;319,88
I.R.T.E. SRL;PF0129V70/20V661191;70/2 VOLUMINIZZATO INTERL. PA 66 - VERDE BAYBERRY;KG;0,600000023841858;5,55
I.R.T.E. SRL;PF0129V70/20V661192;70/2 VOLUMINIZZATO INTERL. PA 66 - ROSSO ROCOCCO;KG;0,600000023841858;5,55
I.R.T.E. SRL;PF0129V70/20V661194;70/2 VOLUMINIZZATO INTERL. PA 66 - SILVER 1021;KG;227,589999198914;2105,24
I.R.T.E. SRL;PF0129V70/20V661195;70/2 VOLUMINIZZATO INTERL. PA 66 - GRIGIO KITTEN;KG;0,779999971389771;7,22
I.R.T.E. SRL;PF0129V70/20V661196;70/2 VOLUMINIZZATO INTERL. PA 66 - BLU OCEAN 4122 P2;KG;424,889997959137;3930,32
I.R.T.E. SRL;PF0129V70/20V661197;70/2 VOLUMINIZZATO INTERL. PA 66 - VIOLA PURPLE 19-2520 TCX;KG;0,819999992847443;7,59
I.R.T.E. SRL;PF0129V70/20V661199;70/2 VOLUMINIZZATO INTERL. PA 66 - GRAFITE TCX 19-4015;KG;23,6999999880791;219,23
I.R.T.E. SRL;PF0129V70/20V661200;70/2 VOLUMINIZZATO INTERL. PA 66 - VERDE BRONZE TCX 18-0317;KG;93,6400000452995;866,19
I.R.T.E. SRL;PF0129V70/20V661201;70/2 VOLUMINIZZATO INTERL. PA 66 - CIOCCOLATO TCX 19-0912;KG;23,8800004720688;220,9
I.R.T.E. SRL;PF0129V70/20V661202;70/2 VOLUMINIZZATO INTERL. PA 66 - GRIGIO SALVIA TCX 17-0510;KG;23,8900008201599;220,99
I.R.T.E. SRL;PF0129V70/20V661203;70/2 VOLUMINIZZATO INTERL. PA 66 - RED ORANGE 18-1561 TCX;KG;1,25999999046326;11,66
I.R.T.E. SRL;PF0129V70/20V661204;70/2 VOLUMINIZZATO INTERL. PA 66 - RED BERRY 19-1656 TCX;KG;142,969999909401;1322,5
I.R.T.E. SRL;PF0129V70/20V661205;70/2 VOLUMINIZZATO INTERL. PA 66 - VERDE GUACAMOLE 18-0538 TCX;KG;148,709998726845;1375,58
I.R.T.E. SRL;PF0129V70/20V661206;70/2 VOLUMINIZZATO INTERL. PA 66 - BLU DARK SAPPHIRE;KG;0,639999985694885;5,92
I.R.T.E. SRL;PF0129V70/20V661208;70/2 VOLUMINIZZATO INTERL. PA 66 - LIME FLUO TCX 13-0550;KG;0,779999971389771;7,22
I.R.T.E. SRL;PF0129V70/20V661209;70/2 VOLUMINIZZATO INTERL. PA 66 - ROSSO POINCIANA;KG;111,199999809265;1028,62
I.R.T.E. SRL;PF0129V70/20V661210;70/2 VOLUMINIZZATO INTERL. PA 66 - PLACID BLUE;KG;32,9699997901917;304,98
I.R.T.E. SRL;PF0129V70/20V661211;70/2 VOLUMINIZZATO INTERL. PA 66 - GRIGIO SEPPIA;KG;0,779999971389771;7,22
I.R.T.E. SRL;PF0129V70/20V661212;70/2 VOLUMINIZZATO INTERL. PA 66 - VERDE MINT;KG;434,910000324249;4022,99
I.R.T.E. SRL;PF0129V70/20V661213;70/2 VOLUMINIZZATO INTERL. PA 66 - GRIGIO SCURO TCX 19-4005;KG;0,560000002384186;5,18
I.R.T.E. SRL;PF0129V70/20V661214;70/2 VOLUMINIZZATO INTERL. PA 66 - GRIGIO TCX 18-0000;KG;0,699999988079071;6,48
I.R.T.E. SRL;PF0129V70/20V661215;70/2 VOLUMINIZZATO INTERL. PA 66 - GRIGIO CHIARO TCX 14-4105;KG;1,01999998092651;9,44
I.R.T.E. SRL;PF0129V70/20V661216;70/2 VOLUMINIZZATO INTERL. PA 66 - TRUE BLU TCX 19-4057;KG;0,680000007152557;6,29
I.R.T.E. SRL;PF0129V70/20V661217;70/2 VOLUMINIZZATO INTERL. PA 66 - BEIGE TCX 14-0210;KG;1,06999999284744;9,9
I.R.T.E. SRL;PF0129V70/20V661218;70/2 VOLUMINIZZATO INTERL. PA 66 - VERDE FORESTA TCX 19-0315;KG;0,439999997615814;4,07
I.R.T.E. SRL;PF0129V70/20V661219;70/2 VOLUMINIZZATO INTERL. PA 66 - VERDE SCURO TCX 19-0415;KG;0,779999971389771;7,22
I.R.T.E. SRL;PF0129V70/20V661220;70/2 VOLUMINIZZATO INTERL. PA 66 - BLU AQUATIC;KG;0,699999988079071;6,48
I.R.T.E. SRL;PF0129V70/20V661221;70/2 VOLUMINIZZATO INTERL. PA 66 - VERDE SCARABEO;KG;0,779999971389771;7,22
I.R.T.E. SRL;PR01290001;;;0;143,18
I.R.T.E. SRL;PR01290006;;;0;1,5
I.R.T.E. SRL;PR01290007;;;0;14,22
SARAFLEX SRL;;;;;
SARAFLEX SRL;PF0143100/20X661000;100/2 ELAS RIT PA 66 - CANDIDO;KG;20,7399990558624;197,04
SAFTE S.R.L.;;;;;
SAFTE S.R.L.;PF0148070/20\661000;70/2 ELAS RIT S. PA 66 - BIANCO;KG;18,6600003242493;181
GIRARDI SRL;;;;;
GIRARDI SRL;PF0155040/20XEX1004;40/2 ELAS RIT FLEXI PA 66 - ROSA;KG;34,4500003457069;482,3
GIRARDI SRL;PF0155040/20XEX1005;40/2 ELAS RIT FLEXI PA 66 - BEIGE;KG;28,9999995231628;406
GIRARDI SRL;PF0155040/20XEX1006;40/2 ELAS RIT FLEXI PA 66 - VERDINO CHIARO;KG;28,8999993801117;404,6
GIRARDI SRL;PF0155040/20XEX1007;40/2 ELAS RIT FLEXI PA 66 - CIELO;KG;32,1199994087219;449,68
CIZETA MEDICALI SPA;;;;;
CIZETA MEDICALI SPA;PF0160100/20X661012;100/2 ELAS RIT PA 66 - 604 BEIGE;KG;43,2499990463257;454,13
EMMETEX ITALIA SNC DI MARMO N. & C.;;;;;
EMMETEX ITALIA SNC DI MARMO N. & C.;PF0166070/20IP61000;70/2 ELAS INT. PA 6 - CANDIDO;KG;56,3099994659424;467,38
EMMETEX ITALIA SNC DI MARMO N. & C.;PF0166070/20IP61026;70/2 ELAS INT. PA 6 - GIALLO FLUO E 99;KG;16,1599996089935;96,96
EMMETEX ITALIA SNC DI MARMO N. & C.;PF0166070/20IP61087;70/2 ELAS INT. PA 6 - BLUE GIORGINO;KG;272,349999189377;2042,67
EMMETEX ITALIA SNC DI MARMO N. & C.;PF0166070/20XP61000;70/2 ELAS RIT PA 6 - CANDIDO;KG;14,8699998855591;124,91
EMMETEX ITALIA SNC DI MARMO N. & C.;PF0166070/20XP61014;70/2 ELAS RIT PA 6 - NAVY E 12;KG;911,679997444153;7658,13
EMMETEX ITALIA SNC DI MARMO N. & C.;PF0166070/20XP61022;70/2 ELAS RIT PA 6 - E 60 RUBINO N;KG;64,9399991035461;545,5
EMMETEX ITALIA SNC DI MARMO N. & C.;PF0166070/20XP61023;70/2 ELAS RIT PA 6 - VERDE SALVIA CAMPIONE;KG;55,5499992370605;466,62
EMMETEX ITALIA SNC DI MARMO N. & C.;PF0166070/20XP61026;70/2 ELAS RIT PA 6 - GIALLO FLUO E 99;KG;119,679999947548;1005,31
EMMETEX ITALIA SNC DI MARMO N. & C.;PF0166070/20XP61049;70/2 ELAS RIT PA 6 - E 80 CHERRY;KG;27,1800003051758;228,32
EMMETEX ITALIA SNC DI MARMO N. & C.;PF0166070/20XP61053;70/2 ELAS RIT PA 6 - BLEU E 11;KG;128,83000087738;1082,18
EMMETEX ITALIA SNC DI MARMO N. & C.;PF0166070/20XP61055;70/2 ELAS RIT PA 6 - E 63 ACCIAIO;KG;158,010001897812;1327,28
EMMETEX ITALIA SNC DI MARMO N. & C.;PF0166070/20XP61058;70/2 ELAS RIT PA 6 - E 66 ROYAL;KG;154,570000648499;1298,4
EMMETEX ITALIA SNC DI MARMO N. & C.;PF0166070/20XP61063;70/2 ELAS RIT PA 6 - E 4 ANTRACITE;KG;99,5899991989136;836,55
EMMETEX ITALIA SNC DI MARMO N. & C.;PF0166070/20XP61064;70/2 ELAS RIT PA 6 - BLEU 1510 MARCO;KG;636,300001859665;5344,91
EMMETEX ITALIA SNC DI MARMO N. & C.;PF0166070/20XP61065;70/2 ELAS RIT PA 6 - E 13 INDACO;KG;105,139999866486;883,18
EMMETEX ITALIA SNC DI MARMO N. & C.;PF0166070/20XP61067;70/2 ELAS RIT PA 6 - E 64 REGATA;KG;86,9200000762939;730,14
EMMETEX ITALIA SNC DI MARMO N. & C.;PF0166070/20XP61069;70/2 ELAS RIT PA 6 - E 20 COBALTO;KG;114,900000095367;965,16
EMMETEX ITALIA SNC DI MARMO N. & C.;PF0166070/20XP61070;70/2 ELAS RIT PA 6 - GRIGIO CHIARO 16-3915 TPX;KG;14,8100004196167;124,4
EMMETEX ITALIA SNC DI MARMO N. & C.;PF0166070/20XP61071;70/2 ELAS RIT PA 6 - GRIGIO 17-4014 TPX;KG;18,4199993610382;154,72
EMMETEX ITALIA SNC DI MARMO N. & C.;PF0166070/20XP61072;70/2 ELAS RIT PA 6 - NERO;KG;30,5600004196167;256,71
EMMETEX ITALIA SNC DI MARMO N. & C.;PF0166070/20XP61073;70/2 ELAS RIT PA 6 - E 19 BLUETTE;KG;26,7799997329712;224,95
EMMETEX ITALIA SNC DI MARMO N. & C.;PF0166070/20XP61074;70/2 ELAS RIT PA 6 - ROSSO ERMAN;KG;677,699997663498;5692,7
EMMETEX ITALIA SNC DI MARMO N. & C.;PF0166070/20XP61077;70/2 ELAS RIT PA 6 - E 55 ERBA;KG;58,6700000762939;492,83
EMMETEX ITALIA SNC DI MARMO N. & C.;PF0166070/20XP61078;70/2 ELAS RIT PA 6 - BLU MEDIO A CAMPIONE;KG;44,2499995231628;371,7
EMMETEX ITALIA SNC DI MARMO N. & C.;PF0166070/20XP61079;70/2 ELAS RIT PA 6 - E 91 MARMO;KG;26,3000001907349;220,92
EMMETEX ITALIA SNC DI MARMO N. & C.;PF0166070/20XP61080;70/2 ELAS RIT PA 6 - INDACO DUE ESSE;KG;73,2799987792969;615,55
EMMETEX ITALIA SNC DI MARMO N. & C.;PF0166070/20XP61081;70/2 ELAS RIT PA 6 - E 51 VIOLA;KG;18,960000038147;159,27
EMMETEX ITALIA SNC DI MARMO N. & C.;PF0166070/20XP61082;70/2 ELAS RIT PA 6 - E 50 LILLA;KG;17,2600002288818;144,98
EMMETEX ITALIA SNC DI MARMO N. & C.;PF0166070/20XP61084;70/2 ELAS RIT PA 6 - VERDE FLUO E 98;KG;52,7199983596802;442,84
EMMETEX ITALIA SNC DI MARMO N. & C.;PF0166070/20XP61085;70/2 ELAS RIT PA 6 - FUXIA FLUO TECNOYARN;KG;99,9200010299683;839,34
EMMETEX ITALIA SNC DI MARMO N. & C.;PF0166070/20XP61086;70/2 ELAS RIT PA 6 - MAGMA 3808;KG;37,25;312,91
EMMETEX ITALIA SNC DI MARMO N. & C.;PF0166070/20XP61091;70/2 ELAS RIT PA 6 - E 96 CREMISI;KG;28,6999998092651;241,08
EMMETEX ITALIA SNC DI MARMO N. & C.;PF0166070/20XP61092;70/2 ELAS RIT PA 6 - E 35 ARANCIO;KG;24,0200004577637;201,76
EMMETEX ITALIA SNC DI MARMO N. & C.;PF0166070/20XP61093;70/2 ELAS RIT PA 6 - PIOMBO E 8;KG;18,3899998664856;154,48
EMMETEX ITALIA SNC DI MARMO N. & C.;PF0166070/20XP61094;70/2 ELAS RIT PA 6 - ARANCIO FLUO E 100;KG;21,1199994087219;177,41
EMMETEX ITALIA SNC DI MARMO N. & C.;PF0166701TT0I661068;78/2 MELANGE INTERLACCIATO PA 66 - MELANGE ERMAN;KG;67,1900000572205;739,09
EMMETEX ITALIA SNC DI MARMO N. & C.;PF0166786820M661088;78/68/2  RIT 200 GIRI PA 66 - GRIGIO 747;KG;6,94999980926514;90,35
EMMETEX ITALIA SNC DI MARMO N. & C.;PF0166786820M661089;78/68/2  RIT 200 GIRI PA 66 - NERO;KG;6,96000003814697;90,48
EMMETEX ITALIA SNC DI MARMO N. & C.;PF0166786820X661083;78/68/2  RIT PA 66 - 13129 NERO;KG;29,7299997806549;350,82
EMMETEX ITALIA SNC DI MARMO N. & C.;PF0166786820X661090;78/68/2  RIT PA 66 - CANDIDO;KG;15,6700000762939;203,71
EMMETEX ITALIA SNC DI MARMO N. & C.;PR01660006;;;0;0
EMMETEX ITALIA SNC DI MARMO N. & C.;PR01660007;;;0;28,16
DAVIDE RICUPERATI S.N.C.;;;;;
DAVIDE RICUPERATI S.N.C.;PF0173100/20X661000;100/2 ELAS RIT PA 66 - GREGGIO;KG;106,670000076294;837,37
DAVIDE RICUPERATI S.N.C.;PF0173100/20X661001;100/2 ELAS RIT PA 66 - NERO;KG;104,789999961853;1100,31
DAVIDE RICUPERATI S.N.C.;PF0173100/20X661002;100/2 ELAS RIT PA 66 - GRIGIO SCURO;KG;29,0300002098083;304,82
MARA DI RIVABEN LUCA & C. S.N.C.;;;;;
MARA DI RIVABEN LUCA & C. S.N.C.;PF0176070/20X661000;70/2 ELAS RIT PA 66 - BEIGE 989;KG;50,9300003051758;511,84
MARA DI RIVABEN LUCA & C. S.N.C.;PF0176070/20X661001;70/2 ELAS RIT PA 66 - BIANCO;KG;75,789999961853;761,68
MARA DI RIVABEN LUCA & C. S.N.C.;PF0176070/20X661002;70/2 ELAS RIT PA 66 - BLU;KG;33,2400000095367;334,06
CATEX SRL;;;KG;414,050002574921;-4920,75
CATEX SRL;;;;0;0
CATEX SRL;PF0180786810A661015;78/68/1 ELAS APE PA 66 - 13143 ROSSO;KG;18,5700001716614;250,7
CATEX SRL;PF0180786810A661019;78/68/1 ELAS APE PA 66 - 13174 BLU;KG;9,76000022888184;131,76
CATEX SRL;PF0180786810A661022;78/68/1 ELAS APE PA 66 - 13129 NERO;KG;235,010000050068;3172,69
CATEX SRL;PF0180786810A661027;78/68/1 ELAS APE PA 66 - 13105 NOCCIOLA;KG;15,7899994850159;213,17
CATEX SRL;PF0180786810A661028;78/68/1 ELAS APE PA 66 - 13110 SABBIA;KG;13,8500000238419;186,98
CATEX SRL;PF0180786810A661031;78/68/1 ELAS APE PA 66 - 13117 TERRA;KG;13,9599997997284;188,47
CATEX SRL;PF0180786810A661032;78/68/1 ELAS APE PA 66 - 13121 IRON;KG;9,9399995803833;98,31
CATEX SRL;PF0180786810A661035;78/68/1 ELAS APE PA 66 - 13132 AZZURRO;KG;17,1899997591972;232,08
CATEX SRL;PF0180786810A661039;78/68/1 ELAS APE PA 66 - 13141 ARANCIO;KG;22,0300006866455;297,41
CATEX SRL;PF0180786810A661040;78/68/1 ELAS APE PA 66 - 13142 ROSSO VIVO;KG;20,5599999427795;277,57
CATEX SRL;PF0180786810A661041;78/68/1 ELAS APE PA 66 - 13144 CARDINALE;KG;42,1599998474121;569,18
CATEX SRL;PF0180786810A661044;78/68/1 ELAS APE PA 66 - 13155 BOTTIGLIA;KG;18,1799998283386;245,44
CATEX SRL;PF0180786810A661046;78/68/1 ELAS APE PA 66 - 13158 ROSA;KG;21,289999961853;287,42
CATEX SRL;PF0180786810A661048;78/68/1 ELAS APE PA 66 - 13164 DROMEDARIO;KG;5,3899998664856;72,77
CATEX SRL;PF0180786810A661053;78/68/1 ELAS APE PA 66 - 13177 SOLE;KG;20,4099998474121;275,54
CATEX SRL;PF0180786810A661055;78/68/1 ELAS APE PA 66 - 13151 VERDE;KG;20,8099994659424;280,94
CATEX SRL;PF0180786810A661063;78/68/1 ELAS APE PA 66 - 13101 BIANCO;KG;63,2099990844727;853,35
CATEX SRL;PF0180786810A661067;78/68/1 ELAS APE PA 66 - 13181 ARANCIO FLUO;KG;12,8199996948242;173,07
CATEX SRL;PF0180786810A661069;78/68/1 ELAS APE PA 66 - 13200 PRATO FLUO;KG;19,2999997138977;260,55
CATEX SRL;PF0180786810A661071;78/68/1 ELAS APE PA 66 - 13178 GIALLO FLUO;KG;37,1100006103516;501
CATEX SRL;PF0180786810A661075;78/68/1 ELAS APE PA 66 - 13182 VERDE FLUO;KG;20,8799996376038;281,89
CATEX SRL;PF0180786810A661076;78/68/1 ELAS APE PA 66 - 13159 PERVINCA;KG;21,1500000953674;285,53
CATEX SRL;PF0180786810A661077;78/68/1 ELAS APE PA 66 - 13175 ALBICOCCA;KG;19,7499995231628;266,63
CATEX SRL;PF0180786810A661078;78/68/1 ELAS APE PA 66 - 13130 CELESTE;KG;21,6899995803833;292,82
CATEX SRL;PF0180786810A661079;78/68/1 ELAS APE PA 66 - 13131 CYAN;KG;19,6399998664856;265,15
CATEX SRL;PF0180786810A661085;78/68/1 ELAS APE PA 66 - 13128 OSSIDATO;KG;6,46000003814697;87,21
CATEX SRL;PF0180786810A661086;78/68/1 ELAS APE PA 66 - 13145 RUBINO;KG;5,51000022888184;74,39
CATEX SRL;PF0180786810A661087;78/68/1 ELAS APE PA 66 - 13100 GREZZO;KG;9,72000026702881;131,22
CATEX SRL;PF0180786810A661088;78/68/1 ELAS APE PA 66 - 13120 GRIGIO;KG;4,55000019073486;61,43
CATEX SRL;PF0180786810A661089;78/68/1 ELAS APE PA 66 - 13140 AMBRA;KG;4,96000003814697;66,96
CATEX SRL;PF0180786810A661090;78/68/1 ELAS APE PA 66 - 13165 ACQUA;KG;3,92000007629395;52,92
CATEX SRL;PF0180786810A661091;78/68/1 ELAS APE PA 66 - 13173 AVIAZIONE;KG;4,76000022888184;64,26
CATEX SRL;PF0180786810A661092;78/68/1 ELAS APE PA 66 - 13179 SPINACIO;KG;4,78000020980835;64,53
CATEX SRL;PF0180786810A661093;78/68/1 ELAS APE PA 66 - 13186 SENAPE;KG;12,5700002908707;169,7
CATEX SRL;PF0180786810A661094;78/68/1 ELAS APE PA 66 - 13127 CANNA DI FUCILE;KG;16,650000333786;224,78
CATEX SRL;PF0180786810A661095;78/68/1 ELAS APE PA 66 - 13124 ASFALTO;KG;19,3499994277954;261,23
CATEX SRL;PF0180786810A661096;78/68/1 ELAS APE PA 66 - 13109 MANDARINO;KG;9,38000011444092;126,63
CATEX SRL;PF0180786810A661097;78/68/1 ELAS APE PA 66 - 13153 SALVIA;KG;23,210000038147;313,35
CATEX SRL;PF0180786810A661098;78/68/1 ELAS APE PA 66 - 13187 ACQUAZZONE;KG;13,1099997758865;176,99
CATEX SRL;PF0180786810A661099;78/68/1 ELAS APE PA 66 - 13190 VERDINO;KG;19,409999370575;262,04
CATEX SRL;PF0180786820X661014;78/68/2  RIT PA 66 - 13138 NOTTE;KG;27,1800003051758;320,72
CATEX SRL;PF0180786820X661018;78/68/2  RIT PA 66 - 13126 FUMO;KG;29,8199996948242;351,88
CATEX SRL;PF0180786820X661019;78/68/2  RIT PA 66 - 13174 BLU;KG;189,519999742508;2236,33
CATEX SRL;PF0180786820X661022;78/68/2  RIT PA 66 - 13129 NERO;KG;5373,99998760223;63029,76
CATEX SRL;PF0180786820X661038;78/68/2  RIT PA 66 - 13137 BORA;KG;24,7000007629395;291,46
CATEX SRL;PF0180786820X661040;78/68/2  RIT PA 66 - 13142 ROSSO VIVO;KG;25,1599998474121;296,89
CATEX SRL;PF0180786820X661046;78/68/2  RIT PA 66 - 13158 ROSA;KG;16,7499998807907;197,65
CATEX SRL;PF0180786820X661048;78/68/2  RIT PA 66 - 13164 DROMEDARIO;KG;8,80000019073486;103,84
CATEX SRL;PF0180786820X661054;78/68/2  RIT PA 66 - 13185 RUGGINE;KG;20,4899997711182;241,78
CATEX SRL;PF0180786820X661063;78/68/2  RIT PA 66 - 13101 BIANCO;KG;192,269997596741;2268,77
CATEX SRL;PF0180786820X661065;78/68/2  RIT PA 66 - 13196 CIOCCOLATA;KG;1760,95999383926;20779,31
CATEX SRL;PF0180786820X661066;78/68/2  RIT PA 66 - 13147 SUSINA;KG;22,4200005531311;264,56
CATEX SRL;PF0180786820X661070;78/68/2  RIT PA 66 - 13199 ROSA FLUO;KG;15,9300003051758;187,97
CATEX SRL;PF0180786820X661075;78/68/2  RIT PA 66 - 13182 VERDE FLUO;KG;26,0099992752075;306,91
CATEX SRL;PF0180786820X661076;78/68/2  RIT PA 66 - 13159 PERVINCA;KG;25,1300001144409;296,53
CATEX SRL;PF0180786820X661077;78/68/2  RIT PA 66 - 13175 ALBICOCCA;KG;60,0000009536743;708
CATEX SRL;PF0180786820X661078;78/68/2  RIT PA 66 - 13130 CELESTE;KG;25,5800004005432;301,84
CATEX SRL;PF0180786820X661079;78/68/2  RIT PA 66 - 13131 CYAN;KG;25,8999996185303;305,62
CATEX SRL;PF0180786820X661080;78/68/2  RIT PA 66 - 13134 BLUETTE;KG;22,8100004196167;269,16
CATEX SRL;PF0180786820X661081;78/68/2  RIT PA 66 - 13135 CINA;KG;24,5499992370605;289,69
CATEX SRL;PF0180786820X661082;78/68/2  RIT PA 66 - 13160 ARAGOSTA;KG;43,1900000572205;509,64
CATEX SRL;PF0180786820X661083;78/68/2  RIT PA 66 - 13148 PRUGNA;KG;25,4700002670288;300,55
CATEX SRL;PF0180786820X661084;78/68/2  RIT PA 66 - 13191 LAGO;KG;21,9399995803833;258,89
CATEX SRL;PF0180786820X661085;78/68/2  RIT PA 66 - 13128 OSSIDATO;KG;42,779999256134;504,8
CATEX SRL;PF0180786820X661086;78/68/2  RIT PA 66 - 13145 RUBINO;KG;11,4099998474121;134,64
CATEX SRL;PF0180786820X661088;78/68/2  RIT PA 66 - 13120 GRIGIO;KG;32,2099997997284;380,08
CATEX SRL;PF0180786820X661089;78/68/2  RIT PA 66 - 13140 AMBRA;KG;9,97000026702881;117,65
CATEX SRL;PF0180786820X661090;78/68/2  RIT PA 66 - 13165 ACQUA;KG;9,47999954223633;111,86
CATEX SRL;PF0180786820X661091;78/68/2  RIT PA 66 - 13173 AVIAZIONE;KG;55,9800004959106;660,57
CATEX SRL;PF0180786820X661092;78/68/2  RIT PA 66 - 13179 SPINACIO;KG;33,6999998092651;397,65
CATEX SRL;PF0180786820X661093;78/68/2  RIT PA 66 - 13186 SENAPE;KG;22,8800003528595;269,99
CATEX SRL;PF0180786820X661094;78/68/2  RIT PA 66 - 13127 CANNA DI FUCILE;KG;34,7600009441376;410,17
CATEX SRL;PF0180786820X661095;78/68/2  RIT PA 66 - 13124 ASFALTO;KG;31,8900003433228;376,3
CATEX SRL;PF0180786820X661096;78/68/2  RIT PA 66 - 13109 MANDARINO;KG;25,0999994277954;296,18
CATEX SRL;PF0180786820X661097;78/68/2  RIT PA 66 - 13153 SALVIA;KG;12,25;144,55
CATEX SRL;PF0180786820X661098;78/68/2  RIT PA 66 - 13187 ACQUAZZONE;KG;21,7699999809265;256,89
CATEX SRL;PF0180786820X661099;78/68/2  RIT PA 66 - 13190 VERDINO;KG;23,720000743866;279,89
CATEX SRL;PF0180786820X661100;78/68/2  RIT PA 66 - 13129 NERO N.;KG;49,429998934269;583,27
CATEX SRL;PF0180786820X661101;78/68/2  RIT PA 66 - 13139 BALTICO;KG;21,8100004196167;257,36
CATEX SRL;PF0180786820X661102;78/68/2  RIT PA 66 - 13150 BANDIERA;KG;23,6999998092651;279,66
CATEX SRL;PF0180786820X661103;78/68/2  RIT PA 66 - 13152 CONIGLIO;KG;20,539999961853;242,37
CATEX SRL;PF0180786820X661104;78/68/2  RIT PA 66 - 13156 MILITARE;KG;19,9200005531311;235,06
CATEX SRL;PF0180786820X661105;78/68/2  RIT PA 66 - 13161 PETROLIO;KG;20,5300002098083;242,25
CATEX SRL;PF0180786820X661106;78/68/2  RIT PA 66 - 13169 BORNEO;KG;24,8800001144409;293,59
CATEX SRL;PF0180786820X661107;78/68/2  RIT PA 66 - 13170 FORESTA;KG;50,2999987602234;593,54
CATEX SRL;PF0180786820X661108;78/68/2  RIT PA 66 - 13176 LIMONE;KG;19,1999998092651;226,56
CATEX SRL;PF0180786820X661109;78/68/2  RIT PA 66 - 13180 ABETE;KG;20,2800009250641;239,31
CATEX SRL;PF0180786820X661110;78/68/2  RIT PA 66 - 13183 CONFETTO FLUO;KG;19,1399998664856;225,85
CATEX SRL;PF0180786820X661111;78/68/2  RIT PA 66 - 13184 SALMONE FLUO;KG;25,9299993515015;305,97
CATEX SRL;PF0180786820X661112;78/68/2  RIT PA 66 - 13188 ALLUMINIO;KG;21,9899997711182;259,48
CATEX SRL;PF0180786820X661113;78/68/2  RIT PA 66 - 13189 INDACO;KG;23,4800000190735;277,06
CATEX SRL;PF0180786820X661114;78/68/2  RIT PA 66 - 13106 GHIACCIO;KG;23,7299997806549;280,01
CATEX SRL;PF0180786820X661115;78/68/2  RIT PA 66 - 13107 ORO;KG;20,3200001716614;239,78
CATEX SRL;PF0180786820X661116;78/68/2  RIT PA 66 - 13112 PERNICE;KG;24,7100009918213;291,58
CATEX SRL;PF0180786820X661117;78/68/2  RIT PA 66 - 13114 TORTORA;KG;23,5;277,3
CATEX SRL;PF0180786820X661118;78/68/2  RIT PA 66 - 13115 OMBRA;KG;20,7999997138977;245,44
CATEX SRL;PF0180786820X661119;78/68/2  RIT PA 66 - 13123 SMOG;KG;21,590000629425;254,77
CATEX SRL;PF0180786820X661120;78/68/2  RIT PA 66 - 13201 POLENTA;KG;41,6300010681152;491,23
CATEX SRL;PR01800006;;;0;107,61
NILITALIA SRL;;;;;
NILITALIA SRL;PF01820CO900BCO1005;DTEX 90/34 BIN CORDURA PA 66 - GRIGIO SCURO;KG;23,1200003623962;127,17
NILITALIA SRL;PF0182786860I661000;78/68/6 ELAS INT. PA 66 - GIALLO;KG;1,00999999046326;100
NILITALIA SRL;PF0182786860I661001;78/68/6 ELAS INT. PA 66 - AZZURRO;KG;1,00999999046326;100
NILITALIA SRL;PF0182786860I661002;78/68/6 ELAS INT. PA 66 - ROSA;KG;1,00999999046326;100
NILITALIA SRL;PF0182786860I661003;78/68/6 ELAS INT. PA 66 - FUXIA;KG;1,00999999046326;100
NILITALIA SRL;PF0182CO3700BCO1000;DTEX 370/136 BIN CORDURA PA 66 - GIALLO;KG;1,00999999046326;100
NILITALIA SRL;PF0182CO3700BCO1001;DTEX 370/136 BIN CORDURA PA 66 - AZZURRO;KG;1,00999999046326;100
NILITALIA SRL;PF0182CO3700BCO1002;DTEX 370/136 BIN CORDURA PA 66 - ROSA;KG;1,00999999046326;100
NILITALIA SRL;PF0182CO3700BCO1003;DTEX 370/136 BIN CORDURA PA 66 - FUXIA;KG;1,00999999046326;100
NILITALIA SRL;PF0182CO3700BCO1004;DTEX 370/136 BIN CORDURA PA 66 - NERO;KG;25,460000038147;140,04
TRERE' INNOVATION S.R.L.;;;;;
TRERE' INNOVATION S.R.L.;PF0309030/204661114;30/2 ELAS CUC PA 66 - LIME PUNCH FLUO 13-0550;KG;20,8799999952316;339,31
TRERE' INNOVATION S.R.L.;PF0309040/20XEX1114;40/2 ELAS RIT FLEXI PA 66 - LIME PUNCH FLUO 13-0550;KG;19,2199997901917;203,73
TRERE' INNOVATION S.R.L.;PF0309070/20XFL1069;70/2 ELAS RIT FLEXY PA 6 - IMPERIAL 19-4245;KG;42,6700010299683;396,83
TRERE' INNOVATION S.R.L.;PF0309070/20XFL1085;70/2 ELAS RIT FLEXY PA 6 - SULPHUR SPRING 13-0650;KG;33,0699996948242;307,55
TRERE' INNOVATION S.R.L.;PF0309070/20XFL1114;70/2 ELAS RIT FLEXY PA 6 - LIME PUNCH FLUO 13-0550;KG;409,960000038147;3812,65
TRERE' INNOVATION S.R.L.;PF0309070/20XFL1121;70/2 ELAS RIT FLEXY PA 6 - GREY MIRAGE 15-4703;KG;19,1799998283386;178,37
TRERE' INNOVATION S.R.L.;PF0309070/20XP61119;70/2 ELAS RIT PA 6 - RASBERRY CERISE 19-1955 TPX;KG;58,8500001430511;500,24
TRERE' INNOVATION S.R.L.;PF0309070/30XFL1085;70/3 ELAS RIT FLEXY PA 6 - SULPHUR SPRING 13-0650;KG;513,190000593662;4670,05
TRERE' INNOVATION S.R.L.;PF0309070/30XFL1104;70/3 ELAS RIT FLEXY PA 6 - MAGENTA 17-2036 TPX;KG;19,460000038147;177,08
TRERE' INNOVATION S.R.L.;PF0309070/30XFL1110;70/3 ELAS RIT FLEXY PA 6 - DKT-D19B TURQUOISE;KG;181,380001068115;1603,57
TRERE' INNOVATION S.R.L.;PF0309070/30XFL1114;70/3 ELAS RIT FLEXY PA 6 - LIME PUNCH FLUO 13-0550;KG;825,300001621246;7444,87
TRERE' INNOVATION S.R.L.;PF0309070/30XP61039;70/3 ELAS RIT PA 6 - FRENCH BLUE 18-4140;KG;124,070000648499;1054,62
TRERE' INNOVATION S.R.L.;PF0309070/30XP61047;70/3 ELAS RIT PA 6 - GERANIUM 17-1753;KG;46,1399993896484;392,2
TRERE' INNOVATION S.R.L.;PF0309070/30XP61083;70/3 ELAS RIT PA 6 - FIERY RED 18-1664;KG;54,0599999427795;459,52
TRERE' INNOVATION S.R.L.;PF0309070/30XP61090;70/3 ELAS RIT PA 6 - MELLOW MAUVE 17-1612 TPX;KG;299,049999237061;2541,99
TRERE' INNOVATION S.R.L.;PF0309070/30XP61110;70/3 ELAS RIT PA 6 - DKT-D19B TURQUOISE;KG;210,179999828339;1786,58
TRERE' INNOVATION S.R.L.;PF0309070/40XFL1047;70/4 ELAS RIT FLEXY PA 6 - GERANIUM 17-1753;KG;46,3499999046326;421,78
TRERE' INNOVATION S.R.L.;PF0309070/40XFL1062;70/4 ELAS RIT FLEXY PA 6 - SUPER PINK 17-2625;KG;38,6700000762939;351,9
TRERE' INNOVATION S.R.L.;PF0309070/40XFL1070;70/4 ELAS RIT FLEXY PA 6 - CARDINALE E 58;KG;30,7200002670288;279,55
TRERE' INNOVATION S.R.L.;PF0309782BR0I661071;78/68/2 ELAS BREEZE INT. PA 66 - CANDIDO;KG;310,900001764297;5658,37
TRERE' INNOVATION S.R.L.;PF0309784620XTC1120;78/46/2 ELAS RIT TACTEL - NERO;KG;1,49000000953674;20,12
NASTROTEX CUFRA SPA;;;;;
NASTROTEX CUFRA SPA;PF0336070/60MP61055;70/6 ELAS RIT 200 GIRI PA 6 - 399 ROSSO;KG;51,3799996376038;462,42
NASTROTEX CUFRA SPA;PF0336070/60MP61056;70/6 ELAS RIT 200 GIRI PA 6 - 631 VERDE;KG;51,5400013923645;463,86
NASTROTEX CUFRA SPA;PF0336100/40X661055;100/4 ELAS RIT PA 66 - 399 ROSSO;KG;49,2600011825562;492,6
NASTROTEX CUFRA SPA;PF0336100/40X661056;100/4 ELAS RIT PA 66 - 631 VERDE;KG;56,6499991416931;566,5
NASTROTEX CUFRA SPA;PF0336786840X661055;78/68/4 ELAS RIT PA 66 - 399 ROSSO;KG;46,7700002789497;654,78
NASTROTEX CUFRA SPA;PF0336786840X661056;78/68/4 ELAS RIT PA 66 - 631 VERDE;KG;49,3500001430511;690,9
NASTROTEX CUFRA SPA;PR03360001;;;0;150,99
CALZIFICIO PEZZINI SRL;;;;;
CALZIFICIO PEZZINI SRL;PF0341030/20X661031;30/2 ELAS RIT PA 66 - BOTTLE;KG;7,33999991416931;119,28
CALZIFICIO PEZZINI SRL;PF0341040/20X661000;40/2 ELAS RIT PA 66 - E03 NERO;KG;7,07000017166138;72,82
CALZIFICIO PEZZINI SRL;PF0341040/20X661006;40/2 ELAS RIT PA 66 - E 63 GRIGIO;KG;22,7399997711182;234,22
CALZIFICIO PEZZINI SRL;PF0341040/20XEX1000;40/2 ELAS RIT FLEXI PA 66 - E03 NERO;KG;248,67000079155;2436,98
CALZIFICIO PEZZINI SRL;PF0341040/20XP61000;40/2 ELAS RIT PA 6 - E03 NERO;KG;929,249995708466;8743,07
CALZIFICIO PEZZINI SRL;PF0341040/20XP61015;40/2 ELAS RIT PA 6 - E 63 GRIGIO ANTRACITE;KG;19,3499999046326;183,83
CALZIFICIO PEZZINI SRL;PF0341040/20\P61000;40/2 ELAS RIT S. PA 6 - E03 NERO;KG;78,2300004959106;727,54
CALZIFICIO PEZZINI SRL;PF0341070/20XFL1016;70/2 ELAS RIT FLEXY PA 6 - CICLAMINO A CAMPIONE;KG;80,4400000572205;732,01
CALZIFICIO PEZZINI SRL;PF0341070/20XFL1019;70/2 ELAS RIT FLEXY PA 6 - AVIO V 150;KG;49,3699994087219;449,28
CALZIFICIO PEZZINI SRL;PF0341070/20XFL1024;70/2 ELAS RIT FLEXY PA 6 - AZZURRO;KG;75,3299999237061;685,51
CALZIFICIO PEZZINI SRL;PF0341070/20XFL1030;70/2 ELAS RIT FLEXY PA 6 - CAMELIA;KG;38,039999961853;346,16
CALZIFICIO PEZZINI SRL;PF0341070/20XFL1031;70/2 ELAS RIT FLEXY PA 6 - BOTTLE;KG;44,8400003910065;408,05
CALZIFICIO PEZZINI SRL;PF0341070/20\P61031;70/2 ELAS RIT S. PA 6 - BOTTLE;KG;35,2799997329712;321,05
CALZIFICIO PEZZINI SRL;PF0341443410I661032;44/34/1 ELAS INT. PA 66 - ARGENTO;KG;26,4400005340576;384,7
CALZIFICIO PEZZINI SRL;PF0341443410I661033;44/34/1 ELAS INT. PA 66 - CENERE;KG;27,1299996376038;394,74
CALZIFICIO PEZZINI SRL;PF0341443410I661034;44/34/1 ELAS INT. PA 66 - GRIFONE;KG;26,6299998760223;387,47
CALZIFICIO PEZZINI SRL;PF0341443410I661035;44/34/1 ELAS INT. PA 66 - MARZAPANE;KG;24,5199998617172;356,77
CALZIFICIO PEZZINI SRL;PF0341443410I661036;44/34/1 ELAS INT. PA 66 - NEUTRO;KG;37,2999997138977;542,71
FILBOFLEX S.R.L.;;;;;
FILBOFLEX S.R.L.;PF0343040/10A661000;40/1 ELAS APE PA 66 - GRIGIO PALATINO;KG;47,6299991607666;738,27
(NON USARE) - REAL KNITTING DOO;;;;;
(NON USARE) - REAL KNITTING DOO;PF0345060/20X661000;60/2 ELAS RIT PA 66 - GREGGIO;KG;3064,50999832153;24822,65
CALZE HORUS di Paiano Quintino;;;;;
CALZE HORUS di Paiano Quintino;PF0349040/20XEX1002;40/2 ELAS RIT FLEXI PA 66 - NERO;KG;18,5499997138977;196,63
UNIPROD SRL;;;;;
UNIPROD SRL;PF0350040/20XEX1021;40/2 ELAS RIT FLEXI PA 66 - 034 AVIO SC ABISSO 262 T&T;KG;24,9200000762939;271,63
UNIPROD SRL;PF0350040/20XEX1022;40/2 ELAS RIT FLEXI PA 66 - 417 ARGENTO 417 T&T;KG;14,5600004196167;158,7
UNIPROD SRL;PF0350040/20XEX1023;40/2 ELAS RIT FLEXI PA 66 - 038 BORDEAUX 131;KG;15,1800003051758;165,46
UNIPROD SRL;PF0350040/20XEX1024;40/2 ELAS RIT FLEXI PA 66 - 406 CARAIBI 406 T&T;KG;24,0900001525879;262,58
UNIPROD SRL;PF0350040/20XEX1025;40/2 ELAS RIT FLEXI PA 66 - 426 CORRIDA 426 T&T;KG;24,0799999237061;262,48
UNIPROD SRL;PF0350040/20XEX1026;40/2 ELAS RIT FLEXI PA 66 - 414 FOX 414 BEIGE T&T;KG;23,8199996948242;259,64
UNIPROD SRL;PF0350040/20XEX1027;40/2 ELAS RIT FLEXI PA 66 - 016 GRIGIO PERLA 109 T&T;KG;23,3000001907349;253,97
UNIPROD SRL;PF0350040/20XEX1028;40/2 ELAS RIT FLEXI PA 66 - 175 PETROLIO 175 T&T;KG;14,5100002288818;158,16
UNIPROD SRL;PF0350040/20XEX1029;40/2 ELAS RIT FLEXI PA 66 - 013 COBALTO (ROYAL 418);KG;46,5999994277954;507,95
UNIPROD SRL;PF0350040/20XEX1030;40/2 ELAS RIT FLEXI PA 66 - 012 TURCHESE 118;KG;28,2900004386902;308,35
UNIPROD SRL;PF0350070/20XFL1029;70/2 ELAS RIT FLEXY PA 6 - 013 COBALTO (ROYAL 418);KG;23,5;218,55
UNIPROD SRL;PF0350070/20XFL1031;70/2 ELAS RIT FLEXY PA 6 - 014 BLU NOTTE 111 T&T;KG;37,340000629425;347,26
UNIPROD SRL;PF0350070/20XFL1032;70/2 ELAS RIT FLEXY PA 6 - 008 ROSSO 133 T&T;KG;22,0899996757507;205,44
UNIPROD SRL;PF0350070/30XFL1003;70/3 ELAS RIT FLEXY PA 6 - 001 CANDIDO;KG;110,91999912262;1031,56
UNIPROD SRL;PF0350070/30XFL1006;70/3 ELAS RIT FLEXY PA 6 - 019 GIALLO SENNA E 77;KG;70,5899996757507;656,49
UNIPROD SRL;PF0350070/30XFL1012;70/3 ELAS RIT FLEXY PA 6 - 014 BLU MARINE E 12;KG;38,9100003242493;361,87
CALZIFICIO ANSON SNC di Verardi Vito, Anna e Sonia;;;KG;38,9799995422363;-331,33
CALZIFICIO ANSON SNC di Verardi Vito, Anna e Sonia;;;kg;16,4599990844727;-139,91
CALZIFICIO ANSON SNC di Verardi Vito, Anna e Sonia;;;;0;0
CALZIFICIO ANSON SNC di Verardi Vito, Anna e Sonia;PF0352030/20X661021;30/2 ELAS RIT PA 66 - DARK NAVY 19-4010 TCX;KG;0,959999978542328;15,6
CALZIFICIO ANSON SNC di Verardi Vito, Anna e Sonia;PF0352030/20X661022;30/2 ELAS RIT PA 66 - PHANTOM 19-4205 TCX;KG;0,980000019073486;15,93
CALZIFICIO ANSON SNC di Verardi Vito, Anna e Sonia;PF0352030/20X661023;30/2 ELAS RIT PA 66 - ROSSO 18-1664 TCX;KG;0,800000011920929;13
CALZIFICIO ANSON SNC di Verardi Vito, Anna e Sonia;PF0352070/20XFL1002;70/2 ELAS RIT FLEXY PA 6 - CANDIDO;KG;159,930000662804;1359,43
CALZIFICIO ANSON SNC di Verardi Vito, Anna e Sonia;PF0352070/20XFL1021;70/2 ELAS RIT FLEXY PA 6 - DARK NAVY 19-4010 TCX;KG;97,4299988746643;828,17
CALZIFICIO ANSON SNC di Verardi Vito, Anna e Sonia;PF0352070/20XFL1022;70/2 ELAS RIT FLEXY PA 6 - PHANTOM 19-4205 TCX;KG;154,130001068115;1310,12
CALZIFICIO ANSON SNC di Verardi Vito, Anna e Sonia;PF0352070/20XFL1023;70/2 ELAS RIT FLEXY PA 6 - ROSSO 18-1664 TCX;KG;79,1700019836426;672,96
CALZIFICIO ANSON SNC di Verardi Vito, Anna e Sonia;PF0352070/20XFL1024;70/2 ELAS RIT FLEXY PA 6 - RHUBARB RED 19-1652;KG;37,7700004577637;332,38
CALZIFICIO ANSON SNC di Verardi Vito, Anna e Sonia;PF0352070/30XFL1023;70/3 ELAS RIT FLEXY PA 6 - ROSSO 18-1664 TCX;KG;38,289999961853;336,95
CALZIFICIO ANSON SNC di Verardi Vito, Anna e Sonia;PF0352070/30XFL1025;70/3 ELAS RIT FLEXY PA 6 - ESTATE BLUE 19-4027;KG;27,8699998855591;245,25
CALZIFICIO ANSON SNC di Verardi Vito, Anna e Sonia;PF0352227010A661021;LYCRA+PA66 (22+ 078 TINTO) 85 DTX - DARK NAVY 19-4010 TCX;KG;54,5899991989136;1037,21
CALZIFICIO ANSON SNC di Verardi Vito, Anna e Sonia;PF0352227010A661022;LYCRA+PA66 (22+ 078 TINTO) 85 DTX - PHANTOM 19-4205 TCX;KG;64,2199993133545;1220,18
CALZIFICIO ANSON SNC di Verardi Vito, Anna e Sonia;PF0352227010A661023;LYCRA+PA66 (22+ 078 TINTO) 85 DTX - ROSSO 18-1664 TCX;KG;66,3199992179871;1260,08
CALZIFICIO ANSON SNC di Verardi Vito, Anna e Sonia;PF0352227010A661026;LYCRA+PA66 (22+ 078 TINTO) 85 DTX - GREGGIO;KG;62,3500002622604;748,2
CALZIFICIO ANSON SNC di Verardi Vito, Anna e Sonia;PF0352784620XTC1021;78/46/2 ELAS RIT TACTEL - DARK NAVY 19-4010 TCX;KG;25,1800003051758;339,93
(NON USARE) CALZIFICIO CHIARA di Giannelli Marco;;;;;
(NON USARE) CALZIFICIO CHIARA di Giannelli Marco;PF0359030/204661001;30/2 ELAS CUC PA 66 - NERO;KG;15,9499999880791;223,3
(NON USARE) CALZIFICIO CHIARA di Giannelli Marco;PF0359040/20XEX1000;40/2 ELAS RIT FLEXI PA 66 - CANDIDO;KG;18,5100002288818;196,21
(NON USARE) CALZIFICIO CHIARA di Giannelli Marco;PF0359040/20XEX1001;40/2 ELAS RIT FLEXI PA 66 - NERO;KG;12,6499996185303;134,09
(NON USARE) CALZIFICIO CHIARA di Giannelli Marco;PF0359040/20XEX1015;40/2 ELAS RIT FLEXI PA 66 - CICLAMINO E 53 TECNOYARN;KG;18,5900003910065;197,06
(NON USARE) CALZIFICIO CHIARA di Giannelli Marco;PF0359070/20XFL1001;70/2 ELAS RIT FLEXY PA 6 - NERO;KG;119,460000038147;1075,14
(NON USARE) CALZIFICIO CHIARA di Giannelli Marco;PF0359070/20XFL1014;70/2 ELAS RIT FLEXY PA 6 - BENETTON 5937 LEFERON;KG;37,4599990844727;337,14
(NON USARE) CALZIFICIO CHIARA di Giannelli Marco;PF0359070/30XFL1001;70/3 ELAS RIT FLEXY PA 6 - NERO;KG;56,4699993133545;508,23
(NON USARE) CALZIFICIO CHIARA di Giannelli Marco;PF0359070/30XFL1009;70/3 ELAS RIT FLEXY PA 6 - E 1 CANDIDO;KG;43,4999990463257;391,5
(NON USARE) CALZIFICIO CHIARA di Giannelli Marco;PF0359070/30XFL1013;70/3 ELAS RIT FLEXY PA 6 - E 63 ACCIAIO;KG;36,6999998092651;330,3
DEA DI GRAZIELLA FRANCIOSO;;;;;
DEA DI GRAZIELLA FRANCIOSO;PF0376070/20IP61000;70/2 ELAS INT. PA 6 - GREGGIO;KG;1139,91000175476;5585,58
INTERSOCKS S.R.L. a Socio Unico;;;KG;40,3799991607666;-451,74
INTERSOCKS S.R.L. a Socio Unico;;;;0;0
INTERSOCKS S.R.L. a Socio Unico;PF0388070/10A661024;70/1 ELAS APE PA 66 - 37362 GRIGIO CHIARO G396;KG;22,9499998092651;238,68
INTERSOCKS S.R.L. a Socio Unico;PF0388070/20XFL1002;70/2 ELAS RIT FLEXY PA 6 - 37059 SULPHUR SPRING;KG;36,800000667572;334,88
INTERSOCKS S.R.L. a Socio Unico;PF0388070/20XFL1005;70/2 ELAS RIT FLEXY PA 6 - 30976 PIETRA M102;KG;17,6499996185303;160,62
INTERSOCKS S.R.L. a Socio Unico;PF0388070/20XFL1074;70/2 ELAS RIT FLEXY PA 6 - 30998 VIOLA AMARANTO 0919;KG;20,0700006484985;182,64
INTERSOCKS S.R.L. a Socio Unico;PF0388070/20XFL1083;70/2 ELAS RIT FLEXY PA 6 - 39018 SUEDE R089;KG;21,8100004196167;198,47
INTERSOCKS S.R.L. a Socio Unico;PF0388070/20XFL1084;70/2 ELAS RIT FLEXY PA 6 - 39019 FROST V260;KG;19,1300001144409;174,09
INTERSOCKS S.R.L. a Socio Unico;PF0388070/30XFL1030;70/3 ELAS RIT FLEXY PA 6 - 37771 SULPHUR SPRING G029;KG;20,5500001907349;182,89
INTERSOCKS S.R.L. a Socio Unico;PF0388070/30XFL1088;70/3 ELAS RIT FLEXY PA 6 - 36983 PRUGNA 8158 P104;KG;17,849999666214;158,86
INTERSOCKS S.R.L. a Socio Unico;PF0388070/40XFL1087;70/4 ELAS RIT FLEXY PA 6 - 39086 EFFEKTOR GREEN V282;KG;17,25;158,7
INTERSOCKS S.R.L. a Socio Unico;PF0388701TT0B661086;78/2 MELANGE BINATO PA66 - MELANGE NERO+ANTRACITE;KG;27,8200002908707;389,48
INTERSOCKS S.R.L. a Socio Unico;PF0388746820I661085;74/68/2 ELAS NG INTERL PA 66 - 39016 MELANZANA CANADA M202;KG;14,5399997234344;319,88
INTERSOCKS S.R.L. a Socio Unico;PF0388784620XTC1091;78/46/2 ELAS RIT TACTEL - 36418 TURQUOISE T006;KG;27,6199998855591;361,82
INTERSOCKS S.R.L. a Socio Unico;PF0388786020LEX1072;78/60/2 QNOVA LEG.INTERL FLEXI GRS 60 PA 66 - BIANCO;KG;20,6400003433228;262,13
INTERSOCKS S.R.L. a Socio Unico;PF0388786020LEX1073;78/60/2 QNOVA LEG.INTERL FLEXI GRS 60 PA 66 - NERO;KG;19,8799996376038;252,48
INTERSOCKS S.R.L. a Socio Unico;PF0388786020LEX1075;78/60/2 QNOVA LEG.INTERL FLEXI GRS 60 PA 66 - 39007 V732 VERDE ACQUA;KG;17,4900002479553;222,13
INTERSOCKS S.R.L. a Socio Unico;PF0388786020LEX1076;78/60/2 QNOVA LEG.INTERL FLEXI GRS 60 PA 66 - 39009 A056 BLUE AZAFATA;KG;17,9199995994568;227,59
INTERSOCKS S.R.L. a Socio Unico;PF0388786020LEX1078;78/60/2 QNOVA LEG.INTERL FLEXI GRS 60 PA 66 - 39006 B103 COBALTO;KG;12,2299995422363;155,32
INTERSOCKS S.R.L. a Socio Unico;PF0388786020LEX1079;78/60/2 QNOVA LEG.INTERL FLEXI GRS 60 PA 66 -  39008 R016 ROSA SALMON;KG;14,6099997758865;185,55
INTERSOCKS S.R.L. a Socio Unico;PF0388786020LEX1080;78/60/2 QNOVA LEG.INTERL FLEXI GRS 60 PA 66 - 39013 CACTUS FLOWER F326;KG;18,9399995803833;240,54
INTERSOCKS S.R.L. a Socio Unico;PF0388786020LEX1081;78/60/2 QNOVA LEG.INTERL FLEXI GRS 60 PA 66 - 39014 CABERNET R490;KG;23,4099998474121;297,31
INTERSOCKS S.R.L. a Socio Unico;PF0388786020LEX1082;78/60/2 QNOVA LEG.INTERL FLEXI GRS 60 PA 66 - 39015 SAFETY YELLOW FLUO G006;KG;17,8600006103516;226,82
INTERSOCKS S.R.L. a Socio Unico;PF0388786020LEX1090;78/60/2 QNOVA LEG.INTERL FLEXI GRS 60 PA 66 - 39314 GRIGIO METALLIC G119;KG;18,0100002288818;228,73
INTERSOCKS S.R.L. a Socio Unico;PF0388786020LEX1092;78/60/2 QNOVA LEG.INTERL FLEXI GRS 60 PA 66 - 39002 GRS NERO N002;KG;25,0200004577637;317,76
INTERSOCKS S.R.L. a Socio Unico;PF03887866Q0XEX1089;78/68/2 QSKIN RIT FLEXI PA 66 - 38593 VERDE NEON ;KG;16,8800001144409;278,52
INTERSOCKS S.R.L. a Socio Unico;PR03880006;;;0;17,37
BEST CALZE S.R.L.;;;;;
BEST CALZE S.R.L.;PF0399040/20XEX1003;40/2 ELAS RIT FLEXI PA 66 - E 11 BLEU;KG;29,039999961853;151,01
BEST CALZE S.R.L.;PF0399040/20XEX1004;40/2 ELAS RIT FLEXI PA 66 - E 3 NERO;KG;15,3299999237061;79,72
BEST CALZE S.R.L.;PF0399040/20XEX1006;40/2 ELAS RIT FLEXI PA 66 - E 1 BIANCO;KG;19,760000705719;102,76
BEST CALZE S.R.L.;PF0399070/20IP61011;70/2 ELAS INT. PA 6 - GREGGIO;KG;75,7299995422363;200,69
BEST CALZE S.R.L.;PF0399070/20XFL1000;70/2 ELAS RIT FLEXY PA 6 - E 4 ANTRACITE;KG;29,1799998283386;124,02
BEST CALZE S.R.L.;PF0399070/20XFL1001;70/2 ELAS RIT FLEXY PA 6 - E 13 AVIO;KG;15,7200001478195;66,81
BEST CALZE S.R.L.;PF0399070/20XFL1002;70/2 ELAS RIT FLEXY PA 6 - E 55 ERBA;KG;19,6499996185303;83,52
BEST CALZE S.R.L.;PF0399070/20XFL1003;70/2 ELAS RIT FLEXY PA 6 - E 11 BLEU;KG;58,0500011444092;246,71
BEST CALZE S.R.L.;PF0399070/20XFL1004;70/2 ELAS RIT FLEXY PA 6 - E 3 NERO;KG;46,4700002670288;197,5
BEST CALZE S.R.L.;PF0399070/20XFL1005;70/2 ELAS RIT FLEXY PA 6 - E 16 AZZURRO;KG;16,9999996423721;72,25
BEST CALZE S.R.L.;PF0399070/20XFL1006;70/2 ELAS RIT FLEXY PA 6 - E 1 BIANCO;KG;28,1999998092651;119,85
BEST CALZE S.R.L.;PF0399070/20XFL1007;70/2 ELAS RIT FLEXY PA 6 - E 12 NAVY;KG;15,6999998092651;66,73
BEST CALZE S.R.L.;PF0399070/20XFL1008;70/2 ELAS RIT FLEXY PA 6 - E 18 TURCHESE;KG;19,1200003623962;81,26
BEST CALZE S.R.L.;PF0399070/20XFL1012;70/2 ELAS RIT FLEXY PA 6 - E 77 GIALLO;KG;19,4300003051758;82,58
BEST CALZE S.R.L.;PF0399070/20XFL1013;70/2 ELAS RIT FLEXY PA 6 - E 35 ARANCIO;KG;19,9299993515015;84,71
BEST CALZE S.R.L.;PF0399070/20XFL1014;70/2 ELAS RIT FLEXY PA 6 - E 66 ROYAL;KG;16,1299996376038;68,56
BEST CALZE S.R.L.;PF0399070/20XFL1015;70/2 ELAS RIT FLEXY PA 6 - E 8 G. PERLA;KG;18,5899999141693;79,01
BEST CALZE S.R.L.;PF0399070/20XFL1016;70/2 ELAS RIT FLEXY PA 6 - E 6 G. MEDIO;KG;15,9399995803833;67,75
BEST CALZE S.R.L.;PF0399070/20XFL1017;70/2 ELAS RIT FLEXY PA 6 - E 74 AMBRA;KG;15,6199996471405;66,38
BEST CALZE S.R.L.;PF0399070/20XFL1018;70/2 ELAS RIT FLEXY PA 6 - E 75 RUGGINE;KG;17,5300006866455;74,5
BEST CALZE S.R.L.;PF0399070/30XFL1004;70/3 ELAS RIT FLEXY PA 6 - E 3 NERO;KG;13,0900001525879;55,63
BEST CALZE S.R.L.;PF0399070/30XFL1006;70/3 ELAS RIT FLEXY PA 6 - E 1 BIANCO;KG;14,2200002670288;60,44
GEVAERT BANDWEVERIJ NV;;;KG;364,989990234375;-3357,91
GEVAERT BANDWEVERIJ NV;;;;0;0
GEVAERT BANDWEVERIJ NV;PF0420022080UP61012;220/10 OPACO OPA RIT 90 PA 6 - DUSKY GREEN 553 17-0517 TPX;KG;366,049999237061;2708,79
GEVAERT BANDWEVERIJ NV;PF0420040/20X661007;40/2 ELAS RIT PA 66 - BLACK;KG;110,670000076294;1184,17
GEVAERT BANDWEVERIJ NV;PF0420070/20X661000;70/2 ELAS RIT PA 66 - DONKERGRIJS 241;KG;747,1499979496;6873,81
GEVAERT BANDWEVERIJ NV;PF0420070/20X661005;70/2 ELAS RIT PA 66 - GREY DIM;KG;1012,81000494957;9317,85
GEVAERT BANDWEVERIJ NV;PF0420070/20X661006;70/2 ELAS RIT PA 66 - GRIJS 223;KG;90,999999165535;837,19
GEVAERT BANDWEVERIJ NV;PF0420070/20X661007;70/2 ELAS RIT PA 66 - BLACK;KG;1084,02000105381;9972,97
GEVAERT BANDWEVERIJ NV;PF0420070/20X661008;70/2 ELAS RIT PA 66 - NAVY 242;KG;1493,39000487328;13739,23
GEVAERT BANDWEVERIJ NV;PF0420070/20X661016;70/2 ELAS RIT PA 66 - LICHTGRIJS 239;KG;165,869999408722;1526
GEVAERT BANDWEVERIJ NV;PF0420070/20X661018;70/2 ELAS RIT PA 66 - CREAM 476;KG;217,849999189377;2004,21
GEVAERT BANDWEVERIJ NV;PF0420070/20X661019;70/2 ELAS RIT PA 66 - HAVANNA 222;KG;201,600001335144;1854,73
GEVAERT BANDWEVERIJ NV;PF0420070/20X661020;70/2 ELAS RIT PA 66 - BLAUW 314;KG;156,090002059937;1436,03
GEVAERT BANDWEVERIJ NV;PF0420070/20X661021;70/2 ELAS RIT PA 66 - 65T;KG;24,3200006484985;223,74
GEVAERT BANDWEVERIJ NV;PF0420070/20X661022;70/2 ELAS RIT PA 66 - FEL ORANJE 384 ;KG;236,370000839233;2174,63
GEVAERT BANDWEVERIJ NV;PF0420070/20X661023;70/2 ELAS RIT PA 66 - KOBALT 387;KG;150,329999923706;1383,04
GEVAERT BANDWEVERIJ NV;PF0420070/20X661024;70/2 ELAS RIT PA 66 - SEVILLA 359;KG;210,079998016357;1932,74
GEVAERT BANDWEVERIJ NV;PF0420070/20X661025;70/2 ELAS RIT PA 66 - BEIGE 293;KG;101,290001392365;931,87
GEVAERT BANDWEVERIJ NV;PR04200006;;;0;165,46
CALZIFICIO PRISCO SRL;;;;;
CALZIFICIO PRISCO SRL;PF0424040/20X661012;40/2 ELAS RIT PA 66 - NERO;KG;111,979999542236;1522,92
CALZIFICIO PRISCO SRL;PF0424040/20XEX1000;40/2 ELAS RIT FLEXI PA 66 - BLU;KG;178,570001482964;2428,56
CALZIFICIO PRISCO SRL;PF0424040/20XEX1004;40/2 ELAS RIT FLEXI PA 66 - CASPIO;KG;28,4900002479553;387,47
CALZIFICIO PRISCO SRL;PF0424040/20XEX1012;40/2 ELAS RIT FLEXI PA 66 - NERO;KG;106,109999895096;1443,11
CALZIFICIO PRISCO SRL;PF0424040/20XEX1019;40/2 ELAS RIT FLEXI PA 66 - ANTRACITE;KG;39,1999998092651;533,12
CALZIFICIO PRISCO SRL;PF0424040/20XEX1020;40/2 ELAS RIT FLEXI PA 66 - NAVY;KG;38,92999958992;529,45
CALZIFICIO PRISCO SRL;PF0424040/20XEX1021;40/2 ELAS RIT FLEXI PA 66 - COMETA;KG;28,6999998092651;390,32
CALZIFICIO PRISCO SRL;PF0424040/20XEX1028;40/2 ELAS RIT FLEXI PA 66 - FUME';KG;36,450001001358;495,72
CALZIFICIO PRISCO SRL;PF0424040/20XEX1044;40/2 ELAS RIT FLEXI PA 66 - CANDIDO;KG;54,8600001335144;746,1
CALZIFICIO PRISCO SRL;PF0424040/20XEX1073;40/2 ELAS RIT FLEXI PA 66 - RUBINO;KG;23,6599996089935;321,78
CALZIFICIO PRISCO SRL;PF0424040/20XEX1090;40/2 ELAS RIT FLEXI PA 66 - LICHENO;KG;19,6599998474121;267,38
CALZIFICIO PRISCO SRL;PF0424040/20XEX1092;40/2 ELAS RIT FLEXI PA 66 - BRAWN;KG;33,1999998092651;451,52
CALZIFICIO PRISCO SRL;PF0424070/10A661000;70/1 ELAS APE PA 66 - BLU;KG;116,419998705387;1199,14
CALZIFICIO PRISCO SRL;PF0424070/10A661012;70/1 ELAS APE PA 66 - NERO;KG;171,720000267029;1768,74
CALZIFICIO PRISCO SRL;PF0424070/10A661019;70/1 ELAS APE PA 66 - ANTRACITE;KG;61,3399994373322;631,8
CALZIFICIO PRISCO SRL;PF0424070/10A661031;70/1 ELAS APE PA 66 - TOPO;KG;33,5299999713898;345,35
CALZIFICIO PRISCO SRL;PF0424070/10A661044;70/1 ELAS APE PA 66 - CANDIDO;KG;406,769998550415;4189,74
CALZIFICIO PRISCO SRL;PF0424070/10A661048;70/1 ELAS APE PA 66 - BORDO';KG;22,0699996948242;227,32
CALZIFICIO PRISCO SRL;PF0424070/10A661089;70/1 ELAS APE PA 66 - BORDEAUX 800;KG;22,1999998092651;228,66
CALZIFICIO PRISCO SRL;PF0424070/10A661093;70/1 ELAS APE PA 66 - GRIGIO 114;KG;22,1399993896484;228,05
CALZIFICIO PRISCO SRL;PF0424070/20X661000;70/2 ELAS RIT PA 66 - BLU;KG;133,360000133514;1326,94
CALZIFICIO PRISCO SRL;PF0424070/20X661012;70/2 ELAS RIT PA 66 - NERO;KG;135,189999103546;1345,14
CALZIFICIO PRISCO SRL;PF0424070/20X661019;70/2 ELAS RIT PA 66 - ANTRACITE;KG;44,7400002479553;445,17
CALZIFICIO PRISCO SRL;PF0424070/20X661020;70/2 ELAS RIT PA 66 - NAVY;KG;59,8500001430511;595,5
CALZIFICIO PRISCO SRL;PF0424070/20X661027;70/2 ELAS RIT PA 66 - OMBRA;KG;39,3800001144409;391,83
CALZIFICIO PRISCO SRL;PF0424070/20X661028;70/2 ELAS RIT PA 66 - FUME';KG;28,1899995803833;280,49
CALZIFICIO PRISCO SRL;PF0424070/20X661031;70/2 ELAS RIT PA 66 - TOPO;KG;31,6599998474121;315,02
CALZIFICIO PRISCO SRL;PF0424070/20X661044;70/2 ELAS RIT PA 66 - CANDIDO;KG;227,519999504089;2263,81
CALZIFICIO PRISCO SRL;PF0424070/20X661066;70/2 ELAS RIT PA 66 - PERLA 3063;KG;30,8700003623962;307,15
CALZIFICIO PRISCO SRL;PF0424070/20X661072;70/2 ELAS RIT PA 66 - SABBIA 13;KG;22,039999961853;219,3
CALZIFICIO PRISCO SRL;PF0424070/20X661089;70/2 ELAS RIT PA 66 - BORDEAUX 800;KG;30,0199999809265;298,7
CALZIFICIO PRISCO SRL;PF0424070/20\661000;70/2 ELAS RIT S. PA 66 - BLU;KG;416,900000691414;4148,17
CALZIFICIO PRISCO SRL;PF0424070/20\661012;70/2 ELAS RIT S. PA 66 - NERO;KG;373,58000254631;3717,12
CALZIFICIO PRISCO SRL;PF0424070/20\661019;70/2 ELAS RIT S. PA 66 - ANTRACITE;KG;86,3900012969971;859,58
CALZIFICIO PRISCO SRL;PF0424070/20\661020;70/2 ELAS RIT S. PA 66 - NAVY;KG;69,1100001335144;687,66
CALZIFICIO PRISCO SRL;PF0424070/20\661027;70/2 ELAS RIT S. PA 66 - OMBRA;KG;65,099999666214;647,75
CALZIFICIO PRISCO SRL;PF0424070/20\661031;70/2 ELAS RIT S. PA 66 - TOPO;KG;62,9199995994568;626,06
CALZIFICIO PRISCO SRL;PF0424070/20\661044;70/2 ELAS RIT S. PA 66 - CANDIDO;KG;357,949999690056;3561,64
CALZIFICIO PRISCO SRL;PF0424070/20\661073;70/2 ELAS RIT S. PA 66 - RUBINO;KG;23,3500003814697;232,33
CALZIFICIO PRISCO SRL;PF0424070/20\661078;70/2 ELAS RIT S. PA 66 - BLUETTE 100;KG;22,2300004959106;221,19
CALZIFICIO PRISCO SRL;PF0424070/20\661089;70/2 ELAS RIT S. PA 66 - BORDEAUX 800;KG;42,3300001621246;421,18
CALZIFICIO PRISCO SRL;PF0424070/20\661091;70/2 ELAS RIT S. PA 66 - RUGGINE;KG;30,460000038147;303,08
CALZIFICIO PRISCO SRL;PF0424070/20\661094;70/2 ELAS RIT S. PA 66 - NOCCIOLA;KG;21,0199999809265;209,15
CALZIFICIO PRISCO SRL;PF0424563410S661002;56/34/1 FLEXY RIT SIN PA 66 - CANDIDO;KG;17,1299996376038;244,96
CALZIFICIO PRISCO SRL;PF0424563410S661008;56/34/1 FLEXY RIT SIN PA 66 - COLLEGE;KG;146,909999847412;2100,81
CALZIFICIO PRISCO SRL;PF0424563410S661009;56/34/1 FLEXY RIT SIN PA 66 - NERO;KG;114,019999027252;1630,47
CALZIFICIO PRISCO SRL;PF0424563410S661016;56/34/1 FLEXY RIT SIN PA 66 - ANTRACITE;KG;16,2600002288818;232,52
CALZIFICIO PRISCO SRL;PF0424563410S661030;56/34/1 FLEXY RIT SIN PA 66 - CASPIO;KG;24,860000371933;355,5
CALZIFICIO PRISCO SRL;PF0424563410S661038;56/34/1 FLEXY RIT SIN PA 66 - JEANS NUOVO 671;KG;17,210000038147;246,1
CALZIFICIO PRISCO SRL;PF0424563410S661046;56/34/1 FLEXY RIT SIN PA 66 - BORDO';KG;18,1399998664856;259,4
CALZIFICIO PRISCO SRL;PF0424563410S661058;56/34/1 FLEXY RIT SIN PA 66 - GRIGIO NORD;KG;18,8200001716614;269,12
CALZIFICIO PRISCO SRL;PF0424563410S661095;56/34/1 FLEXY RIT SIN PA 66 - CONFETTO;KG;19,7200002670288;281,99
CALZIFICIO PRISCO SRL;PF0424851TA0IEX1001;85/92/1 TACTEL INT. FLEXI PA 66 - GHIAIA;KG;152,460000157356;2256,42
CALZIFICIO PRISCO SRL;PF0424851TA0IEX1002;85/92/1 TACTEL INT. FLEXI PA 66 - CANDIDO;KG;235,009998559952;3478,14
CALZIFICIO PRISCO SRL;PF0424851TA0IEX1006;85/92/1 TACTEL INT. FLEXI PA 66 - LAMA;KG;35,4699993133545;524,95
CALZIFICIO PRISCO SRL;PF0424851TA0IEX1008;85/92/1 TACTEL INT. FLEXI PA 66 - COLLEGE;KG;292,279997825623;4325,72
CALZIFICIO PRISCO SRL;PF0424851TA0IEX1013;85/92/1 TACTEL INT. FLEXI PA 66 - NERO;KG;457,509999752045;6771,13
CALZIFICIO PRISCO SRL;PF0424851TA0IEX1014;85/92/1 TACTEL INT. FLEXI PA 66 - FUME';KG;36,0099992752075;532,95
CALZIFICIO PRISCO SRL;PF0424851TA0IEX1024;85/92/1 TACTEL INT. FLEXI PA 66 - ANTRACITE;KG;60,3600000739098;893,33
CALZIFICIO PRISCO SRL;PF0424851TA0IEX1026;85/92/1 TACTEL INT. FLEXI PA 66 - MARRONE;KG;34,25;506,9
CALZIFICIO PRISCO SRL;PF0424851TA0IEX1030;85/92/1 TACTEL INT. FLEXI PA 66 - CASPIO;KG;36,0000002384186;532,8
CALZIFICIO PRISCO SRL;PF0424851TA0IEX1034;85/92/1 TACTEL INT. FLEXI PA 66 - GRIGIO 7;KG;35,75;529,11
CALZIFICIO PRISCO SRL;PF0424851TA0IEX1043;85/92/1 TACTEL INT. FLEXI PA 66 - LACCA;KG;29,7300000190735;440
CALZIFICIO PRISCO SRL;PF0424851TA0IEX1046;85/92/1 TACTEL INT. FLEXI PA 66 - BORDO';KG;30,1199998855591;445,77
CALZIFICIO PRISCO SRL;PF0424851TA0IEX1050;85/92/1 TACTEL INT. FLEXI PA 66 - VINACCIA;KG;24,3500003814697;360,38
RIMTEKS  A.S.;;;NR;1;205
RIMTEKS  A.S.;;;KG;306,370001077652;-2730,36
RIMTEKS  A.S.;;;kg;15,0299997329712;-184,12
RIMTEKS  A.S.;;;;;
RIMTEKS  A.S.;PF0431070/20XP61020;70/2 ELAS RIT PA 6 - D9351;KG;33,1999998092651;308,76
RIMTEKS  A.S.;PF0431070/20\P61020;70/2 ELAS TWIST S. PA 6 - D9351;KG;367,070001363754;3120,16
RIMTEKS  A.S.;PF0431070/20\P61031;70/2 ELAS TWIST S. PA 6 - OFF WHITE 0505;KG;21,7000002861023;184,45
RIMTEKS  A.S.;PF0431786820X661028;78/68/2 ELAS TWIST PA 66 MICRO - WHITE;KG;182,770000457764;2238,94
RIMTEKS  A.S.;PF0431786820X661029;78/68/2 ELAS TWIST PA 66 MICRO - BLACK;KG;83,8899993896484;1027,66
RIMTEKS  A.S.;PF0431786820Ò661028;78/68/2  RIT NON INTERL PA 66 - WHITE;KG;27,6200003623962;338,35
RIMTEKS  A.S.;PF0431786820Ò661029;78/68/2  RIT NON INTERL PA 66 - BLACK;KG;32,6400003433228;399,85
RIMTEKS  A.S.;PR04310007;;;0;9,96
BVBA BEERNAERT;;;;;
BVBA BEERNAERT;PF0435030/204661000;30/2 ELAS CUC PA 66 - BLACK;KG;0,209999993443489;3,51
BVBA BEERNAERT;PF0435040/20XEX1000;40/2 ELAS RIT FLEXI PA 66 - BLACK;KG;34,6100006103516;377,25
BVBA BEERNAERT;PF0435040/20XEX1002;40/2 ELAS RIT FLEXI PA 66 - MATELOT B.P. 99229/721001;KG;37,7700006365776;411,69
BVBA BEERNAERT;PF0435070/20X661000;70/2 ELAS RIT PA 66 - BLACK;KG;19,0199999809265;180,7
BVBA BEERNAERT;PF0435070/20X661001;70/2 ELAS RIT PA 66 - GREEN DERBY B.P.82779/730249;KG;55,2799999713898;525,18
BVBA BEERNAERT;PF0435070/20X661002;70/2 ELAS RIT PA 66 - MATELOT B.P. 99229/721001;KG;17,3700003623962;165,02
BVBA BEERNAERT;PF0435070/20X661003;70/2 ELAS RIT PA 66 - GRIS CLAIR B.P. 82419/720301;KG;19,460000038147;184,87
BVBA BEERNAERT;PF0435070/20\661000;70/2 ELAS RIT S. PA 66 - BLACK;KG;144,500001430511;1372,77
BVBA BEERNAERT;PF0435070/20\661001;70/2 ELAS RIT S. PA 66 - GREEN DERBY B.P.82779/730249;KG;31,539999961853;299,64
BVBA BEERNAERT;PF0435070/20\661002;70/2 ELAS RIT S. PA 66 - MATELOT B.P. 99229/721001;KG;131,420000314713;1248,51
BVBA BEERNAERT;PF0435070/20\661004;70/2 ELAS RIT S. PA 66 - WHITE;KG;118,869998931885;1129,31
BVBA BEERNAERT;PF0435070/20\661005;70/2 ELAS RIT S. PA 66 - KHAKI 708801;KG;21,8100004196167;207,2
BVBA BEERNAERT;PF0435070/20\661006;70/2 ELAS RIT S. PA 66 - CREME 721701;KG;22,6500005722046;215,18
BVBA BEERNAERT;PF0435070/20\661007;70/2 ELAS RIT S. PA 66 - ANTHRACITE 707401;KG;75,2599992752075;714,98
BVBA BEERNAERT;PF0435070/20\661008;70/2 ELAS RIT S. PA 66 - CIEL 702601;KG;19,9300003051758;189,34
BVBA BEERNAERT;PF0435070/20\661009;70/2 ELAS RIT S. PA 66 - STAHLBLAU;KG;18,7399997711182;178,03
BVBA BEERNAERT;PF0435070/20\661010;70/2 ELAS RIT S. PA 66 - POIVRE;KG;21,9499998092651;208,53
BVBA BEERNAERT;PF0435070/20\661011;70/2 ELAS RIT S. PA 66 - MITTELGRAU;KG;20,8999996185303;198,56
BVBA BEERNAERT;PR04350010;;;0;36
INSOCKS SRL;;;KG;177,669998168945;-2212,28
INSOCKS SRL;;;;0;0
INSOCKS SRL;PF0448070/10A661053;70/1 ELAS APE PA 66 - 37282 FATHOM J011;KG;123,209998846054;1281,39
INSOCKS SRL;PF0448070/10A661083;70/1 ELAS APE PA 66 - 37362 GRIGIO CHIARO G396;KG;59,4099996089935;617,87
INSOCKS SRL;PF0448070/10A661092;70/1 ELAS APE PA 66 - 38096 PRUGNA 8158 P104;KG;22,3699998855591;232,65
INSOCKS SRL;PF0448070/20XFL1015;70/2 ELAS RIT FLEXY PA 6 - 36193 DIVA PINK FLUO;KG;194,100000858307;1766,32
INSOCKS SRL;PF0448070/20XFL1019;70/2 ELAS RIT FLEXY PA 6 - 37243 FATHOM;KG;209,010002374649;1902
INSOCKS SRL;PF0448070/20XFL1055;70/2 ELAS RIT FLEXY PA 6 - 36862 PRUGNA 8158 P104;KG;44,5;404,96
INSOCKS SRL;PF0448070/20XFL1075;70/2 ELAS RIT FLEXY PA 6 - 38973 BLU SRUCE B368;KG;35,9600012302399;327,24
INSOCKS SRL;PF0448070/20XFL1076;70/2 ELAS RIT FLEXY PA 6 - 34600 RUGINE CORTESA 8114 R044;KG;17,1300001144409;155,89
INSOCKS SRL;PF0448070/30XFL1012;70/3 ELAS RIT FLEXY PA 6 - 37029 RUGINE CORTESA;KG;23,4000005722046;208,26
INSOCKS SRL;PF0448070/30XFL1025;70/3 ELAS RIT FLEXY PA 6 - 36934 ARANCIO FLUO SCURO;KG;137,580000638962;1224,46
INSOCKS SRL;PF0448070/30XFL1039;70/3 ELAS RIT FLEXY PA 6 - 36854 DIVA PINK FLUO;KG;241,470000743866;2155,34
INSOCKS SRL;PF0448070/30XFL1044;70/3 ELAS RIT FLEXY PA 6 - 37771 SULPHUR SPRING G029;KG;35,5400004386902;316,31
INSOCKS SRL;PF0448070/30XFL1069;70/3 ELAS RIT FLEXY PA 6 - 36935 AZZURRO TURCHESE A106;KG;40,050000667572;356,46
INSOCKS SRL;PF0448070/30XFL1078;70/3 ELAS RIT FLEXY PA 6 - 39999 WOOD ROSE R189;KG;15,6100001335144;138,93
INSOCKS SRL;PF0448070/30XFL1079;70/3 ELAS RIT FLEXY PA 6 - 39999 BLU SRUCE B368;KG;14,710000038147;130,92
INSOCKS SRL;PF0448070/30XFL1085;70/3 ELAS RIT FLEXY PA 6 - 37492 NAVY 1010 B544;KG;24,8500003814697;221,17
INSOCKS SRL;PF0448070/30XFL1086;70/3 ELAS RIT FLEXY PA 6 - 39065 MARRON SCURO M095;KG;22,3000001907349;198,47
INSOCKS SRL;PF0448746820I661080;74/68/2 ELAS INT. PA 66 - 38296 AZZURRO TURCHESE A106;KG;5,98000001907349;131,56
INSOCKS SRL;PF0448782SK0IEX1054;78/68/2 SKINLIFE INT. FLEXI PA 66 - 37895 CHARCOAL G170;KG;67,9000000953674;1003,56
INSOCKS SRL;PF0448783QS0IEX1077;78/68/3 ELAS QSKIN INT. FLEXI PA 66 - 38638 GRIGIO CHIARO G396;KG;26,5199995040894;442,88
INSOCKS SRL;PF0448786020LEX1084;78/60/2 QNOVA LEG.INTERL FLEXI GRS 60 PA 66 - 39002 NERO N002;KG;1070,53999948502;13595,87
INSOCKS SRL;PF0448786020LEX1087;78/60/2 QNOVA LEG.INTERL FLEXI GRS 60 PA 66 - 39003 BIANCO B001;KG;446,490000009537;5670,48
INSOCKS SRL;PF0448786020LEX1088;78/60/2 QNOVA LEG.INTERL FLEXI GRS 60 PA 66 - 39006 B103 COBALTO;KG;49,75;631,83
INSOCKS SRL;PF0448786020LEX1089;78/60/2 QNOVA LEG.INTERL FLEXI GRS 60 PA 66 - 39008 R016 ROSA SALMON;KG;40,1500005722046;509,91
INSOCKS SRL;PF0448786020LEX1090;78/60/2 QNOVA LEG.INTERL FLEXI GRS 60 PA 66 - 39272 NEON PINK FLUO R148;KG;79,8499999046326;1014,09
INSOCKS SRL;PF04487866Q0XEX1077;78/68/2 ELAS INTER PA 66 FLEXY QSKIN - 38638 GRIGIO CHIARO G396;KG;14,1099996566772;232,82
INSOCKS SRL;PF04487866Q0XEX1081;78/68/2 QSKIN RIT FLEXI PA 66 - 38294 BORDEAUX R181;KG;216,460001707077;3571,66
INSOCKS SRL;PF04487866Q0XEX1082;78/68/2 QSKIN RIT FLEXI PA 66 - 38598 PETROLIO TON T001;KG;118,319999694824;1952,3
INSOCKS SRL;PR04480006;;;0;320,3
NUOVA CALZE REGIA SRL;;;KG;31,6900005340576;-538,73
NUOVA CALZE REGIA SRL;;;;0;0
NUOVA CALZE REGIA SRL;PF0451070/30XFL1017;70/3 ELAS RIT FLEXY PA 6 - 38194 WILF ROSE V073;KG;58,5600004196167;532,9
NUOVA CALZE REGIA SRL;PF045178QSK0IEX1018;78/68/2 QSKIN INT. FLEXI PA 66 - 39032 ROSSO CORRIDA R227;KG;29,1999998092651;481,81
NUOVA CALZE REGIA SRL;PF045178QSK0IEX1019;78/68/2 QSKIN INT. FLEXI PA 66 - 38272 NERO 103;KG;39,0599994659424;644,5
NUOVA CALZE REGIA SRL;PF045178QSK0IEX1020;78/68/2 QSKIN INT. FLEXI PA 66 - 38970 BIANCO;KG;28,400000333786;468,6
NUOVA CALZE REGIA SRL;PF045178QSK0IEX1022;78/68/2 QSKIN INT. FLEXI PA 66 - 39029 GIALLO SCURO G003;KG;40,1400012969971;662,32
NUOVA CALZE REGIA SRL;PF045178QSK0IEX1023;78/68/2 QSKIN INT. FLEXI PA 66 - 39031 ARANCIO FLUO A063;KG;60,210000038147;993,47
NUOVA CALZE REGIA SRL;PR04510006;;;0;30,11
NY - NEW YARN SRL;;;KG;67,8200013637543;-694,21
NY - NEW YARN SRL;;;1;;14,54
NY - NEW YARN SRL;;;;0;0
NY - NEW YARN SRL;PF0457040/10A661003;40/1 ELAS APE PA 66 - GRIGIO MEDIO 7717 ;KG;99,4799995422363;1144,04
NY - NEW YARN SRL;PF0457040/10A661008;40/1 ELAS APE PA 66 - 1028 INDACO;KG;56,8600004911423;653,91
NY - NEW YARN SRL;PF0457040/10A661009;40/1 ELAS APE PA 66 - 1038 ARDESIA;KG;90,4800000190735;1040,54
NY - NEW YARN SRL;PF0457040/10A661014;40/1 ELAS APE PA 66 - C900 JEANS;KG;67,8600004315376;780,41
NY - NEW YARN SRL;PF0457040/10A661019;40/1 ELAS APE PA 66 - 2710 FUXIA;KG;22,3200001716614;256,68
NY - NEW YARN SRL;PF0457040/10A661029;40/1 ELAS APE PA 66 - 1005 RADICI;KG;29,3200006484985;337,19
NY - NEW YARN SRL;PF0457040/10A661030;40/1 ELAS APE PA 66 - 1041 OCEANO;KG;45,6199991703033;524,65
NY - NEW YARN SRL;PF0457040/10A661031;40/1 ELAS APE PA 66 - 1036 GRIGIO TOPO;KG;31,5299991369247;362,6
NY - NEW YARN SRL;PF0457040/10A661037;40/1 ELAS APE PA 66 - GRIGIO EMME;KG;113,760001301765;1308,26
NY - NEW YARN SRL;PF0457040/10A661038;40/1 ELAS APE PA 66 - ARANCIO 1004;KG;22,4899997711182;258,64
NY - NEW YARN SRL;PF0457040/10A661039;40/1 ELAS APE PA 66 - CENERE 403;KG;33,3800010681152;383,88
NY - NEW YARN SRL;PF0457040/20X661003;40/2 ELAS RIT PA 66 - GRIGIO MEDIO 7717 ;KG;206,560000181198;2168,91
NY - NEW YARN SRL;PF0457040/20X661004;40/2 ELAS RIT PA 66 - 417 ARGENTO - TONO VECCHIO NON USARE;KG;98,3199999332428;1032,37
NY - NEW YARN SRL;PF0457040/20X661005;40/2 ELAS RIT PA 66 - 400 GHISA;KG;2088,97999703884;21934,6
NY - NEW YARN SRL;PF0457040/20X661006;40/2 ELAS RIT PA 66 - 2223 OLTREMARE;KG;187,100001096725;1964,59
NY - NEW YARN SRL;PF0457040/20X661007;40/2 ELAS RIT PA 66 - 103 NERO;KG;3221,64999717474;33827,96
NY - NEW YARN SRL;PF0457040/20X661012;40/2 ELAS RIT PA 66 - 417 ARGENTO - TONO NUOVO;KG;370,57999753952;3891,15
NY - NEW YARN SRL;PF0457040/20X661015;40/2 ELAS RIT PA 66 - BLU EMME;KG;112,099999666214;1177,07
NY - NEW YARN SRL;PF0457040/20X661016;40/2 ELAS RIT PA 66 - GRAFITE 9240;KG;55,3099994659424;580,77
NY - NEW YARN SRL;PF0457040/20X661017;40/2 ELAS RIT PA 66 - AZZURRO 99;KG;102,909999370575;1080,58
NY - NEW YARN SRL;PF0457040/20X661019;40/2 ELAS RIT PA 66 - 2710 FUXIA;KG;65,2399997711182;685,03
NY - NEW YARN SRL;PF0457040/20X661022;40/2 ELAS RIT PA 66 - 2044 ROSSO;KG;23,3999996185303;245,71
NY - NEW YARN SRL;PF0457040/20X661040;40/2 ELAS RIT PA 66 - CORRIDA 426;KG;51,409999370575;539,81
NY - NEW YARN SRL;PF0457044AM0I661026;44/34/2 AMNI SOUL ECO INT. PA 66 - NERO;KG;17,5600001811981;316,08
NY - NEW YARN SRL;PF0457070/10A661010;70/1 ELAS APE PA 66 - 140 VERDE;KG;58,8999993801117;565,45
NY - NEW YARN SRL;PF0457070/10A661011;70/1 ELAS APE PA 66 - 306 FUXIA FLUO ;KG;32,0600011348724;307,77
NY - NEW YARN SRL;PF0457070/10A661013;70/1 ELAS APE PA 66 - 300 GIALLO FLUO;KG;21,6300001144409;207,65
NY - NEW YARN SRL;PF0457070/10A661020;70/1 ELAS APE PA 66 - 132 BAROLO;KG;30,539999961853;293,19
NY - NEW YARN SRL;PF0457070/10A661021;70/1 ELAS APE PA 66 - 407 PUFFO;KG;53,2700004577637;511,4
NY - NEW YARN SRL;PF0457070/10A661024;70/1 ELAS APE PA 66 - VERDE FLUO 305;KG;48,0199995040894;460,98
NY - NEW YARN SRL;PF0457070/10A661025;70/1 ELAS APE PA 66 - 112 BLU NAVY;KG;69,9400005340576;671,42
NY - NEW YARN SRL;PF0457070/10A661032;70/1 ELAS APE PA 66 - ROSSO 18-1664 TCX;KG;45,539999961853;437,19
NY - NEW YARN SRL;PF0457070/10A661033;70/1 ELAS APE PA 66 - DARK NAVY 19-4010 TCX;KG;34,5900001525879;332,07
NY - NEW YARN SRL;PF0457070/10A661034;70/1 ELAS APE PA 66 - PHANTOM 19-4205 TCX;KG;45,3799982070923;435,66
NY - NEW YARN SRL;PF0457070/10A661036;70/1 ELAS APE PA 66 - 121 MORO;KG;21,3299994468689;204,77
NY - NEW YARN SRL;PF0457070/20X661002;70/2 ELAS RIT PA 66 - GRIGIO 431/C;KG;181,440000534058;1687,39
NY - NEW YARN SRL;PF0457070/20X661003;70/2 ELAS RIT PA 66 - GRIGIO MEDIO 7717 ;KG;275,699998497963;2564,02
NY - NEW YARN SRL;PF0457070/20X661027;70/2 ELAS RIT PA 66 - 982 TURCHESE;KG;46,2700006961823;430,31
NY - NEW YARN SRL;PF0457070/20X661028;70/2 ELAS RIT PA 66 - 983 ORANGE;KG;26,5500001907349;246,92
NY - NEW YARN SRL;PF0457070/20XP61013;70/2 ELAS RIT PA 6 - 300 GIALLO FLUO;KG;26,6599996089935;242,61
NY - NEW YARN SRL;PF0457070/20XP61015;70/2 ELAS RIT PA 6 - BLU EMME;KG;51,5799999237061;469,38
NY - NEW YARN SRL;PF0457070/20XP61018;70/2 ELAS RIT PA 6 - 3022 TAUPE;KG;66,4400005340576;604,6
NY - NEW YARN SRL;PF0457070/20XP61023;70/2 ELAS RIT PA 6 - MAIS 137;KG;26,539999961853;241,52
NY - NEW YARN SRL;PF0457786010IQN1026;78/60/1 ELAS INT. QNOVA GRS 60 PA 66 - NERO;KG;41,2199993133545;638,93
NY - NEW YARN SRL;PR04570006;;;0;62,49
Winsocks srl;;;KG;105,900001525879;-211,8
Winsocks srl;;;kg;1;-25,65
Winsocks srl;;;NR;;10
Winsocks srl;;;;0;0
Winsocks srl;PF0463070/20XFL1002;70/2 ELAS RIT FLEXY PA 6 - E 3 NERO;KG;392,910000324249;3339,79
Winsocks srl;PF0463070/20XFL1014;70/2 ELAS RIT FLEXY PA 6 - E 12 NAVY;KG;72,2999988794327;614,56
Winsocks srl;PF0463070/30XFL1001;70/3 ELAS RIT FLEXY PA 6 - CANDIDO;KG;86,4499998092651;734,83
Winsocks srl;PF0463070/30XFL1002;70/3 ELAS RIT FLEXY PA 6 - E 3 NERO;KG;1368,52000188828;11632,62
Winsocks srl;PF0463070/30XFL1004;70/3 ELAS RIT FLEXY PA 6 - ROSSO E33;KG;313,590000987053;2673,84
Winsocks srl;PF0463070/30XFL1005;70/3 ELAS RIT FLEXY PA 6 - ANTRACITE E4;KG;349,249999523163;2974,31
Winsocks srl;PF0463070/30XFL1006;70/3 ELAS RIT FLEXY PA 6 - ARANCIO E 35;KG;154,569998383522;1313,87
Winsocks srl;PF0463070/30XFL1007;70/3 ELAS RIT FLEXY PA 6 - ROYAL 6080;KG;273,070000648499;2328,88
Winsocks srl;PF0463070/30XFL1008;70/3 ELAS RIT FLEXY PA 6 - E 1 CANDIDO;KG;317,169998526573;2695,97
Winsocks srl;PF0463070/30XFL1009;70/3 ELAS RIT FLEXY PA 6 - E 80 CHERRY;KG;175,7600004673;1493,99
Winsocks srl;PF0463070/30XFL1010;70/3 ELAS RIT FLEXY PA 6 - GIALLO SOLE E 77;KG;171,550000190735;1462,26
Winsocks srl;PF0463070/30XFL1014;70/3 ELAS RIT FLEXY PA 6 - E 12 NAVY;KG;185,160000801086;1573,89
Winsocks srl;PF0463070/30XFL1015;70/3 ELAS RIT FLEXY PA 6 - E 24 CORTECCIA;KG;18,5899999141693;158,02
Winsocks srl;PF0463070/30XFL1016;70/3 ELAS RIT FLEXY PA 6 - NARANAIA FLUOR 8142;KG;57,739999294281;490,8
Winsocks srl;PF0463070/30XFL1017;70/3 ELAS RIT FLEXY PA 6 - E 74 AMBRA;KG;59,7500004768372;507,88
Winsocks srl;PF0463070/30XFL1018;70/3 ELAS RIT FLEXY PA 6 - E 67 KAKI;KG;80,7000007629395;685,96
Winsocks srl;PF0463070/30XFL1020;70/3 ELAS RIT FLEXY PA 6 - PINO E 42;KG;742,349998235703;6310,13
Winsocks srl;PF0463070/30XFL1021;70/3 ELAS RIT FLEXY PA 6 - KAKI 5404;KG;54,5099995136261;463,34
Winsocks srl;PF0463070/30XFL1022;70/3 ELAS RIT FLEXY PA 6 - TURQUESA 4562;KG;52,6499998569489;447,54
Winsocks srl;PF0463070/30XFL1023;70/3 ELAS RIT FLEXY PA 6 - E 91 MARMO;KG;22,1199998855591;230,86
Winsocks srl;PF0463070/30XFL1024;70/3 ELAS RIT FLEXY PA 6 - AZUL CLARO 4337;KG;19,0599999427795;162,02
Winsocks srl;PR04630006;;;0;17,32
ATHENA CALZE SRL;;;;;
ATHENA CALZE SRL;PF0465070/20D661007;70/2 ELAS CUC 10000 PA 66 - COD. 824;KG;18,4400002509356;283,97
ATHENA CALZE SRL;PF0465070/20D661016;70/2 ELAS CUC 10000 PA 66 - NERO;KG;16,509999871254;254,25
SC CALZE SRL;;;;;
SC CALZE SRL;PF0470040/20XEX1012;40/2 ELAS RIT FLEXI PA 66 - FELCE 416;KG;18,8200001716614;100,68
SC CALZE SRL;PF0470040/20XEX1015;40/2 ELAS RIT FLEXI PA 66 PRIMETTA - ROSSO 133;KG;18,0900001525879;96,78
SC CALZE SRL;PF0470040/20XEX1016;40/2 ELAS RIT FLEXI PA 66 PRIMETTA - ARANCIO 135;KG;10,7299995422363;57,41
SC CALZE SRL;PF0470040/20XEX1017;40/2 ELAS RIT FLEXI PA 66 - NERO GS005;KG;456,200000405312;2440,69
SC CALZE SRL;PF0470040/20XEX1018;40/2 ELAS RIT FLEXI PA 66 - BLU NOTTE 111;KG;406,529998779297;2174,93
SC CALZE SRL;PF0470040/20XEX1020;40/2 ELAS RIT FLEXI PA 66 - BIANCO CA010;KG;301,689999580383;1614,06
SC CALZE SRL;PF0470040/20XEX1022;40/2 ELAS RIT FLEXI PA 66 - GIALLO 137;KG;19,0500001907349;101,92
SC CALZE SRL;PF0470040/20XEX1035;40/2 ELAS RIT FLEXI PA 66 PRIMETTA - GRIGIO PERLA 109;KG;11,1599998474121;59,71
SC CALZE SRL;PF0470040/20XEX1036;40/2 ELAS RIT FLEXI PA 66 PRIMETTA- AVIO 114;KG;57,4199993610382;307,2
SC CALZE SRL;PF0470040/20XEX1037;40/2 ELAS RIT FLEXI PA 66 - GRIGIO MEDIO 107;KG;12,039999961853;64,41
SC CALZE SRL;PF0470040/20XEX1038;40/2 ELAS RIT FLEXI PA 66 PRIMETTA - 405 TORTORA;KG;37,2200002670288;199,13
SC CALZE SRL;PF0470040/20XEX1039;40/2 ELAS RIT FLEXI PA 66 - 130 CORDA;KG;53,6700007915497;287,13
SC CALZE SRL;PF0470070/10A661001;70/1 ELAS APE PA 66 - NERO GS005;KG;42,8299992084503;237,71
SC CALZE SRL;PF0470070/10A661017;70/1 ELAS APE PA 66 - NERO GS005;KG;132,509998679161;735,44
SC CALZE SRL;PF0470070/10A661020;70/1 ELAS APE PA 66 - BIANCO 101;KG;62,2700004577637;345,6
GILMATEX SRL;;;;;
GILMATEX SRL;PF0482070/20XFL1000;70/2 ELAS RIT FLEXY PA 6 - E 99 GIALLO FLUO;KG;48,4499990940094;440,89
GILMATEX SRL;PF0482070/20XFL1001;70/2 ELAS RIT FLEXY PA 6 - E 1 CANDIDO;KG;92,3199982643127;840,11
GILMATEX SRL;PF0482070/20XFL1004;70/2 ELAS RIT FLEXY PA 6 - E 63 ACCIAIO;KG;36,5899996757507;332,98
GILMATEX SRL;PF0482070/20XFL1005;70/2 ELAS RIT FLEXY PA 6 - E 34 FIAMMA;KG;19,0500001907349;173,36
GILMATEX SRL;PF0482070/20XFL1006;70/2 ELAS RIT FLEXY PA 6 - E 98 VERDE FLUO;KG;30,6999998092651;279,37
GILMATEX SRL;PF0482070/20XFL1007;70/2 ELAS RIT FLEXY PA 6 - E 66 ROYAL;KG;30,3900008201599;276,55
GILMATEX SRL;PF0482070/20XFL1008;70/2 ELAS RIT FLEXY PA 6 - E 93 ELEFANTE;KG;29,4200000762939;267,72
GILMATEX SRL;PF0482070/20\661001;70/2 ELAS RIT S. PA 66 - E 1 CANDIDO;KG;87,8200001716614;843,08
GILMATEX SRL;PF0482070/20\661002;70/2 ELAS RIT S. PA 66 - E 3 NERO;KG;91,0899990797043;874,46
GILMATEX SRL;PF0482070/30XFL1001;70/3 ELAS RIT FLEXY PA 6 - E 1 CANDIDO;KG;58,3600006103516;519,4
GILMATEX SRL;PF0482070/30XFL1002;70/3 ELAS RIT FLEXY PA 6 - E 3 NERO;KG;17,4099998474121;154,95
GILMATEX SRL;PF0482070/30XFL1004;70/3 ELAS RIT FLEXY PA 6 - E 63 ACCIAIO;KG;56,3800005912781;501,77
GILMATEX SRL;PF0482070/30XFL1005;70/3 ELAS RIT FLEXY PA 6 - E 34 FIAMMA;KG;48,3399996757507;430,23
GILMATEX SRL;PF0482070/40X661000;70/4 ELAS RIT PA 66 - E 99 GIALLO FLUO;KG;21,6599998474121;216,6
GILMATEX SRL;PF0482070/40X661001;70/4 ELAS RIT PA 66 - E 1 CANDIDO;KG;73,6200000047684;736,2
GILMATEX SRL;PF0482070/40X661002;70/4 ELAS RIT PA 66 - E 3 NERO;KG;64,4300010204315;644,3
GILMATEX SRL;PF0482070/40X661004;70/4 ELAS RIT PA 66 - E 63 ACCIAIO;KG;64,6100001335144;646,1
GILMATEX SRL;PF0482070/40X661005;70/4 ELAS RIT PA 66 - E 34 FIAMMA;KG;18,8499999046326;188,5
GILMATEX SRL;PF0482783QS0IEX1001;78/68/3 ELAS QSKIN INT. FLEXI PA 66 - E 1 CANDIDO;KG;39,0699992179871;652,48
GILMATEX SRL;PF0482783QS0IEX1002;78/68/3 ELAS QSKIN INT. FLEXI PA 66 - E 3 NERO;KG;38,9600002765656;650,63
GILMATEX SRL;PR04820006;;;0;50,41
ONEBUSINESS SRL;;;KG;71,120002746582;-540,51
ONEBUSINESS SRL;;;1;;15
ONEBUSINESS SRL;;;NR;;25
ONEBUSINESS SRL;;;;0;0
ONEBUSINESS SRL;PF0483070/20IP61012;70/2 ELAS INT. PA 6 - PIOMBO E 8;KG;138,629999637604;1053,59
ONEBUSINESS SRL;PF0483070/20IP61016;70/2 ELAS INT. PA 6 - ANTRACITE A CAMPIONE;KG;88,7300004959106;674,34
ONEBUSINESS SRL;PF0483070/20IP61017;70/2 ELAS INT. PA 6 - BLU MEDIO A CAMPIONE;KG;167,569998264313;1273,55
ONEBUSINESS SRL;PF0483070/20IP61018;70/2 ELAS INT. PA 6 - E 15 AVIATORE;KG;71,1199998855591;540,52
ONEBUSINESS SRL;PF0483070/20IP61019;70/2 ELAS INT. PA 6 - BLU A CAMPIONE 2019;KG;371,440000772476;2822,96
ONEBUSINESS SRL;PF0483070/20IP61020;70/2 ELAS INT. PA 6 - E 13 INDACO;KG;242,260000228882;1841,18
ONEBUSINESS SRL;PF0483070/20IP61021;70/2 ELAS INT. PA 6 - NAVY E 12;KG;76,7599989175797;583,38
ONEBUSINESS SRL;PF0483070/20IP61026;70/2 ELAS INT. PA 6 - E 66 ROYAL;KG;81,5499991178513;619,77
ONEBUSINESS SRL;PF0483070/20XP61012;70/2 ELAS RIT PA 6 - PIOMBO E 8;KG;56,4100003242493;462,57
ONEBUSINESS SRL;PF0483070/20XP61017;70/2 ELAS RIT PA 6 - BLU MEDIO A CAMPIONE;KG;18,5999994277954;152,52
ONEBUSINESS SRL;PF0483070/20XP61021;70/2 ELAS RIT PA 6 - NAVY E 12;KG;223,019996643066;1828,76
ONEBUSINESS SRL;PF0483070/20XP61024;70/2 ELAS RIT PA 6 - ARANCIO FLUO NYFIL;KG;37,1800003051758;304,88
ONEBUSINESS SRL;PF0483TI+TP0INY1013;78/2 MELANGE INTER PA 66 - MELANGE 2018 ONEB;KG;312,560000419617;3500,69
ONEBUSINESS SRL;PR04830001;;;0;55,78
ONEBUSINESS SRL;PR04830006;;;0;29,74
GIANTEX SRL;;;;;
GIANTEX SRL;PF0484070/10A661002;70/1 ELAS APE PA 66 - RIO RED;KG;763,020001173019;8011,73
GIANTEX SRL;PF0484070/10A661003;70/1 ELAS APE PA 66 - DRY ROSE;KG;52,2999992370605;549,15
GIANTEX SRL;PF0484070/10A661004;70/1 ELAS APE PA 66 - SALUTE;KG;857,659998297691;9005,46
GIANTEX SRL;PF0484070/10A661005;70/1 ELAS APE PA 66 - SURF THE WEB;KG;56,9999990463257;598,5
GIANTEX SRL;PF0484070/10A661006;70/1 ELAS APE PA 66 - CIELO/TR;KG;144,839999675751;1520,83
GIANTEX SRL;PF0484070/10A661007;70/1 ELAS APE PA 66 - FOREVER BLUE;KG;40,1699991226196;421,79
GIANTEX SRL;PF0484070/10A661008;70/1 ELAS APE PA 66 - TRUE RED;KG;40,6999998092651;427,35
FILATI ELASTICI MAGHINA SRL;;;;;
FILATI ELASTICI MAGHINA SRL;PF0489040/10A661003;40/1 ELAS APE PA 66 - 65 BLU CHIARO;KG;145,400002241135;1606,67
FILATI ELASTICI MAGHINA SRL;PF0489040/10A661004;40/1 ELAS APE PA 66 - 2017 ARGENTO;KG;532,749996483326;5886,91
FILATI ELASTICI MAGHINA SRL;PF0489040/10A661016;40/1 ELAS APE PA 66 - 2012 GRIGIO MEDIO;KG;432,809998393059;4782,58
FILATI ELASTICI MAGHINA SRL;PF0489040/10A661023;40/1 ELAS APE PA 66 - 16 ROSSO;KG;56,7599992752075;627,19
FILATI ELASTICI MAGHINA SRL;PF0489040/10A661024;40/1 ELAS APE PA 66 - 24 SABBIA;KG;55,5699987411499;614,06
FILATI ELASTICI MAGHINA SRL;PF0489040/10A661035;40/1 ELAS APE PA 66 - 02 CANDIDO;KG;62,8099994659424;694,05
FILATI ELASTICI MAGHINA SRL;PF0489040/10A661048;40/1 ELAS APE PA 66 - SACCO 2618;KG;208,999998569489;2309,41
FILATI ELASTICI MAGHINA SRL;PF0489040/10A661050;40/1 ELAS APE PA 66 - 2710 FUXIA;KG;55,9600009918213;618,35
FILATI ELASTICI MAGHINA SRL;PF0489040/10A661059;40/1 ELAS APE PA 66 - CIPRESSO 2602 ;KG;62,9800004959106;695,92
FILATI ELASTICI MAGHINA SRL;PF0489040/10A661060;40/1 ELAS APE PA 66 - BORDO' 2441 BORGOLON;KG;33,8099994659424;373,6
FILATI ELASTICI MAGHINA SRL;PF0489040/10A661065;40/1 ELAS APE PA 66 - T.MORO 2332;KG;114,88000202179;1269,45
FILATI ELASTICI MAGHINA SRL;PF0489040/10A661067;40/1 ELAS APE PA 66 - LIME 2075;KG;51,0499997138977;564,1
FILATI ELASTICI MAGHINA SRL;PF0489070/10A661002;70/1 ELAS APE PA 66 - NOCE 37;KG;109,190001964569;1042,77
FILATI ELASTICI MAGHINA SRL;PF0489070/10A661003;70/1 ELAS APE PA 66 - 65 BLU CHIARO;KG;334,599997758865;3195,44
FILATI ELASTICI MAGHINA SRL;PF0489070/10A661006;70/1 ELAS APE PA 66 - 67 BLUETTE;KG;214,060000896454;2044,26
FILATI ELASTICI MAGHINA SRL;PF0489070/10A661008;70/1 ELAS APE PA 66 - 55 GRANATA;KG;169,830001831055;1621,88
FILATI ELASTICI MAGHINA SRL;PF0489070/10A661009;70/1 ELAS APE PA 66 - 21 CORDA;KG;728,789999186993;6959,94
FILATI ELASTICI MAGHINA SRL;PF0489070/10A661011;70/1 ELAS APE PA 66 - 17 BORDO';KG;112,570001125336;1075,04
FILATI ELASTICI MAGHINA SRL;PF0489070/10A661012;70/1 ELAS APE PA 66 - 03 GRIGIO PERLA;KG;407,019999623299;3887,07
FILATI ELASTICI MAGHINA SRL;PF0489070/10A661014;70/1 ELAS APE PA 66 - 70 V. INGLESE;KG;57,4299993515015;548,46
FILATI ELASTICI MAGHINA SRL;PF0489070/10A661015;70/1 ELAS APE PA 66 - 06 ANTRACITE;KG;225,390002846718;2152,49
FILATI ELASTICI MAGHINA SRL;PF0489070/10A661017;70/1 ELAS APE PA 66 - 30 AVIAZIONE;KG;35,2200002670288;336,35
FILATI ELASTICI MAGHINA SRL;PF0489070/10A661018;70/1 ELAS APE PA 66 - 40 FUXIA;KG;54,6299991607666;521,71
FILATI ELASTICI MAGHINA SRL;PF0489070/10A661019;70/1 ELAS APE PA 66 - 31 VERDE;KG;42,7399995326996;408,16
FILATI ELASTICI MAGHINA SRL;PF0489070/10A661021;70/1 ELAS APE PA 66 - 19 GIALLONE;KG;90,1700005531311;861,14
FILATI ELASTICI MAGHINA SRL;PF0489070/10A661022;70/1 ELAS APE PA 66 - 04 GRIGIO MEDIO;KG;220,699996948242;2107,68
FILATI ELASTICI MAGHINA SRL;PF0489070/10A661023;70/1 ELAS APE PA 66 - 16 ROSSO;KG;52,2699995040894;499,18
FILATI ELASTICI MAGHINA SRL;PF0489070/10A661024;70/1 ELAS APE PA 66 - 24 SABBIA;KG;57,3999996185303;548,17
FILATI ELASTICI MAGHINA SRL;PF0489070/10A661025;70/1 ELAS APE PA 66 - 66 KAKI;KG;94,6100006103516;903,52
FILATI ELASTICI MAGHINA SRL;PF0489070/10A661027;70/1 ELAS APE PA 66 - 26 BRUCIATO;KG;20,3600006103516;194,44
FILATI ELASTICI MAGHINA SRL;PF0489070/10A661028;70/1 ELAS APE PA 66 - 60 BRUCIATO;KG;68,2499995231628;651,79
FILATI ELASTICI MAGHINA SRL;PF0489070/10A661031;70/1 ELAS APE PA 66 - 07 NERO;KG;70,309999704361;671,45
FILATI ELASTICI MAGHINA SRL;PF0489070/10A661034;70/1 ELAS APE PA 66 - 13 MARINA;KG;113,480000734329;1083,72
FILATI ELASTICI MAGHINA SRL;PF0489070/10A661037;70/1 ELAS APE PA 66 - 11 AVIO;KG;60,6199989318848;578,92
FILATI ELASTICI MAGHINA SRL;PF0489070/10A661038;70/1 ELAS APE PA 66 - 53 OCEANO;KG;53,6500020027161;512,36
FILATI ELASTICI MAGHINA SRL;PF0489070/10A661039;70/1 ELAS APE PA 66 - PERVINCA 08;KG;53,7600002288818;513,42
FILATI ELASTICI MAGHINA SRL;PF0489070/10A661040;70/1 ELAS APE PA 66 - TESTA MORO 28;KG;112,879999160767;1077,99
FILATI ELASTICI MAGHINA SRL;PF0489070/10A661041;70/1 ELAS APE PA 66 - 14 ROSA CARICO;KG;22,9800002574921;219,46
FILATI ELASTICI MAGHINA SRL;PF0489070/10A661043;70/1 ELAS APE PA 66 - 59 SENAPE;KG;21,3299994468689;203,7
FILATI ELASTICI MAGHINA SRL;PF0489070/10A661044;70/1 ELAS APE PA 66 - 34 VERDE;KG;64,4099992513657;615,11
FILATI ELASTICI MAGHINA SRL;PF0489070/10A661045;70/1 ELAS APE PA 66 - 58 GIALLO SOLE;KG;23,3100004196167;222,61
FILATI ELASTICI MAGHINA SRL;PF0489070/10A661046;70/1 ELAS APE PA 66 - 22 OCRA;KG;46,5099997520447;444,16
FILATI ELASTICI MAGHINA SRL;PF0489070/10A661047;70/1 ELAS APE PA 66 - LILLA 45;KG;21,0299999713898;200,84
FILATI ELASTICI MAGHINA SRL;PF0489070/10A661052;70/1 ELAS APE PA 66 - 44 FUXIA;KG;22,9099998474121;218,79
FILATI ELASTICI MAGHINA SRL;PF0489070/10A661054;70/1 ELAS APE PA 66 - 10 AZZURRO;KG;112,960000038147;1078,78
FILATI ELASTICI MAGHINA SRL;PF0489070/10A661055;70/1 ELAS APE PA 66 - CRUISE T001 PETROLIO - TON;KG;168,420001506805;1608,41
FILATI ELASTICI MAGHINA SRL;PF0489070/10A661056;70/1 ELAS APE PA 66 - CORDA 20;KG;131,760000407696;1258,3
FILATI ELASTICI MAGHINA SRL;PF0489070/10A661057;70/1 ELAS APE PA 66 - ARANCIO FLUO;KG;21,3199992179871;203,61
FILATI ELASTICI MAGHINA SRL;PF0489070/10A661058;70/1 ELAS APE PA 66 - COGNAC 56;KG;28,1300001144409;268,64
FILATI ELASTICI MAGHINA SRL;PF0489070/10A661062;70/1 ELAS APE PA 66 - 23 ROSA BABY;KG;34,3600010871887;328,14
FILATI ELASTICI MAGHINA SRL;PF0489070/10A661063;70/1 ELAS APE PA 66 - GIALLO FLUORESCENTE 62;KG;171,500000476837;1637,82
FILATI ELASTICI MAGHINA SRL;PF0489070/10A661064;70/1 ELAS APE PA 66 - VERDE 43;KG;57,6800000667572;550,85
FILATI ELASTICI MAGHINA SRL;PF0489070/10A661066;70/1 ELAS APE PA 66 - KAKY 68;KG;35,6799999475479;340,74
FILATI ELASTICI MAGHINA SRL;PF0489100/10A661002;100/1 ELAS APE PA 66 - NOCE 37;KG;152,740001678467;1443,4
FILATI ELASTICI MAGHINA SRL;PF0489100/10A661003;100/1 ELAS APE PA 66 - 65 BLU CHIARO;KG;66,0700017213821;624,37
FILATI ELASTICI MAGHINA SRL;PF0489100/10A661008;100/1 ELAS APE PA 66 - 55 GRANATA;KG;76,3299999237061;721,32
FILATI ELASTICI MAGHINA SRL;PF0489100/10A661009;100/1 ELAS APE PA 66 - 21 CORDA;KG;95,0799999237061;898,5
FILATI ELASTICI MAGHINA SRL;PF0489100/10A661011;100/1 ELAS APE PA 66 - 17 BORDO';KG;121,530000686646;1148,46
FILATI ELASTICI MAGHINA SRL;PF0489100/10A661012;100/1 ELAS APE PA 66 - 03 GRIGIO PERLA;KG;55,539999961853;524,86
FILATI ELASTICI MAGHINA SRL;PF0489100/10A661015;100/1 ELAS APE PA 66 - 06 ANTRACITE;KG;494,480000019073;4672,85
FILATI ELASTICI MAGHINA SRL;PF0489100/10A661016;100/1 ELAS APE PA 66 - 2012 GRIGIO MEDIO;KG;368,59000313282;3483,17
FILATI ELASTICI MAGHINA SRL;PF0489100/10A661017;100/1 ELAS APE PA 66 - 30 AVIAZIONE;KG;80,1099991798401;757,03
FILATI ELASTICI MAGHINA SRL;PF0489100/10A661018;100/1 ELAS APE PA 66 - 40 FUXIA;KG;53,8900003433228;509,26
FILATI ELASTICI MAGHINA SRL;PF0489100/10A661022;100/1 ELAS APE PA 66 - 04 GRIGIO MEDIO;KG;250,149998903275;2363,92
FILATI ELASTICI MAGHINA SRL;PF0489100/10A661023;100/1 ELAS APE PA 66 - 16 ROSSO;KG;65,7400007247925;621,24
FILATI ELASTICI MAGHINA SRL;PF0489100/10A661028;100/1 ELAS APE PA 66 - 60 BRUCIATO;KG;26,8599996566772;253,82
FILATI ELASTICI MAGHINA SRL;PF0489100/10A661031;100/1 ELAS APE PA 66 - 07 NERO;KG;462,659999132156;4372,15
FILATI ELASTICI MAGHINA SRL;PF0489100/10A661034;100/1 ELAS APE PA 66 - 13 MARINA;KG;53,769998550415;508,13
FILATI ELASTICI MAGHINA SRL;PF0489100/10A661035;100/1 ELAS APE PA 66 - 02 CANDIDO;KG;127,899999856949;1208,66
FILATI ELASTICI MAGHINA SRL;PF0489100/10A661036;100/1 ELAS APE PA 66 - NOCE 27;KG;65,0800001621246;615,01
FILATI ELASTICI MAGHINA SRL;PF0489100/10A661037;100/1 ELAS APE PA 66 - 11 AVIO;KG;66,75;630,79
FILATI ELASTICI MAGHINA SRL;PF0489100/10A661039;100/1 ELAS APE PA 66 - PERVINCA 08;KG;65,2500019073486;616,62
FILATI ELASTICI MAGHINA SRL;PF0489100/10A661040;100/1 ELAS APE PA 66 - TESTA MORO 28;KG;64,8900003433228;613,2
FILATI ELASTICI MAGHINA SRL;PF0489100/10A661044;100/1 ELAS APE PA 66 - 34 VERDE;KG;54,210000038147;512,29
FILATI ELASTICI MAGHINA SRL;PF0489100/10A661047;100/1 ELAS APE PA 66 - LILLA 45;KG;40,0299997329712;378,29
FILATI ELASTICI MAGHINA SRL;PF0489100/10A661048;100/1 ELAS APE PA 66 - SACCO 2618;KG;51,9599990844727;491,04
FILATI ELASTICI MAGHINA SRL;PF0489100/10A661054;100/1 ELAS APE PA 66 - 10 AZZURRO;KG;32,1400003433228;303,72
FILATI ELASTICI MAGHINA SRL;PF0489100/10A661061;100/1 ELAS APE PA 66 - PISTACCHIO 57;KG;23,8199996948242;225,1
FILATI ELASTICI MAGHINA SRL;PR04890006;;;0;58,46
NASTRITESSUTI SRL;;;;;
NASTRITESSUTI SRL;PF0490070/20XP61001;70/2 ELAS RIT PA 6 - 5573 PANNA;KG;28,9399995803833;257,57
NASTRITESSUTI SRL;PF0490070/20XP61002;70/2 ELAS RIT PA 6 - 5574 ROSA;KG;51,0400011539459;454,26
NASTRITESSUTI SRL;PF0490070/20XP61003;70/2 ELAS RIT PA 6 - 5575 AZZURRO;KG;28,0200004577637;249,38
NASTRITESSUTI SRL;PF0490070/20XP61004;70/2 ELAS RIT PA 6 - 5576 ROSA;KG;30,4999990463257;271,45
NASTRITESSUTI SRL;PF0490786020LEX1005;78/60/2 QNOVA LEG.INTERL FLEXI GRS 60 PA 66 - CANDIDO;KG;36,8300001621246;497,21
NASTRITESSUTI SRL;PR04900001;;;0;36,83
(NON USARE) - PIROLA GIOVANNI SNC;;;;;
(NON USARE) - PIROLA GIOVANNI SNC;PF0495070/20X661012;70/2 ELAS RIT PA 66 - NERO;KG;49,8799991607666;473,88
(NON USARE) - PIROLA GIOVANNI SNC;PF0495070/20X661014;70/2 ELAS RIT PA 66 - BRUCIATO AL CAMPIONE;KG;45,7699999809265;434,81
AGAV SRL;;;NR;;22,5
AGAV SRL;;;;;
AGAV SRL;PF0496070/10A661005;70/1 ELAS APE PA 66 - NAVY 1010;KG;827,779995799065;8277,8
AGAV SRL;PF0496070/10A661006;70/1 ELAS APE PA 66 - RACING RED 19-1763 TPX;KG;20,7700004577637;207,7
AGAV SRL;PF0496070/10A661007;70/1 ELAS APE PA 66 - RUMBA RED 19-1940 TPX;KG;20,2399997711182;202,4
AGAV SRL;PF0496070/10A661008;70/1 ELAS APE PA 66 - LIME 13-0651 TCX;KG;89,4300012588501;894,3
AGAV SRL;PF0496070/10A661009;70/1 ELAS APE PA 66 - BRIGHT RED 19-1663 TCX;KG;14,6400003433228;146,4
AGAV SRL;PF0496070/10A661010;70/1 ELAS APE PA 66 - BALENCIAGA GREY 16-4703TCX;KG;562,510003328323;5625,1
AGAV SRL;PF0496070/10A661011;70/1 ELAS APE PA 66 - FUXIA FLUO 610;KG;122,130000114441;1221,3
AGAV SRL;PF0496070/10A661012;70/1 ELAS APE PA 66 - ROSSO 7;KG;71,9900007247925;719,9
AGAV SRL;PF0496070/10A661013;70/1 ELAS APE PA 66 - 8158 PRUGNA;KG;22,7400007247925;227,4
AGAV SRL;PF0496070/10A661014;70/1 ELAS APE PA 66 - GIALLO FLUO E 99;KG;223,540000200272;2235,4
AGAV SRL;PF0496070/10A661015;70/1 ELAS APE PA 66 - ROSA 19 FLUO;KG;21,3200001716614;213,2
AGAV SRL;PF0496070/10XP61005;70/1 ELAS RIT PA 6 - NAVY 1010;KG;269,489999294281;2694,9
AGAV SRL;PR04960006;;;0;183,5
CALZIFICIO M BRESCIANI SRL;;;;;
CALZIFICIO M BRESCIANI SRL;PF0507040/10A661009;40/1 ELAS APE PA 66 - 007 BIANCO;KG;11,6199998855591;209,16
CALZIFICIO M BRESCIANI SRL;PF0507040/10A661013;40/1 ELAS APE PA 66 - BLU 691;KG;104,459998965263;1880,28
CALZIFICIO M BRESCIANI SRL;PF0507040/10A661015;40/1 ELAS APE PA 66 - 014 NERO;KG;55,6499998569489;1001,7
CALZIFICIO M BRESCIANI SRL;PF0507040/10A661018;40/1 ELAS APE PA 66 - 047 FIORDALISO 119;KG;20,4300003051758;367,74
CALZIFICIO M BRESCIANI SRL;PF0507040/10A661019;40/1 ELAS APE PA 66 - 002 BORDO';KG;10,960000038147;197,28
CALZIFICIO M BRESCIANI SRL;PF0507040/10A661024;40/1 ELAS APE PA 66 - 018 BLUETTE A CAMPIONE;KG;22,8900003433228;412,02
CALZIFICIO M BRESCIANI SRL;PF0507040/10A661028;40/1 ELAS APE PA 66 - 005 GRIGIO MEDIO;KG;22,0600006580353;397,08
CALZIFICIO M BRESCIANI SRL;PF0507040/10A661046;40/1 ELAS APE PA 66 - 140 OTTANIO CAMPIONE;KG;9,74000018835068;175,32
CALZIFICIO M BRESCIANI SRL;PF0507040/10A661047;40/1 ELAS APE PA 66 - 013 ROSSO A CAMPIONE;KG;25,1300005316734;452,34
CALZIFICIO M BRESCIANI SRL;PF0507040/10A661049;40/1 ELAS APE PA 66 - E86 MIRTILLO A CAMPIONE;KG;11,5000003576279;207
CALZIFICIO M BRESCIANI SRL;PF0507040/10A661050;40/1 ELAS APE PA 66 - 046 PESCA A CAMPIONE;KG;11,1499998569489;200,7
CALZIFICIO M BRESCIANI SRL;PF0507040/10A661053;40/1 ELAS APE PA 66 - 682 AZZURRO A CAMPIONE;KG;22,1800001859665;399,24
CALZIFICIO M BRESCIANI SRL;PF0507040/10A661054;40/1 ELAS APE PA 66 - 142 LODEN A CAMPIONE;KG;22,1700000762939;399,06
CALZIFICIO M BRESCIANI SRL;PF0507040/10A661056;40/1 ELAS APE PA 66 - 104 NIKEL A CAMPIONE;KG;21,9999995231628;396
CALZIFICIO M BRESCIANI SRL;PF0507040/10A661057;40/1 ELAS APE PA 66 - 803 FUXIA A CAMPIONE;KG;1,00999999046326;35
CALZIFICIO M BRESCIANI SRL;PF0507040/10A661058;40/1 ELAS APE PA 66 - 021 BANDIERA A CAMPIONE;KG;1,00999999046326;35
CALZIFICIO M BRESCIANI SRL;PF0507040/10A661059;40/1 ELAS APE PA 66 - E54 SMERALDO A CAMPIONE;KG;1,00999999046326;35
CALZIFICIO M BRESCIANI SRL;PF0507040/10A661065;40/1 ELAS APE PA 66 - 105 SABBIA A CAMPIONE;KG;1,00999999046326;35
CALZIFICIO M BRESCIANI SRL;PF0507040/10A661066;40/1 ELAS APE PA 66 - 016 GIALLO A CAMPIONE;KG;1,00999999046326;35
CALZIFICIO M BRESCIANI SRL;PF0507040/10A661068;40/1 ELAS APE PA 66 - E 67 VERDE;KG;1,00999999046326;35
CALZIFICIO M BRESCIANI SRL;PF0507040/10A661069;40/1 ELAS APE PA 66 - 3659 PIOMBO A CAMPIONE;KG;1,00999999046326;35
CALZIFICIO M BRESCIANI SRL;PF0507040/20XEX1013;40/2 ELAS RIT FLEXI PA 66 - BLU 691;KG;19,5900001525879;277,2
CALZIFICIO M BRESCIANI SRL;PF0507040/20XEX1024;40/2 ELAS RIT FLEXI PA 66 - 018 BLUETTE A CAMPIONE;KG;20,4699993133545;289,65
CALZIFICIO M BRESCIANI SRL;PF0507040/20XEX1025;40/2 ELAS RIT FLEXI PA 66 - 019 AVIO;KG;18,9700002670288;268,42
CALZIFICIO M BRESCIANI SRL;PF0507040/20XEX1048;40/2 ELAS RIT FLEXI PA 66 - 015 VERDONE A CAMPIONE;KG;13,8000001907349;195,27
CALZIFICIO M BRESCIANI SRL;PF0507060/20XEX1060;60/2 ELAS RIT FLEXI PA 66 - BLU NOTTE 85;KG;1,74000000953674;24,19
CALZIFICIO M BRESCIANI SRL;PF0507060/20XEX1062;60/2 ELAS RIT FLEXI PA 66 - AVIO 712;KG;1,74000000953674;24,19
CALZIFICIO M BRESCIANI SRL;PF0507070/20X661051;70/2 ELAS RIT PA 66 - 105 SABBIA A CAMPIONE;KG;1,00999999046326;35
CALZIFICIO M BRESCIANI SRL;PF0507070/20X661052;70/2 ELAS RIT PA 66 - 071 ACIDO A CAMPIONE;KG;1,00999999046326;35
CALZIFICIO M BRESCIANI SRL;PF0507070/20\661055;70/2 ELAS RIT S. PA 66 - 045 CINA A CAMPIONE;KG;1,00999999046326;35
CALZIFICIO M BRESCIANI SRL;PR05070001;;;0;222,45
CALZIFICIO TATIANA di Quecchia Davide;;;;;
CALZIFICIO TATIANA di Quecchia Davide;PF051478QSK0IEX1011;78/68/2 QSKIN INT. FLEXI PA 66 - 39032 ROSSO CORRIDA R227;KG;21,039999961853;347,17
CALZIFICIO TATIANA di Quecchia Davide;PF051478QSK0IEX1012;78/68/2 QSKIN INT. FLEXI PA 66 - 39028 BLU PIETRA B107;KG;19,6700000762939;324,56
CALZIFICIO TATIANA di Quecchia Davide;PF051478QSK0IEX1013;78/68/2 QSKIN INT. FLEXI PA 66 - 39034 VERDE GIADA V097;KG;18,4699997901917;304,76
CALZIFICIO TATIANA di Quecchia Davide;PF051478QSK0IEX1014;78/68/2 QSKIN INT. FLEXI PA 66 - 38751 SULPHUR SPRING G029;KG;20,8799996376038;344,52
CALZIFICIO TATIANA di Quecchia Davide;PF051478QSK0IEX1015;78/68/2 QSKIN INT. FLEXI PA 66 - 39033 ROSSO VELLUTO R242;KG;21,0999999046326;348,16
CALZIFICIO TATIANA di Quecchia Davide;PF051478QSK0IEX1016;78/68/2 QSKIN INT. FLEXI PA 66 - 39030 GRIGIO TUBO G165;KG;19,9200000762939;328,69
CALZIFICIO TATIANA di Quecchia Davide;PF051478QSK0IEX1017;78/68/2 QSKIN INT. FLEXI PA 66 - 39027 ALPINE A107;KG;20,5099997520447;338,42
ARTEMISIA SRL;;;KG;126,199996948242;-1893
ARTEMISIA SRL;;;;0;0
ARTEMISIA SRL;PF0530070/20X661004;70/2 ELAS RIT PA 66 - CLOUD 15-4305 TCX;KG;14,6400003433228;137,62
ARTEMISIA SRL;PF0530070/20X661005;70/2 ELAS RIT PA 66 - OPAL 19-4121 TCX;KG;17,5799999237061;165,26
ARTEMISIA SRL;PF0530070/20X661006;70/2 ELAS RIT PA 66 - NEPTUNE 18-4434 TCX;KG;36,0099992752075;338,49
ARTEMISIA SRL;PF0530070/20X661007;70/2 ELAS RIT PA 66 - AZURE 17-4245 TCX;KG;13,2799997329712;124,83
ARTEMISIA SRL;PF0530070/20X661008;70/2 ELAS RIT PA 66 - PACIFIC BLUE 16-4519 TCX;KG;17,4100006818771;163,65
ARTEMISIA SRL;PF0530070/20X661009;70/2 ELAS RIT PA 66 - KIWI 16-0543 TCX;KG;15,6800003051758;147,4
ARTEMISIA SRL;PF0530070/20X661010;70/2 ELAS RIT PA 66 - CITRUS 13-0651 TCX;KG;16,8200001716614;158,11
ARTEMISIA SRL;PF0530070/20X661012;70/2 ELAS RIT PA 66 - YELLOW 14-0852 TCX;KG;14,3999996185303;135,36
ARTEMISIA SRL;PF0530070/20X661013;70/2 ELAS RIT PA 66 - WINE 19-1725 TCX;KG;14,1399998664856;132,91
ARTEMISIA SRL;PF0530070/20X661014;70/2 ELAS RIT PA 66 - ORCHID 18-1856 TCX;KG;14,3999996185303;135,36
ARTEMISIA SRL;PF0530070/20X661015;70/2 ELAS RIT PA 66 - POPPY 18-1664 TCX;KG;14,7399995326996;138,56
ARTEMISIA SRL;PF0530070/20X661016;70/2 ELAS RIT PA 66 - CHILI 19-1531 TCX;KG;16,9399995803833;159,23
ARTEMISIA SRL;PF0530070/20X661017;70/2 ELAS RIT PA 66 - HIBISCUS 18-1762 TCX;KG;13,9200000762939;130,84
ARTEMISIA SRL;PF0530070/20X661018;70/2 ELAS RIT PA 66 - FLAMINGO 16-1546 TCX;KG;12,5799999237061;118,25
ARTEMISIA SRL;PF0530070/20X661020;70/2 ELAS RIT PA 66 - AQUARIUS 19-4049 TCX;KG;18,6200003623962;175,02
ARTEMISIA SRL;PF0530070/20X661021;70/2 ELAS RIT PA 66 - PINE 18-5410 TCX;KG;19,9200000762939;187,25
ARTEMISIA SRL;PF0530070/20X661023;70/2 ELAS RIT PA 66 - JASMINE GREEN 15-0545 TCX;KG;19,0199999809265;178,78
ARTEMISIA SRL;PF0530786810A661019;78/68/1 ELAS APE PA 66 - ARANCIO A CAMPIONE;KG;35,1300001144409;456,69
ARTEMISIA SRL;PF0530786810AZP1019;78/68/1 ELAS APE Z PA 66 - ARANCIO A CAMPIONE;KG;34,789999961853;452,27
ARTEMISIA SRL;PF0530844810ÌP61001;84/48/1 S BECOOL FLEXY PA 6 - BLACK 19-3911 TCX;KG;58,1700005531311;950,27
ARTEMISIA SRL;PF0530844810ÌP61002;84/48/1 S BECOOL FLEXY PA 6 - WHITE 11-0601 TCX;KG;28,4699998497963;472,45
ARTEMISIA SRL;PF0530844810ÌP61003;84/48/1 S BECOOL FLEXY PA 6 - CARBON 19-0201 TCX;KG;69,4500004053116;1108,17
ARTEMISIA SRL;PF0530844810ÌP61004;84/48/1 S BECOOL FLEXY PA 6 - CLOUD 15-4305 TCX;KG;1;25
ARTEMISIA SRL;PF0530844810ÌP61005;84/48/1 S BECOOL FLEXY PA 6 - OPAL 19-4121 TCX;KG;195,720001220703;3174,45
ARTEMISIA SRL;PF0530844810ÌP61006;84/48/1 S BECOOL FLEXY PA 6 - NEPTUNE 18-4434 TCX;KG;182,730001211166;2976,4
ARTEMISIA SRL;PF0530844810ÌP61007;84/48/1 S BECOOL FLEXY PA 6 - AZURE 17-4245 TCX;KG;56,6300004571676;942,18
ARTEMISIA SRL;PF0530844810ÌP61008;84/48/1 S BECOOL FLEXY PA 6 - PACIFIC BLUE 16-4519 TCX;KG;37,4400000572205;637,24
ARTEMISIA SRL;PF0530844810ÌP61009;84/48/1 S BECOOL FLEXY PA 6 - KIWI 16-0543 TCX;KG;92,0099993944168;1419,57
ARTEMISIA SRL;PF0530844810ÌP61010;84/48/1 S BECOOL FLEXY PA 6 - CITRUS 13-0651 TCX;KG;50,8699994087219;809,14
ARTEMISIA SRL;PF0530844810ÌP61011;84/48/1 S BECOOL FLEXY PA 6 - CELERY 14-0647 TCX;KG;16,1099996566772;270,9
ARTEMISIA SRL;PF0530844810ÌP61012;84/48/1 S BECOOL FLEXY PA 6 - YELLOW 14-0852 TCX;KG;22,5500001907349;378,45
ARTEMISIA SRL;PF0530844810ÌP61013;84/48/1 S BECOOL FLEXY PA 6 - WINE 19-1725 TCX;KG;38,8899998664856;631,41
ARTEMISIA SRL;PF0530844810ÌP61014;84/48/1 S BECOOL FLEXY PA 6 - ORCHID 18-1856 TCX;KG;36,8600008487701;562,9
ARTEMISIA SRL;PF0530844810ÌP61015;84/48/1 S BECOOL FLEXY PA 6 - POPPY 18-1664 TCX;KG;100,220000803471;1640,47
ARTEMISIA SRL;PF0530844810ÌP61016;84/48/1 S BECOOL FLEXY PA 6 - CHILI 19-1531 TCX;KG;17,2899997234344;289,25
ARTEMISIA SRL;PF0530844810ÌP61017;84/48/1 S BECOOL FLEXY PA 6 - HIBISCUS 18-1762 TCX;KG;52,8200006484985;875,21
ARTEMISIA SRL;PF0530844810ÌP61018;84/48/1 S BECOOL FLEXY PA 6 - FLAMINGO 16-1546 TCX;KG;17,5300002098083;294,73
ARTEMISIA SRL;PF0530844810ÌP61020;84/48/1 S BECOOL FLEXY PA 6 - AQUARIUS 19-4049 TCX;KG;15,8800001144409;282,42
ARTEMISIA SRL;PF0530844810ÌP61021;84/48/1 S BECOOL FLEXY PA 6 - PINE 18-5410 TCX;KG;16,710000038147;304,48
ARTEMISIA SRL;PF0530844810ÌP61022;84/48/1 S BECOOL FLEXY PA 6 - GRASS GREEN 17-6219 TCX;KG;15,3999996185303;281,82
ARTEMISIA SRL;PF0530844810ÌP61023;84/48/1 S BECOOL FLEXY PA 6 - JASMINE GREEN 15-0545 TCX;KG;16,8500003814697;306,9
ARTEMISIA SRL;PF0530844810ÌP61024;84/48/1 S BECOOL FLEXY PA 6 - SPACE BLUE 19-4241 TCX;KG;1;25
ARTEMISIA SRL;PF0530844810ÌP61025;84/48/1 S BECOOL FLEXY PA 6 - TOPAZ 17-4421 TCX;KG;1;25
ARTEMISIA SRL;PF0530844810ÌP61026;84/48/1 S BECOOL FLEXY PA 6 - CELESTIAN BLUE 15-4005 TCX;KG;1;25
ARTEMISIA SRL;PF0530844810ÌP61027;84/48/1 S BECOOL FLEXY PA 6 - KALE 18-0107 TCX;KG;1;25
ARTEMISIA SRL;PF0530844810ÌP61028;84/48/1 S BECOOL FLEXY PA 6 - LIME GREEN 14-0244 TCX;KG;1;25
ARTEMISIA SRL;PF0530844810ÌP61029;84/48/1 S BECOOL FLEXY PA 6 - SAFFRON 18-1449 TCX;KG;1;25
ARTEMISIA SRL;PF0530844810ÌP61030;84/48/1 S BECOOL FLEXY PA 6 - GOJI 18-1763 TCX;KG;1;25
ARTEMISIA SRL;PF0530844810ÌP61031;84/48/1 S BECOOL FLEXY PA 6 - RED PLUM 19-2025 TCX;KG;1;25
ARTEMISIA SRL;PF0530844810ÌP61032;84/48/1 S BECOOL FLEXY PA 6 - BLUSH 17-1609 TCX;KG;1;25
ARTEMISIA SRL;PF05308448Z0ÌP61001;84/48/1 Z BECOOL FLEXY PA 6 - BLACK 19-3911 TCX;KG;59,1600009202957;965,04
ARTEMISIA SRL;PF05308448Z0ÌP61002;84/48/1 Z BECOOL FLEXY PA 6 - WHITE 11-0601 TCX;KG;28,3700003623962;467,84
ARTEMISIA SRL;PF05308448Z0ÌP61003;84/48/1 Z BECOOL FLEXY PA 6 - CARBON 19-0201 TCX;KG;67,4399995803833;1078,22
ARTEMISIA SRL;PF05308448Z0ÌP61004;84/48/1 Z BECOOL FLEXY PA 6 - CLOUD 15-4305 TCX;KG;1;25
ARTEMISIA SRL;PF05308448Z0ÌP61005;84/48/1 Z BECOOL FLEXY PA 6 - OPAL 19-4121 TCX;KG;206,930000245571;3359,58
ARTEMISIA SRL;PF05308448Z0ÌP61006;84/48/1 Z BECOOL FLEXY PA 6 - NEPTUNE 18-4434 TCX;KG;177,360001146793;2887,32
ARTEMISIA SRL;PF05308448Z0ÌP61007;84/48/1 Z BECOOL FLEXY PA 6 - AZURE 17-4245 TCX;KG;56,3100001811981;933,75
ARTEMISIA SRL;PF05308448Z0ÌP61008;84/48/1 Z BECOOL FLEXY PA 6 - PACIFIC BLUE 16-4519 TCX;KG;36,6099996566772;623,25
ARTEMISIA SRL;PF05308448Z0ÌP61009;84/48/1 Z BECOOL FLEXY PA 6 - KIWI 16-0543 TCX;KG;91,7699996232986;1419,88
ARTEMISIA SRL;PF05308448Z0ÌP61010;84/48/1 Z BECOOL FLEXY PA 6 - CITRUS 13-0651 TCX;KG;54,5300002098083;864,41
ARTEMISIA SRL;PF05308448Z0ÌP61011;84/48/1 Z BECOOL FLEXY PA 6 - CELERY 14-0647 TCX;KG;19,8799995183945;330,97
ARTEMISIA SRL;PF05308448Z0ÌP61012;84/48/1 Z BECOOL FLEXY PA 6 - YELLOW 14-0852 TCX;KG;25,1700000762939;422,81
ARTEMISIA SRL;PF05308448Z0ÌP61013;84/48/1 Z BECOOL FLEXY PA 6 - WINE 19-1725 TCX;KG;37,6199994087219;611,61
ARTEMISIA SRL;PF05308448Z0ÌP61014;84/48/1 Z BECOOL FLEXY PA 6 - ORCHID 18-1856 TCX;KG;38,0000001192093;580
ARTEMISIA SRL;PF05308448Z0ÌP61015;84/48/1 Z BECOOL FLEXY PA 6 - POPPY 18-1664 TCX;KG;100,589999914169;1644,66
ARTEMISIA SRL;PF05308448Z0ÌP61016;84/48/1 Z BECOOL FLEXY PA 6 - CHILI 19-1531 TCX;KG;20,9099997580051;352,1
ARTEMISIA SRL;PF05308448Z0ÌP61017;84/48/1 Z BECOOL FLEXY PA 6 - HIBISCUS 18-1762 TCX;KG;55,800000667572;922,21
ARTEMISIA SRL;PF05308448Z0ÌP61018;84/48/1 Z BECOOL FLEXY PA 6 - FLAMINGO 16-1546 TCX;KG;18,1800004243851;302,94
ARTEMISIA SRL;PF05308448Z0ÌP61020;84/48/1 Z BECOOL FLEXY PA 6 - AQUARIUS 19-4049 TCX;KG;15,3999996185303;274,12
ARTEMISIA SRL;PF05308448Z0ÌP61021;84/48/1 Z BECOOL FLEXY PA 6 - PINE 18-5410 TCX;KG;16,2399997711182;296,35
ARTEMISIA SRL;PF05308448Z0ÌP61022;84/48/1 Z BECOOL FLEXY PA 6 - GRASS GREEN 17-6219 TCX;KG;17,8800001144409;324,72
ARTEMISIA SRL;PF05308448Z0ÌP61023;84/48/1 Z BECOOL FLEXY PA 6 - JASMINE GREEN 15-0545 TCX;KG;16,1899995803833;295,49
ARTEMISIA SRL;PF05308448Z0ÌP61024;84/48/1 Z BECOOL FLEXY PA 6 - SPACE BLUE 19-4241 TCX;KG;1;25
ARTEMISIA SRL;PF05308448Z0ÌP61025;84/48/1 Z BECOOL FLEXY PA 6 - TOPAZ 17-4421 TCX;KG;1;25
ARTEMISIA SRL;PF05308448Z0ÌP61026;84/48/1 Z BECOOL FLEXY PA 6 - CELESTIAN BLUE 15-4005 TCX;KG;1;25
ARTEMISIA SRL;PF05308448Z0ÌP61027;84/48/1 Z BECOOL FLEXY PA 6 - KALE 18-0107 TCX;KG;1;25
ARTEMISIA SRL;PF05308448Z0ÌP61028;84/48/1 Z BECOOL FLEXY PA 6 - LIME GREEN 14-0244 TCX;KG;1;25
ARTEMISIA SRL;PF05308448Z0ÌP61029;84/48/1 Z BECOOL FLEXY PA 6 - SAFFRON 18-1449 TCX;KG;1;25
ARTEMISIA SRL;PF05308448Z0ÌP61030;84/48/1 Z BECOOL FLEXY PA 6 - GOJI 18-1763 TCX;KG;1;25
ARTEMISIA SRL;PF05308448Z0ÌP61031;84/48/1 Z BECOOL FLEXY PA 6 - RED PLUM 19-2025 TCX;KG;1;25
ARTEMISIA SRL;PF05308448Z0ÌP61032;84/48/1 Z BECOOL FLEXY PA 6 - BLUSH 17-1609 TCX;KG;1;25
ALOIS TESSITURA SERICA SRL;;;;;
ALOIS TESSITURA SERICA SRL;PF05390156T0X661000;156/1 TACTEL RIT PA 66 - GREGGIO;KG;12,0799999237061;144,96
ALOIS TESSITURA SERICA SRL;PF0539LUC700XP61000;70 LUCIDO RIT PA 6 - GREGGIO;KG;3,23000001907349;46,84
Santoni Spa;;;;;
Santoni Spa;PF0540CO3700BCO1000;DTEX 370/136 BIN CORDURA PA 66 - NERO 103;KG;17,5900001525879;343,01
Santoni Spa;PF0540CO3700BCO1001;DTEX 370/136 BIN CORDURA PA 66 - BIANCO 101;KG;18,7399997711182;365,44
Santoni Spa;PF0540CO3700BCO1002;DTEX 370/136 BIN CORDURA PA 66 - TURQUOISE 62;KG;17,539999961853;342,03
Santoni Spa;PF0540CO3700BCO1003;DTEX 370/136 BIN CORDURA PA 66 - PRATO 55;KG;14,7400004863739;287,43
Calzificio Braga Srl;;;;;
Calzificio Braga Srl;PF0553443410I661000;44/34/1 ELAS INT. PA 66 - MORO 2333 ;KG;16,7199997901917;243,27
FILMAR SPA;;;KG;48,0099983215332;-336,07
FILMAR SPA;;;;0;0
FILMAR SPA;PF0570402EC0I661000;40/20/2 ELAS ECOCARE INT. PA 66 - TC017-Z0115;KG;41,1200001239777;287,84
FILMAR SPA;PF0570402EC0I661002;40/20/2 ELAS ECOCARE INT. PA 66 - TC001-Z0001;KG;82,2399996519089;575,68
FILMAR SPA;PF0570402EC0I661008;40/20/2 ELAS ECOCARE INT. PA 66 - TC007-Z0048;KG;27,9500005245209;195,65
FILMAR SPA;PF0570402EC0I661011;40/20/2 ELAS ECOCARE INT. PA 66 - TC010-Z0190;KG;57,3500000238419;401,45
FILMAR SPA;PF0570402EC0I661012;40/20/2 ELAS ECOCARE INT. PA 66 - TC011-Z0063;KG;50,6800001263618;354,76
FILMAR SPA;PF0570402EC0I661014;40/20/2 ELAS ECOCARE INT. PA 66 - TC018-Z0023;KG;27,340000629425;191,38
FILMAR SPA;PF0570402EC0I661015;40/20/2 ELAS ECOCARE INT. PA 66 - TC019-Z0184;KG;28,8999996185303;202,3
FILMAR SPA;PF0570402EC0I661016;40/20/2 ELAS ECOCARE INT. PA 66 - TC020-Z0230;KG;19,3400001525879;135,38
FILMAR SPA;PF0570402EC0I661018;40/20/2 ELAS ECOCARE INT. PA 66 - TC022-Z0072;KG;29,8699998855591;209,09
FILMAR SPA;PF0570402EC0I661019;40/20/2 ELAS ECOCARE INT. PA 66 - TC023-Z0208;KG;23,960000038147;167,72
FILMAR SPA;PF0570402EC0I661022;40/20/2 ELAS ECOCARE INT. PA 66 - TC013-Z0042;KG;73,7300004959106;516,11
FILMAR SPA;PF0570402EC0I661023;40/20/2 ELAS ECOCARE INT. PA 66 - TC016-Z0215;KG;21,5200004577637;150,64
FILMAR SPA;PF0570402EC0I661024;40/20/2 ELAS ECOCARE INT. PA 66 - BLU FLUO;KG;26,4799996614456;239,2
FILMAR SPA;PF0570402EC0I661025;40/20/2 ELAS ECOCARE INT. PA 66 - GIALLO FLUO;KG;27,8500009775162;246,55
FILMAR SPA;PF0570402EC0I661026;40/20/2 ELAS ECOCARE INT. PA 66 - ARANCIO FLUO;KG;2,05999994277954;67,28
FILMAR SPA;PR05700006;;;0;22,15
(NON USARE) - CALZIFICIO POTENZA SRL;;;;;
(NON USARE) - CALZIFICIO POTENZA SRL;PF0579040/20XEX1000;40/2 ELAS RIT FLEXI PA 66 - NERO;KG;18,4599995613098;193,83
(NON USARE) - CALZIFICIO POTENZA SRL;PF0579040/20XEX1001;40/2 ELAS RIT FLEXI PA 66 - BLU NOTTE 111;KG;19,6900007724762;206,75
M&G Calzificio di MACRI' GINO & C. (NON USARE);;;;;
M&G Calzificio di MACRI' GINO & C. (NON USARE);PF0581040/20XEX1000;40/2 ELAS RIT FLEXI PA 66 - BIANCO 101;KG;205,950001776218;2162,52
M&G Calzificio di MACRI' GINO & C. (NON USARE);PF0581040/20XEX1001;40/2 ELAS RIT FLEXI PA 66 - BLU NOTTE 111;KG;191,420002698898;2009,94
M&G Calzificio di MACRI' GINO & C. (NON USARE);PF0581040/20XEX1002;40/2 ELAS RIT FLEXI PA 66 - ABISSO 262;KG;104,200001716614;1094,13
M&G Calzificio di MACRI' GINO & C. (NON USARE);PF0581040/20XEX1003;40/2 ELAS RIT FLEXI PA 66 - NERO;KG;83,6999983787537;878,87
M&G Calzificio di MACRI' GINO & C. (NON USARE);PF0581040/20XEX1004;40/2 ELAS RIT FLEXI PA 66 - GREGGIO;KG;45,1899989843369;406,65
M&G Calzificio di MACRI' GINO & C. (NON USARE);PF0581070/20XFL1000;70/2 ELAS RIT FLEXY PA 6 - BIANCO 101;KG;39,9299998283386;383,32
M&G Calzificio di MACRI' GINO & C. (NON USARE);PF0581070/20XFL1001;70/2 ELAS RIT FLEXY PA 6 - BLU NOTTE 111;KG;38,9699995517731;374,11
M&G Calzificio di MACRI' GINO & C. (NON USARE);PF0581070/20XFL1002;70/2 ELAS RIT FLEXY PA 6 - ABISSO 262;KG;19,2300007343292;184,61
M&G Calzificio di MACRI' GINO & C. (NON USARE);PF0581070/20XFL1003;70/2 ELAS RIT FLEXY PA 6 - NERO;KG;57,8200010061264;555,07
M&G Calzificio di MACRI' GINO & C. (NON USARE);PF0581070/20XFL1004;70/2 ELAS RIT FLEXY PA 6 - GREGGIO;KG;35,4699997901917;230,56
M&G Calzificio di MACRI' GINO & C. (NON USARE);PF0581070/20XFL1005;70/2 ELAS RIT FLEXY PA 6 - ARGENTO 417;KG;18,6800000667572;179,33
M&G Calzificio di MACRI' GINO & C. (NON USARE);PF0581070/30XFL1000;70/3 ELAS RIT FLEXY PA 6 - BIANCO 101;KG;11,8299999237061;107,65
M&G Calzificio di MACRI' GINO & C. (NON USARE);PF0581070/30XFL1003;70/3 ELAS RIT FLEXY PA 6 - NERO;KG;22,4299998283386;204,11
ZADEIRO SRL;;;;;
ZADEIRO SRL;PF0583040/10A661000;40/1 ELAS APE PA 66 - 2294 CARTA DA ZUCCHERO;KG;18,5499992370605;204,05
ZADEIRO SRL;PF0583040/10A661001;40/1 ELAS APE PA 66 - 2708 ROSA;KG;19,6199998855591;215,82
ZADEIRO SRL;PF0583040/10A661002;40/1 ELAS APE PA 66 - 2002 CANDIDO;KG;19,1000008583069;210,1
INTERSOCKS D.O.O.;;;;;
INTERSOCKS D.O.O.;PF0585070/20XFL1002;70/2 ELAS RIT FLEXY PA 6 - 33303 GIALLO CORN G065;KG;18,039999961853;164,17
INTERSOCKS D.O.O.;PF0585070/20XFL1013;70/2 ELAS RIT FLEXY PA 6 - 39337 FOG G044;KG;41,3900003433228;376,66
INTERSOCKS D.O.O.;PF0585070/30XFL1000;70/3 ELAS RIT FLEXY PA 6 - 36981 MARRONE CAMEL;KG;19,0900001525879;169,9
INTERSOCKS D.O.O.;PF0585070/30XFL1001;70/3 ELAS RIT FLEXY PA 6 - 36824 PETROLIO P028;KG;40,7299991846085;362,5
INTERSOCKS D.O.O.;PF0585070/30XFL1010;70/3 ELAS RIT FLEXY PA 6 - 38106 ROYAL 6080;KG;20,5099997520447;182,53
INTERSOCKS D.O.O.;PF0585070/30XFL1011;70/3 ELAS RIT FLEXY PA 6 - 38534 VIOLA AMARANTO V016;KG;21,3000001907349;189,57
INTERSOCKS D.O.O.;PF0585786020LEX1003;78/60/2 QNOVA LEG.INTERL FLEXI GRS 60 PA 66 - 39050 VERDE ATOLLO V733;KG;21,2500004768372;269,87
INTERSOCKS D.O.O.;PF0585786020LEX1004;78/60/2 QNOVA LEG.INTERL FLEXI GRS 60 PA 66 - 39049 FUXIA BRILLANTE V009;KG;20,8000003099442;264,16
INTERSOCKS D.O.O.;PF0585786020LEX1005;78/60/2 QNOVA LEG.INTERL FLEXI GRS 60 PA 66 - 39047 ROSSO R103;KG;36,0500001907349;457,84
INTERSOCKS D.O.O.;PF0585786020LEX1006;78/60/2 QNOVA LEG.INTERL FLEXI GRS 60 PA 66 - 39046 BLU SCURO B207;KG;56,4899997711182;717,43
INTERSOCKS D.O.O.;PF0585786020LEX1007;78/60/2 QNOVA LEG.INTERL FLEXI GRS 60 PA 66 - 39045 ARANCIO MANDARINO A001;KG;20,3099994659424;257,94
INTERSOCKS D.O.O.;PF0585786020LEX1008;78/60/2 QNOVA LEG.INTERL FLEXI GRS 60 PA 66 - 39002 NERO N002;KG;115,030000567436;1460,88
INTERSOCKS D.O.O.;PF0585786020LEX1009;78/60/2 QNOVA LEG.INTERL FLEXI GRS 60 PA 66 - 39003 BIANCO;KG;36,9499998092651;469,27
INTERSOCKS D.O.O.;PF0585786020LEX1012;78/60/2 QNOVA LEG.INTERL FLEXI GRS 60 PA 66 - 39048 DEEP BLUE B045;KG;20,4799995422363;260,1
DCTEXTIL S.r.l.s ;;;;;
DCTEXTIL S.r.l.s ;PF0597070/20XFL1000;70/2 ELAS RIT FLEXY PA 6 - NERO;KG;117,379999399185;1068,15
MARCEL LIEBAERT NV;;;1;;0
MARCEL LIEBAERT NV;;;NR;;0
MARCEL LIEBAERT NV;;;;;
MARCEL LIEBAERT NV;PF0598040/20X661001;40/2 ELAS RIT PA 66 - RIVIERA M206;KG;19,8299999237061;241,93
MARCEL LIEBAERT NV;PF0598040/20X661002;40/2 ELAS RIT PA 66 - DARKBLUE M254;KG;21,5;262,3
MARCEL LIEBAERT NV;PF0598040/20X661003;40/2 ELAS RIT PA 66 - BLUEGREY M112;KG;25,0700006484985;305,86
MARCEL LIEBAERT NV;PF0598040/20X661004;40/2 ELAS RIT PA 66 - SKY M113;KG;55,8099999427795;680,89
MARCEL LIEBAERT NV;PF0598070/20X661000;70/2 ELAS RIT PA 66 - M237 EBONY;KG;269,139999032021;2556,89
MARCEL LIEBAERT NV;PF0598070/20X661001;70/2 ELAS RIT PA 66 - RIVIERA M206;KG;20,3299994468689;193,14
MARCEL LIEBAERT NV;PF0598070/20X661002;70/2 ELAS RIT PA 66 - DARKBLUE M254;KG;20,7500004768372;197,13
MARCEL LIEBAERT NV;PF0598070/20X661003;70/2 ELAS RIT PA 66 - BLUEGREY M112;KG;24,210000038147;230
MARCEL LIEBAERT NV;PF0598070/20X661004;70/2 ELAS RIT PA 66 - SKY M113;KG;120,07999920845;1140,79
MARCEL LIEBAERT NV;PF0598070/20X661005;70/2 ELAS RIT PA 66 - M253 BLUEBERRY;KG;30,4299998283386;289,09
MARCEL LIEBAERT NV;PR05980010;;;0;346,22
PARVOS D.O.O.;;;;;
PARVOS D.O.O.;PF06000078I0I661000;78/68/1 INNERGY INT. PA 66 - NERO;KG;1,25999999046326;31,5
PARVOS D.O.O.;PF0600227810I661000;EL+PA66 (22+78/68/1 INNERGY TINTO) 85 DTX  - NERO;KG;25,9900000095367;961,63
PARVOS D.O.O.;PF06007862I0I661000;78/68/2 INNERGY INT. PA 66 - NERO;KG;25,620000243187;589,26
PARVOS D.O.O.;PF0600786820X661001;78/68/2  RIT PA 66 - CANDIDO;KG;2,05999994277954;27,09
FLEX TEX SRL;;;kg;0,879999995231628;-9,33
FLEX TEX SRL;;;;0;0
FLEX TEX SRL;PF0607040/20XEX1013;40/2 ELAS RIT FLEXI PA 66 - BLU FRANCIA;KG;1,54000002145767;16,33
FLEX TEX SRL;PF0607070/10A661013;70/1 ELAS APE PA 66 - BLU FRANCIA;KG;1,10000002384186;11
FLEX TEX SRL;PF0607070/20X661000;70/2 ELAS RIT PA 66 - BRUCIATO A CAMPIONE;KG;60,4799995422363;574,56
FLEX TEX SRL;PF0607070/20X661001;70/2 ELAS RIT PA 66 - ROSA 221 B;KG;22,0599999427795;209,57
FLEX TEX SRL;PF0607070/20X661002;70/2 ELAS RIT PA 66 - AZAFATA 538;KG;126,93000125885;1205,84
FLEX TEX SRL;PF0607070/20X661003;70/2 ELAS RIT PA 66 - BORDEAUX 8158;KG;21,9899997711182;208,91
FLEX TEX SRL;PF0607070/20X661004;70/2 ELAS RIT PA 66 - BEIGE E260;KG;24,9399995803833;236,93
FLEX TEX SRL;PF0607070/20X661005;70/2 ELAS RIT PA 66 - CARNE 9211;KG;229,499999284744;2180,26
FLEX TEX SRL;PF0607070/20X661007;70/2 ELAS RIT PA 66 - NERO;KG;1090,61999869347;10360,97
FLEX TEX SRL;PF0607070/20X661008;70/2 ELAS RIT PA 66 - VERDE E255;KG;90,8699998855591;863,27
FLEX TEX SRL;PF0607070/20X661009;70/2 ELAS RIT PA 66 - COL 636;KG;146,279997110367;1389,66
FLEX TEX SRL;PF0607070/20X661010;70/2 ELAS RIT PA 66 - COL. 631;KG;51,8399996757507;492,48
FLEX TEX SRL;PF0607070/20X661011;70/2 ELAS RIT PA 66 - ARANCIO 798;KG;24,3899993896484;231,71
FLEX TEX SRL;PF0607070/20X661012;70/2 ELAS RIT PA 66 - BURRO 6;KG;140,380000114441;1333,62
FLEX TEX SRL;PF0607070/20X661014;70/2 ELAS RIT PA 66 - ROSA 502C;KG;56,9200000762939;540,74
FLEX TEX SRL;PF0607070/20X661015;70/2 ELAS RIT PA 66 - COOL GRAY 7C;KG;56,1400012969971;533,33
FLEX TEX SRL;PF0607070/30XFL1013;70/3 ELAS RIT FLEXY PA 6 - BLU FRANCIA;KG;21,4200000762939;203,5
Manifattura Italiana Cucirini Spa ;;;KG;12,4799995422363;81,97
Manifattura Italiana Cucirini Spa ;;;;0;0
BASSINI ANGELO & C. Snc - Calzificio;;;;;
BASSINI ANGELO & C. Snc - Calzificio;PF0609070/30XFL1000;70/3 ELAS RIT FLEXY PA 6 - 37783 VERDE BAIA V112;KG;2,60999989509583;23,23
BASSINI ANGELO & C. Snc - Calzificio;PF0609070/30XFL1001;70/3 ELAS RIT FLEXY PA 6 - 38194 WILF ROSE V073;KG;58,9099979400635;524,3
BASSINI ANGELO & C. Snc - Calzificio;PF0609070/30XFL1002;70/3 ELAS RIT FLEXY PA 6 - 37771 SULPHUR SPRING G029;KG;21,9200000762939;195,09
BASSINI ANGELO & C. Snc - Calzificio;PF0609070/30XFL1003;70/3 ELAS RIT FLEXY PA 6 - 37221 ARANCIO A083 TANGERINE TANGO;KG;36,1100006103516;321,38
BASSINI ANGELO & C. Snc - Calzificio;PF0609070/30XFL1004;70/3 ELAS RIT FLEXY PA 6 - 36829 OTTANIO O013;KG;33,0799998641014;294,41
SOX2SOX B.V.;;;NR;;180
SOX2SOX B.V.;;;;;
SOX2SOX B.V.;PF0611070/30XFL1000;70/3 ELAS RIT FLEXY PA 6 - NEO GREEN FLUO;KG;27,989999294281;251,91
SOX2SOX B.V.;PF0611070/30XFL1001;70/3 ELAS RIT FLEXY PA 6 - 45776401 ARANCIONE FLUO;KG;41,8599996566772;376,74
SOX2SOX B.V.;PF0611070/30XFL1002;70/3 ELAS RIT FLEXY PA 6 - 7880 ARANCIONE FLUO;KG;42,5699994564056;383,13
SOX2SOX B.V.;PF0611070/30XFL1003;70/3 ELAS RIT FLEXY PA 6 - 730186 GIALLO FLUO;KG;39,5599994659424;356,04
SOX2SOX B.V.;PF0611100/20X661000;100/2 ELAS RIT PA 66 - NEO GREEN FLUO;KG;31,0200004577637;294,69
SOX2SOX B.V.;PR06110006;;;0;0
REGINA SRL;;;;;
REGINA SRL;PF0612070/20XP61000;70/2 ELAS RIT PA 6 - CAMOSCIO PE 2020;KG;1;30
REGINA SRL;PF0612070/20XP61001;70/2 ELAS RIT PA 6 - NERO;KG;1;30
MANIFATTURA CRESPI SRL;;;;;
MANIFATTURA CRESPI SRL;PF0614704020I661000;70/40/2 ELAS INT. PA 66 - TC023-Z0208;KG;14,5200004577637;217,8
LUTI SOCIETA' COOPERATIVA;;;;;
LUTI SOCIETA' COOPERATIVA;PF0616040/20XEX1000;40/2 ELAS RIT FLEXI PA 66 - 103 NERO;KG;19;201,4
CALZIFICIO COCCOLI SRL;;;;;
CALZIFICIO COCCOLI SRL;PF0619040/20XEX1000;40/2 ELAS RIT FLEXI PA 66 - NERO;KG;20,2300002574921;212,42
CALZIFICIO COCCOLI SRL;PF0619070/20XFL1000;70/2 ELAS RIT FLEXY PA 6 - NERO;KG;59,3900003433228;534,51
CALZIFICIO COCCOLI SRL;PF0619070/20XFL1001;70/2 ELAS RIT FLEXY PA 6 - NAVY E 12;KG;20,9200000762939;188,28
NYTEX SRL;;;;;
NYTEX SRL;PFD0410078I0I661014;78/68/1 INNERGY INT. PA 66 - NERO;KG;23,4900002479553;469,8
NYTEX SRL;PFD041070/10A661010;70/1 ELAS APE PA 66 - DARK NAVY 19-4010 TCX;KG;17,0800002813339;153,72
NYTEX SRL;PFD041070/10A661011;70/1 ELAS APE PA 66 - PHANTOM 19-4205 TCX;KG;16,700000166893;150,3
NYTEX SRL;PFD041070/10A661012;70/1 ELAS APE PA 66 - ROSSO 18-1664 TCX;KG;16,5100003480911;148,59
NYTEX SRL;PFD041070/10A661013;70/1 ELAS APE PA 66 - ROSA A CAMPIONE 2019;KG;19,6400003433228;176,76
NYTEX SRL;PFD041070/10AP61015;70/1 ELAS APE PA 6 - GRIGIO TOUAREG;KG;45,7000007629395;411,3
NYTEX SRL;PFD041070/10AP61021;70/1 ELAS APE PA 6 - 300 GIALLO FLUO;KG;21,2199997901917;212,2
NYTEX SRL;PFD041110DT0/PB1016;110 DTX BIT 75% PES BLACK BIT 25% GRE - GIALLO;KG;6,61999988555908;47,66
NYTEX SRL;PFD041110DT0/PB1017;110 DTX BIT 75% PES BLACK BIT 25% GRE - AZZURRO;KG;6,71999979019165;48,38
NYTEX SRL;PFD041110DT0/PB1018;110 DTX BIT 75% PES BLACK BIT 25% GRE - ROSA;KG;6,61999988555908;47,66
NYTEX SRL;PFD041110DT0/PB1019;110 DTX BIT 75% PES BLACK BIT 25% GRE - FUXIA;KG;5,46000003814697;39,31
NYTEX SRL;PFD041110DT0/PB1025;110 DTX BIT 75% PES BLACK BIT 25% GRE - M587 AZZURRO;KG;16,039999961853;115,49
NYTEX SRL;PFD041110DT0/PB1026;110 DTX BIT 75% PES BLACK BIT 25% GRE - M565 ROSA CARICO;KG;14,8000004291534;106,56
NYTEX SRL;PFD041220DT0/PB1022;220 DTX BIT RAIN  - BLU REALE COBALTO 2297;KG;15,7300000190735;113,26
NYTEX SRL;PFD041220DT0/PB1023;220 DTX BIT RAIN - CELESTE 2213;KG;15,4399995803833;111,17
NYTEX SRL;PFD041220DT0/PB1024;220 DTX BIT RAIN - TURCHESE 2292;KG;14,9699997901917;107,78
NYTEX SRL;PRD0410006;;;0;15,92