nome_cliente_20;codice_articolo_20;articolo_colore_20;unita_di_misura_20;quantita_20;imponibile_20
CIOCCA SPA;;;;;
CIOCCA SPA;PF0008040/20X661037;40/2 ELAS RIT PA 66 - GREGGIO;KG;206,850000143051;1851,31
CIOCCA SPA;PF0008040/20XEX1000;40/2 ELAS RIT FLEXI PA 66 - MORO 81;KG;112,840000510216;1483,85
CIOCCA SPA;PF0008040/20XEX1001;40/2 ELAS RIT FLEXI PA 66 - NERO 20;KG;500,469999074936;6581,19
CIOCCA SPA;PF0008040/20XEX1002;40/2 ELAS RIT FLEXI PA 66 - BLU NOTTE 85;KG;499,97000014782;6574,56
CIOCCA SPA;PF0008040/20XEX1003;40/2 ELAS RIT FLEXI PA 66 - GRIGIO TOPO 88;KG;69,4099998474121;912,75
CIOCCA SPA;PF0008040/20XEX1004;40/2 ELAS RIT FLEXI PA 66 - ANTRACITE 89;KG;177,769999682903;2337,67
CIOCCA SPA;PF0008040/20XEX1005;40/2 ELAS RIT FLEXI PA 66 - BORDO' 58;KG;19,9800000190735;262,73
CIOCCA SPA;PF0008040/20XEX1007;40/2 ELAS RIT FLEXI PA 66 - BLU NAVY 77;KG;20,5099997520447;269,71
CIOCCA SPA;PF0008040/20XEX1008;40/2 ELAS RIT FLEXI PA 66 - CORDA 06;KG;74,0100002288818;973,24
CIOCCA SPA;PF0008040/20XEX1016;40/2 ELAS RIT FLEXI PA 66 - SABBIA 03;KG;112,800000905991;1483,33
CIOCCA SPA;PF0008040/20XEX1023;40/2 ELAS RIT FLEXI PA 66 - AVIO 712;KG;40,0699992179871;526,91
CIOCCA SPA;PF0008040/20XEX1026;40/2 ELAS RIT FLEXI PA 66 - BEIGE 111;KG;19,8399996757507;260,9
CIOCCA SPA;PF0008040/20XEX1031;40/2 ELAS RIT FLEXI PA 66 - GHISA 87;KG;19,2300000190735;252,87
CIOCCA SPA;PF0008040/20XEX1033;40/2 ELAS RIT FLEXI PA 66 - BEIGE 14;KG;54,6900000572205;719,17
CIOCCA SPA;PF0008040/20XEX1041;40/2 ELAS RIT FLEXI PA 66 - BEIGE 605;KG;38,9099998474121;511,66
CIOCCA SPA;PF0008060/20X661037;60/2 ELAS RIT PA 66 - GREGGIO;KG;142,960000991821;1086,52
CIOCCA SPA;PF0008060/20XEX1001;60/2 ELAS RIT FLEXI PA 66 - NERO 20;KG;317,539996981621;3461,21
CIOCCA SPA;PF0008060/20XEX1002;60/2 ELAS RIT FLEXI PA 66 - BLU NOTTE 85;KG;282,630000472069;3080,7
CIOCCA SPA;PF0008060/20XEX1003;60/2 ELAS RIT FLEXI PA 66 - GRIGIO TOPO 88;KG;91,8099987506866;1000,73
CIOCCA SPA;PF0008060/20XEX1004;60/2 ELAS RIT FLEXI PA 66 - ANTRACITE 89;KG;118,579999923706;1292,54
CIOCCA SPA;PF0008060/20XEX1005;60/2 ELAS RIT FLEXI PA 66 - BORDO' 58;KG;72,8699998855591;794,29
CIOCCA SPA;PF0008060/20XEX1006;60/2 ELAS RIT FLEXI PA 66 - INDACO 728;KG;19,5599994659424;213,21
CIOCCA SPA;PF0008060/20XEX1007;60/2 ELAS RIT FLEXI PA 66 - BLU NAVY 77;KG;59,1899991035461;645,19
CIOCCA SPA;PF0008060/20XEX1009;60/2 ELAS RIT FLEXI PA 66 - ARGENTO 36;KG;32,3700001239777;352,83
CIOCCA SPA;PF0008060/20XEX1024;60/2 ELAS RIT FLEXI PA 66 - BIANCO 02;KG;377,599997878075;4115,88
CIOCCA SPA;PF0008060/20XEX1031;60/2 ELAS RIT FLEXI PA 66 - GHISA 87;KG;40,3699998855591;440,04
CIOCCA SPA;PF0008060/20XEX1040;60/2 ELAS RIT FLEXI PA 66 - BEIGE 606;KG;19,4899997711182;212,44
CIOCCA SPA;PF0008060/30IEX1001;60/3 ELAS INTER. FLEXI PA 66 - NERO 20;KG;19,6999998092651;223,59
CIOCCA SPA;PF0008060/30IEX1002;60/3 ELAS INTER. FLEXI PA 66 - BLU NOTTE 85;KG;36,470000743866;413,93
CIOCCA SPA;PF0008060/30IEX1008;60/3 ELAS INTER. FLEXI PA 66 - CORDA 06;KG;20,1999998092651;229,27
CIOCCA SPA;PF0008060/30IEX1024;60/3 ELAS INTER. FLEXI PA 66 - BIANCO 02;KG;56,050000667572;636,17
CIOCCA SPA;PF0008060/30X661001;60/3 ELAS RIT PA 66 - NERO 20;KG;41,510000705719;471,15
CIOCCA SPA;PF0008060/30X661002;60/3 ELAS RIT PA 66 - BLU NOTTE 85;KG;21,4700002670288;243,69
CIOCCA SPA;PF0008060/30X661004;60/3 ELAS RIT PA 66 - ANTRACITE 89;KG;14,3800001144409;163,21
CIOCCA SPA;PF0008402EC0I661039;40/20/2 ELAS ECOCARE INT. PA 66 - BORDEAUX E 80 B058;KG;1,51999998092651;22,8
CIOCCA SPA;PF000844/340XTC1009;44/34/2 ELAS RIT TACTEL - ARGENTO 36;KG;19,4400000572205;296,47
CIOCCA SPA;PF000844/340XTC1010;44/34/2 ELAS RIT TACTEL - NERO 20;KG;113,029999732971;1723,72
CIOCCA SPA;PF000844/340XTC1011;44/34/2 ELAS RIT TACTEL - BLU NOTTE 85;KG;112,910000801086;1721,91
CIOCCA SPA;PF000844/340XTC1012;44/34/2 ELAS RIT TACTEL - ANTRACITE 89;KG;41,6499996185303;635,17
CIOCCA SPA;PF000844/340XTC1015;44/34/2 ELAS RIT TACTEL - CORDA 06;KG;19,6100001335144;299,06
CIOCCA SPA;PF000844/340XTC1037;44/34/2 ELAS RIT TACTEL - GREGGIO;KG;35,6700000762939;408,42
DUBLO SRL;;;kg;417,299987792969;166,92
DUBLO SRL;;;NR;1;-3765,5
DUBLO SRL;;;KG;80,560001373291;-1200,34
DUBLO SRL;;;;0;0
DUBLO SRL;PF001167/200K661000;67/20 LISCIO VOILE RIT 450 GIRI PA 66 - MARRONE 090;KG;40,7400004863739;590,73
DUBLO SRL;PF001167/200K661001;67/20 LISCIO VOILE RIT 450 GIRI PA 66 - BLEU 051;KG;389,959999799728;5654,51
DUBLO SRL;PF001167/200K661002;67/20 LISCIO VOILE RIT 450 GIRI PA 66 - NERO 002;KG;2128,72000193596;30866,82
DUBLO SRL;PF001167/200K661003;67/20 LISCIO VOILE RIT 450 GIRI PA 66 - ANTRACITE 082;KG;124,680001735687;1807,89
DUBLO SRL;PF001167/200K661005;67/20 LISCIO VOILE RIT 450 GIRI PA 66 - GRIGIO MEDIO 084;KG;90,7499980926514;1315,9
DUBLO SRL;PF001167/200K661006;67/20 LISCIO VOILE RIT 450 GIRI PA 66 - BIANCO 001;KG;39,6999998092651;575,66
DUBLO SRL;PF001167/200K661011;67/20 LISCIO VOILE RIT 450 GIRI PA 66 - BORDO' 064;KG;73,3300000429153;1063,29
DUBLO SRL;PF001167/200K661024;67/20 LISCIO VOILE RIT 450 GIRI PA 66 - OCEANO 062;KG;25,3800001144409;368,01
DUBLO SRL;PF001167/200K661025;67/20 LISCIO VOILE RIT 450 GIRI PA 66 - FUCSIA 285;KG;25,8900003433228;375,41
DUBLO SRL;PF001167/200K661026;67/20 LISCIO VOILE RIT 450 GIRI PA 66 - GRIGIO MEDIO 084/2020;KG;54,6499996185303;792,44
DUBLO SRL;PR00110010;;;0;925,07
FACI di Falzoni Luigi & C. SNC;;;;;
FACI di Falzoni Luigi & C. SNC;PF0026LUC700XP61000;70 LUCIDO RIT PA 6 - CANDIDO;KG;207,349997997284;3193,21
FACI di Falzoni Luigi & C. SNC;PF0026LUC700XP61008;70 LUCIDO RIT PA 6 - NERO;KG;291,269998431206;4485,56
FACI di Falzoni Luigi & C. SNC;PR00260007;;;0;99,72
GEMTEX SRL;;;KG;113,180000305176;-1063,89
GEMTEX SRL;;;;0;0
GEMTEX SRL;PF0028070/20XP61036;70/2 ELAS RIT PA 6 - GRIGIO CHIARO 18;KG;55,0100011825562;517,1
GEMTEX SRL;PF0028070/20XP61038;70/2 ELAS RIT PA 6 - GRIGIO MEDIO 26;KG;202,549999237061;1903,97
GEMTEX SRL;PF0028070/20XP61068;70/2 ELAS RIT PA 6 - BLU COOP 2016;KG;448,28000074625;4213,83
GEMTEX SRL;PF0028070/20XP61071;70/2 ELAS RIT PA 6 - BLUETTE 98;KG;45,1599998474121;424,51
GEMTEX SRL;PF0028070/20XP61075;70/2 ELAS RIT PA 6 - BLU PANTONE 534 C;KG;54,6500010490417;513,72
GEMTEX SRL;PF0028070/20XP61077;70/2 ELAS RIT PA 6 - AZZURRO PANTONE 2204 C;KG;148,630000114441;1397,11
GEMTEX SRL;PF0028070/20XP61078;70/2 ELAS RIT PA 6 - 261 C PURPLE;KG;42,7600002288818;401,95
GEMTEX SRL;PF0028070/20XP61082;70/2 ELAS RIT PA 6 - GRIGIO 432 C;KG;188,439998626709;1771,33
GEMTEX SRL;PF0028070/20XP61084;70/2 ELAS RIT PA 6 - GRIGIO CHIARO COOL GRAY 3C;KG;1,04999995231628;30
GEMTEX SRL;PF0028070/20XP61085;70/2 ELAS RIT PA 6 - GRIGIO SCURO COOL GRAY 9C;KG;1,04999995231628;30
GEMTEX SRL;PF0028701TT0I661083;78/2 MELANGE INTERL PA 66 - BLU/AZZURRO MEL;KG;90,1799998283386;1172,34
INTERKNIT SRL;;;KG;77,1200008392334;303,53
INTERKNIT SRL;;;;0;0
INTERKNIT SRL;PF0032070/10A661052;70/1 ELAS APE PA 66 - 37362 GRIGIO CHIARO G396;KG;40,8699998855591;425,05
INTERKNIT SRL;PF0032070/20XFL1028;70/2 ELAS RIT FLEXY PA 6 - 36854 DIVA PINK FLUO;KG;62;582,81
INTERKNIT SRL;PF0032070/20XFL1058;70/2 ELAS RIT FLEXY PA 6 - 37221 ARANCIO A083 TANGERINE TANGO;KG;41,1599998474121;386,9
INTERKNIT SRL;PF0032070/20XFL1091;70/2 ELAS RIT FLEXY PA 6 - 37047 ABYSS;KG;45,9099988937378;417,78
INTERKNIT SRL;PF0032070/20XFL1093;70/2 ELAS RIT FLEXY PA 6 - 39455 MAGNETIC BLUE A068;KG;43,4299993515015;395,22
INTERKNIT SRL;PF0032070/30XFL1025;70/3 ELAS RIT FLEXY PA 6 - 36759 NERO;KG;41,1099996566772;386,43
INTERKNIT SRL;PF0032070/30XFL1026;70/3 ELAS RIT FLEXY PA 6 - 36758 BIANCO;KG;45,2699995040894;425,53
INTERKNIT SRL;PF0032070/30XFL1039;70/3 ELAS RIT FLEXY PA 6 - 36983 PRUGNA 8158 P104;KG;20,5999999046326;193,64
INTERKNIT SRL;PF0032070/30XFL1040;70/3 ELAS RIT FLEXY PA 6 - 37771 SULPHUR SPRING G029;KG;39,7700004577637;373,84
INTERKNIT SRL;PF0032070/30XFL1048;70/3 ELAS RIT FLEXY PA 6 - 36998 OCRE;KG;20,9999995231628;197,4
INTERKNIT SRL;PF0032070/30XFL1049;70/3 ELAS RIT FLEXY PA 6 - 36935 AZZURRO TURCHESE A106;KG;20,0799999237061;178,72
INTERKNIT SRL;PF0032070/30XFL1060;70/3 ELAS RIT FLEXY PA 6 - BL201 - 36833 BLU ROYAL;KG;22,0599994659424;207,37
INTERKNIT SRL;PF0032070/30XFL1064;70/3 ELAS RIT FLEXY PA 6 - 37597 FATHOM J011;KG;83,020001411438;738,88
INTERKNIT SRL;PF0032070/30XFL1065;70/3 ELAS RIT FLEXY PA 6 - 36854 DIVA PINK FLUO;KG;83,9500007629395;747,16
INTERKNIT SRL;PF0032070/30XFL1078;70/3 ELAS RIT FLEXY PA 6 - 38807 AURA SPECIAL;KG;18,3299992084503;172,3
INTERKNIT SRL;PF0032070/30XFL1091;70/3 ELAS RIT FLEXY PA 6 - 37047 ABYSS;KG;42,3799996376038;377,19
INTERKNIT SRL;PF0032070/30XFL1092;70/3 ELAS RIT FLEXY PA 6 - 38887 PIETRA COPPER M102;KG;65,1799988746643;580,1
INTERKNIT SRL;PF0032070/30XFL1093;70/3 ELAS RIT FLEXY PA 6 - 39455 MAGNETIC BLUE A068;KG;3,5699999332428;31,77
INTERKNIT SRL;PF0032070/30XFL1094;70/3 ELAS RIT FLEXY PA 6 - 37492 NAVY 1010 B544;KG;82,6399993896484;735,5
INTERKNIT SRL;PF0032070/30XFL1096;70/3 ELAS RIT FLEXY PA 6 - 37778 BLU B051;KG;45,710000038147;429,68
INTERKNIT SRL;PF0032070/30XFL1098;70/3 ELAS RIT FLEXY PA 6 - 38106 ROYAL 6080;KG;21,1899995803833;199,19
INTERKNIT SRL;PF0032070/30XFL1099;70/3 ELAS RIT FLEXY PA 6 - 37023 VERDE MAR 4550 LEFERON V300;KG;20,9200005531311;196,65
INTERKNIT SRL;PF0032070/30XFL1100;70/3 ELAS RIT FLEXY PA 6 - 37488 TURCHESE CHIARO T007;KG;20,6499996185303;194,11
INTERKNIT SRL;PF0032070/40XFL1097;70/4 ELAS RIT FLEXY PA 6 - 39188 VERDE BAIA V112;KG;20,2700004577637;186,49
INTERKNIT SRL;PF0032786020LEX1087;78/60/2 QNOVA LEG.INTERL FLEXI GRS 60 PA 66 - 39002 GRS NERO N002;KG;144,650000572205;1837,06
INTERKNIT SRL;PF0032786820IHE1095;78/68/2 ELAS INT FLEXY HEAT PA 66 - 37917 NERO;KG;32,3299999237061;646,6
INTERKNIT SRL;PR00320006;;;0;72,98
MICO SPORT SPA;;;KG;82,840000629425;-857,5
MICO SPORT SPA;;;kg;20,7900009155273;-218,3
MICO SPORT SPA;;;;0;0
MICO SPORT SPA;PF0034040/20XEX1004;40/2 ELAS RIT FLEXI PA 66 - GRAFITE 9240;KG;21,6099996566772;294,98
MICO SPORT SPA;PF0034040/20XEX1006;40/2 ELAS RIT FLEXI PA 66 - FUMO 107;KG;38,9199991226196;531,26
MICO SPORT SPA;PF0034040/20XEX1015;40/2 ELAS RIT FLEXI PA 66 - GRIGIO M;KG;76,439998626709;1043,4
MICO SPORT SPA;PF0034040/20XEX1016;40/2 ELAS RIT FLEXI PA 66 - BLU UNIVERSO;KG;52,3599996566772;714,72
MICO SPORT SPA;PF0034040/20XEX1020;40/2 ELAS RIT FLEXI PA 66 - GRIGIO PELTRO;KG;18,6300001144409;254,3
MICO SPORT SPA;PF0034040/20XEX1032;40/2 ELAS RIT FLEXI PA 66 - GRIGIO 431/C;KG;100,580000400543;1372,91
MICO SPORT SPA;PF0034040/20XEX1033;40/2 ELAS RIT FLEXI PA 66 - VERDE ARMY;KG;54,8299999237061;748,43
MICO SPORT SPA;PF0034040/20XEX1034;40/2 ELAS RIT FLEXI PA 66 - AZZURRO 05;KG;98,4800009727478;1344,24
MICO SPORT SPA;PF0034040/20XEX1044;40/2 ELAS RIT FLEXI PA 66 - GIALLO FLUO;KG;152,640000343323;2083,54
MICO SPORT SPA;PF0034040/20XEX1074;40/2 ELAS RIT FLEXI PA 66 - VERDE FLUO;KG;20,6099996566772;281,33
MICO SPORT SPA;PF0034040/20XEX1088;40/2 ELAS RIT FLEXI PA 66 - GINGER 14;KG;60,3799996376038;824,18
MICO SPORT SPA;PF0034040/20XEX1093;40/2 ELAS RIT FLEXI PA 66 - FUXIA 15;KG;38,2200002670288;521,71
MICO SPORT SPA;PF0034040/20XEX1104;40/2 ELAS RIT FLEXI PA 66 - ARANCIO 16;KG;19,3899993896484;264,67
MICO SPORT SPA;PF0034040/20XEX1107;40/2 ELAS RIT FLEXI PA 66 - BLUETTE 9086;KG;20,7700004577637;283,51
MICO SPORT SPA;PF0034040/20XEX1114;40/2 ELAS RIT FLEXI PA 66 - DEEP WATER BLUE;KG;38,8600001335144;530,44
MICO SPORT SPA;PF0034040/20XEX1119;40/2 ELAS RIT FLEXI PA 66 - HIBISKUS PINK 18-1762;KG;19,2299995422363;262,49
MICO SPORT SPA;PF0034040/20XEX1120;40/2 ELAS RIT FLEXI PA 66 - CHESTNUT RED 19-1724;KG;20,1300001144409;274,78
MICO SPORT SPA;PF0034070/20XEX1006;70/2 ELAS RIT FLEXI PA 66 - FUMO 107;KG;40,3099994659424;411,16
MICO SPORT SPA;PF0034070/20XEX1015;70/2 ELAS RIT FLEXI PA 66 - GRIGIO M;KG;130,549999475479;1331,6
MICO SPORT SPA;PF0034070/20XEX1016;70/2 ELAS RIT FLEXI PA 66 - BLU UNIVERSO;KG;19,6099996566772;200,03
MICO SPORT SPA;PF0034070/20XEX1020;70/2 ELAS RIT FLEXI PA 66 - GRIGIO PELTRO;KG;162,779999732971;1660,36
MICO SPORT SPA;PF0034070/20XEX1033;70/2 ELAS RIT FLEXI PA 66 - VERDE ARMY;KG;143,340000152588;1462,06
MICO SPORT SPA;PF0034070/20XEX1034;70/2 ELAS RIT FLEXI PA 66 - AZZURRO 05;KG;160,650000572205;1638,63
MICO SPORT SPA;PF0034070/20XEX1044;70/2 ELAS RIT FLEXI PA 66 - GIALLO FLUO;KG;98,440000295639;1004,09
MICO SPORT SPA;PF0034070/20XEX1072;70/2 ELAS RIT FLEXI PA 66 - FUXIA FLUO;KG;73,1899992227554;746,53
MICO SPORT SPA;PF0034070/20XEX1074;70/2 ELAS RIT FLEXI PA 66 - VERDE FLUO;KG;18,8900001049042;192,68
MICO SPORT SPA;PF0034070/20XEX1081;70/2 ELAS RIT FLEXI PA 66 - GARDENIA 13;KG;80,5299999713898;821,43
MICO SPORT SPA;PF0034070/20XEX1082;70/2 ELAS RIT FLEXI PA 66 - GHIACCIAIO 13;KG;53,4099998474121;544,79
MICO SPORT SPA;PF0034070/20XEX1088;70/2 ELAS RIT FLEXI PA 66 - GINGER 14;KG;20,3699998855591;207,77
MICO SPORT SPA;PF0034070/20XEX1091;70/2 ELAS RIT FLEXI PA 66 - VERDE 15;KG;20,3699996471405;207,77
MICO SPORT SPA;PF0034070/20XEX1093;70/2 ELAS RIT FLEXI PA 66 - FUXIA 15;KG;19,2699999809265;196,55
MICO SPORT SPA;PF0034070/20XEX1098;70/2 ELAS RIT FLEXI PA 66 - VIOLETTO 16;KG;37,5699987411499;383,21
MICO SPORT SPA;PF0034070/20XEX1099;70/2 ELAS RIT FLEXI PA 66 - AZZURRO 16;KG;78,4300003051758;799,99
MICO SPORT SPA;PF0034070/20XEX1104;70/2 ELAS RIT FLEXI PA 66 - ARANCIO 16;KG;26,1000003814697;266,22
MICO SPORT SPA;PF0034070/20XEX1107;70/2 ELAS RIT FLEXI PA 66 - BLUETTE 9086;KG;83,6400003433228;853,13
MICO SPORT SPA;PF0034070/20XEX1113;70/2 ELAS RIT FLEXI PA 66 - PRINCESS 18;KG;115,10000038147;1174,02
MICO SPORT SPA;PF0034070/20\661004;70/2 ELAS RIT S. PA 66 - GRAFITE 9240;KG;16,3699996471405;166,97
MICO SPORT SPA;PF0034070/20\661015;70/2 ELAS RIT S. PA 66 - GRIGIO M;KG;20,2000002861023;206,04
MICO SPORT SPA;PF0034070/20\661016;70/2 ELAS RIT S. PA 66 - BLU UNIVERSO;KG;19,0299997329712;194,11
MICO SPORT SPA;PF0034070/20\661020;70/2 ELAS RIT S. PA 66 - GRIGIO PELTRO;KG;14,9799995422363;152,8
MICO SPORT SPA;PF0034070/40X661022;70/4 ELAS RIT PA 66 - GRIGIO CAMP;KG;30,7300004959106;333,42
MICO SPORT SPA;PF0034100/20X661015;100/2 ELAS RIT PA 66 - GRIGIO M;KG;22,3800001144409;235
MICO SPORT SPA;PF0034100/20X661119;100/2 ELAS RIT PA 66 - HIBISKUS PINK 18-1762;KG;18,2200002670288;191,32
MICO SPORT SPA;PF0034100/20XEX1004;100/2 ELAS RIT FLEXI PA 66 - GRAFITE 9240;KG;93,7599987983704;984,5
MICO SPORT SPA;PF0034100/20XEX1010;100/2 ELAS RIT FLEXI PA 66 - ROSSO 003;KG;70,0000009536743;735,01
MICO SPORT SPA;PF0034100/20XEX1015;100/2 ELAS RIT FLEXI PA 66 - GRIGIO M;KG;266,23999786377;2795,57
MICO SPORT SPA;PF0034100/20XEX1016;100/2 ELAS RIT FLEXI PA 66 - BLU UNIVERSO;KG;19,0200002193451;199,71
MICO SPORT SPA;PF0034100/20XEX1020;100/2 ELAS RIT FLEXI PA 66 - GRIGIO PELTRO;KG;472,999999523163;4966,58
MICO SPORT SPA;PF0034100/20XEX1022;100/2 ELAS RIT FLEXI PA 66 - GRIGIO CAMP;KG;40,6300001144409;426,62
MICO SPORT SPA;PF0034100/20XEX1032;100/2 ELAS RIT FLEXI PA 66 - GRIGIO 431/C;KG;83,6499996185303;878,35
MICO SPORT SPA;PF0034100/20XEX1044;100/2 ELAS RIT FLEXI PA 66 - GIALLO FLUO;KG;480,690001487732;5047,37
MICO SPORT SPA;PF0034100/20XEX1072;100/2 ELAS RIT FLEXI PA 66 - FUXIA FLUO;KG;74,2700009346008;779,84
MICO SPORT SPA;PF0034100/20XEX1074;100/2 ELAS RIT FLEXI PA 66 - VERDE FLUO;KG;136,54000043869;1433,69
MICO SPORT SPA;PF0034100/20XEX1082;100/2 ELAS RIT FLEXI PA 66 - GHIACCIAIO 13;KG;19,0600004196167;200,13
MICO SPORT SPA;PF0034100/20XEX1086;100/2 ELAS RIT FLEXI PA 66 - MILITARE 14;KG;38,0800008773804;399,85
MICO SPORT SPA;PF0034100/20XEX1088;100/2 ELAS RIT FLEXI PA 66 - GINGER 14;KG;173,780000686646;1824,72
MICO SPORT SPA;PF0034100/20XEX1090;100/2 ELAS RIT FLEXI PA 66 - TURCHESE 15;KG;39,8000001907349;417,91
MICO SPORT SPA;PF0034100/20XEX1091;100/2 ELAS RIT FLEXI PA 66 - VERDE 15;KG;20,3299999237061;213,47
MICO SPORT SPA;PF0034100/20XEX1093;100/2 ELAS RIT FLEXI PA 66 - FUXIA 15;KG;56,6300001144409;594,64
MICO SPORT SPA;PF0034100/20XEX1114;100/2 ELAS RIT FLEXI PA 66 - DEEP WATER BLUE;KG;57,8799986839294;607,75
MICO SPORT SPA;PF0034100/20XEX1119;100/2 ELAS RIT FLEXI PA 66 - HIBISKUS PINK 18-1762;KG;21,3600001335144;224,28
MICO SPORT SPA;PF0034100/20XEX1120;100/2 ELAS RIT FLEXI PA 66 - CHESTNUT RED 19-1724;KG;19,8499999046326;208,43
MICO SPORT SPA;PF0034227010A661033;LYCRA+PA66 (22+ 078 TINTO) 85 DTX - VERDE ARMY;KG;61,5400002002716;1128,64
MICO SPORT SPA;PF0034784610XTC1001;78/46/1 ELAS RIT TACTEL - NERO;KG;38,279999256134;522,52
MICO SPORT SPA;PF0034786020LEX1121;78/60/2 QNOVA LEG.INTERL FLEXI GRS 60 PA 66 - 39722 GRS CARDINALE V017;KG;1;13,5
MICO SPORT SPA;PR00340006;;;0;0
NASTRIFICIO ZINGONIA SRL;;;NR;1;-10000
NASTRIFICIO ZINGONIA SRL;;;1;;300
NASTRIFICIO ZINGONIA SRL;;;;;
NASTRIFICIO ZINGONIA SRL;PF00360156T0X661002;156/1 TACTEL RIT PA 66 - BLU RANGER;KG;111,349999904633;1542,21
NASTRIFICIO ZINGONIA SRL;PF00360156T0X661023;156/1 TACTEL RIT PA 66 - BLU CATANZARO;KG;115,820002436638;1604,12
NASTRIFICIO ZINGONIA SRL;PF00360156T0X661035;156/1 TACTEL RIT PA 66 - ARGENTO;KG;96,8099989891052;1340,82
NASTRIFICIO ZINGONIA SRL;PF00360156T0X661036;156/1 TACTEL RIT PA 66 - ORO;KG;210,300004005432;2912,65
NASTRIFICIO ZINGONIA SRL;PF00360156T0X661081;156/1 TACTEL RIT PA 66 - GRIGIO 58;KG;93,5900018215179;1296,22
NASTRIFICIO ZINGONIA SRL;PF00360156T0X661168;156/1 TACTEL RIT PA 66 - NERO LUCIDO TACTEL;KG;109,260001182556;1513,26
NASTRIFICIO ZINGONIA SRL;PF0036040/20I661004;40/2 ELAS INT. PA 66 - NERO;KG;107,250000715256;1249,47
NASTRIFICIO ZINGONIA SRL;PF0036070/20IP61184;70/2 ELAS INT. PA 6 - BLU PIC;KG;179,449998855591;1561,22
NASTRIFICIO ZINGONIA SRL;PF0036070/20IP61185;70/2 ELAS INT. PA 6 - ROSSO PIC;KG;178,910000085831;1556,54
NASTRIFICIO ZINGONIA SRL;PF0036070/20X661000;70/2 ELAS RIT PA 66 - BLEU STEINER;KG;186,090000033379;1684,13
NASTRIFICIO ZINGONIA SRL;PF0036070/20X661001;70/2 ELAS RIT PA 66 - CANDIDO;KG;5112,00999879837;46263,64
NASTRIFICIO ZINGONIA SRL;PF0036070/20X661002;70/2 ELAS RIT PA 66 - BLU RANGER;KG;492,519999980927;4457,31
NASTRIFICIO ZINGONIA SRL;PF0036070/20X661004;70/2 ELAS RIT PA 66 - NERO;KG;12139,2500021458;109860,31
NASTRIFICIO ZINGONIA SRL;PF0036070/20X661005;70/2 ELAS RIT PA 66 - GRIGIO MEDIO;KG;1000,78000259399;9057,11
NASTRIFICIO ZINGONIA SRL;PF0036070/20X661006;70/2 ELAS RIT PA 66 - ROSSO BRIKO;KG;993,399994969368;8990,32
NASTRIFICIO ZINGONIA SRL;PF0036070/20X661007;70/2 ELAS RIT PA 66 - PISTACCHIO;KG;195,950000762939;1773,35
NASTRIFICIO ZINGONIA SRL;PF0036070/20X661010;70/2 ELAS RIT PA 66 - AZZURRO 7;KG;109,359998226166;989,7
NASTRIFICIO ZINGONIA SRL;PF0036070/20X661015;70/2 ELAS RIT PA 66 - GRIGIO SCURO BRIKO;KG;904,499997138977;8185,76
NASTRIFICIO ZINGONIA SRL;PF0036070/20X661017;70/2 ELAS RIT PA 66 - ROSSO FUOCO;KG;749,41999912262;6782,24
NASTRIFICIO ZINGONIA SRL;PF0036070/20X661023;70/2 ELAS RIT PA 66 - BLU CATANZARO;KG;3435,39999705553;31090,41
NASTRIFICIO ZINGONIA SRL;PF0036070/20X661024;70/2 ELAS RIT PA 66 - GRIGIO PERLA;KG;576,869996547699;5220,64
NASTRIFICIO ZINGONIA SRL;PF0036070/20X661026;70/2 ELAS RIT PA 66 - BLU MANTRA;KG;97,7900002002716;885,01
NASTRIFICIO ZINGONIA SRL;PF0036070/20X661031;70/2 ELAS RIT PA 66 -  ANTRACITE 132 ;KG;151,46000123024;1370,72
NASTRIFICIO ZINGONIA SRL;PF0036070/20X661041;70/2 ELAS RIT PA 66 - GIALLO LIMONE;KG;116,599999427795;1055,24
NASTRIFICIO ZINGONIA SRL;PF0036070/20X661043;70/2 ELAS RIT PA 66 - OLTREMARE;KG;178,089999198914;1611,7
NASTRIFICIO ZINGONIA SRL;PF0036070/20X661047;70/2 ELAS RIT PA 66 - GRIGIO UOMO;KG;1768,09999960661;16001,25
NASTRIFICIO ZINGONIA SRL;PF0036070/20X661061;70/2 ELAS RIT PA 66 - BLU SPORT;KG;93,3099999427795;844,45
NASTRIFICIO ZINGONIA SRL;PF0036070/20X661063;70/2 ELAS RIT PA 66 - GRIGIO CAGI;KG;100,519999742508;909,7
NASTRIFICIO ZINGONIA SRL;PF0036070/20X661065;70/2 ELAS RIT PA 66 - ROSSO SANGUE;KG;492,85999917984;4460,36
NASTRIFICIO ZINGONIA SRL;PF0036070/20X661066;70/2 ELAS RIT PA 66 - BORDEAUX CHIARO;KG;113,10999917984;1023,66
NASTRIFICIO ZINGONIA SRL;PF0036070/20X661068;70/2 ELAS RIT PA 66 - BECCO D'OCA;KG;121,599998474121;1100,49
NASTRIFICIO ZINGONIA SRL;PF0036070/20X661074;70/2 ELAS RIT PA 66 - BLU NOTTE;KG;1647,46999159455;14909,67
NASTRIFICIO ZINGONIA SRL;PF0036070/20X661076;70/2 ELAS RIT PA 66 - FUMO DI LONDRA;KG;105,510000228882;954,87
NASTRIFICIO ZINGONIA SRL;PF0036070/20X661088;70/2 ELAS RIT PA 66 - VERDE BOTTIGLIA;KG;99,6099996566772;901,48
NASTRIFICIO ZINGONIA SRL;PF0036070/20X661101;70/2 ELAS RIT PA 66 - BLUETTE UOMO;KG;95,3699998855591;863,1
NASTRIFICIO ZINGONIA SRL;PF0036070/20X661106;70/2 ELAS RIT PA 66 - AZZURRO 6;KG;178,579998970032;1616,13
NASTRIFICIO ZINGONIA SRL;PF0036070/20X661107;70/2 ELAS RIT PA 66 - AVIO SCURO BRIKO;KG;1082,97999703884;9800,99
NASTRIFICIO ZINGONIA SRL;PF0036070/20X661108;70/2 ELAS RIT PA 66 - VERDE F.L. 2;KG;85,7299991846085;775,86
NASTRIFICIO ZINGONIA SRL;PF0036070/20X661116;70/2 ELAS RIT PA 66 - AVIO SCURO QUARENGHI;KG;97,5000004768372;882,38
NASTRIFICIO ZINGONIA SRL;PF0036070/20X661128;70/2 ELAS RIT PA 66 - MOSTO;KG;103,130000114441;933,34
NASTRIFICIO ZINGONIA SRL;PF0036070/20X661133;70/2 ELAS RIT PA 66 - AZZURRO 5;KG;192,459998965263;1741,78
NASTRIFICIO ZINGONIA SRL;PF0036070/20X661138;70/2 ELAS RIT PA 66 - GREGGIO;KG;338,050001144409;2231,14
NASTRIFICIO ZINGONIA SRL;PF0036070/20X661148;70/2 ELAS RIT PA 66 - ORANGE RAST 18-1447 TPX;KG;101,64999961853;919,93
NASTRIFICIO ZINGONIA SRL;PF0036070/20X661157;70/2 ELAS RIT PA 66 - PETROLIO;KG;114,819998502731;1039,13
NASTRIFICIO ZINGONIA SRL;PF0036070/20X661158;70/2 ELAS RIT PA 66 - VERDE SCOTLAND;KG;95,6400012969971;865,55
NASTRIFICIO ZINGONIA SRL;PF0036070/20X661172;70/2 ELAS RIT PA 66 - ROSSO MELA;KG;94;850,71
NASTRIFICIO ZINGONIA SRL;PF0036070/20X661189;70/2 ELAS RIT PA 66 - DEEP RED G378;KG;2835,52999949455;25661,61
NASTRIFICIO ZINGONIA SRL;PF0036070/20X661203;70/2 ELAS RIT PA 66 - GREEN HELMET;KG;409,680001020432;3707,64
NASTRIFICIO ZINGONIA SRL;PF0036070/20X661204;70/2 ELAS RIT PA 66 - BLU CIELO 1757/2019;KG;751,689998567104;6802,79
NASTRIFICIO ZINGONIA SRL;PF0036070/20X661209;70/2 ELAS RIT PA 66 - ECO GREEN;KG;418,749999046326;3789,69
NASTRIFICIO ZINGONIA SRL;PF0036070/20X661212;70/2 ELAS RIT PA 66 - DARK GREY A CAMPIONE/PR.1;KG;614,000004053116;5556,69
NASTRIFICIO ZINGONIA SRL;PF0036070/20X661213;70/2 ELAS RIT PA 66 - GIALLO SPAGHETTI;KG;140,750001907349;1273,79
NASTRIFICIO ZINGONIA SRL;PF0036070/20X661214;70/2 ELAS RIT PA 66 - SUMMER PHARD;KG;67,0900004506111;607,17
NASTRIFICIO ZINGONIA SRL;PF0036070/20X661215;70/2 ELAS RIT PA 66 - GREEN;KG;512,32000207901;4636,48
NASTRIFICIO ZINGONIA SRL;PF0036070/20X661218;70/2 ELAS RIT PA 66 - DEEP BLUE;KG;3527,66000169516;31925,38
NASTRIFICIO ZINGONIA SRL;PF0036070/20X661219;70/2 ELAS RIT PA 66 - GREEN PINE;KG;935,489994525909;8466,19
NASTRIFICIO ZINGONIA SRL;PF0036070/20X661220;70/2 ELAS RIT PA 66 - GRIGIO ANTRACITE 1498;KG;610,019999742508;5520,72
NASTRIFICIO ZINGONIA SRL;PF0036070/20X661221;70/2 ELAS RIT PA 66 - DEEP PLUM;KG;103,179999828339;933,79
NASTRIFICIO ZINGONIA SRL;PF0036070/20X661223;70/2 ELAS RIT PA 66 - LIGHT BLU PORTOGALLO;KG;136,579999923706;1236,05
NASTRIFICIO ZINGONIA SRL;PF0036070/20X661224;70/2 ELAS RIT PA 66 - VERDE KAKI;KG;674,030001401901;6099,99
NASTRIFICIO ZINGONIA SRL;PF0036070/20X661225;70/2 ELAS RIT PA 66 - GIALLO SIRIO 2;KG;1042,20999634266;9431,98
NASTRIFICIO ZINGONIA SRL;PF0036070/20X661228;70/2 ELAS RIT PA 66 - VERDE ACQUA DARK;KG;357,389998316765;3234,41
NASTRIFICIO ZINGONIA SRL;PF0036070/20X661229;70/2 ELAS RIT PA 66 - VERDE SMERALDO TEZ;KG;516,290002584457;4672,41
NASTRIFICIO ZINGONIA SRL;PF0036070/20X661230;70/2 ELAS RIT PA 66 - POP BLU;KG;356,800001144409;3229,08
NASTRIFICIO ZINGONIA SRL;PF0036070/20X661231;70/2 ELAS RIT PA 66 - VERDE ANTICO QUARENGHI;KG;112,940001010895;1022,09
NASTRIFICIO ZINGONIA SRL;PF0036070/20XEX1217;70/2 ELAS RIT FLEXI PA 66 - DARK GREY A CAMP/PR.1 FELPA;KG;126,579999446869;1202,52
NASTRIFICIO ZINGONIA SRL;PF0036070/20XEX1226;70/2 ELAS RIT FLEXI PA 66 - DEEP BLU FELPA;KG;271,280003547668;2577,21
NASTRIFICIO ZINGONIA SRL;PF0036070/20\661004;70/2 ELAS RIT S. PA 66 - NERO;KG;71,2600011825562;677
NASTRIFICIO ZINGONIA SRL;PF0036070/20\661216;70/2 ELAS RIT S. PA 66 - NERO FELPA;KG;1289,80000382662;12253,34
NASTRIFICIO ZINGONIA SRL;PF0036070/20\661217;70/2 ELAS RIT S. PA 66 - DARK GREY A CAMP/PR.1 FELPA;KG;415,239998459816;3944,87
NASTRIFICIO ZINGONIA SRL;PF0036070/20\661221;70/2 ELAS RIT S. PA 66 - DEEP PLUM;KG;241,699997067451;2296,2
NASTRIFICIO ZINGONIA SRL;PF0036070/40I661004;70/4 ELAS INT. PA 66 - NERO;KG;5648,24800294638;52246,78
NASTRIFICIO ZINGONIA SRL;PF0036070/40I661138;70/4 ELAS INT. PA 66 - GREGGIO;KG;1042,85999298096;6413,58
NASTRIFICIO ZINGONIA SRL;PF0036070400I661177;SPLENDOR DTEX 78/2 NY66 INTERL - DARK GREY MEL NZ;KG;1183,19999909401;13961,79
NASTRIFICIO ZINGONIA SRL;PF0036402700INY1178;SPLENDOR DTEX 78/2 NY66 INTERL. - GRIGIO 031 NZ TONO 6;KG;1182,75999689102;13956,55
NASTRIFICIO ZINGONIA SRL;PF0036402700INY1206;SPLENDOR DTEX 78/2 NY66 INTERL. - MELANGE GRIGIO PULL;KG;98,1900014877319;1158,64
NASTRIFICIO ZINGONIA SRL;PF0036402700INY1222;SPLENDOR DTEX 78/2 NY66 INTERL. - GRIGIO MEL TEZ;KG;2582,78999853134;30476,99
NASTRIFICIO ZINGONIA SRL;PF0036402I+0XNY1013;SPLENDOR DTEX 78/2 NY66 R. - GRIGIO MELANGE;KG;642,529991149902;7903,02
NASTRIFICIO ZINGONIA SRL;PF0036406400INY1140;SPLENDOR DTEX 78/2 NY66 INTERL. - MELANGE ADM;KG;2081,85999894142;24565,91
NASTRIFICIO ZINGONIA SRL;PF0036701TT0I661062;SPLENDOR DTEX 78/2 NY 66 IN - GRIGIO MEDIO MELANGE;KG;1623,46999549866;19156,92
NASTRIFICIO ZINGONIA SRL;PF0036781820ITP1151;78/18X2 INT. PA6 TINTO PASTA - NERO T.P.;KG;6894,21999549866;37228,81
NASTRIFICIO ZINGONIA SRL;PF0036781820ITP1155;78/18X2 INT. PA6 TINTO PASTA - BIANCO T.P.;KG;10016,7100086212;55093,36
NASTRIFICIO ZINGONIA SRL;PF0036786820ITP1142;78/68/2 ELAS INTERL PA6 TINTO PASTA - BIANCO;KG;315,290001869202;2821,82
REMMERT SPA;;;KG;429,930000305176;-5326,37
REMMERT SPA;;;;0;0
REMMERT SPA;PF00370156T0X661013;156/1 TACTEL RIT PA 66 - BIANCO;KG;144,3899974823;2425,74
REMMERT SPA;PF0037070/10A661133;70/1 ELAS APE PA 66 - GREGGIO;KG;312,160000085831;2122,66
REMMERT SPA;PF0037070/10A661183;70/1 ELAS APE PA 66 - BLU PARALLELO;KG;225,67000246048;2211,59
REMMERT SPA;PF0037070/20IP61133;70/2 ELAS INT. PA 6 - GREGGIO;KG;472,549999237061;2457,26
REMMERT SPA;PF0037070/20XP61005;70/2 ELAS RIT PA 6 - NERO;KG;51,7800004482269;502,27
REMMERT SPA;PF0037070/20XP61006;70/2 ELAS RIT PA 6 - CANDIDO;KG;55,9900012016296;543,1
REMMERT SPA;PF0037070/20XP61008;70/2 ELAS RIT PA 6 - BLU 805;KG;173,660001277924;1684,5
REMMERT SPA;PF0037070/20XP61016;70/2 ELAS RIT PA 6 - GRIGIO 630;KG;106,839999318123;1036,34
REMMERT SPA;PF0037070/20XP61019;70/2 ELAS RIT PA 6 - BLU 295;KG;76,1999998092651;739,14
REMMERT SPA;PF0037070/20XP61036;70/2 ELAS RIT PA 6 - GRIGIO 747;KG;49,8600015640259;483,64
REMMERT SPA;PF0037070/20XP61059;70/2 ELAS RIT PA 6 - MARRONE 542;KG;68,549998998642;664,93
REMMERT SPA;PF0037070/20XP61079;70/2 ELAS RIT PA 6 - CELESTE 627;KG;48,8800001144409;474,13
REMMERT SPA;PF0037070/20XP61119;70/2 ELAS RIT PA 6 - VERDE 262;KG;38,8600001335144;376,94
REMMERT SPA;PF0037070/20XP61122;70/2 ELAS RIT PA 6 - GRIGIO 730;KG;38,3199996948242;371,71
REMMERT SPA;PF0037070/20XP61128;70/2 ELAS RIT PA 6 - ROSSO 238;KG;38,1499996185303;370,05
REMMERT SPA;PF0037070/20XP61133;70/2 ELAS RIT PA 6 - GREGGIO;KG;162,800001621246;1123,33
REMMERT SPA;PF0037070/20XP61134;70/2 ELAS RIT PA 6 - 181 GRIGIO;KG;52,4700002670288;508,97
REMMERT SPA;PF0037070/20XP61188;70/2 ELAS RIT PA 6 - AZZURRO 301;KG;42,1000000238419;408,37
REMMERT SPA;PF0037070/20XP61191;70/2 ELAS RIT PA 6 - COL. 308;KG;1,04999995231628;30
REMMERT SPA;PF0037070/20XP61192;70/2 ELAS RIT PA 6 - COL. 637;KG;1,04999995231628;30
REMMERT SPA;PF0037070/20XP61193;70/2 ELAS RIT PA 6 - IRON 18-1306 TPX;KG;20,6299996376038;200,11
REMMERT SPA;PF0037070/20XP61194;70/2 ELAS RIT PA 6 - TURKISH COFFEE 19-0812 TPX;KG;21,4900002479553;208,45
REMMERT SPA;PF0037070/20XP61195;70/2 ELAS RIT PA 6 - SPARROW 18-1404 TPX;KG;21,1499996185303;205,15
REMMERT SPA;PF0037070/20XP61196;70/2 ELAS RIT PA 6 - SHALE 19-3903 TPX;KG;20,960000038147;203,32
REMMERT SPA;PF0037070/20XP61197;70/2 ELAS RIT PA 6 - SILVER CLOUD 15-4502 TPX;KG;19,7199997901917;191,29
REMMERT SPA;PF0037070/20XP61198;70/2 ELAS RIT PA 6 - FUNGI 17-1212 TPX;KG;20,9600005149841;203,31
REMMERT SPA;PF0037070/30XFL1007;70/3 ELAS RITORTO FLEXY 120 GIRI PA 6 - GIALLO VF;KG;43,4299993515015;421,27
REMMERT SPA;PF0037070/30XFL1189;70/3 ELAS RITORTO FLEXY 120 GIRI PA 6 - GRIGIO 877C;KG;51,0600004196167;495,28
REMMERT SPA;PF0037070/60XP61187;70/6 ELAS RIT PA 6 - VERDE A CAMPIONE;KG;16,3600006103516;191,41
REMMERT SPA;PF0037786020LEX1133;78/60/2 QNOVA LEG.INTERL FLEXI GRS 60 PA 66 - GREGGIO;KG;15,5900001525879;148,11
REMMERT SPA;PF0037786820M661000;78/68/2  RIT 200 GIRI PA 66 MICRO - CANDIDO;KG;405,789999961853;6086,85
REMMERT SPA;PF0037786820M661008;78/68/2  RIT 200 GIRI PA 66 MICRO - BLU 805;KG;78,6100006103516;1179,15
REMMERT SPA;PF0037786820M661034;78/68/2  RIT 200 GIRI PA 66 MICRO - NERO;KG;797,990004301071;11969,85
REMMERT SPA;PR00370001;;;0;236,13
SARA SPORTLINE SRL;;;;;
SARA SPORTLINE SRL;PF0039070/20X661005;70/2 ELAS RIT PA 66 - GREGGIO;KG;93,2500014305115;736,68
SARA SPORTLINE SRL;PF0039070/20XEX1001;70/2 ELAS RIT FLEXI PA 66 - ROSSO;KG;126,029999732971;1209,89
SARA SPORTLINE SRL;PF0039070/20XEX1002;70/2 ELAS RIT FLEXI PA 66 - NERO;KG;259,650002479553;2492,65
SARA SPORTLINE SRL;PF0039070/40X661001;70/4 ELAS RIT PA 66 - ROSSO;KG;158,000000953674;1666,92
SARA SPORTLINE SRL;PF003978QSK0IEX1007;78/68/2 QSKIN INT. FLEXI PA 66 - R016 ROSA SALMON;KG;36,1700000762939;596,81
TEA SRL;;;;;
TEA SRL;PF0073070/20X661001;70/2 ELAS RIT PA 66 - BEIGE SOLITO;KG;55,5699996948242;558,48
TEA SRL;PF0073070/20X661003;70/2 ELAS RIT PA 66 - CANDIDO;KG;97,4600005149841;979,48
TEA SRL;PF0073070/20X661011;70/2 ELAS RIT PA 66 - BEIGE CAMP. 2020;KG;44,4900003671646;447,12
TEA SRL;PF0073100/20X661006;100/2 ELAS RIT PA 66 - GREGGIO;KG;181,720000267029;1490,1
CALZIFICIO PEDACI ANTONIO;;;;;
CALZIFICIO PEDACI ANTONIO;PF0079070/20XFL1002;70/2 ELAS RIT FLEXY PA 6 - C101 ORIONE;KG;41,6999998092651;379,47
CALZIFICIO PEDACI ANTONIO;PF0079070/30XFL1001;70/3 ELAS RIT FLEXY PA 6 - NERO;KG;3889,41000628471;35393,74
CALZIFICIO PEDACI ANTONIO;PF0079070/30XFL1003;70/3 ELAS RIT FLEXY PA 6 - ARANCIO EVO;KG;289,560001373291;2635
CALZIFICIO PEDACI ANTONIO;PF0079070/30XFL1004;70/3 ELAS RIT FLEXY PA 6 - ARANCIO MAC FLUO;KG;288,579998493195;2626,08
CALZIFICIO PEDACI ANTONIO;PF0079070/30XFL1005;70/3 ELAS RIT FLEXY PA 6 - ROSSO 05;KG;628,839998960495;5722,45
CALZIFICIO PEDACI ANTONIO;PF0079070/30XFL1006;70/3 ELAS RIT FLEXY PA 6 - ROSSO 238;KG;396,739999294281;3610,36
CALZIFICIO PEDACI ANTONIO;PF0079070/30XFL1007;70/3 ELAS RIT FLEXY PA 6 - FRANCIA;KG;396,100002527237;3604,52
CALZIFICIO PEDACI ANTONIO;PF0079070/30XFL1008;70/3 ELAS RIT FLEXY PA 6 - ROSSO AMSTERDAM;KG;1163,60999679565;10588,9
CALZIFICIO PEDACI ANTONIO;PF0079070/30XFL1009;70/3 ELAS RIT FLEXY PA 6 - BIANCO OTTICO;KG;2147,76999402046;19544,73
CALZIFICIO PEDACI ANTONIO;PF0079070/30XFL1010;70/3 ELAS RIT FLEXY PA 6 - BLU RS;KG;207,929998874664;1892,15
CALZIFICIO PEDACI ANTONIO;PF0079070/30XFL1011;70/3 ELAS RIT FLEXY PA 6 - YELLOW SPEC;KG;62,5799999237061;569,49
CALZIFICIO PEDACI ANTONIO;PF0079070/30XFL1013;70/3 ELAS RIT FLEXY PA 6 - VERDE TH;KG;81,4499988555908;741,19
CALZIFICIO PEDACI ANTONIO;PF0079070/30XFL1014;70/3 ELAS RIT FLEXY PA 6 - BLU MFC;KG;21,2600002288818;193,46
CALZIFICIO PEDACI ANTONIO;PF0079070/30XFL1015;70/3 ELAS RIT FLEXY PA 6 - ORANGE ARBI;KG;119,389999389648;1086,45
CALZIFICIO PEDACI ANTONIO;PF0079070/30XFL1016;70/3 ELAS RIT FLEXY PA 6 - VIOLA HER;KG;40,1200008392334;365,09
CALZIFICIO PEDACI ANTONIO;PF0079070/30XFL1017;70/3 ELAS RIT FLEXY PA 6 - GRIGIO SPAL;KG;39,6199998855591;360,55
CALZIFICIO PEDACI ANTONIO;PF0079070/30XFL1018;70/3 ELAS RIT FLEXY PA 6 - ROSSO READ;KG;130,280000209808;1185,55
CALZIFICIO PEDACI ANTONIO;PF0079070/30XFL1019;70/3 ELAS RIT FLEXY PA 6 - BLU CLER;KG;231,789999485016;2109,29
CALZIFICIO PEDACI ANTONIO;PF0079070/30XFL1020;70/3 ELAS RIT FLEXY PA 6 - ROSSO SCARLET;KG;39,5100002288818;359,55
CALZIFICIO PEDACI ANTONIO;PF0079070/30XFL1021;70/3 ELAS RIT FLEXY PA 6 - ARANCIO EDI;KG;34,6200003623962;315,05
CALZIFICIO PEDACI ANTONIO;PF0079070/30XFL1022;70/3 ELAS RIT FLEXY PA 6 - GRIGIO SCA;KG;19,8600001335144;180,72
CALZIFICIO PEDACI ANTONIO;PF0079070/30XFL1023;70/3 ELAS RIT FLEXY PA 6 - TURCHESE DEP;KG;19,7400002479553;179,63
CALZIFICIO PEDACI ANTONIO;PF0079070/30XFL1024;70/3 ELAS RIT FLEXY PA 6 - VERDE DIN;KG;20,2999997138977;184,73
CALZIFICIO PEDACI ANTONIO;PF0079070/30XFL1025;70/3 ELAS RIT FLEXY PA 6 - ADRIATICO;KG;20,8899998664856;190,1
CALZIFICIO PEDACI ANTONIO;PF0079070/30XFL1026;70/3 ELAS RIT FLEXY PA 6 - METALLIC;KG;150,990000247955;1374,03
CALZIFICIO PEDACI ANTONIO;PF0079070/30XFL1027;70/3 ELAS RIT FLEXY PA 6 - TURCHESE ELDERA;KG;169,840002059937;1545,54
CALZIFICIO PEDACI ANTONIO;PF0079070/30XFL1028;70/3 ELAS RIT FLEXY PA 6 - BLU KSC;KG;86,3600006103516;785,87
CALZIFICIO PEDACI ANTONIO;PF0079070/30XFL1029;70/3 ELAS RIT FLEXY PA 6 - BILIARDO;KG;159,940000534058;1455,44
CALZIFICIO PEDACI ANTONIO;PF0079070/30XFL1030;70/3 ELAS RIT FLEXY PA 6 - BLU MARINO;KG;159,799999237061;1454,19
CALZIFICIO PEDACI ANTONIO;PF0079070/30XFL1031;70/3 ELAS RIT FLEXY PA 6 - MARMO;KG;154,540000915527;1406,29
CALZIFICIO PEDACI ANTONIO;PF0079070/30XFL1032;70/3 ELAS RIT FLEXY PA 6 - AMBRA MAC;KG;151,489998817444;1378,56
CALZIFICIO PEDACI ANTONIO;PF0079070/30XFL1033;70/3 ELAS RIT FLEXY PA 6 - BLU EVO;KG;547,579999446869;4982,98
CALZIFICIO PEDACI ANTONIO;PF0079070/30XFL1034;70/3 ELAS RIT FLEXY PA 6 - ROYAL SPONSOR;KG;285,699999809265;2599,87
CALZIFICIO PEDACI ANTONIO;PF0079070/30XFL1035;70/3 ELAS RIT FLEXY PA 6 - GROC;KG;378,520001411438;3444,55
CALZIFICIO PEDACI ANTONIO;PF0079070/30XFL1036;70/3 ELAS RIT FLEXY PA 6 - ROSSO KRAK;KG;83,25;757,57
CALZIFICIO PEDACI ANTONIO;PF0079070/30XFL1037;70/3 ELAS RIT FLEXY PA 6 - ROYAL KRAK;KG;84,8200006484985;771,87
CALZIFICIO PEDACI ANTONIO;PF0079070/30XFL1038;70/3 ELAS RIT FLEXY PA 6 - VERDE LENS;KG;26,6699991226196;242,69
CALZIFICIO PEDACI ANTONIO;PF0079070/30XFL1039;70/3 ELAS RIT FLEXY PA 6 - GOLD HAJDUK;KG;121,959999442101;1109,83
CALZIFICIO PEDACI ANTONIO;PF0079070/30XFL1040;70/3 ELAS RIT FLEXY PA 6 - YELLOW BRU;KG;128,219999313354;1166,81
CALZIFICIO PEDACI ANTONIO;PF0079070/30XFL1041;70/3 ELAS RIT FLEXY PA 6 - BLU LAZIO;KG;35,5600004196167;323,6
CALZIFICIO PEDACI ANTONIO;PF0079070/30XRF1001;70/3 EL RIT RENYCLE 100 GRS FLEXY PA 6 - NERO;KG;44,7599997520447;514,75
CALZIFICIO PEDACI ANTONIO;PR00790006;;;0;144,3
NEW KOKO'S  SRL;;;KG;179,870000839233;382,12
NEW KOKO'S  SRL;;;NR;1;-1009,74
NEW KOKO'S  SRL;;;;0;0
NEW KOKO'S  SRL;PF0084070/10A661110;70/1 ELAS APE PA 66 - 37568 ROSA CARNE S018;KG;20,3700008392334;211,85
NEW KOKO'S  SRL;PF0084070/20XFL1012;70/2 ELAS RIT FLEXY PA 6 - 36193 DIVA PINK FLUO;KG;144,530002117157;1351,93
NEW KOKO'S  SRL;PF0084070/20XFL1036;70/2 ELAS RIT FLEXY PA 6 - 31322 BLU B051;KG;20,960000038147;197,03
NEW KOKO'S  SRL;PF0084070/20XFL1052;70/2 ELAS RIT FLEXY PA 6 - 31012 BLUE BIRD V112;KG;23,5599989891052;214,4
NEW KOKO'S  SRL;PF0084070/20XFL1063;70/2 ELAS RIT FLEXY PA 6 - 37059 SULPHUR SPRING;KG;61,6099996566772;560,66
NEW KOKO'S  SRL;PF0084070/20XFL1068;70/2 ELAS RIT FLEXY PA 6 - 37572 SPORT ORANGE FLUO A082;KG;33,6299996376038;322,83
NEW KOKO'S  SRL;PF0084070/20XFL1090;70/2 ELAS RIT FLEXY PA 6 - 37752 FUXIA NEON F031 FLUO;KG;39,1299993991852;361,3
NEW KOKO'S  SRL;PF0084070/20XFL1109;70/2 ELAS RIT FLEXY PA 6 - 31013 NAUTICAL V113;KG;18,1700005531311;165,35
NEW KOKO'S  SRL;PF0084070/20XFL1112;70/2 ELAS RIT FLEXY PA 6 - 37479 DIRECT BLUE;KG;41,7400007247925;392,35
NEW KOKO'S  SRL;PF0084070/30XFL1005;70/3 ELAS RIT FLEXY PA 6 - 36833 BLUETTE;KG;99,5599994659424;895,08
NEW KOKO'S  SRL;PF0084070/30XFL1035;70/3 ELAS RIT FLEXY PA 6 - 35345 CHARCHOAL;KG;347,330004692078;3150,27
NEW KOKO'S  SRL;PF0084070/30XFL1043;70/3 ELAS RIT FLEXY PA 6 - 36758 BIANCO E1;KG;110,389997243881;982,47
NEW KOKO'S  SRL;PF0084070/30XFL1050;70/3 ELAS RIT FLEXY PA 6 - 37771 SULPHUR SPRING G029;KG;79,8599996566772;732,93
NEW KOKO'S  SRL;PF0084070/30XFL1054;70/3 ELAS RIT FLEXY PA 6 - 36922 GIALLO G003;KG;17,710000038147;157,62
NEW KOKO'S  SRL;PF0084070/30XFL1060;70/3 ELAS RIT FLEXY PA 6 - 37005 BORDEAUX E 80 B058;KG;62,8500001430511;590,79
NEW KOKO'S  SRL;PF0084070/30XFL1061;70/3 ELAS RIT FLEXY PA 6 - 37120 ROSSO FUOCO E 34 R119;KG;107,16999912262;1007,39
NEW KOKO'S  SRL;PF0084070/30XFL1068;70/3 ELAS RIT FLEXY PA 6 - 37572 SPORT ORANGE FLUO A082;KG;39,8299999237061;374,4
NEW KOKO'S  SRL;PF0084070/30XFL1076;70/3 ELAS RIT FLEXY PA 6 - 36824 PETROLIO P028;KG;43,3800005912781;407,77
NEW KOKO'S  SRL;PF0084070/30XFL1080;70/3 ELAS RIT FLEXY PA 6 - 37778 BLU B051;KG;102,650000572205;964,91
NEW KOKO'S  SRL;PF0084070/30XFL1087;70/3 ELAS RIT FLEXY PA 6 - 36983 PRUGNA 8158 P104;KG;144,670000553131;1287,57
NEW KOKO'S  SRL;PF0084070/30XFL1101;70/3 ELAS RIT FLEXY PA 6 - 36514 CRUISE T001;KG;21,5299997329712;191,61
NEW KOKO'S  SRL;PF0084070/30XFL1110;70/3 ELAS RIT FLEXY PA 6 - 37568 ROSA CARNE S018;KG;20,6899995803833;184,14
NEW KOKO'S  SRL;PF0084070/30XFL1113;70/3 ELAS RIT FLEXY PA 6 - 36832 ROSSO R055;KG;19,9000000953674;187,06
NEW KOKO'S  SRL;PF0084070/30XFL1114;70/3 ELAS RIT FLEXY PA 6 - 37714 LILLA SILK V012;KG;20,6299996376038;193,93
NEW KOKO'S  SRL;PF0084070/30XFL1115;70/3 ELAS RIT FLEXY PA 6 - 37858 OLIVA KONA V140;KG;41,0699996948242;386,06
NEW KOKO'S  SRL;PF0084070/40XFL1030;70/4 ELAS RIT FLEXY PA 6 - 37741 GRIGIO G901;KG;188,769999504089;1736,7
NEW KOKO'S  SRL;PF0084070/40XFL1082;70/4 ELAS RIT FLEXY PA 6 - 36446 SPORT ORANGE FLUO A082;KG;21,1899995803833;194,95
NEW KOKO'S  SRL;PF0084070/40XFL1103;70/4 ELAS RIT FLEXY PA 6 - 35189 ROSSO R103;KG;29,5399994850159;271,77
NEW KOKO'S  SRL;PF0084784620XTC1008;78/46/2 ELAS RIT TACTEL - 30389 NERO;KG;160,500000953674;2102,56
NEW KOKO'S  SRL;PF0084784620XTC1018;78/46/2 ELAS RIT TACTEL - 30380 BIANCO B016;KG;18,7200002670288;245,23
NEW KOKO'S  SRL;PF0084784620XTC1108;78/46/2 ELAS RIT TACTEL - 36192 NEON GIALLO FLUO;KG;22,289999961853;292
NEW KOKO'S  SRL;PF0084786020LEX1106;78/60/2 QNOVA LEG.INTERL FLEXI GRS 60 PA 66 - 39002 NERO N002;KG;575,290000200272;7306,19
NEW KOKO'S  SRL;PF0084786020LEX1111;78/60/2 QNOVA LEG.INTERL FLEXI GRS 60 PA 66 - 39003 BIANCO B001;KG;295,100000858307;3747,75
NEW KOKO'S  SRL;PF00847866Q0XEX1108;78/68/2 QSKIN RIT FLEXI PA 66 - 36192 NEON GIALLO FLUO;KG;21,7399997711182;358,72
NEW KOKO'S  SRL;PF00847866Q0XEX1116;78/68/2 QSKIN RIT FLEXI PA 66 - 39602 BLU SCURO B207;KG;11,5100002288818;189,92
NEW KOKO'S  SRL;PR00840006;;;0;144,38
STORI B. & C. SRL;;;;;
STORI B. & C. SRL;PF0102040/20XEX1028;40/2 ELAS RIT FLEXI PA 66 - P1 GRIGIO CHIARO;KG;21,3100004196167;353,75
STORI B. & C. SRL;PF0102070/20XEX1028;70/2 ELAS RIT FLEXI PA 66 - P1 GRIGIO CHIARO;KG;12,4399995803833;172,92
STORI B. & C. SRL;PF0102070/20\661015;70/2 ELAS RIT S. PA 66 - ARGENTO N4;KG;27,8399996757507;386,98
STORI B. & C. SRL;PF0102100/20X661015;100/2 ELAS RIT PA 66 - ARGENTO N4;KG;5,13000011444092;71,31
STORI B. & C. SRL;PF0102443410I661000;44/34/1 ELAS INT. PA 66 - BIANCO X0;KG;38,3900003433228;558,57
STORI B. & C. SRL;PF0102443410I661003;44/34/1 ELAS INT. PA 66 - N9 NERO;KG;74,4199995994568;1082,81
STORI B. & C. SRL;PF0102443410I661025;44/34/1 ELAS INT. PA 66 - S9 BORDEAUX;KG;17,1100006103516;248,95
STORI B. & C. SRL;PF0102443410I661032;44/34/1 ELAS INT. PA 66 - S3 GERANIO;KG;18,8800001144409;274,7
STORI B. & C. SRL;PF0102443410I661035;44/34/1 ELAS INT. PA 66 - INDACO 1C;KG;20,2800002098083;295,07
STORI B. & C. SRL;PF0102443410I661036;44/34/1 ELAS INT. PA 66 - 9J PAPIRO;KG;19,4899997711182;283,58
La R.T.B. Di Dettali Riccardo ;;;;;
La R.T.B. Di Dettali Riccardo ;PF0109070/30XFL1001;70/3 ELAS RIT FLEXY PA 6 - GREGGIO;KG;48;206,4
CALZIFICIO TELEMACO SRL;;;NR;;42
CALZIFICIO TELEMACO SRL;;;;;
CALZIFICIO TELEMACO SRL;PF0110070/10AEX1049;70/1 EL AP FLEXI PA 66 - 35020 BIANCO B103;KG;40,2999992370605;419,11
CALZIFICIO TELEMACO SRL;PF0110070/10AEX1050;70/1 EL AP FLEXI PA 66 - 31189 NERO;KG;38,7700000405312;403,21
CALZIFICIO TELEMACO SRL;PF0110070/20XFL1002;70/2 ELAS RIT FLEXY PA 6 - 37059 SULPHUR SPRING;KG;52,1999998092651;475,02
CALZIFICIO TELEMACO SRL;PF0110070/20XFL1029;70/2 ELAS RIT FLEXY PA 6 - 36761 GRIGIO E 111 G126;KG;121,08000087738;1138,15
CALZIFICIO TELEMACO SRL;PF0110070/20XFL1047;70/2 ELAS RIT FLEXY PA 6 - 36193 DIVA PINK FLUO;KG;37,800000667572;343,98
CALZIFICIO TELEMACO SRL;PF0110070/30XFL1029;70/3 ELAS RIT FLEXY PA 6 - 36761 GRIGIO E 111 G126;KG;295,800002098083;2780,53
CALZIFICIO TELEMACO SRL;PF0110070/30XFL1035;70/3 ELAS RIT FLEXY PA 6 - 37310 COL. 1039 GRIGIO MEDIO G172;KG;39,1999998092651;368,48
CALZIFICIO TELEMACO SRL;PF0110070/30XFL1036;70/3 ELAS RIT FLEXY PA 6 - 37771 SULPHUR SPRING G029;KG;21,710000038147;193,22
CALZIFICIO TELEMACO SRL;PF0110070/30XFL1045;70/3 ELAS RIT FLEXY PA 6 - 37029 RUGINE CORTESA;KG;20,9500002861023;186,46
CALZIFICIO TELEMACO SRL;PF0110070/30XFL1046;70/3 ELAS RIT FLEXY PA 6 - 36983 PRUGNA 8158 P104;KG;20,3100004196167;180,76
CALZIFICIO TELEMACO SRL;PF0110070/30XFL1048;70/3 ELAS RIT FLEXY PA 6 - 37778 BLU B051;KG;83,6500010490417;744,5
CALZIFICIO TELEMACO SRL;PF0110070/30XFL1049;70/3 ELAS RIT FLEXY PA 6 - BIANCO;KG;120,469999313354;1132,43
CALZIFICIO TELEMACO SRL;PF0110070/30XFL1050;70/3 ELAS RIT FLEXY PA 6 - NERO;KG;123,309999465942;1159,12
CALZIFICIO TELEMACO SRL;PF0110786020LEX1006;78/60/2 QNOVA LEG.INTERL FLEXI GRS 60 PA 66 - 37109 NERO N002;KG;962,109997868538;12218,8
CALZIFICIO TELEMACO SRL;PF0110786020LEX1026;78/60/2 QNOVA LEG.INTERL FLEXI GRS 60 PA 66 - CANDIDO;KG;213,88000202179;2716,29
CALZIFICIO TELEMACO SRL;PF0110786020LEX1031;78/60/2 QNOVA LEG.INTERL FLEXI GRS 60 PA 66 - 39015 GRS SAFETY YELLOW FLUO G006;KG;120,660000801086;1532,39
CALZIFICIO TELEMACO SRL;PF011078SQS0I661027;78/68/2 QSKIN INT. PA 66 - 38751 SULPHUR SPRING G029;KG;87,939998626709;1451,02
CALZIFICIO TELEMACO SRL;PR01100006;;;0;86,43
VEROPIZ S.R.L.;;;KG;192,440002441406;-1818,57
VEROPIZ S.R.L.;;;1;;300
VEROPIZ S.R.L.;;;;0;0
VEROPIZ S.R.L.;PF0118040/10A661091;40/1 ELAS APE PA 66 - VERDE PR. 1 X LUREX;KG;0,639999985694885;7,36
VEROPIZ S.R.L.;PF0118040/10A661092;40/1 ELAS APE PA 66 - VERDE PR. 2 X LUREX;KG;0,699999988079071;8,05
VEROPIZ S.R.L.;PF0118040/10A661093;40/1 ELAS APE PA 66 - ROSSO X LUREX;KG;118,629999935627;1364,27
VEROPIZ S.R.L.;PF0118040/10A661094;40/1 ELAS APE PA 66 - ORO CHIARO X LUREX;KG;114,289999186993;1314,37
VEROPIZ S.R.L.;PF0118070/20X661002;70/2 ELAS RIT PA 66 - BIANCO;KG;1015,37999892235;9595,38
VEROPIZ S.R.L.;PF0118070/20X661003;70/2 ELAS RIT PA 66 - NERO;KG;13984,7100037932;132155,83
VEROPIZ S.R.L.;PF0118070/20X661024;70/2 ELAS RIT PA 66 - DEEP RED G378 /PR.1;KG;616,530000925064;5826,22
VEROPIZ S.R.L.;PF0118070/20X661029;70/2 ELAS RIT PA 66 - POISON RED;KG;182,369998931885;1723,39
VEROPIZ S.R.L.;PF0118070/20X661031;70/2 ELAS RIT PA 66 - ANTRACITE SOLIDO;KG;698,270000696182;6598,68
VEROPIZ S.R.L.;PF0118070/20X661048;70/2 ELAS RIT PA 66 - BLU CIELO 1757/2019;KG;428,490000605583;4049,25
VEROPIZ S.R.L.;PF0118070/20X661054;70/2 ELAS RIT PA 66 - VERDE QUADRIFOGLIO;KG;40,5799999237061;383,48
VEROPIZ S.R.L.;PF0118070/20X661057;70/2 ELAS RIT PA 66 - APPLE GREEN;KG;337,840001225471;3192,61
VEROPIZ S.R.L.;PF0118070/20X661062;70/2 ELAS RIT PA 66 - RED COOPER;KG;49,3999991416931;466,83
VEROPIZ S.R.L.;PF0118070/20X661070;70/2 ELAS RIT PA 66 - BLU GREEN;KG;203,090002536774;1919,21
VEROPIZ S.R.L.;PF0118070/20X661071;70/2 ELAS RIT PA 66 - ECO GREEN;KG;1101,44999933243;10408,73
VEROPIZ S.R.L.;PF0118070/20X661076;70/2 ELAS RIT PA 66 - GIALLO SIRIO C.11971;KG;378,47000169754;3576,57
VEROPIZ S.R.L.;PF0118070/20X661082;70/2 ELAS RIT PA 66 - PAN DI ZENZERO LIGHT 16-1522 TPX;KG;2,77999997138977;26,27
VEROPIZ S.R.L.;PF0118070/20X661083;70/2 ELAS RIT PA 66 - ROSA NUVOLA 12-2102 TPX;KG;1,13999998569489;10,77
VEROPIZ S.R.L.;PF0118070/20X661084;70/2 ELAS RIT PA 66 - ROSA CANDY 15-1816 TPX;KG;1,22000002861023;11,53
VEROPIZ S.R.L.;PF0118070/20X661085;70/2 ELAS RIT PA 66 - DUSTY GREEN;KG;0,980000019073486;9,26
VEROPIZ S.R.L.;PF0118070/20X661086;70/2 ELAS RIT PA 66 - ROSA POLVERE 14-1313 TPX;KG;811,779998719692;7671,31
VEROPIZ S.R.L.;PF0118070/20X661087;70/2 ELAS RIT PA 66 - SWEET CORAL FLUO;KG;1,19000005722046;11,25
VEROPIZ S.R.L.;PF0118070/20X661088;70/2 ELAS RIT PA 66 - CELESTE 17-4021 TPX;KG;1,35000002384186;12,76
VEROPIZ S.R.L.;PF0118070/20X661090;70/2 ELAS RIT PA 66 - PHARD 1905;KG;3,11000001430511;29,39
VEROPIZ S.R.L.;PF0118070/20X661095;70/2 ELAS RIT PA 66 - VERDE OTTANIO;KG;115,089999258518;1087,61
VEROPIZ S.R.L.;PF0118070/20X661096;70/2 ELAS RIT PA 66 - DEEP PLUM;KG;857,549998819828;8103,85
VEROPIZ S.R.L.;PF0118070/20X661097;70/2 ELAS RIT PA 66 - DEEP BLUE;KG;4591,55999350548;43390,41
VEROPIZ S.R.L.;PF0118070/20X661098;70/2 ELAS RIT PA 66 - GREEN PINE;KG;780,659996390343;7377,25
VEROPIZ S.R.L.;PF0118070/20X661099;70/2 ELAS RIT PA 66 - BLU PORTOGALLO;KG;0,550000011920929;5,2
VEROPIZ S.R.L.;PF0118070/20X661101;70/2 ELAS RIT PA 66 - VERDE BANDIERA ITA;KG;22,2799997329712;210,55
VEROPIZ S.R.L.;PF0118070/20X661102;70/2 ELAS RIT PA 66 - ROSSO BANDIERA ITA;KG;22,3999996185303;211,68
VEROPIZ S.R.L.;PF0118070/20X661103;70/2 ELAS RIT PA 66 - GIALLO BANDIERA GERMANIA;KG;21,7699995040894;205,73
VEROPIZ S.R.L.;PF0118070/20X661104;70/2 ELAS RIT PA 66 - ROSA POLVERE NEW;KG;110,390001296997;1043,19
VEROPIZ S.R.L.;PF0118070/20X661105;70/2 ELAS RIT PA 66 - POP BLU;KG;1,12999999523163;10,68
VEROPIZ S.R.L.;PF0118070/20X661106;70/2 ELAS RIT PA 66 - NEW BLU JEANS;KG;3,46000003814697;32,7
VEROPIZ S.R.L.;PF0118070/20X661107;70/2 ELAS RIT PA 66 - WILD LIME;KG;1,12999999523163;10,68
VEROPIZ S.R.L.;PF0118070/20X661108;70/2 ELAS RIT PA 66 - FOX BROWN;KG;1,12999999523163;10,68
VEROPIZ S.R.L.;PF0118070/20X661109;70/2 ELAS RIT PA 66 - BLU GRAFITE;KG;3,46000003814697;32,7
VEROPIZ S.R.L.;PF0118070/20X661110;70/2 ELAS RIT PA 66 - DARK OLIVE;KG;3,46000003814697;32,7
VEROPIZ S.R.L.;PF0118070/20X661111;70/2 ELAS RIT PA 66 - KIWI FLUO;KG;1,12999999523163;10,68
VEROPIZ S.R.L.;PF0118070/20X661113;70/2 ELAS RIT PA 66 - VERDE KAKI;KG;0,560000002384186;5,29
VEROPIZ S.R.L.;PF0118070/20X661114;70/2 ELAS RIT PA 66 - ATLANTICO;KG;1,87999999523163;17,77
VEROPIZ S.R.L.;PF0118070/20X661115;70/2 ELAS RIT PA 66 - BLU A CAMPIONE;KG;0,699999988079071;6,62
VEROPIZ S.R.L.;PF0118070/20X661116;70/2 ELAS RIT PA 66 - ROSA PASTELLO;KG;61,3500002622604;579,76
VEROPIZ S.R.L.;PF0118070/20X661117;70/2 ELAS RIT PA 66 - LATTE 1903;KG;64,7399997711182;611,79
VEROPIZ S.R.L.;PF0118070/20X661118;70/2 ELAS RIT PA 66 - PURPLE WINE;KG;276,319999873638;2611,22
VEROPIZ S.R.L.;PF0118070/20X661119;70/2 ELAS RIT PA 66 - BLU LAKE;KG;579,790001273155;5479,02
VEROPIZ S.R.L.;PF0118070/20X661120;70/2 ELAS RIT PA 66 - BLU OCEANO;KG;349,800000846386;3305,61
VEROPIZ S.R.L.;PF0118070/20X661121;70/2 ELAS RIT PA 66 - ARANCIO OFF FLUO;KG;312,600000619888;2954,06
VEROPIZ S.R.L.;PF0118070/20X661122;70/2 ELAS RIT PA 66 - BLU JEANS;KG;124,92000067234;1180,48
VEROPIZ S.R.L.;PF0118070/20X661123;70/2 ELAS RIT PA 66 - ROSE BROWN;KG;15,9399995803833;150,64
VEROPIZ S.R.L.;PF0118070/20X661124;70/2 ELAS RIT PA 66 - GLICINE;KG;10,5900001525879;100,08
VEROPIZ S.R.L.;PF0118070/20X661125;70/2 ELAS RIT PA 66 - BLUETTE;KG;10,7299995422363;101,4
VEROPIZ S.R.L.;PF0118070/20X661126;70/2 ELAS RIT PA 66 - MOKA;KG;19,3199996948242;182,58
VEROPIZ S.R.L.;PF0118070/20X661127;70/2 ELAS RIT PA 66 - DARK BLUSH;KG;22,1200008392334;209,04
VEROPIZ S.R.L.;PF0118070/20XEX1002;70/2 ELAS RIT FLEXI PA 66 - BIANCO;KG;364,67999792099;3453,16
VEROPIZ S.R.L.;PF0118070400I661039;SPLENDOR DTEX 78/2 NY66 INTERL - DARK GREY MEL;KG;6156,23000735044;79107,75
VEROPIZ S.R.L.;PF0118156/103661082;156/1  RIT 300 S PA 66 - PAN DI ZENZERO LIGHT 16-1522 TPX;KG;1,12000000476837;18,14
VEROPIZ S.R.L.;PF0118156/103661083;156/1  RIT 300 S PA 66 - ROSA NUVOLA 12-2102 TPX;KG;1,05999994277954;17,17
VEROPIZ S.R.L.;PF0118156/103661112;156/1  RIT 300 S PA 66 - NERO LUCIDO;KG;25,5799998641014;414,39
VEROPIZ S.R.L.;PF0118402700INY1100;78/2 MELANGE INTERL - GRIGIO MEL. 031;KG;1046,77999985218;13451,13
VEROPIZ S.R.L.;PF0118V70/20V661002;70/2 VOLUMINIZZATO INTERL. PA 66 - BIANCO;KG;11,6499996185303;110,09
VEROPIZ S.R.L.;PF0118V70/20V661024;70/2 VOLUMINIZZATO INTERL. PA 66 - DEEP RED G378 /PR.1;KG;113,809999465942;1075,5
VEROPIZ S.R.L.;PF0118V70/20V661089;70/2 VOLUMINIZZATO INTERL. PA 66 - NERO 951;KG;8,10999965667725;76,64
VEROPIZ S.R.L.;PF0118V70/20V661122;70/2 VOLUMINIZZATO INTERL. PA 66 - BLU JEANS;KG;120,890001058578;1142,41
VEROPIZ S.R.L.;PR01180001;;;0;471,53
VEROPIZ S.R.L.;PR01180006;;;0;251,93
GENESI SRL;;;NR;90;-360
GENESI SRL;;;;0;0
GENESI SRL;PF0121100/20D661010;100/2 ELAS CUC 10000 PA 66 - COD. 0003 NERO;KG;68,1099997758865;1136
GENESI SRL;PF0121100/20D661069;100/2 ELAS CUC 10000 PA 66 - COD. 302;KG;19,4000000655651;332
GENESI SRL;PF0121100/20D661087;100/2 ELAS CUC 10000 PA 66 - COD. 320;KG;30,070000231266;520
GENESI SRL;PF0121100/20D661128;100/2 ELAS CUC 10000 PA 66 - COD. 816;KG;28,6100001335144;500
GENESI SRL;PF0121100/20D661157;100/2 ELAS CUC 10000 PA 66 - DUCK GREEN;KG;10,3299998044968;168
GENESI SRL;PF0121100/20D661158;100/2 ELAS CUC 10000 PA 66 - PETROL;KG;19,0500001013279;324
(NON USARE) - MEGADYNE SPA ;;;;;
(NON USARE) - MEGADYNE SPA ;PF0126060/20XEX1000;60/2 ELAS RIT FLEXI PA 66 - ARANCIO;KG;535,030002117157;5938,87
(NON USARE) - MEGADYNE SPA ;PF0126100/10A661001;100/1 ELAS APE PA 66 - GREGGIO - S;KG;570,420001983643;4164,07
(NON USARE) - MEGADYNE SPA ;PF0126100/10A661002;100/1 ELAS APE PA 66 - GREGGIO - Z;KG;580,25;4235,85
POMPEA SPA;;;;;
POMPEA SPA;PF0128070/20X661078;70/2 ELAS RIT PA 66 - COD. 737 NATURALE;KG;19,5699996948242;197,65
POMPEA SPA;PF0128100/20D661021;100/2 ELAS CUC 10000 PA 66 - COD. 2 BIANCO LATTE;KG;93,3600000143051;1465,77
POMPEA SPA;PF0128100/20D661023;100/2 ELAS CUC 10000 PA 66 - ROSA 1813;KG;14,7899997830391;232,2
POMPEA SPA;PF0128100/20D661028;100/2 ELAS CUC 10000 PA 66 - COD. 1332 BLU;KG;112,380000352859;1764,39
POMPEA SPA;PF0128100/20D661035;100/2 ELAS CUC 10000 PA 66 - COD. 61 AZZURRO;KG;22,3600001335144;351,05
POMPEA SPA;PF0128100/20D661039;100/2 ELAS CUC 10000 PA 66 - COD. 613;KG;19,9200000166893;312,75
POMPEA SPA;PF0128100/20D661071;100/2 ELAS CUC 10000 PA 66 - COD. 874;KG;19,9200000762939;312,75
POMPEA SPA;PF0128100/20D661082;100/2 ELAS CUC 10000 PA 66 - COD. 325;KG;86,5199993848801;1358,42
POMPEA SPA;PF0128100/20D661097;100/2 ELAS CUC 10000 PA 66 - COD. 907 AZZURRO FUTURE;KG;19,2400000095367;302,07
POMPEA SPA;PF0128100/20D661128;100/2 ELAS CUC 10000 PA 66 - COD. 3034 MELOGRANO;KG;13,2300001382828;207,71
POMPEA SPA;PF0128100/20D661131;100/2 ELAS CUC 10000 PA 66 - COD. 880;KG;27,0800001621246;425,16
POMPEA SPA;PF0128100/20D661135;100/2 ELAS CUC 10000 PA 66 - COD 879 ROSA SOGNO;KG;16,1600003242493;253,72
POMPEA SPA;PF0128100/20D661139;100/2 ELAS CUC 10000 PA 66 - COD. 050;KG;19,0300002098083;298,78
POMPEA SPA;PF0128100/20D661141;100/2 ELAS CUC 10000 PA 66 - COD. 328 AZZURRO;KG;12,6600000858307;198,76
POMPEA SPA;PF0128100/20D661144;100/2 ELAS CUC 10000 PA 66 - COD. 855;KG;19,33000010252;303,49
POMPEA SPA;PF0128100/20D661148;100/2 ELAS CUC 10000 PA 66 - COD. 813;KG;14,2900004386902;224,36
POMPEA SPA;PF0128100/20D661149;100/2 ELAS CUC 10000 PA 66 - ROSA MATTONE 958;KG;37,9600005149841;595,98
POMPEA SPA;PF0128100/20D661150;100/2 ELAS CUC 10000 PA 66 - COD. 700 AZZURRO;KG;17,6500000953674;277,11
POMPEA SPA;PF0128100/20D661151;100/2 ELAS CUC 10000 PA 66 - 1008 PINK;KG;16,5099997520447;259,21
POMPEA SPA;PF0128100/20D661152;100/2 ELAS CUC 10000 PA 66 - COD. 331;KG;20,2300001382828;317,62
POMPEA SPA;PF0128100/20D661153;100/2 ELAS CUC 10000 PA 66 - GENZIANA 21;KG;20,8900001049042;327,98
POMPEA SPA;PF0128100/20D661154;100/2 ELAS CUC 10000 PA 66 - 331 SKIN 21;KG;19,8200005292892;311,18
I.R.T.E. SRL;;;KG;796,59001159668;-10028,91
I.R.T.E. SRL;;;;0;0
I.R.T.E. SRL;PF0129001050/661019;105-S DTEX BIT RAIN RAW PA 66 - BLU 8100;KG;1,32000005245209;27,72
I.R.T.E. SRL;PF0129040/20XEX1253;40/2 ELAS RIT FLEXI PA 66 - SILVERED GREEN;KG;29,6199998855591;355,44
I.R.T.E. SRL;PF0129040/20XEX1257;40/2 ELAS RIT FLEXI PA 66 - LILLA 8061;KG;36,7199998497963;440,64
I.R.T.E. SRL;PF0129040/20XEX1258;40/2 ELAS RIT FLEXI PA 66 - ORANGE 8079;KG;40,1999996900558;482,4
I.R.T.E. SRL;PF0129040/20XEX1262;40/2 ELAS RIT FLEXI PA 66 - BEIGE C;KG;22,0500001907349;264,6
I.R.T.E. SRL;PF0129040/20XEX1263;40/2 ELAS RIT FLEXI PA 66 - INDIAN BROWN 8231;KG;58,3800001144409;700,56
I.R.T.E. SRL;PF0129040/20XEX1264;40/2 ELAS RIT FLEXI PA 66 - GLOSSY RED;KG;58,9000000953674;706,8
I.R.T.E. SRL;PF0129040/20XEX1265;40/2 ELAS RIT FLEXI PA 66 - HYPER BLUE 5089;KG;41,139999628067;493,68
I.R.T.E. SRL;PF0129040/20XEX1266;40/2 ELAS RIT FLEXI PA 66 - PARADISE BLUE;KG;37,3000005483627;447,6
I.R.T.E. SRL;PF0129040/20XEX1268;40/2 ELAS RIT FLEXI PA 66 - ICE MINT;KG;0,839999973773956;10,08
I.R.T.E. SRL;PF0129070/10A661177;70/1 ELAS APE PA 66 - BIANCO;KG;24;243,6
I.R.T.E. SRL;PF0129070/20X661145;70/2 ELAS RIT PA 66 - GRIGIO CHIARO 653;KG;102,779999256134;971,27
I.R.T.E. SRL;PF0129070/20X661146;70/2 ELAS RIT PA 66 - GRIGIO SCURO 4104;KG;100,890000343323;953,42
I.R.T.E. SRL;PF0129070/20X661155;70/2 ELAS RIT PA 66 - NERO 951;KG;987,679999351501;9333,57
I.R.T.E. SRL;PF0129070/20X661177;70/2 ELAS RIT PA 66 - BIANCO;KG;3,10999989509583;29,39
I.R.T.E. SRL;PF0129070/20X661235;70/2 ELAS RIT PA 66 - NERO 951/2020;KG;3051,769998312;28839,25
I.R.T.E. SRL;PF0129070/20X661243;70/2 ELAS RIT PA 66 - DEEP BLUE;KG;1402,31000310183;13251,81
I.R.T.E. SRL;PF0129070/20X661245;70/2 ELAS RIT PA 66 - POP BLU;KG;711,000001311302;6718,92
I.R.T.E. SRL;PF0129070/20X661246;70/2 ELAS RIT PA 66 - BLU GRAFFITE;KG;457,550002753735;4323,83
I.R.T.E. SRL;PF0129070/20X661247;70/2 ELAS RIT PA 66 - ATLANTICO;KG;465,790001362562;4401,74
I.R.T.E. SRL;PF0129070/20X661249;70/2 ELAS RIT PA 66 - NERO 641 TEZ;KG;1022,1399975419;9659,23
I.R.T.E. SRL;PF0129070/20X661252;70/2 ELAS RIT PA 66 - BIANCO TEZ;KG;244,349998950958;2309,09
I.R.T.E. SRL;PF0129070/20X661256;70/2 ELAS RIT PA 66 - BLU 1811;KG;0,379999995231628;3,59
I.R.T.E. SRL;PF0129070/20X661262;70/2 ELAS RIT PA 66 - BEIGE C;KG;41,9999994039536;396,89
I.R.T.E. SRL;PF0129110DT0/PB1122;110 DTX BIT 75% PES BLACK BIT 25% GRE - GIALLO AFRICA;KG;1,24000000953674;26,04
I.R.T.E. SRL;PF0129110DT0/PB1260;110 DTX BIT 75% PES BLACK BIT 25% GRE - BLU 19-4053 TPX;KG;1,22000002861023;25,62
I.R.T.E. SRL;PF0129110DT0/PB1261;110 DTX BIT 75% PES BLACK BIT 25% GRE - ROSSO 19-1763 TPX;KG;1,22000002861023;25,62
I.R.T.E. SRL;PF0129401850I661227;78/2 MELANGE INTERL - STONE BLU MEL;KG;558,059998631477;8287,22
I.R.T.E. SRL;PF0129401850I661233;78/2 MELANGE INTERL - GRANITE GREY MEL;KG;648,009997725487;9622,96
I.R.T.E. SRL;PF0129402700INY1172;78/2 MELANGE INTERL - GRIGIO MEL. 031 ;KG;4373,50999832153;56199,66
I.R.T.E. SRL;PF0129701780I661237;78/2 MELANGE INTER PA 66 - SHADOW GREY MEL;KG;321,050001144409;4446,54
I.R.T.E. SRL;PF0129701850I661230;70/1 AP TIN + 85/92 GRE INT. PA 66 - GRIGIO MEL. INTI P6;KG;222,959998846054;3087,98
I.R.T.E. SRL;PF0129701TP0ATP1089;78/18 APE PA6 TINTO PASTA - NERO TINTO PASTA;KG;4528,31998538971;27396,3
I.R.T.E. SRL;PF0129701TP0ATP1095;78/18 APE PA6 TINTO PASTA - BIANCO OTTICO TINTO PASTA;KG;508,950002670288;3130,05
I.R.T.E. SRL;PF0129701TT0I661169;78/2 MELANGE INTER PA 66 - BLU MELANGE 1811;KG;845,309998273849;10862,26
I.R.T.E. SRL;PF0129786020LEX1223;78/60/2 QNOVA LEG.INTERL FLEXI GRS 60 PA 66 - BLU 257;KG;116,480000495911;1630,72
I.R.T.E. SRL;PF0129786020LEX1224;78/60/2 QNOVA LEG.INTERL FLEXI GRS 60 PA 66 - BLU PEONY 19-4029;KG;43,9200000762939;614,88
I.R.T.E. SRL;PF0129786020LEX1228;78/60/2 QNOVA LEG.INTERL FLEXI GRS 60 PA 66 - BLU HABOR 18-4728 TCX;KG;21,4099998474121;299,74
I.R.T.E. SRL;PF0129786020LEX1229;78/60/2 QNOVA LEG.INTERL FLEXI GRS 60 PA 66 - ARANCIO CHILI 18-1448 TCX;KG;17,6300001144409;246,82
I.R.T.E. SRL;PF0129786020LEX1231;78/60/2 QNOVA LEG.INTERL FLEXI GRS 60 PA 66 - BIANCO 900;KG;40,5000009536743;567
I.R.T.E. SRL;PF0129786820M661002;78/68/2  RIT 200 GIRI PA 66 - BIANCO;KG;4093,73000538349;57801,63
I.R.T.E. SRL;PF0129786820M661240;78/68/2  RIT 200 GIRI PA 66 - QUIET GREEN 15-6123;KG;0,689999997615814;10,35
I.R.T.E. SRL;PF0129786820M661241;78/68/2  RIT 200 GIRI PA 66 - ROSSO FIESTA 17-1564;KG;73,1499997377396;1024,97
I.R.T.E. SRL;PF0129786820M661242;78/68/2  RIT 200 GIRI PA 66 - GIALLO LEMON 12-0646 TCX;KG;0,759999990463257;11,4
I.R.T.E. SRL;PF0129786820M661250;78/68/2  RIT 200 GIRI PA 66 - GIALLO BANANA;KG;547,249997973442;7661,5
I.R.T.E. SRL;PF0129786820M661267;78/68/2  RIT 200 GIRI PA 66 - NAUTICAL BLU 19-4050 TPX;KG;2,24000000953674;31,36
I.R.T.E. SRL;PF0129786820X661002;78/68/2  RIT PA 66 - BIANCO;KG;361,479999303818;4753,46
I.R.T.E. SRL;PF0129786820X661212;78/68/2  RIT PA 66 - VERDE MINT;KG;37,6300001144409;494,84
I.R.T.E. SRL;PF0129786820X661222;78/68/2  RIT PA 66 - GREEN LIME;KG;67,6200003623962;889,21
I.R.T.E. SRL;PF0129V70/20V661019;70/2 VOLUMINIZZATO INTERL. PA 66 - BLU 8100;KG;1,60000002384186;14,8
I.R.T.E. SRL;PF0129V70/20V661064;70/2 VOLUMINIZZATO INTERL. PA 66 - NERO 0006;KG;1,53999996185303;14,25
I.R.T.E. SRL;PF0129V70/20V661122;70/2 VOLUMINIZZATO INTERL. PA 66 - GIALLO AFRICA;KG;282,530000686646;2613,4
I.R.T.E. SRL;PF0129V70/20V661155;70/2 VOLUMINIZZATO INTERL. PA 66 - NERO 951;KG;409,890000581741;3791,51
I.R.T.E. SRL;PF0129V70/20V661162;70/2 VOLUMINIZZATO INTERL. PA 66 - 18-0201 TCX;KG;67,3299994468689;622,8
I.R.T.E. SRL;PF0129V70/20V661168;70/2 VOLUMINIZZATO INTERL. PA 66 - BLU CIELO 1757/2018;KG;146,760000228882;1357,54
I.R.T.E. SRL;PF0129V70/20V661174;70/2 VOLUMINIZZATO INTERL. PA 66 - DRESS BLUES 19-4024 TCX;KG;36,5899991989136;338,45
I.R.T.E. SRL;PF0129V70/20V661175;70/2 VOLUMINIZZATO INTERL. PA 66 - ROSA 190;KG;35,3000001907349;326,53
I.R.T.E. SRL;PF0129V70/20V661187;70/2 VOLUMINIZZATO INTERL. PA 66 - GIALLO MUSTARD;KG;78,0100002288818;721,58
I.R.T.E. SRL;PF0129V70/20V661188;70/2 VOLUMINIZZATO INTERL. PA 66 - VERDE SEA MOSS;KG;78,0099999308586;721,6
I.R.T.E. SRL;PF0129V70/20V661189;70/2 VOLUMINIZZATO INTERL. PA 66 - BLU POSEIDON;KG;223,180000782013;2064,41
I.R.T.E. SRL;PF0129V70/20V661190;70/2 VOLUMINIZZATO INTERL. PA 66 - BORDO' CORDOVAN;KG;222,890000581741;2061,74
I.R.T.E. SRL;PF0129V70/20V661191;70/2 VOLUMINIZZATO INTERL. PA 66 - VERDE BAYBERRY;KG;18,5600006580353;171,69
I.R.T.E. SRL;PF0129V70/20V661194;70/2 VOLUMINIZZATO INTERL. PA 66 - SILVER 1021;KG;1187,19000256062;10981,52
I.R.T.E. SRL;PF0129V70/20V661195;70/2 VOLUMINIZZATO INTERL. PA 66 - GRIGIO KITTEN;KG;73,8500003814697;683,11
I.R.T.E. SRL;PF0129V70/20V661196;70/2 VOLUMINIZZATO INTERL. PA 66 - BLU OCEAN 4122 P2;KG;142,939999938011;1322,21
I.R.T.E. SRL;PF0129V70/20V661197;70/2 VOLUMINIZZATO INTERL. PA 66 - VIOLA PURPLE 19-2520 TCX;KG;21,289999961853;196,93
I.R.T.E. SRL;PF0129V70/20V661203;70/2 VOLUMINIZZATO INTERL. PA 66 - RED ORANGE 18-1561 TCX;KG;150,930000305176;1396,11
I.R.T.E. SRL;PF0129V70/20V661204;70/2 VOLUMINIZZATO INTERL. PA 66 - RED BERRY 19-1656 TCX;KG;141,370000839233;1307,67
I.R.T.E. SRL;PF0129V70/20V661205;70/2 VOLUMINIZZATO INTERL. PA 66 - VERDE GUACAMOLE 18-0538 TCX;KG;445,10000038147;4117,17
I.R.T.E. SRL;PF0129V70/20V661210;70/2 VOLUMINIZZATO INTERL. PA 66 - PLACID BLUE;KG;70,5999999046326;653,05
I.R.T.E. SRL;PF0129V70/20V661211;70/2 VOLUMINIZZATO INTERL. PA 66 - GRIGIO SEPPIA;KG;13,5799999237061;125,62
I.R.T.E. SRL;PF0129V70/20V661213;70/2 VOLUMINIZZATO INTERL. PA 66 - GRIGIO SCURO TCX 19-4005;KG;74,8800001144409;692,65
I.R.T.E. SRL;PF0129V70/20V661214;70/2 VOLUMINIZZATO INTERL. PA 66 - GRIGIO TCX 18-0000;KG;34,8900003433228;322,74
I.R.T.E. SRL;PF0129V70/20V661215;70/2 VOLUMINIZZATO INTERL. PA 66 - GRIGIO CHIARO TCX 14-4105;KG;21,5999999046326;199,8
I.R.T.E. SRL;PF0129V70/20V661216;70/2 VOLUMINIZZATO INTERL. PA 66 - TRUE BLU TCX 19-4057;KG;22,8999996185303;211,83
I.R.T.E. SRL;PF0129V70/20V661217;70/2 VOLUMINIZZATO INTERL. PA 66 - BEIGE TCX 14-0210;KG;23,0100002288818;212,85
I.R.T.E. SRL;PF0129V70/20V661218;70/2 VOLUMINIZZATO INTERL. PA 66 - VERDE FORESTA TCX 19-0315;KG;34,0100002288818;314,6
I.R.T.E. SRL;PF0129V70/20V661219;70/2 VOLUMINIZZATO INTERL. PA 66 - VERDE SCURO TCX 19-0415;KG;212,710000514984;1967,56
I.R.T.E. SRL;PF0129V70/20V661220;70/2 VOLUMINIZZATO INTERL. PA 66 - BLU AQUATIC;KG;437,039999008179;4042,6
I.R.T.E. SRL;PF0129V70/20V661221;70/2 VOLUMINIZZATO INTERL. PA 66 - VERDE SCARABEO;KG;536,590001344681;4963,49
I.R.T.E. SRL;PF0129V70/20V661224;70/2 VOLUMINIZZATO INTERL. PA 66 - NAVY PEONY;KG;284,919998645782;2635,52
I.R.T.E. SRL;PF0129V70/20V661225;70/2 VOLUMINIZZATO INTERL. PA 66 - BLU LEGION;KG;212,389999628067;1964,61
I.R.T.E. SRL;PF0129V70/20V661229;70/2 VOLUMINIZZATO INTERL. PA 66 - ARANCIO CHILI 18-1448 TCX;KG;72,5999985933304;671,55
I.R.T.E. SRL;PF0129V70/20V661234;70/2 VOLUMINIZZATO INTERL. PA 66 - BLU VELVET TPX 19-4034;KG;1,26999998092651;11,75
I.R.T.E. SRL;PF0129V70/20V661235;70/2 VOLUMINIZZATO INTERL. PA 66 - NERO 951/2020;KG;147,550000309944;1364,85
I.R.T.E. SRL;PF0129V70/20V661236;70/2 VOLUMINIZZATO INTERL. PA 66 - BLU OXFORD;KG;371,480000078678;3436,21
I.R.T.E. SRL;PF0129V70/20V661238;70/2 VOLUMINIZZATO INTERL. PA 66 - ACQUA TPX 16-4725;KG;0,790000021457672;7,31
I.R.T.E. SRL;PF0129V70/20V661239;70/2 VOLUMINIZZATO INTERL. PA 66 - BLU MIKONOS TPX 18-4434;KG;0,730000019073486;6,75
I.R.T.E. SRL;PF0129V70/20V661242;70/2 VOLUMINIZZATO INTERL. PA 66 - GIALLO LEMON 12-0646 TCX;KG;0,829999983310699;7,68
I.R.T.E. SRL;PF0129V70/20V661243;70/2 VOLUMINIZZATO INTERL. PA 66 - DEEP BLUE;KG;4606,59999674559;42611,23
I.R.T.E. SRL;PF0129V70/20V661244;70/2 VOLUMINIZZATO INTERL. PA 66 - FROST GREY;KG;76,9200005531311;711,52
I.R.T.E. SRL;PF0129V70/20V661248;70/2 VOLUMINIZZATO INTERL. PA 66 - BLU ADMIRAL;KG;28,1400001049042;260,3
I.R.T.E. SRL;PF0129V70/20V661251;70/2 VOLUMINIZZATO INTERL. PA 66 - BLU 19-4028 TCX;KG;143,869999825954;1330,81
I.R.T.E. SRL;PF0129V70/20V661255;70/2 VOLUMINIZZATO INTERL. PA 66 - BARK 16-1506 TCX;KG;1,75999999046326;16,28
I.R.T.E. SRL;PF0129V70/20V661259;70/2 VOLUMINIZZATO INTERL. PA 66 - LUNAR ROCK 14-4201 TPX;KG;1,17999994754791;10,92
I.R.T.E. SRL;PR01290001;;;0;602,36
I.R.T.E. SRL;PR01290007;;;0;16,8
VARTES SRL;;;;;
VARTES SRL;PF0137100/20X661019;100/2 ELAS RIT PA 66 - COD. 230;KG;13,2700002193451;175,16
VARTES SRL;PF0137100/20XEX1019;100/2 ELAS RIT FLEXI PA 66 - COD. 230;KG;19,1000003814697;252,12
VARTES SRL;PF0137100/20XEX1020;100/2 ELAS RIT FLEXI PA 66 - BLU 858 A CAMPIONE;KG;20,7200002670288;273,5
VARTES SRL;PF0137100/20XEX1024;100/2 ELAS RIT FLEXI PA 66 - COD. 1333 BLU;KG;20,0999994277954;265,32
VARTES SRL;PF0137100/20XEX1025;100/2 ELAS RIT FLEXI PA 66 - COD. 816;KG;19,9399995803833;263,21
VARTES SRL;PF0137100/20XEX1026;100/2 ELAS RIT FLEXI PA 66 - COD. 3031;KG;41,0499992370605;541,86
VARTES SRL;PF0137100/20XEX1028;100/2 ELAS RIT FLEXI PA 66 - COD. 936;KG;19,9600005149841;263,47
VARTES SRL;PF0137442IN0IEX1003;44/34/2 INNERGY INT. FLEXI PA 66 - NERO;KG;8,27000045776367;186,08
VARTES SRL;PF0137442IN0IEX1027;44/34/2 INNERGY INT. FLEXI PA 66 - NERO;KG;254,389998912811;5723,83
VARTES SRL;PF01377862I0IEX1027;78/68/2 INNERGY INT. FLEXI PA 66 - NERO;KG;2,01999998092651;42,42
SAFTE S.R.L.;;;KG;111;-1110
SAFTE S.R.L.;;;;0;0
SAFTE S.R.L.;PF0148070/20XEX1000;70/2 ELAS RIT FLEXI PA 66 - BIANCO;KG;1923,97000253201;19239,7
SAFTE S.R.L.;PF0148070/20XEX1001;70/2 ELAS RIT FLEXI PA 66 - NUDO;KG;126,859998464584;1268,6
SAFTE S.R.L.;PF0148070/20XEX1002;70/2 ELAS RIT FLEXI PA 66 - NOCE;KG;149,539999961853;1268,46
SAFTE S.R.L.;PF0148070/20XEX1003;70/2 ELAS RIT FLEXI PA 66 - GRIGIO 1002;KG;893,480003118515;8744,33
GIRARDI SRL;;;;;
GIRARDI SRL;PF0155100/20XEX1008;100/2 ELAS RIT FLEXI PA 66 - NERO;KG;56,3100004196167;591,26
EMMETEX ITALIA SNC DI MARMO N. & C.;;;;;
EMMETEX ITALIA SNC DI MARMO N. & C.;PF0166070/20IP61014;70/2 ELAS INT. PA 6 - NAVY E 12;KG;53,7700004577637;403,29
EMMETEX ITALIA SNC DI MARMO N. & C.;PF0166070/20IP61087;70/2 ELAS INT. PA 6 - BLUE GIORGINO;KG;221,029999494553;1657,75
EMMETEX ITALIA SNC DI MARMO N. & C.;PF0166070/20IP61094;70/2 ELAS INT. PA 6 - ARANCIO FLUO E 100;KG;25,1300001144409;188,48
EMMETEX ITALIA SNC DI MARMO N. & C.;PF0166070/20IP61095;70/2 ELAS INT. PA 6 - E 18 TURCHESE;KG;22,2299996614456;166,73
EMMETEX ITALIA SNC DI MARMO N. & C.;PF0166070/20XP61014;70/2 ELAS RIT PA 6 - NAVY E 12;KG;571,009996294975;4796,47
EMMETEX ITALIA SNC DI MARMO N. & C.;PF0166070/20XP61022;70/2 ELAS RIT PA 6 - E 60 RUBINO N;KG;172,709998369217;1450,77
EMMETEX ITALIA SNC DI MARMO N. & C.;PF0166070/20XP61023;70/2 ELAS RIT PA 6 - VERDE SALVIA CAMPIONE;KG;29,9600005149841;251,67
EMMETEX ITALIA SNC DI MARMO N. & C.;PF0166070/20XP61026;70/2 ELAS RIT PA 6 - GIALLO FLUO E 99;KG;160,429999351501;1347,62
EMMETEX ITALIA SNC DI MARMO N. & C.;PF0166070/20XP61041;70/2 ELAS RIT PA 6 - E 65 BURRASCA;KG;23,6099996566772;198,32
EMMETEX ITALIA SNC DI MARMO N. & C.;PF0166070/20XP61049;70/2 ELAS RIT PA 6 - E 80 CHERRY;KG;13,8900003433228;116,68
EMMETEX ITALIA SNC DI MARMO N. & C.;PF0166070/20XP61051;70/2 ELAS RIT PA 6 - CICLAMINO E 53;KG;78,7400007247925;661,41
EMMETEX ITALIA SNC DI MARMO N. & C.;PF0166070/20XP61052;70/2 ELAS RIT PA 6 - BLUE PATRIOT;KG;365,049999237061;2970,14
EMMETEX ITALIA SNC DI MARMO N. & C.;PF0166070/20XP61053;70/2 ELAS RIT PA 6 - BLEU E 11;KG;133,930000543594;1125,02
EMMETEX ITALIA SNC DI MARMO N. & C.;PF0166070/20XP61055;70/2 ELAS RIT PA 6 - E 63 ACCIAIO;KG;100,879999160767;847,4
EMMETEX ITALIA SNC DI MARMO N. & C.;PF0166070/20XP61058;70/2 ELAS RIT PA 6 - E 66 ROYAL;KG;195,880001306534;1645,38
EMMETEX ITALIA SNC DI MARMO N. & C.;PF0166070/20XP61065;70/2 ELAS RIT PA 6 - E 13 INDACO;KG;198,340001821518;1666,07
EMMETEX ITALIA SNC DI MARMO N. & C.;PF0166070/20XP61066;70/2 ELAS RIT PA 6 - E 33 ROSSO;KG;30,8199996948242;258,89
EMMETEX ITALIA SNC DI MARMO N. & C.;PF0166070/20XP61069;70/2 ELAS RIT PA 6 - E 20 COBALTO;KG;124,079998791218;1042,28
EMMETEX ITALIA SNC DI MARMO N. & C.;PF0166070/20XP61073;70/2 ELAS RIT PA 6 - E 19 BLUETTE;KG;57,1100015640259;479,74
EMMETEX ITALIA SNC DI MARMO N. & C.;PF0166070/20XP61074;70/2 ELAS RIT PA 6 - ROSSO ERMAN;KG;20,0100002288818;168,09
EMMETEX ITALIA SNC DI MARMO N. & C.;PF0166070/20XP61077;70/2 ELAS RIT PA 6 - E 55 ERBA;KG;38,940000295639;327,09
EMMETEX ITALIA SNC DI MARMO N. & C.;PF0166070/20XP61084;70/2 ELAS RIT PA 6 - VERDE FLUO E 98;KG;135,649999380112;1139,45
EMMETEX ITALIA SNC DI MARMO N. & C.;PF0166070/20XP61085;70/2 ELAS RIT PA 6 - FUXIA FLUO TECNOYARN;KG;177;1486,78
EMMETEX ITALIA SNC DI MARMO N. & C.;PF0166070/20XP61087;70/2 ELAS RIT PA 6 - BLUE GIORGINO;KG;100,509997844696;844,28
EMMETEX ITALIA SNC DI MARMO N. & C.;PF0166070/20XP61092;70/2 ELAS RIT PA 6 - E 35 ARANCIO;KG;101,220000743866;850,26
EMMETEX ITALIA SNC DI MARMO N. & C.;PF0166070/20XP61094;70/2 ELAS RIT PA 6 - ARANCIO FLUO E 100;KG;81,170000910759;681,84
EMMETEX ITALIA SNC DI MARMO N. & C.;PF0166070/20XP61095;70/2 ELAS RIT PA 6 - E 18 TURCHESE;KG;57,1099996566772;479,72
EMMETEX ITALIA SNC DI MARMO N. & C.;PF0166070/20XP61096;70/2 ELAS RIT PA 6 - MARGHERITA E 52;KG;59,5900001525879;500,55
EMMETEX ITALIA SNC DI MARMO N. & C.;PF0166070/20XP61097;70/2 ELAS RIT PA 6 - E 93 ELEFANTE;KG;18,7399997711182;157,42
EMMETEX ITALIA SNC DI MARMO N. & C.;PF0166070/20XP61098;70/2 ELAS RIT PA 6 - VINO E 32;KG;27,7700004577637;233,27
EMMETEX ITALIA SNC DI MARMO N. & C.;PF0166070/20XP61099;70/2 ELAS RIT PA 6 - E 44 PRATO;KG;53,7899990081787;451,84
EMMETEX ITALIA SNC DI MARMO N. & C.;PF0166070/20XP61100;70/2 ELAS RIT PA 6 - BORDO' A CAMPIONE;KG;38,6700005531311;324,83
EMMETEX ITALIA SNC DI MARMO N. & C.;PF0166701TT0I661068;78/2 MELANGE INTERLACCIATO PA 66 - MELANGE ERMAN;KG;38,3500008583069;421,85
DAVIDE RICUPERATI S.N.C.;;;;;
DAVIDE RICUPERATI S.N.C.;PF0173100/20X661001;100/2 ELAS RIT PA 66 - NERO;KG;91,5599994659424;961,38
DAVIDE RICUPERATI S.N.C.;PF0173100/20X661003;100/2 ELAS RIT PA 66 - GRIGIO CENERE;KG;22,1800003051758;232,9
DAVIDE RICUPERATI S.N.C.;PF0173100/20X661004;100/2 ELAS RIT PA 66 - ROSSO/CORALLO;KG;22,4299993515015;235,52
DAVIDE RICUPERATI S.N.C.;PF0173100/20X661005;100/2 ELAS RIT PA 66 - BLU/ROYAL;KG;22,6700000762939;238,04
DAVIDE RICUPERATI S.N.C.;PF0173100/20XEX1006;100/2 ELAS RIT FLEXI PA 66 - VERDE LIME FLUO;KG;21,1300005912781;221,87
DAVIDE RICUPERATI S.N.C.;PF0173100/20XEX1008;100/2 ELAS RIT FLEXI PA 66 - ARANCIO FLUO;KG;20,7699995040894;218,09
DAVIDE RICUPERATI S.N.C.;PF0173100/20XEX1009;100/2 ELAS RIT FLEXI PA 66 - ROSA FLUO;KG;20,9800000190735;220,29
DAVIDE RICUPERATI S.N.C.;PR01730006;;;0;31,45
MARA DI RIVABEN LUCA & C. S.N.C.;;;;;
MARA DI RIVABEN LUCA & C. S.N.C.;PF0176070/20X661000;70/2 ELAS RIT PA 66 - BEIGE 989;KG;121,599998950958;1222,07
MARA DI RIVABEN LUCA & C. S.N.C.;PF0176070/20X661003;70/2 ELAS RIT PA 66 - GREGGIO;KG;34,5299997329712;241,71
CATEX SRL;;;KG;370,369995117188;-4441,45
CATEX SRL;;;;0;0
CATEX SRL;PF0180070/20X661123;70/2 ELAS RIT PA 66 - GIALLO FLUO E 99;KG;22,1499999165535;214,86
CATEX SRL;PF0180781EC0I661034;78/68/1 EL ECOCARE FLEXY INT. PA 66 - 13125 ANTRACITE;KG;28,8899993896484;447,8
CATEX SRL;PF0180782EC0I661034;78/68/2 EL ECOCARE INT. PA 66 - 13125 ANTRACITE;KG;27,5599994659424;385,84
CATEX SRL;PF0180786810A661069;78/68/1 ELAS APE PA 66 - 13200 PRATO FLUO;KG;20,6800003051758;279,18
CATEX SRL;PF0180786810A661070;78/68/1 ELAS APE PA 66 - 13199 ROSA FLUO;KG;39,6500005722046;535,28
CATEX SRL;PF0180786810A661087;78/68/1 ELAS APE PA 66 - 13100 GREZZO;KG;21,0300006866455;283,91
CATEX SRL;PF0180786810A661121;78/68/1 ELAS APE PA 66 - 13235 OCEANO;KG;79,0799999237061;1067,6
CATEX SRL;PF0180786820X661008;78/68/2  RIT PA 66 - BIANCO;KG;153,819999694824;1845,84
CATEX SRL;PF0180786820X661014;78/68/2  RIT PA 66 - 13138 NOTTE;KG;26,1599998474121;313,92
CATEX SRL;PF0180786820X661018;78/68/2  RIT PA 66 - 13126 FUMO;KG;102,159997463226;1225,92
CATEX SRL;PF0180786820X661019;78/68/2  RIT PA 66 - 13174 BLU;KG;46,529999256134;558,36
CATEX SRL;PF0180786820X661022;78/68/2  RIT PA 66 - 13129 NERO;KG;4017,1799929738;48058,65
CATEX SRL;PF0180786820X661026;78/68/2  RIT PA 66 - 13103 CREMA;KG;18,8000001907349;225,6
CATEX SRL;PF0180786820X661033;78/68/2  RIT PA 66 - 13122 ARGENTO;KG;43,8399999141693;526,08
CATEX SRL;PF0180786820X661037;78/68/2  RIT PA 66 - 13136 LONDON;KG;28,5100002288818;342,12
CATEX SRL;PF0180786820X661038;78/68/2  RIT PA 66 - 13137 BORA;KG;25,6899995803833;308,28
CATEX SRL;PF0180786820X661039;78/68/2  RIT PA 66 - 13141 ARANCIO;KG;28,0899991989136;337,08
CATEX SRL;PF0180786820X661040;78/68/2  RIT PA 66 - 13142 ROSSO VIVO;KG;106,460000038147;1277,52
CATEX SRL;PF0180786820X661042;78/68/2  RIT PA 66 - 13146 GRANATA;KG;31,3799991607666;376,56
CATEX SRL;PF0180786820X661051;78/68/2  RIT PA 66 - 13171 MUSCHIO;KG;29,4499998092651;353,4
CATEX SRL;PF0180786820X661052;78/68/2  RIT PA 66 - 13172 SOTTOBOSCO;KG;163,380001068115;1960,56
CATEX SRL;PF0180786820X661053;78/68/2  RIT PA 66 - 13177 SOLE;KG;30,0999999046326;361,2
CATEX SRL;PF0180786820X661061;78/68/2  RIT PA 66 - 13193 PETALO;KG;80,5899993181229;950,97
CATEX SRL;PF0180786820X661063;78/68/2  RIT PA 66 - 13101 BIANCO;KG;397,21999835968;4687,22
CATEX SRL;PF0180786820X661065;78/68/2  RIT PA 66 - 13196 CIOCCOLATA;KG;1923,0300001502;23026,72
CATEX SRL;PF0180786820X661071;78/68/2  RIT PA 66 - 13178 GIALLO FLUO;KG;16,4099998474121;196,92
CATEX SRL;PF0180786820X661087;78/68/2  RIT PA 66 - 13100 GREZZO;KG;53,1700000762939;627,41
CATEX SRL;PF0180786820X661093;78/68/2  RIT PA 66 - 13186 SENAPE;KG;27,4800004959106;329,76
CATEX SRL;PF0180786820X661094;78/68/2  RIT PA 66 - 13127 CANNA DI FUCILE;KG;44,8099999427795;528,75
CATEX SRL;PF0180786820X661095;78/68/2  RIT PA 66 - 13124 ASFALTO;KG;54,2699995040894;651,24
CATEX SRL;PF0180786820X661116;78/68/2  RIT PA 66 - 13112 PERNICE;KG;154,619997501373;1855,44
CATEX SRL;PF0180786820X661121;78/68/2  RIT PA 66 - 13235 OCEANO;KG;231,520002365112;2778,24
CATEX SRL;PF0180786820X661122;78/68/2  RIT PA 66 - 13234 MANDARANCIO;KG;20,4900002479553;245,88
CATEX SRL;PR01800006;;;0;60,54
RADICI YARN SPA;;;;;
RADICI YARN SPA;PF0306786820IM61002;78/68/2  INT. MICRO FLEXY PA 6 - F09B BORDEAUX;KG;13,8500003814697;72,02
RADICI YARN SPA;PF0306786820IM61003;78/68/2  INT. MICRO FLEXY PA 6 - G24A GREEN;KG;15,2799997329712;79,46
RADICI YARN SPA;PF0306786820IMP1004;78/68/2 ELAS INTER. MICRO PA 6 - DKT-D09A RED;KG;1,00999999046326;50
TRERE' INNOVATION S.R.L.;;;KG;1336,06002807617;-284,76
TRERE' INNOVATION S.R.L.;;;NR;;8,2
TRERE' INNOVATION S.R.L.;;;;0;0
TRERE' INNOVATION S.R.L.;PF0309030/204661114;30/2 ELAS CUC PA 66 - LIME PUNCH FLUO 13-0550;KG;7,44999998807907;121,07
TRERE' INNOVATION S.R.L.;PF0309040/20XEX1114;40/2 ELAS RIT FLEXI PA 66 - LIME PUNCH FLUO 13-0550;KG;15,9099998474121;168,65
TRERE' INNOVATION S.R.L.;PF0309070/20XFL1035;70/2 ELAS RIT FLEXY PA 6 - DIVA BLUE;KG;41,6700000762939;343,78
TRERE' INNOVATION S.R.L.;PF0309070/20XFL1083;70/2 ELAS RIT FLEXY PA 6 - FIERY RED 18-1664;KG;24,3599996566772;200,98
TRERE' INNOVATION S.R.L.;PF0309070/20XFL1085;70/2 ELAS RIT FLEXY PA 6 - SULPHUR SPRING 13-0650;KG;31,5900000333786;260,62
TRERE' INNOVATION S.R.L.;PF0309070/20XFL1099;70/2 ELAS RIT FLEXY PA 6 - MAZARINE BLUE 19-3864;KG;1,75999999046326;14,52
TRERE' INNOVATION S.R.L.;PF0309070/20XFL1114;70/2 ELAS RIT FLEXY PA 6 - LIME PUNCH FLUO 13-0550;KG;82,3499984741211;721,71
TRERE' INNOVATION S.R.L.;PF0309070/20XFL1126;70/2 ELAS RIT FLEXY PA 6 - BOMBAY BROWN 18-1250 TPX;KG;20,6099991798401;170,04
TRERE' INNOVATION S.R.L.;PF0309070/20XFL1131;70/2 ELAS RIT FLEXY PA 6 - SHOCKING ORANGE FLUO 15-1360 TN;KG;0,730000019073486;6,02
TRERE' INNOVATION S.R.L.;PF0309070/20XFL1132;70/2 ELAS RIT FLEXY PA 6 - ACID LIME 14-0340 TCX;KG;0,810000002384186;6,68
TRERE' INNOVATION S.R.L.;PF0309070/20XFL1133;70/2 ELAS RIT FLEXY PA 6 - CIPRESSO 2020;KG;0,920000016689301;7,59
TRERE' INNOVATION S.R.L.;PF0309070/20XFL1134;70/2 ELAS RIT FLEXY PA 6 - PAVONE 533;KG;0,790000021457672;6,52
TRERE' INNOVATION S.R.L.;PF0309070/20XFL1136;70/2 ELAS RIT FLEXY PA 6 - WINE 5663;KG;0,689999997615814;5,69
TRERE' INNOVATION S.R.L.;PF0309070/20XFL1137;70/2 ELAS RIT FLEXY PA 6 - ALGERIS BLUE 17-4728;KG;37,7100005149841;311,11
TRERE' INNOVATION S.R.L.;PF0309070/30XFL1008;70/3 ELAS RIT FLEXY PA 6 - BIANCO;KG;67,5700001716614;557,47
TRERE' INNOVATION S.R.L.;PF0309070/30XFL1024;70/3 ELAS RIT FLEXY PA 6 - GIALLO 2030;KG;37,5699996948242;309,96
TRERE' INNOVATION S.R.L.;PF0309070/30XFL1035;70/3 ELAS RIT FLEXY PA 6 - DIVA BLUE;KG;77,9600014686584;643,18
TRERE' INNOVATION S.R.L.;PF0309070/30XFL1043;70/3 ELAS RIT FLEXY PA 6 - CORAL FLUO 15-1456;KG;160,950000762939;1327,84
TRERE' INNOVATION S.R.L.;PF0309070/30XFL1047;70/3 ELAS RIT FLEXY PA 6 - GERANIUM 17-1753;KG;116,570000171661;1060,78
TRERE' INNOVATION S.R.L.;PF0309070/30XFL1083;70/3 ELAS RIT FLEXY PA 6 - FIERY RED 18-1664;KG;98,8800001144409;815,77
TRERE' INNOVATION S.R.L.;PF0309070/30XFL1122;70/3 ELAS RIT FLEXY PA 6 - CASTLEROCK 18-0201;KG;0,910000026226044;7,51
TRERE' INNOVATION S.R.L.;PF0309070/30XFL1123;70/3 ELAS RIT FLEXY PA 6 - FLUO BORGINI RED;KG;148,300001144409;1223,49
TRERE' INNOVATION S.R.L.;PF0309070/30XFL1125;70/3 ELAS RIT FLEXY PA 6 - CARBON;KG;1225,90000283718;10113,76
TRERE' INNOVATION S.R.L.;PF0309070/30XFL1128;70/3 ELAS RIT FLEXY PA 6 - GREY RABBIT;KG;0,129999995231628;1,07
TRERE' INNOVATION S.R.L.;PF0309070/30XFL1133;70/3 ELAS RIT FLEXY PA 6 - CIPRESSO 2020;KG;0,790000021457672;6,52
TRERE' INNOVATION S.R.L.;PF0309070/30XFL1134;70/3 ELAS RIT FLEXY PA 6 - PAVONE 533;KG;0,689999997615814;5,69
TRERE' INNOVATION S.R.L.;PF0309070/30XFL1137;70/3 ELAS RIT FLEXY PA 6 - ALGERIS BLUE 17-4728;KG;35,2299995422363;290,64
TRERE' INNOVATION S.R.L.;PF0309070/40XFL1008;70/4 ELAS RIT FLEXY PA 6 - BIANCO;KG;42,3899993896484;402,72
TRERE' INNOVATION S.R.L.;PF0309070/40XFL1020;70/4 ELAS RIT FLEXY PA 6 - MEDIUM GREY 3003;KG;73,1800003051758;695,22
TRERE' INNOVATION S.R.L.;PF0309070/40XFL1047;70/4 ELAS RIT FLEXY PA 6 - GERANIUM 17-1753;KG;173,789999008179;1651,06
TRERE' INNOVATION S.R.L.;PF0309070/40XFL1123;70/4 ELAS RIT FLEXY PA 6 - FLUO BORGINI RED;KG;1070,43999958038;10169,35
TRERE' INNOVATION S.R.L.;PF0309070/40XFL1124;70/4 ELAS RIT FLEXY PA 6 - YELLOW FLUO DARK (12H);KG;381,020001888275;3619,76
TRERE' INNOVATION S.R.L.;PF0309070/40XFL1129;70/4 ELAS RIT FLEXY PA 6 - NIGHT BLUE 111;KG;666,839999079704;6335,08
TRERE' INNOVATION S.R.L.;PF0309070/40XFL1130;70/4 ELAS RIT FLEXY PA 6 - RED 133;KG;149,889998912811;1423,99
TRERE' INNOVATION S.R.L.;PF0309070/40XFL1135;70/4 ELAS RIT FLEXY PA 6 - BLACK 1008;KG;126,839999914169;1205
TRERE' INNOVATION S.R.L.;PF0309786820IEX1127;78/68/2 ELAS INTER. FLEXI PA 66 - NEON RED FLUO;KG;26,4099998474121;323,52
TRERE' INNOVATION S.R.L.;PR03090006;;;0;1934,21
NYFIL S.R.L.;;;;;
NYFIL S.R.L.;PF0327040/20XEX1000;40/2 ELAS RIT FLEXI PA 66 - NERO;KG;32,5299997329712;341,57
NYFIL S.R.L.;PF0327040/20XEX1372;40/2 ELAS RIT FLEXI PA 66 - BLU NOTTE 111;KG;38,2299995422363;401,42
NYFIL S.R.L.;PF0327070/20X661000;70/2 ELAS RIT PA 66 - NERO;KG;13,7700004577637;121,18
NYFIL S.R.L.;PF0327070/20X661279;70/2 ELAS RIT PA 66 - GREGGIO;KG;757,289998292923;4543,74
CAGE s.a.s. di De Biase Alessia & C.;;;;;
CAGE s.a.s. di De Biase Alessia & C.;PF0334070/10A661000;70/1 ELAS APE PA 66 - GREGGIO;KG;39,9499998092651;279,65
CAGE s.a.s. di De Biase Alessia & C.;PF0334070/20X661000;70/2 ELAS RIT PA 66 - GREGGIO;KG;22,5799999237061;158,06
CAGE s.a.s. di De Biase Alessia & C.;PF0334070/30XFL1001;70/3 ELAS RIT FLEXY PA 6 - BLU SCURO;KG;36,9499998092651;351,03
NASTROTEX CUFRA SPA;;;KG;268,080001831055;-2448,83
NASTROTEX CUFRA SPA;;;;0;0
NASTROTEX CUFRA SPA;PF0336070/20IP61007;70/2 ELAS INT. PA 6 - 500 BLU;KG;199,700001716614;1637,53
NASTROTEX CUFRA SPA;PF0336070/20IP61058;70/2 ELAS INT. PA 6 - GRIGIO SCURO 929;KG;150,589998483658;1234,83
NASTROTEX CUFRA SPA;PF0336070/20X661062;70/2 ELAS RITORTO SUPERSOFT PA 66 - 997 NERO;KG;90,6800003051758;906,8
NASTROTEX CUFRA SPA;PF0336070/20XP61007;70/2 ELAS RIT PA 6 - 500 BLU;KG;191,069997787476;1662,32
NASTROTEX CUFRA SPA;PF0336070/20XP61015;70/2 ELAS RIT PA 6 - 806 ROSSO;KG;1114,91999697685;9699,82
NASTROTEX CUFRA SPA;PF0336070/20XP61023;70/2 ELAS RIT PA 6 - 719 GRIGIO;KG;190,930000305176;1661,11
NASTROTEX CUFRA SPA;PF0336070/20XP61052;70/2 ELAS RIT PA 6 - 902 FOX ARANCIO FLUO;KG;193,060002326965;1679,63
NASTROTEX CUFRA SPA;PF0336070/20XP61059;70/2 ELAS RIT PA 6 - COL. 1020;KG;51,6800003051758;449,62
NASTROTEX CUFRA SPA;PF0336070/20XP61060;70/2 ELAS RIT PA 6 - 367 VERDE;KG;187,779996871948;1633,7
NASTROTEX CUFRA SPA;PF0336402700INY1065;78/2 MELANGE INTER PA 66 - GRIGIO MELANGE 031;KG;2,01999998092651;26,26
NASTROTEX CUFRA SPA;PF03364434S0IEP1061;44/34/2 ELAS INTER. PA EVO FLEXY - 997 NERO;KG;51,0300002098083;357,21
NASTROTEX CUFRA SPA;PF0336701TT0I661066;78/2 MELANGE INTER PA 66 - GRAFITE MELANGE A CAMP;KG;2,01999998092651;26,26
NASTROTEX CUFRA SPA;PF0336V70/20V661063;70/2 VOLUMINIZZATO INTERL. PA 66 - NERO;KG;71,8600010871887;718,6
NASTROTEX CUFRA SPA;PR03360001;;;0;123,54
NASTROTEX CUFRA SPA;PR03360006;;;0;193,06
CALZIFICIO PEZZINI SRL;;;;;
CALZIFICIO PEZZINI SRL;PF0341030/20X661019;30/2 ELAS RIT PA 66 - AVIO V 150;KG;21,1399998664856;343,53
CALZIFICIO PEZZINI SRL;PF0341030/20X661030;30/2 ELAS RIT PA 66 - CAMELIA;KG;19,9199995994568;323,7
CALZIFICIO PEZZINI SRL;PF0341030/20X661044;30/2 ELAS RIT PA 66 - MALAGA 17-1723;KG;2,85000002384186;46,31
CALZIFICIO PEZZINI SRL;PF0341040/20XEX1020;40/2 ELAS RIT FLEXI PA 66 - GREGGIO TINTO;KG;104,649998664856;1109,29
CALZIFICIO PEZZINI SRL;PF0341040/20XEX1040;40/2 ELAS RIT FLEXI PA 66 - E 61 ARGENTO;KG;20,9700002670288;222,28
CALZIFICIO PEZZINI SRL;PF0341040/20XEX1041;40/2 ELAS RIT FLEXI PA 66 - RASPBERRY 19-2432 TCX;KG;21,3299999237061;226,1
CALZIFICIO PEZZINI SRL;PF0341040/20XEX1044;40/2 ELAS RIT FLEXI PA 66 - MALAGA 17-1723;KG;19,3400001525879;205,01
CALZIFICIO PEZZINI SRL;PF0341040/20XFL1000;40/2 ELAS RIT FLEXY PA 6 - E03 NERO;KG;462,819998860359;4396,9
CALZIFICIO PEZZINI SRL;PF0341040/20XFL1003;40/2 ELAS RIT FLEXY PA 6 - E01 BIANCO;KG;319,610000491142;3036,35
CALZIFICIO PEZZINI SRL;PF0341040/20XFL1006;40/2 ELAS RIT FLEXY PA 6 - E 63 GRIGIO;KG;75,9099998474121;721,15
CALZIFICIO PEZZINI SRL;PF0341040/20XFL1020;40/2 ELAS RIT FLEXY PA 6 - GREGGIO TINTO;KG;174,519998073578;1658
CALZIFICIO PEZZINI SRL;PF0341070/20XFL1025;70/2 ELAS RIT FLEXY PA 6 - RODODENDRUM;KG;20,300000667572;192,85
CALZIFICIO PEZZINI SRL;PF0341070/20XFL1037;70/2 ELAS RIT FLEXY PA 6 - LILAS CLAIR/2020;KG;33,7999999523163;321,11
CALZIFICIO PEZZINI SRL;PF0341070/20XFL1038;70/2 ELAS RIT FLEXY PA 6 - CICLAMINO/2020;KG;20,5500004291534;195,23
CALZIFICIO PEZZINI SRL;PF0341070/20XFL1039;70/2 ELAS RIT FLEXY PA 6 - E 11 BLEU;KG;38,5599989891052;366,32
CALZIFICIO PEZZINI SRL;PF0341070/20XFL1040;70/2 ELAS RIT FLEXY PA 6 - E 61 ARGENTO;KG;41,8200006484985;397,3
CALZIFICIO PEZZINI SRL;PF0341070/20XFL1041;70/2 ELAS RIT FLEXY PA 6 - RASPBERRY 19-2432 TCX;KG;70,0100002288818;665,1
CALZIFICIO PEZZINI SRL;PF0341070/20XFL1042;70/2 ELAS RIT FLEXY PA 6 - E 48 CONFETTO;KG;38,4700002670288;365,47
CALZIFICIO PEZZINI SRL;PF0341070/20XFL1043;70/2 ELAS RIT FLEXY PA 6 - E 34 FIAMMA;KG;40,6900005340576;386,56
CALZIFICIO PEZZINI SRL;PF0341070/20XFL1044;70/2 ELAS RIT FLEXY PA 6 - MALAGA 17-1723;KG;75,4700000286102;716,98
CALZIFICIO PEZZINI SRL;PF0341070/20XFL1045;70/2 ELAS RIT FLEXY PA 6 - AQUA HAZE 15-5209 TCX;KG;42,8799991607666;407,37
CALZIFICIO PEZZINI SRL;PF0341070/20XFL1046;70/2 ELAS RIT FLEXY PA 6 - MAGENTA E817;KG;240,6000020504;2285,75
CALZIFICIO PEZZINI SRL;PR03410006;;;0;120,31
(NON USARE) - REAL KNITTING DOO;;;NR;;0
(NON USARE) - REAL KNITTING DOO;;;;;
(NON USARE) - REAL KNITTING DOO;PF0345060/20X661000;60/2 ELAS RIT PA 66 - GREGGIO;KG;1492,87000417709;12092,33
CALZE HORUS di Paiano Quintino;;;;;
CALZE HORUS di Paiano Quintino;PF0349040/20XEX1000;40/2 ELAS RIT FLEXI PA 66 - BLU MIDNIGHT 87298/111;KG;73,3900008201599;777,94
CALZE HORUS di Paiano Quintino;PF0349040/20XEX1001;40/2 ELAS RIT FLEXI PA 66 - ANTRACITE 86260/104;KG;34,6600008010864;367,4
CALZE HORUS di Paiano Quintino;PF0349040/20XEX1002;40/2 ELAS RIT FLEXI PA 66 - NERO;KG;77,3600006103516;820
CALZIFICIO ANSON SNC di Verardi Vito, Anna e Sonia;;;KG;15,6999998092651;-133,45
CALZIFICIO ANSON SNC di Verardi Vito, Anna e Sonia;;;;0;0
CALZIFICIO ANSON SNC di Verardi Vito, Anna e Sonia;PF0352030/20X661021;30/2 ELAS RIT PA 66 - DARK NAVY 19-4010 TCX;KG;0,709999978542328;11,54
CALZIFICIO ANSON SNC di Verardi Vito, Anna e Sonia;PF0352030/20X661022;30/2 ELAS RIT PA 66 - PHANTOM 19-4205 TCX;KG;0,680000007152557;11,05
CALZIFICIO ANSON SNC di Verardi Vito, Anna e Sonia;PF0352030/20X661023;30/2 ELAS RIT PA 66 - ROSSO 18-1664 TCX;KG;0,560000002384186;9,1
CALZIFICIO ANSON SNC di Verardi Vito, Anna e Sonia;PF0352070/20XFL1002;70/2 ELAS RIT FLEXY PA 6 - CANDIDO;KG;178,769999980927;1519,58
CALZIFICIO ANSON SNC di Verardi Vito, Anna e Sonia;PF0352070/20XFL1021;70/2 ELAS RIT FLEXY PA 6 - DARK NAVY 19-4010 TCX;KG;174,420001268387;1482,62
CALZIFICIO ANSON SNC di Verardi Vito, Anna e Sonia;PF0352070/20XFL1022;70/2 ELAS RIT FLEXY PA 6 - PHANTOM 19-4205 TCX;KG;117,629999160767;999,88
CALZIFICIO ANSON SNC di Verardi Vito, Anna e Sonia;PF0352070/20XFL1023;70/2 ELAS RIT FLEXY PA 6 - ROSSO 18-1664 TCX;KG;28,8699996471405;245,4
CALZIFICIO ANSON SNC di Verardi Vito, Anna e Sonia;PF0352070/20XFL1024;70/2 ELAS RIT FLEXY PA 6 - RHUBARB RED 19-1652;KG;34,4000000953674;292,4
CALZIFICIO ANSON SNC di Verardi Vito, Anna e Sonia;PF0352070/30XFL1025;70/3 ELAS RIT FLEXY PA 6 - ESTATE BLUE 19-4027;KG;19,25;163,63
CALZIFICIO ANSON SNC di Verardi Vito, Anna e Sonia;PF0352227010A661021;LYCRA+PA66 (22+ 078 TINTO) 85 DTX - DARK NAVY 19-4010 TCX;KG;74,3600010871887;1412,84
CALZIFICIO ANSON SNC di Verardi Vito, Anna e Sonia;PF0352227010A661022;LYCRA+PA66 (22+ 078 TINTO) 85 DTX - PHANTOM 19-4205 TCX;KG;43,1700000762939;820,23
CALZIFICIO ANSON SNC di Verardi Vito, Anna e Sonia;PF0352227010A661023;LYCRA+PA66 (22+ 078 TINTO) 85 DTX - ROSSO 18-1664 TCX;KG;16,349999666214;310,65
CALZIFICIO ANSON SNC di Verardi Vito, Anna e Sonia;PF0352227010AP61026;LYCRA+PA6 (22+ 078 TINTO) 85 DTX - GREGGIO;KG;74,9600002765656;899,52
CALZIFICIO ANSON SNC di Verardi Vito, Anna e Sonia;PF0352227010AP61027;ELA 85 (22+ 70/1 PA 6 TP) - OCEANO TP;KG;25,8000001907349;490,2
CALZIFICIO ANSON SNC di Verardi Vito, Anna e Sonia;PF0352227020ILT1027;ELA 162 (22+ 70/2 PA 6 TP) - OCEANO TP;KG;39,0600004196167;742,14
CALZIFICIO ANSON SNC di Verardi Vito, Anna e Sonia;PF0352227020ILT1028;ELA 162 (22+ 70/2 PA 6 TP) - GRIGIO TOPO TP;KG;40,1699991226196;763,23
DAC SRL;;;KG;48,0499992370605;-4,81
DAC SRL;;;;0;0
DAC SRL;PF0354070/30XFL1000;70/3 ELAS RIT FLEXY PA 6 - NERO 103;KG;38,5299997329712;349,26
DAC SRL;PF0354070/30XFL1003;70/3 ELAS RIT FLEXY PA 6 - BIANCO;KG;55,2900004386902;499,92
(NON USARE) CALZIFICIO CHIARA di Giannelli Marco;;;;;
(NON USARE) CALZIFICIO CHIARA di Giannelli Marco;PF0359070/30XFL1001;70/3 ELAS RIT FLEXY PA 6 - NERO;KG;126,560000419617;1151,71
(NON USARE) CALZIFICIO CHIARA di Giannelli Marco;PF0359070/30XFL1016;70/3 ELAS RIT FLEXY PA 6 - 1056 DK. GREEN;KG;35,8000001907349;325,78
(NON USARE) CALZIFICIO CHIARA di Giannelli Marco;PF0359070/60XP61004;70/6 ELAS RIT PA 6 - E 33 ROSSO;KG;41,2899992465973;483,1
CALZIFICIO BAGNATO SRL;;;;;
CALZIFICIO BAGNATO SRL;PF0371040/20XEX1000;40/2 ELAS RIT FLEXI PA 66 - NERO;KG;68,4699993133545;691,37
DEA DI GRAZIELLA FRANCIOSO;;;KG;164,529998779297;-806,2
DEA DI GRAZIELLA FRANCIOSO;;;;0;0
DEA DI GRAZIELLA FRANCIOSO;PF0376070/20IP61000;70/2 ELAS INT. PA 6 - GREGGIO;KG;1407,23000335693;6895,43
CALZIFICIO REBORN;;;;;
CALZIFICIO REBORN;PF0383070/20IP61001;70/2 ELAS INT. PA 6 - GREGGIO;KG;23,5400009155273;117,7
INTERSOCKS S.R.L. a Socio Unico;;;NR;;0
INTERSOCKS S.R.L. a Socio Unico;;;;;
INTERSOCKS S.R.L. a Socio Unico;PF0388070/10A661096;70/1 ELAS APE PA 66 - 37388 OLIVA KONA V140;KG;23,1999998092651;241,28
INTERSOCKS S.R.L. a Socio Unico;PF0388070/20XFL1002;70/2 ELAS RIT FLEXY PA 6 - 37059 SULPHUR SPRING;KG;20,1000003814697;188,94
INTERSOCKS S.R.L. a Socio Unico;PF0388070/20XFL1005;70/2 ELAS RIT FLEXY PA 6 - 30976 PIETRA M102;KG;24,5;230,3
INTERSOCKS S.R.L. a Socio Unico;PF0388070/20XFL1083;70/2 ELAS RIT FLEXY PA 6 - 39018 SUEDE R089;KG;21,3099989891052;200,31
INTERSOCKS S.R.L. a Socio Unico;PF0388070/20XFL1095;70/2 ELAS RIT FLEXY PA 6 - 31322 BLU B051;KG;17,9099998474121;168,35
INTERSOCKS S.R.L. a Socio Unico;PF0388070/20XFL1097;70/2 ELAS RIT FLEXY PA 6 - 39649 CLAY V760;KG;19,7300000190735;185,47
INTERSOCKS S.R.L. a Socio Unico;PF0388070/30XFL1067;70/3 ELAS RIT FLEXY PA 6 - 37858 OLIVA KONA V140;KG;21,8300008773804;194,29
INTERSOCKS S.R.L. a Socio Unico;PF0388070/30XFL1088;70/3 ELAS RIT FLEXY PA 6 - 36983 PRUGNA 8158 P104;KG;20,7800002098083;195,33
INTERSOCKS S.R.L. a Socio Unico;PF0388070/30XFL1093;70/3 ELAS RIT FLEXY PA 6 - 36922 GIALLO G003;KG;20,2800002098083;180,49
INTERSOCKS S.R.L. a Socio Unico;PF0388070/30XFL1098;70/3 ELAS RIT FLEXY PA 6 - 37635 ROSA ANTICO R074;KG;20,4499998092651;192,23
INTERSOCKS S.R.L. a Socio Unico;PF0388070/30XFL1099;70/3 ELAS RIT FLEXY PA 6 - 38138 DIRECT BLUE B222;KG;20,5999999046326;193,64
INTERSOCKS S.R.L. a Socio Unico;PF0388070/30XRF1094;70/3 ELAS RIT RENYCLE 100% GRS FLEXY PA 6 - NERO;KG;3,99000000953674;47,88
INTERSOCKS S.R.L. a Socio Unico;PF0388702EC0I661094;70/40/2 ELAS ECOCARE FLEXY INT. PA 66 - NERO;KG;27,5600004196167;344,51
INTERSOCKS S.R.L. a Socio Unico;PF0388786020LEX1101;78/60/2 QNOVA LEG.INTERL FLEXI GRS 60 PA 66 - 39722 GRS CARDINALE V017;KG;29,4200000762939;373,64
INTERSOCKS S.R.L. a Socio Unico;PF0388786020LEX1102;78/60/2 QNOVA LEG.INTERL FLEXI GRS 60 PA 66 - 39723 GRS ROSA ANTICO R009;KG;20,7900004386902;264,03
INTERSOCKS S.R.L. a Socio Unico;PF0388786020LEX1103;78/60/2 QNOVA LEG.INTERL FLEXI GRS 60 PA 66 - 39199 GRS TECHNO CYAN A121;KG;20,2600002288818;257,3
INTERSOCKS S.R.L. a Socio Unico;PF03887866Q0XEX1100;78/68/2 QSKIN RIT FLEXI PA 66 - 39489 OTTANIO B198;KG;1,22000002861023;20,13
BEST CALZE S.R.L.;;;;;
BEST CALZE S.R.L.;PF0399070/20IP61011;70/2 ELAS INT. PA 6 - GREGGIO;KG;65,5799999237061;173,79
GEVAERT BANDWEVERIJ NV;;;KG;30,5900001525879;-342,61
GEVAERT BANDWEVERIJ NV;;;NR;;45
GEVAERT BANDWEVERIJ NV;;;1;;55
GEVAERT BANDWEVERIJ NV;;;;0;0
GEVAERT BANDWEVERIJ NV;PF0420022080UP61012;220/10 OPACO OPA RIT 90 PA 6 - DUSKY GREEN 553 17-0517 TPX;KG;475,65000128746;3519,81
GEVAERT BANDWEVERIJ NV;PF0420040/20X661007;40/2 ELAS RIT PA 66 - BLACK;KG;178,110000610352;1994,83
GEVAERT BANDWEVERIJ NV;PF0420040/20X661027;40/2 ELAS RIT PA 66 - FER 71;KG;67,6699984073639;757,91
GEVAERT BANDWEVERIJ NV;PF0420040/20X661029;40/2 ELAS RIT PA 66 - BRUIN 10;KG;43,6799998283386;489,21
GEVAERT BANDWEVERIJ NV;PF0420070/20X661000;70/2 ELAS RIT PA 66 - DONKERGRIJS 241;KG;770,089998364449;7084,78
GEVAERT BANDWEVERIJ NV;PF0420070/20X661005;70/2 ELAS RIT PA 66 - GREY DIM;KG;494,409999847412;4548,59
GEVAERT BANDWEVERIJ NV;PF0420070/20X661008;70/2 ELAS RIT PA 66 - NAVY 242;KG;566,249999046326;5209,52
GEVAERT BANDWEVERIJ NV;PF0420070/20X661016;70/2 ELAS RIT PA 66 - LICHTGRIJS 239;KG;96,2799997329712;885,77
GEVAERT BANDWEVERIJ NV;PF0420070/20X661020;70/2 ELAS RIT PA 66 - BLAUW 314;KG;534,180002212524;4914,46
GEVAERT BANDWEVERIJ NV;PF0420070/20X661022;70/2 ELAS RIT PA 66 - FEL ORANJE 384 ;KG;276,429999351501;2543,15
GEVAERT BANDWEVERIJ NV;PF0420070/20X661025;70/2 ELAS RIT PA 66 - BEIGE 293;KG;170,340000152588;1567,13
GEVAERT BANDWEVERIJ NV;PF0420070/20X661026;70/2 ELAS RIT PA 66 - BEIGE 249;KG;141,41999912262;1301,07
GEVAERT BANDWEVERIJ NV;PF0420070/20X661028;70/2 ELAS RIT PA 66 - CARBON 400;KG;201,290000200272;1851,86
GEVAERT BANDWEVERIJ NV;PF0420070/20X661030;70/2 ELAS RIT PA 66 - BLUE;KG;37,8400001525879;348,13
GEVAERT BANDWEVERIJ NV;PF0420070/20X661031;70/2 ELAS RIT PA 66 - KINGS BLUE;KG;33,6300001144409;309,4
GEVAERT BANDWEVERIJ NV;PF0420070/20X661032;70/2 ELAS RIT PA 66 - BLUE 598 19-4033 TCX;KG;29,3099998235703;269,66
GEVAERT BANDWEVERIJ NV;PF0420220100BP61012;220/10 OPACO BIN PA 6 - DUSKY GREEN 553 17-0517 TPX;KG;29,0299997329712;214,82
GEVAERT BANDWEVERIJ NV;PR04200006;;;0;193,5
CALZIFICIO PRISCO SRL;;;kg;52,8499984741211;-718,76
CALZIFICIO PRISCO SRL;;;NR;;0
CALZIFICIO PRISCO SRL;;;;0;0
CALZIFICIO PRISCO SRL;PF0424040/20XEX1000;40/2 ELAS RIT FLEXI PA 66 - BLU;KG;190,130001544952;2585,78
CALZIFICIO PRISCO SRL;PF0424040/20XEX1012;40/2 ELAS RIT FLEXI PA 66 - NERO;KG;171,779998898506;2336,2
CALZIFICIO PRISCO SRL;PF0424040/20XEX1019;40/2 ELAS RIT FLEXI PA 66 - ANTRACITE;KG;82,6599986553192;1124,18
CALZIFICIO PRISCO SRL;PF0424040/20XEX1027;40/2 ELAS RIT FLEXI PA 66 - OMBRA;KG;39,1999998092651;533,12
CALZIFICIO PRISCO SRL;PF0424040/20XEX1038;40/2 ELAS RIT FLEXI PA 66 - JEANS NUOVO 671;KG;30,3600006103516;412,9
CALZIFICIO PRISCO SRL;PF0424040/20XEX1044;40/2 ELAS RIT FLEXI PA 66 - CANDIDO;KG;79,960000038147;1087,46
CALZIFICIO PRISCO SRL;PF0424040/20XEX1048;40/2 ELAS RIT FLEXI PA 66 - BORDO';KG;20,0299997329712;272,4
CALZIFICIO PRISCO SRL;PF0424070/10A661012;70/1 ELAS APE PA 66 - NERO;KG;47,0400004386902;484,51
CALZIFICIO PRISCO SRL;PF0424070/10A661031;70/1 ELAS APE PA 66 - TOPO;KG;18,9100003242493;194,77
CALZIFICIO PRISCO SRL;PF0424070/10A661044;70/1 ELAS APE PA 66 - CANDIDO;KG;73,5899991989136;757,98
CALZIFICIO PRISCO SRL;PF0424070/10A661072;70/1 ELAS APE PA 66 - SABBIA 13;KG;18,960000038147;195,29
CALZIFICIO PRISCO SRL;PF0424070/10A661096;70/1 ELAS APE PA 66 - FUCILE W503;KG;19,2199995517731;197,97
CALZIFICIO PRISCO SRL;PF0424070/10A661097;70/1 ELAS APE PA 66 - NOCCIOLA 2006;KG;18,4000005722046;189,52
CALZIFICIO PRISCO SRL;PF0424070/10AEX1044;70/1 EL APERTO FLEXI PA 66 - E1 BIANCO;KG;101,640000343323;1046,9
CALZIFICIO PRISCO SRL;PF0424070/20XEX1000;70/2 ELAS RIT FLEXI PA 66 - BLU;KG;154,150001525879;1533,8
CALZIFICIO PRISCO SRL;PF0424070/20XEX1012;70/2 ELAS RIT FLEXI PA 66 - NERO;KG;314,190000295639;3126,21
CALZIFICIO PRISCO SRL;PF0424070/20XEX1019;70/2 ELAS RIT FLEXI PA 66 - ANTRACITE;KG;82,17999958992;817,68
CALZIFICIO PRISCO SRL;PF0424070/20XEX1020;70/2 ELAS RIT FLEXI PA 66 - NAVY;KG;41,9299993515015;417,2
CALZIFICIO PRISCO SRL;PF0424070/20XEX1028;70/2 ELAS RIT FLEXI PA 66 - FUME';KG;53,8300004005432;535,6
CALZIFICIO PRISCO SRL;PF0424070/20XEX1044;70/2 ELAS RIT FLEXI PA 66 - CANDIDO;KG;370,980001449585;3691,24
CALZIFICIO PRISCO SRL;PF0424070/20XEX1078;70/2 ELAS RIT FLEXI PA 66 - BLUETTE 100;KG;21,3599996566772;212,54
CALZIFICIO PRISCO SRL;PF0424070/20XEX1089;70/2 ELAS RIT FLEXI PA 66 - BORDEAUX 800;KG;20,9300003051758;208,25
CALZIFICIO PRISCO SRL;PF0424070/20XEX1094;70/2 ELAS RIT FLEXI PA 66 - NOCCIOLA;KG;30,3899998664856;302,39
CALZIFICIO PRISCO SRL;PF0424070/20\661020;70/2 ELAS RIT S. PA 66 - NAVY;KG;117,159998625517;1165,76
CALZIFICIO PRISCO SRL;PF0424070/20\661027;70/2 ELAS RIT S. PA 66 - OMBRA;KG;40,3399991989136;401,38
CALZIFICIO PRISCO SRL;PF0424070/20\661031;70/2 ELAS RIT S. PA 66 - TOPO;KG;40,1799993515015;399,79
CALZIFICIO PRISCO SRL;PF0424070/20\661044;70/2 ELAS RIT S. PA 66 - CANDIDO;KG;82,350001335144;819,38
CALZIFICIO PRISCO SRL;PF0424070/20\661066;70/2 ELAS RIT S. PA 66 - PERLA 3063;KG;19,6899995803833;195,91
CALZIFICIO PRISCO SRL;PF0424070/20\661072;70/2 ELAS RIT S. PA 66 - SABBIA 13;KG;28,739999294281;285,97
CALZIFICIO PRISCO SRL;PF0424070/20\661073;70/2 ELAS RIT S. PA 66 - RUBINO;KG;20,9500002861023;208,46
CALZIFICIO PRISCO SRL;PF0424070/20\661096;70/2 ELAS RIT S. PA 66 - FUCILE W503;KG;17,8400001525879;177,51
CALZIFICIO PRISCO SRL;PF0424070/20\661097;70/2 ELAS RIT S. PA 66 - NOCCIOLA 2006;KG;20,7299990653992;206,27
CALZIFICIO PRISCO SRL;PF0424563410S661001;56/34/1 FLEXY RIT SIN PA 66 - GHIAIA;KG;18,1799998283386;259,97
CALZIFICIO PRISCO SRL;PF0424563410S661002;56/34/1 FLEXY RIT SIN PA 66 - CANDIDO;KG;18,3199996948242;261,98
CALZIFICIO PRISCO SRL;PF0424563410S661008;56/34/1 FLEXY RIT SIN PA 66 - COLLEGE;KG;107,989998579025;1544,26
CALZIFICIO PRISCO SRL;PF0424563410S661009;56/34/1 FLEXY RIT SIN PA 66 - NERO;KG;110,190000295639;1575,73
CALZIFICIO PRISCO SRL;PF0424563410S661016;56/34/1 FLEXY RIT SIN PA 66 - ANTRACITE;KG;17,9499998092651;256,69
CALZIFICIO PRISCO SRL;PF0424563410S661023;56/34/1 FLEXY RIT SIN PA 66 - PINO;KG;22,6600000858307;324,03
CALZIFICIO PRISCO SRL;PF0424563410S661026;56/34/1 FLEXY RIT SIN PA 66 - MARRONE;KG;19,25;275,27
CALZIFICIO PRISCO SRL;PF0424563410S661084;56/34/1 FLEXY RIT SIN PA 66 - RUBINO;KG;19,2499995231628;275,27
CALZIFICIO PRISCO SRL;PF0424563410S661098;56/34/1 FLEXY RIT SIN PA 66 - ULIVO;KG;18,6399993896484;266,55
CALZIFICIO PRISCO SRL;PF0424851TA0IEX1001;85/92/1 TACTEL INT. FLEXI PA 66 - GHIAIA;KG;89,5099992752075;1324,74
CALZIFICIO PRISCO SRL;PF0424851TA0IEX1002;85/92/1 TACTEL INT. FLEXI PA 66 - CANDIDO;KG;189,840001821518;2809,63
CALZIFICIO PRISCO SRL;PF0424851TA0IEX1006;85/92/1 TACTEL INT. FLEXI PA 66 - LAMA;KG;35,0999999046326;519,47
CALZIFICIO PRISCO SRL;PF0424851TA0IEX1008;85/92/1 TACTEL INT. FLEXI PA 66 - COLLEGE;KG;285,990001916885;4232,64
CALZIFICIO PRISCO SRL;PF0424851TA0IEX1013;85/92/1 TACTEL INT. FLEXI PA 66 - NERO;KG;452,440001010895;6696,12
CALZIFICIO PRISCO SRL;PF0424851TA0IEX1014;85/92/1 TACTEL INT. FLEXI PA 66 - FUME';KG;81,4099998474121;1204,86
CALZIFICIO PRISCO SRL;PF0424851TA0IEX1024;85/92/1 TACTEL INT. FLEXI PA 66 - ANTRACITE;KG;99,4399991035461;1471,73
CALZIFICIO PRISCO SRL;PF0424851TA0IEX1026;85/92/1 TACTEL INT. FLEXI PA 66 - MARRONE;KG;72,0100002288818;1065,75
CALZIFICIO PRISCO SRL;PF0424851TA0IEX1030;85/92/1 TACTEL INT. FLEXI PA 66 - CASPIO;KG;57,3199999332428;848,34
CALZIFICIO PRISCO SRL;PF0424851TA0IEX1033;85/92/1 TACTEL INT. FLEXI PA 66 - PRINCIPE;KG;19,710000038147;291,71
RIMTEKS  A.S.;;;KG;82,7399978637695;-703,29
RIMTEKS  A.S.;;;;0;0
RIMTEKS  A.S.;PF0431070/20\P61020;70/2 ELAS TWIST S. PA 6 - D9351;KG;229,460000038147;1950,46
BVBA BEERNAERT;;;;;
BVBA BEERNAERT;PF0435040/20XEX1000;40/2 ELAS RIT FLEXI PA 66 - BLACK;KG;22,4400005340576;244,59
BVBA BEERNAERT;PF0435070/20XEX1000;70/2 ELAS RIT FLEXI PA 66 - BLACK;KG;351,920004844666;3343,29
BVBA BEERNAERT;PF0435070/20XEX1001;70/2 ELAS RIT FLEXI PA 66 - GREEN DERBY B.P.82779/730249;KG;57,3100001811981;544,45
BVBA BEERNAERT;PF0435070/20XEX1002;70/2 ELAS RIT FLEXI PA 66 - MATELOT B.P. 99229/721001;KG;172,799997329712;1641,65
BVBA BEERNAERT;PF0435070/20XEX1003;70/2 ELAS RIT FLEXI PA 66 - GRIS CLAIR B.P. 82419/720301;KG;20,3599996566772;193,43
BVBA BEERNAERT;PF0435070/20XEX1004;70/2 ELAS RIT FLEXI PA 66 - WHITE;KG;61,8700013160706;587,77
BVBA BEERNAERT;PF0435070/20XEX1007;70/2 ELAS RIT FLEXI PA 66 - ANTHRACITE 707401;KG;20,710000038147;196,75
BVBA BEERNAERT;PF0435070/20XEX1009;70/2 ELAS RIT FLEXI PA 66 - STAHLBLAU;KG;20,1500000953674;191,43
BVBA BEERNAERT;PF0435070/20XEX1011;70/2 ELAS RIT FLEXI PA 66 - MITTELGRAU;KG;62,340000629425;592,25
BVBA BEERNAERT;PF0435070/20XEX1015;70/2 ELAS RIT FLEXI PA 66 - DARKGREEN 78;KG;40,6399993896484;386,08
BVBA BEERNAERT;PF0435070/20\661000;70/2 ELAS RIT S. PA 66 - BLACK;KG;66,0900001525879;627,87
BVBA BEERNAERT;PF0435070/20\661002;70/2 ELAS RIT S. PA 66 - MATELOT B.P. 99229/721001;KG;32,6200003623962;309,9
BVBA BEERNAERT;PF0435070/20\661004;70/2 ELAS RIT S. PA 66 - WHITE;KG;19,5;185,25
BVBA BEERNAERT;PF0435070/20\661007;70/2 ELAS RIT S. PA 66 - ANTHRACITE 707401;KG;31,7400007247925;301,53
BVBA BEERNAERT;PF0435070/20\661012;70/2 ELAS RIT S. PA 66 - BEIGE 717101;KG;20,1199998855591;191,14
BVBA BEERNAERT;PF0435070/20\661013;70/2 ELAS RIT S. PA 66 - SANTA FE 717201;KG;17,2000002861023;163,41
BVBA BEERNAERT;PF0435070/20\661014;70/2 ELAS RIT S. PA 66 - MARRON 719101;KG;17,8200001716614;169,3
INSOCKS SRL;;;KG;67,0470008850098;-901,72
INSOCKS SRL;;;G;14,6000003814697;-185,42
INSOCKS SRL;;;;0;0
INSOCKS SRL;PF0448070/10A661053;70/1 ELAS APE PA 66 - 37282 FATHOM J011;KG;56,2299995422363;584,8
INSOCKS SRL;PF0448070/10A661083;70/1 ELAS APE PA 66 - 37362 GRIGIO CHIARO G396;KG;147,210000038147;1531
INSOCKS SRL;PF0448070/10A661094;70/1 ELAS APE PA 66 - 39198 SUEDE R089;KG;45,7899992465973;476,22
INSOCKS SRL;PF0448070/10AEX1106;70/1 EL AP FLEXI PA 66 - 39600 ROSA CARNE S018;KG;32,0500001907349;333,32
INSOCKS SRL;PF0448070/20XFL1015;70/2 ELAS RIT FLEXY PA 6 - 36193 DIVA PINK FLUO;KG;100,130000114441;941,22
INSOCKS SRL;PF0448070/20XFL1019;70/2 ELAS RIT FLEXY PA 6 - 37243 FATHOM;KG;19,5199997425079;183,49
INSOCKS SRL;PF0448070/20XFL1055;70/2 ELAS RIT FLEXY PA 6 - 36862 PRUGNA 8158 P104;KG;22,5700001716614;205,39
INSOCKS SRL;PF0448070/20XFL1064;70/2 ELAS RIT FLEXY PA 6 - 37223 SCARLET R210;KG;20,5199999809265;192,89
INSOCKS SRL;PF0448070/20XFL1065;70/2 ELAS RIT FLEXY PA 6 - 37059 SULPHUR SPRING;KG;55,6900010108948;523,49
INSOCKS SRL;PF0448070/20XFL1091;70/2 ELAS RIT FLEXY PA 6 - 39337 FOG G044;KG;40,6000003814697;381,64
INSOCKS SRL;PF0448070/20XFL1093;70/2 ELAS RIT FLEXY PA 6 - 39018 SUEDE R089;KG;53,230001449585;488,12
INSOCKS SRL;PF0448070/30XFL1012;70/3 ELAS RIT FLEXY PA 6 - 37029 RUGINE CORTESA;KG;105,950000494719;995,93
INSOCKS SRL;PF0448070/30XFL1025;70/3 ELAS RIT FLEXY PA 6 - 36934 ARANCIO FLUO SCURO;KG;82,1200013160706;740,64
INSOCKS SRL;PF0448070/30XFL1030;70/3 ELAS RIT FLEXY PA 6 - 36983 PRUGNA 8158 P104;KG;21,4400000572205;201,54
INSOCKS SRL;PF0448070/30XFL1033;70/3 ELAS RIT FLEXY PA 6 - 31319 LILLA SILK V012;KG;21,2699999809265;199,94
INSOCKS SRL;PF0448070/30XFL1039;70/3 ELAS RIT FLEXY PA 6 - 36854 DIVA PINK FLUO;KG;81,5099992752075;725,44
INSOCKS SRL;PF0448070/30XFL1044;70/3 ELAS RIT FLEXY PA 6 - 37771 SULPHUR SPRING G029;KG;21,8900003433228;205,77
INSOCKS SRL;PF0448070/30XFL1052;70/3 ELAS RIT FLEXY PA 6 - 37568 ROSA CARNE S018;KG;34,5100002288818;324,39
INSOCKS SRL;PF0448070/30XFL1062;70/3 ELAS RIT FLEXY PA 6 - 38138 DIRECT BLUE B222;KG;31,3199996948242;294,4
INSOCKS SRL;PF0448070/30XFL1069;70/3 ELAS RIT FLEXY PA 6 - 36935 AZZURRO TURCHESE A106;KG;21,3300004005432;200,5
INSOCKS SRL;PF0448070/30XFL1095;70/3 ELAS RIT FLEXY PA 6 - 38534 VIOLA AMARANTO V016;KG;21,8400001525879;194,38
INSOCKS SRL;PF0448070/30XFL1096;70/3 ELAS RIT FLEXY PA 6 - 38807 AURA SPECIAL;KG;17,7600002288818;158,07
INSOCKS SRL;PF0448070/30XFL1100;70/3 ELAS RIT FLEXY PA 6 - 36832 ROSSO R055;KG;19,9899997711182;187,9
INSOCKS SRL;PF0448070/30XFL1101;70/3 ELAS RIT FLEXY PA 6 - 37566 ROSA HORTENSIA 8124 R046;KG;20,1499996185303;189,41
INSOCKS SRL;PF0448070/30XFL1102;70/3 ELAS RIT FLEXY PA 6 - 37783 VERDE BAIA V112;KG;21,1499996185303;198,81
INSOCKS SRL;PF0448070/30XFL1103;70/3 ELAS RIT FLEXY PA 6 - 36922 GIALLO G003;KG;22,3000001907349;209,62
INSOCKS SRL;PF0448070/40XFL1105;70/4 ELAS RIT FLEXY PA 6 - 39086 EFFEKTOR GREEN V282;KG;33,4000000953674;307,28
INSOCKS SRL;PF0448784620XTC1006;78/46/2 ELAS RIT TACTEL - 30389 NERO;KG;77,25;1011,97
INSOCKS SRL;PF0448784620XTC1016;78/46/2 ELAS RIT TACTEL - 30380 BIANCO;KG;34,6900000572205;454,43
INSOCKS SRL;PF0448786020LEX1084;78/60/2 QNOVA LEG.INTERL FLEXI GRS 60 PA 66 - 39002 NERO N002;KG;509,179998517036;6466,62
INSOCKS SRL;PF0448786020LEX1087;78/60/2 QNOVA LEG.INTERL FLEXI GRS 60 PA 66 - 39003 BIANCO B001;KG;346,060001373291;4394,97
INSOCKS SRL;PF0448786020LEX1098;78/60/2 QNOVA LEG.INTERL FLEXI GRS 60 PA 66 - 39015 SAFETY YELLOW FLUO G006;KG;119,5;1517,66
INSOCKS SRL;PF04487866Q0XEX1099;78/68/2 QSKIN RIT FLEXI PA 66 - 39602 BLU SCURO B207;KG;82,0500001907349;1353,84
INSOCKS SRL;PF04487866Q0XEX1104;78/68/2 QSKIN RIT FLEXI PA 66 - 39489 OTTANIO B198;KG;36,8299989700317;607,71
INSOCKS SRL;PR04480006;;;0;191,66
NY - NEW YARN SRL;;;KG;355,730010986328;-3695,42
NY - NEW YARN SRL;;;;0;0
NY - NEW YARN SRL;PF0457007080XFL1061;70/8 ELAS RIT FLEXY PA 6 - GREGGIO TINTO;KG;40,3199996948242;403,2
NY - NEW YARN SRL;PF0457040/10A661009;40/1 ELAS APE PA 66 - 1038 ARDESIA;KG;97,9899989366531;1126,92
NY - NEW YARN SRL;PF0457040/10A661014;40/1 ELAS APE PA 66 - C900 JEANS;KG;61,6000001430511;708,41
NY - NEW YARN SRL;PF0457040/10A661015;40/1 ELAS APE PA 66 - BLU EMME;KG;63,1799991130829;726,58
NY - NEW YARN SRL;PF0457040/10A661039;40/1 ELAS APE PA 66 - CENERE 403;KG;22,8999996185303;263,35
NY - NEW YARN SRL;PF0457040/10A661042;40/1 ELAS APE PA 66 - ARANCIO MANDARINO A001;KG;21,6700000762939;249,21
NY - NEW YARN SRL;PF0457040/10A661043;40/1 ELAS APE PA 66 - FUCSIA SCURO F002;KG;21,9200000762939;252,09
NY - NEW YARN SRL;PF0457040/10A661044;40/1 ELAS APE PA 66 - BLUETTE B104 ;KG;22,5700001716614;259,57
NY - NEW YARN SRL;PF0457040/10A661060;40/1 ELAS APE PA 66 - ROSSO 2043;KG;25,7200002670288;295,79
NY - NEW YARN SRL;PF0457040/20X661005;40/2 ELAS RIT PA 66 - 400 GHISA;KG;2569,90000319481;26984,56
NY - NEW YARN SRL;PF0457040/20X661007;40/2 ELAS RIT PA 66 - 103 NERO;KG;658,650000810623;6915,95
NY - NEW YARN SRL;PF0457040/20X661012;40/2 ELAS RIT PA 66 - 417 ARGENTO - TONO NUOVO;KG;275,500001072884;2892,81
NY - NEW YARN SRL;PF0457040/20X661015;40/2 ELAS RIT PA 66 - BLU EMME;KG;121,909999847412;1280,07
NY - NEW YARN SRL;PF0457040/20X661016;40/2 ELAS RIT PA 66 - GRAFITE 9240;KG;89,8799996376038;943,76
NY - NEW YARN SRL;PF0457040/20X661019;40/2 ELAS RIT PA 66 - 2710 FUXIA;KG;44,8599987030029;471,04
NY - NEW YARN SRL;PF0457040/20X661022;40/2 ELAS RIT PA 66 - 2044 ROSSO;KG;27,0999994277954;284,56
NY - NEW YARN SRL;PF0457040/20X661047;40/2 ELAS RIT PA 66 - BLU FRANCIA 2297;KG;26,2300000190735;275,43
NY - NEW YARN SRL;PF0457040/20X661059;40/2 ELAS RIT PA 66 - 2294 CARTA DA ZUCCHERO;KG;28,1500000953674;295,58
NY - NEW YARN SRL;PF0457040/20XEX1005;40/2 ELAS RIT FLEXI PA 66 - 400 GHISA;KG;39,3100008964539;412,77
NY - NEW YARN SRL;PF0457070/10A661015;70/1 ELAS APE PA 66 - BLU EMME;KG;59,1399993896484;567,75
NY - NEW YARN SRL;PF0457070/10A661032;70/1 ELAS APE PA 66 - ROSSO 18-1664 TCX;KG;15,0599999427795;144,57
NY - NEW YARN SRL;PF0457070/10A661033;70/1 ELAS APE PA 66 - DARK NAVY 19-4010 TCX;KG;69,8500001430511;670,56
NY - NEW YARN SRL;PF0457070/10A661034;70/1 ELAS APE PA 66 - PHANTOM 19-4205 TCX;KG;40,8199998140335;391,88
NY - NEW YARN SRL;PF0457070/10A661045;70/1 ELAS APE PA 66 - VERDE ARMY;KG;57,4900007247925;551,9
NY - NEW YARN SRL;PF0457070/10A661048;70/1 ELAS APE PA 66 - CS055 BLU;KG;81,1399984359741;778,94
NY - NEW YARN SRL;PF0457070/10AP61013;70/1 ELAS APE PA 6 - 300 GIALLO FLUO;KG;79,5499992370605;747,78
NY - NEW YARN SRL;PF0457070/20X661002;70/2 ELAS RIT PA 66 - GRIGIO 431/C;KG;105,739999771118;983,39
NY - NEW YARN SRL;PF0457070/20X661018;70/2 ELAS RIT PA 66 - 3022 TAUPE;KG;61,2199988365173;569,35
NY - NEW YARN SRL;PF0457070/20X661041;70/2 ELAS RIT PA 66 - CINA 336;KG;32,6699995994568;303,83
NY - NEW YARN SRL;PF0457070/20XEX1002;70/2 ELAS RIT FLEXI PA 66 - GRIGIO 431/C;KG;86,4999990463257;839,06
NY - NEW YARN SRL;PF0457070/20XEX1046;70/2 ELAS RIT FLEXI PA 66 - NERO 999;KG;58,2299995422363;564,83
NY - NEW YARN SRL;PF0457078240IRF1026;78/24/1  INT. RENYCLE 100% GRS FLEXY PA 6 - NERO;KG;17,8300004005432;231,79
NY - NEW YARN SRL;PF0457443410I661056;44/34/1 ELAS INT. PA 66 - ROSSO GENOA/SAMPDORIA;KG;17,6800003051758;247,52
NY - NEW YARN SRL;PF0457443410I661057;44/34/1 ELAS INT. PA 66 - BLUE GENOA;KG;68,9399993419647;965,16
NY - NEW YARN SRL;PF0457443410I661058;44/34/1 ELAS INT. PA 66 - AZZURRO SAMPDORIA;KG;54,6199998706579;764,68
NY - NEW YARN SRL;PF0457786810A661049;78/68/1 ELAS APE PA 66 - CACAO 408;KG;19,4900002479553;253,37
NY - NEW YARN SRL;PF0457786810A661050;78/68/1 ELAS APE PA 66 - LAMPONE 149;KG;20,5400002002716;267,02
NY - NEW YARN SRL;PF0457786810A661051;78/68/1 ELAS APE PA 66 - BLU COBALTO 120;KG;20,3200006484985;264,16
NY - NEW YARN SRL;PF0457786810A661052;78/68/1 ELAS APE PA 66 - VERDE SMERALDO 301;KG;22,0199997425079;286,26
NY - NEW YARN SRL;PF0457786810A661053;78/68/1 ELAS APE PA 66 - BLU NAVY 112;KG;19,7699995040894;257,01
NY - NEW YARN SRL;PR04570006;;;0;47,73
BRUNO CHIARUTTINI SRL;;;;;
BRUNO CHIARUTTINI SRL;PF0462782BF0IEX1001;78/68/2 ELAS BODYFRESCH INT. FLEXI PA 66 - NERO;KG;29,4099998474121;588,2
Winsocks srl;;;;;
Winsocks srl;PF0463070/30XFL1002;70/3 ELAS RIT FLEXY PA 6 - E 3 NERO;KG;128,109998703003;1088,95
Winsocks srl;PF0463070/30XFL1004;70/3 ELAS RIT FLEXY PA 6 - ROSSO E33;KG;235,729999065399;2003,77
Winsocks srl;PF0463070/30XFL1005;70/3 ELAS RIT FLEXY PA 6 - ANTRACITE E4;KG;463,429997682571;3939,22
Winsocks srl;PF0463070/30XFL1006;70/3 ELAS RIT FLEXY PA 6 - ARANCIO E 35;KG;191,300002098083;1626,1
Winsocks srl;PF0463070/30XFL1007;70/3 ELAS RIT FLEXY PA 6 - ROYAL 6080;KG;178,25;1515,14
Winsocks srl;PF0463070/30XFL1009;70/3 ELAS RIT FLEXY PA 6 - E 80 CHERRY;KG;115,440001010895;981,27
Winsocks srl;PF0463070/30XFL1013;70/3 ELAS RIT FLEXY PA 6 - E 53 CICLAMINO;KG;62,4000000953674;530,41
Winsocks srl;PF0463070/30XFL1014;70/3 ELAS RIT FLEXY PA 6 - E 12 NAVY;KG;41,1899995803833;350,12
Winsocks srl;PF0463070/30XFL1015;70/3 ELAS RIT FLEXY PA 6 - E 24 CORTECCIA;KG;23,3199996948242;198,23
Winsocks srl;PF0463070/30XFL1017;70/3 ELAS RIT FLEXY PA 6 - E 74 AMBRA;KG;58,8700008392334;500,4
Winsocks srl;PF0463070/30XFL1018;70/3 ELAS RIT FLEXY PA 6 - E 67 KAKI;KG;66,6499996185303;566,54
Winsocks srl;PF0463070/30XFL1022;70/3 ELAS RIT FLEXY PA 6 - TURQUESA 4562;KG;43,550000667572;370,18
Winsocks srl;PF0463070/30XFL1023;70/3 ELAS RIT FLEXY PA 6 - E 91 MARMO;KG;21,2699992656708;202,22
Winsocks srl;PF0463070/30XFL1025;70/3 ELAS RIT FLEXY PA 6 - METALLIC 8118;KG;41,7899990081787;355,23
Winsocks srl;PF0463070/30XFL1026;70/3 ELAS RIT FLEXY PA 6 - ELEFANTE 8111;KG;20,5199995040894;174,42
Winsocks srl;PF0463070/30XFL1027;70/3 ELAS RIT FLEXY PA 6 - MARRON 1231;KG;21,6799998283386;184,28
Winsocks srl;PF0463070/30XFL1028;70/3 ELAS RIT FLEXY PA 6 - MARGHERITA E 52;KG;35,3299999237061;300,31
ATHENA CALZE SRL;;;;;
ATHENA CALZE SRL;PF0465070/20D661016;70/2 ELAS CUC 10000 PA 66 - NERO;KG;18,8900001645088;302,24
ATHENA CALZE SRL;PF0465070/20D661023;70/2 ELAS CUC 10000 PA 66 - ALTROSE 557;KG;19,5799996852875;313,28
SC CALZE SRL;;;;;
SC CALZE SRL;PF0470040/20XEX1017;40/2 ELAS RIT FLEXI PA 66 - NERO GS005;KG;268,760000705719;1437,88
SC CALZE SRL;PF0470040/20XEX1018;40/2 ELAS RIT FLEXI PA 66 - BLU NOTTE 111;KG;199,999999046326;1069,98
SC CALZE SRL;PF0470040/20XEX1019;40/2 ELAS RIT FLEXI PA 66 - BEIGE 605;KG;19,75;105,66
SC CALZE SRL;PF0470040/20XEX1020;40/2 ELAS RIT FLEXI PA 66 - BIANCO CA010;KG;170,699999332428;913,26
SC CALZE SRL;PF0470040/20XEX1037;40/2 ELAS RIT FLEXI PA 66 - GRIGIO MEDIO 107;KG;15,6200003623962;83,57
SC CALZE SRL;PF0470040/20XEX1040;40/2 ELAS RIT FLEXI PA 66 PRIMETTA - ANTRACITE 104;KG;59,7599997520447;319,71
SC CALZE SRL;PF0470070/10A661017;70/1 ELAS APE PA 66 - NERO GS005;KG;27,6100006103516;153,24
ONEBUSINESS SRL;;;KG;160;-1248
ONEBUSINESS SRL;;;;0;0
ONEBUSINESS SRL;PF0483070/20IP61016;70/2 ELAS INT. PA 6 - ANTRACITE A CAMPIONE;KG;70,6800000667572;537,18
ONEBUSINESS SRL;PF0483070/20IP61017;70/2 ELAS INT. PA 6 - BLU MEDIO A CAMPIONE;KG;106,64999961853;810,52
ONEBUSINESS SRL;PF0483070/20IP61019;70/2 ELAS INT. PA 6 - BLU A CAMPIONE 2019;KG;97,0799987316132;737,79
ONEBUSINESS SRL;PF0483070/20IP61020;70/2 ELAS INT. PA 6 - E 13 INDACO;KG;106,740000486374;811,21
ONEBUSINESS SRL;PF0483070/20IP61021;70/2 ELAS INT. PA 6 - NAVY E 12;KG;292,910000801086;2284,7
ONEBUSINESS SRL;PF0483070/20IP61022;70/2 ELAS INT. PA 6 - GIALLO FLUO E 99;KG;49,4400005340576;385,63
ONEBUSINESS SRL;PF0483070/20IP61023;70/2 ELAS INT. PA 6 - VERDE FLUO E 98;KG;14,6099996566772;113,96
ONEBUSINESS SRL;PF0483070/20IP61025;70/2 ELAS INT. PA 6 - FUXIA FLUO E 672;KG;52,4199998378754;408,87
ONEBUSINESS SRL;PF0483070/20IP61029;70/2 ELAS INT. PA 6 - E 65 BURRASCA;KG;27,2799996137619;212,78
ONEBUSINESS SRL;PF0483070/20IP61030;70/2 ELAS INT. PA 6 - GRIGIO MEDIO A CAMPIONE;KG;102,160000324249;796,85
ONEBUSINESS SRL;PF0483070/20XP61027;70/2 ELAS RIT PA 6 - E 61 ARGENTO;KG;14,4700002670288;123
ONEBUSINESS SRL;PF0483070/20XP61028;70/2 ELAS RIT PA 6 - E 63 ACCIAIO;KG;7,98999977111816;67,92
ONEBUSINESS SRL;PR04830006;;;0;93,17
GIANTEX SRL;;;;;
GIANTEX SRL;PF0484070/10A661006;70/1 ELAS APE PA 66 - CIELO/TR;KG;318,299998879433;3342,26
GIANTEX SRL;PF0484070/10A661009;70/1 ELAS APE PA 66 - TANNIN;KG;30,6799993515015;322,14
GIANTEX SRL;PF0484070/10A661010;70/1 ELAS APE PA 66 - FUXIA FLUO;KG;26,8199996948242;281,62
GIANTEX SRL;PF0484070/10A661011;70/1 ELAS APE PA 66 - ARANCIO FLUO;KG;25,9399995803833;272,38
GIANTEX SRL;PF0484070/10A661012;70/1 ELAS APE PA 66 - VERDE FLUO;KG;25,0199995040894;262,71
GIANTEX SRL;PF0484070/10A661013;70/1 ELAS APE PA 66 - GIALLO FLUO;KG;21,8800001144409;229,75
GIANTEX SRL;PR04840006;;;0;49,83
PIROVANO SRL;;;NR;1;0
PIROVANO SRL;;;;0;0
FILATI ELASTICI MAGHINA SRL;;;;;
FILATI ELASTICI MAGHINA SRL;PF0489040/10A661003;40/1 ELAS APE PA 66 - 65 BLU CHIARO;KG;61,5299997329712;679,9
FILATI ELASTICI MAGHINA SRL;PF0489040/10A661004;40/1 ELAS APE PA 66 - 2017 ARGENTO;KG;218,579999923706;2415,32
FILATI ELASTICI MAGHINA SRL;PF0489040/10A661007;40/1 ELAS APE PA 66 - 12 ROYAL;KG;56,2699998617172;621,79
FILATI ELASTICI MAGHINA SRL;PF0489040/10A661011;40/1 ELAS APE PA 66 - 17 BORDO';KG;51,0699990987778;564,32
FILATI ELASTICI MAGHINA SRL;PF0489040/10A661016;40/1 ELAS APE PA 66 - 2012 GRIGIO MEDIO;KG;692,980002880096;7657,45
FILATI ELASTICI MAGHINA SRL;PF0489040/10A661048;40/1 ELAS APE PA 66 - SACCO 2618;KG;72,1399993896484;797,15
FILATI ELASTICI MAGHINA SRL;PF0489040/10A661050;40/1 ELAS APE PA 66 - 2710 FUXIA;KG;55,4999995231628;613,27
FILATI ELASTICI MAGHINA SRL;PF0489040/10A661065;40/1 ELAS APE PA 66 - T.MORO 2332;KG;61,0799994468689;674,94
FILATI ELASTICI MAGHINA SRL;PF0489040/10A661072;40/1 ELAS APE PA 66 - 2709 GLICINE;KG;62,1900005340576;687,21
FILATI ELASTICI MAGHINA SRL;PF0489040/10A661073;40/1 ELAS APE PA 66 - 2064 V. BANDIERA;KG;51,9300003051758;573,84
FILATI ELASTICI MAGHINA SRL;PF0489040/10A661074;40/1 ELAS APE PA 66 - 2617 BRONZATO;KG;62,970000743866;695,81
FILATI ELASTICI MAGHINA SRL;PF0489040/10A661075;40/1 ELAS APE PA 66 - OCEANO CAMP;KG;79,3200006484985;876,48
FILATI ELASTICI MAGHINA SRL;PF0489070/10A661003;70/1 ELAS APE PA 66 - 65 BLU CHIARO;KG;109,789999961853;1048,49
FILATI ELASTICI MAGHINA SRL;PF0489070/10A661007;70/1 ELAS APE PA 66 - 12 ROYAL;KG;57,8100001811981;552,09
FILATI ELASTICI MAGHINA SRL;PF0489070/10A661008;70/1 ELAS APE PA 66 - 55 GRANATA;KG;56,010000705719;534,91
FILATI ELASTICI MAGHINA SRL;PF0489070/10A661009;70/1 ELAS APE PA 66 - 21 CORDA;KG;533,45999789238;5094,54
FILATI ELASTICI MAGHINA SRL;PF0489070/10A661011;70/1 ELAS APE PA 66 - 17 BORDO';KG;57,4599993228912;548,74
FILATI ELASTICI MAGHINA SRL;PF0489070/10A661012;70/1 ELAS APE PA 66 - 03 GRIGIO PERLA;KG;111,639999389648;1066,17
FILATI ELASTICI MAGHINA SRL;PF0489070/10A661014;70/1 ELAS APE PA 66 - 70 V. INGLESE;KG;114,840001225471;1096,73
FILATI ELASTICI MAGHINA SRL;PF0489070/10A661015;70/1 ELAS APE PA 66 - 06 ANTRACITE;KG;113,009999275208;1079,25
FILATI ELASTICI MAGHINA SRL;PF0489070/10A661019;70/1 ELAS APE PA 66 - 31 VERDE;KG;63,3600001335144;605,08
FILATI ELASTICI MAGHINA SRL;PF0489070/10A661021;70/1 ELAS APE PA 66 - 19 GIALLONE;KG;162,349999904633;1550,45
FILATI ELASTICI MAGHINA SRL;PF0489070/10A661023;70/1 ELAS APE PA 66 - 16 ROSSO;KG;58,6799993515015;560,39
FILATI ELASTICI MAGHINA SRL;PF0489070/10A661028;70/1 ELAS APE PA 66 - 60 BRUCIATO;KG;88,7600021362305;847,66
FILATI ELASTICI MAGHINA SRL;PF0489070/10A661029;70/1 ELAS APE PA 66 - 41 CORALLO;KG;254,139999628067;2427,03
FILATI ELASTICI MAGHINA SRL;PF0489070/10A661038;70/1 ELAS APE PA 66 - 53 OCEANO;KG;58,1799993515015;555,63
FILATI ELASTICI MAGHINA SRL;PF0489070/10A661039;70/1 ELAS APE PA 66 - PERVINCA 08;KG;55,3800001144409;528,88
FILATI ELASTICI MAGHINA SRL;PF0489070/10A661041;70/1 ELAS APE PA 66 - 14 ROSA CARICO;KG;411,579997301102;3930,59
FILATI ELASTICI MAGHINA SRL;PF0489070/10A661043;70/1 ELAS APE PA 66 - 59 SENAPE;KG;28,7299995422363;274,37
FILATI ELASTICI MAGHINA SRL;PF0489070/10A661044;70/1 ELAS APE PA 66 - 34 VERDE;KG;59,9999995231628;573
FILATI ELASTICI MAGHINA SRL;PF0489070/10A661046;70/1 ELAS APE PA 66 - 22 OCRA;KG;23,1199998855591;220,8
FILATI ELASTICI MAGHINA SRL;PF0489070/10A661052;70/1 ELAS APE PA 66 - 44 FUXIA;KG;42,3400001525879;404,35
FILATI ELASTICI MAGHINA SRL;PF0489070/10A661055;70/1 ELAS APE PA 66 - CRUISE T001 PETROLIO - TON;KG;42,5399997234344;406,26
FILATI ELASTICI MAGHINA SRL;PF0489070/10A661056;70/1 ELAS APE PA 66 - CORDA 20;KG;113,290001392365;1081,93
FILATI ELASTICI MAGHINA SRL;PF0489070/10A661058;70/1 ELAS APE PA 66 - COGNAC 56;KG;57,2799997329712;547,02
FILATI ELASTICI MAGHINA SRL;PF0489070/10A661063;70/1 ELAS APE PA 66 - GIALLO FLUORESCENTE 62;KG;59,4800004959106;568,03
FILATI ELASTICI MAGHINA SRL;PF0489070/10A661071;70/1 ELAS APE PA 66 - VERDE 5;KG;35,5200004577637;339,22
FILATI ELASTICI MAGHINA SRL;PF04890701A0I661069;78/60/1 AMNI SOUL ECO INT. PA 66 - GREGGIO;KG;11,7700004577637;107,11
FILATI ELASTICI MAGHINA SRL;PF04890701A0I661070;78/60/1 AMNI SOUL ECO INT. PA 66 - NERO;KG;11,25;230,63
FILATI ELASTICI MAGHINA SRL;PF0489100/10A661001;100/1 ELAS APE PA 66 - 71 ROSA CONFETTO;KG;45,3999998569489;429,03
FILATI ELASTICI MAGHINA SRL;PF0489100/10A661002;100/1 ELAS APE PA 66 - NOCE 37;KG;58,7899998426437;555,56
FILATI ELASTICI MAGHINA SRL;PF0489100/10A661009;100/1 ELAS APE PA 66 - 21 CORDA;KG;46,2999992370605;437,53
FILATI ELASTICI MAGHINA SRL;PF0489100/10A661010;100/1 ELAS APE PA 66 - 15 ARANCIO;KG;37,9300003051758;358,44
FILATI ELASTICI MAGHINA SRL;PF0489100/10A661012;100/1 ELAS APE PA 66 - 03 GRIGIO PERLA;KG;61,9700002670288;585,62
FILATI ELASTICI MAGHINA SRL;PF0489100/10A661013;100/1 ELAS APE PA 66 - 05 GRIGIO TOPO;KG;64,5100002288818;609,62
FILATI ELASTICI MAGHINA SRL;PF0489100/10A661015;100/1 ELAS APE PA 66 - 06 ANTRACITE;KG;169,660000324249;1603,28
FILATI ELASTICI MAGHINA SRL;PF0489100/10A661022;100/1 ELAS APE PA 66 - 04 GRIGIO MEDIO;KG;124,230000495911;1173,98
FILATI ELASTICI MAGHINA SRL;PF0489100/10A661023;100/1 ELAS APE PA 66 - 16 ROSSO;KG;44,5299997329712;420,81
FILATI ELASTICI MAGHINA SRL;PF0489100/10A661028;100/1 ELAS APE PA 66 - 60 BRUCIATO;KG;26,9800004959106;254,96
FILATI ELASTICI MAGHINA SRL;PF0489100/10A661031;100/1 ELAS APE PA 66 - 07 NERO;KG;525,070003271103;4961,89
FILATI ELASTICI MAGHINA SRL;PF0489100/10A661033;100/1 ELAS APE PA 66 - 35 VERDINO;KG;39,3199996948242;371,58
FILATI ELASTICI MAGHINA SRL;PF0489100/10A661035;100/1 ELAS APE PA 66 - 02 CANDIDO;KG;80,4000010490417;759,78
FILATI ELASTICI MAGHINA SRL;PF0489100/10A661037;100/1 ELAS APE PA 66 - 11 AVIO;KG;110,640000581741;1045,56
FILATI ELASTICI MAGHINA SRL;PF0489100/10A661038;100/1 ELAS APE PA 66 - 53 OCEANO;KG;65,8199999332428;622
FILATI ELASTICI MAGHINA SRL;PF0489100/10A661044;100/1 ELAS APE PA 66 - 34 VERDE;KG;35,1499996185303;332,17
FILATI ELASTICI MAGHINA SRL;PF0489100/10A661068;100/1 ELAS APE PA 66 - 13 BLU;KG;50,3699989318848;476
FILATI ELASTICI MAGHINA SRL;PF0489786010IQN1069;78/60/1 ELAS INT. QNOVA GRS 60 PA 66 - GREGGIO;KG;11,2600002288818;79,95
FILATI ELASTICI MAGHINA SRL;PF0489786010IQN1070;78/60/1 ELAS INT. QNOVA GRS 60 PA 66 - NERO;KG;11,9200000762939;184,76
FILATI ELASTICI MAGHINA SRL;PR04890006;;;0;44,61
NASTRITESSUTI SRL;;;;;
NASTRITESSUTI SRL;PF0490070/20XP61007;70/2 ELAS RIT PA 6 - CIPOLLA 5594;KG;33,9799995422363;302,43
NASTRITESSUTI SRL;PF0490786020LEX1010;78/60/2 QNOVA LEG.INTERL FLEXI GRS 60 PA 66 - BLU SCILLE 5658;KG;20,6699995994568;279,05
NASTRITESSUTI SRL;PF0490786020LEX1011;78/60/2 QNOVA LEG.INTERL FLEXI GRS 60 PA 66 - AZZURRO NATTIER 5659;KG;19,9299998283386;269,06
NASTRITESSUTI SRL;PF0490786020LEX1013;78/60/2 QNOVA LEG.INTERL FLEXI GRS 60 PA 66 - FARINE 5680;KG;21,1200003623962;285,13
NASTRITESSUTI SRL;PF0490786020LEX1014;78/60/2 QNOVA LEG.INTERL FLEXI GRS 60 PA 66 - ROSSO GROSEILLER 5681;KG;18,8699998855591;254,75
NASTRITESSUTI SRL;PF0490786820M661012;78/68/2  RIT 200 GIRI PA 66 - GRIGIO SF95;KG;21,7299990653992;325,95
AGAV SRL;;;;;
AGAV SRL;PF0496070/10A661005;70/1 ELAS APE PA 66 - NAVY 1010;KG;752,620000123978;7526,2
AGAV SRL;PF0496070/10A661008;70/1 ELAS APE PA 66 - LIME 13-0651 TCX;KG;57,5799999237061;575,8
AGAV SRL;PF0496070/10A661009;70/1 ELAS APE PA 66 - BRIGHT RED 19-1663 TCX;KG;718,200000286102;7182
AGAV SRL;PF0496070/10A661010;70/1 ELAS APE PA 66 - BALENCIAGA GREY 16-4703TCX;KG;1966,81999719143;19668,2
AGAV SRL;PF0496070/10A661011;70/1 ELAS APE PA 66 - FUXIA FLUO 610;KG;23,3100004196167;233,1
AGAV SRL;PF0496070/10A661012;70/1 ELAS APE PA 66 - ROSSO 7;KG;165,130000591278;1651,3
AGAV SRL;PF0496070/10A661013;70/1 ELAS APE PA 66 - 8158 PRUGNA;KG;543,110002875328;5431,1
AGAV SRL;PF0496070/10A661014;70/1 ELAS APE PA 66 - GIALLO FLUO E 99;KG;549,560000658035;6298
AGAV SRL;PF0496070/10A661016;70/1 ELAS APE PA 66 - SCREEN BLUE 18-4250 TCX;KG;391,130000829697;3911,3
AGAV SRL;PF0496070/10A661017;70/1 ELAS APE PA 66 - ACIDO 22;KG;57,0499992370605;570,5
AGAV SRL;PF0496070/10A661019;70/1 ELAS APE PA 66 - VERDE ACIDO 100 FLUO;KG;35,5400004386902;355,4
AGAV SRL;PF0496070/10A661020;70/1 ELAS APE PA 66 - SCREEN BLUE 18-4250 TCX NEW;KG;381,190000534058;3811,9
AGAV SRL;PF0496786010IQN1018;78/60/1 ELAS INT. QNOVA GRS 60 PA 66 - NERO;KG;45,8800005912781;711,16
AGAV SRL;PF0496786020LEX1018;78/60/2 QNOVA LEG.INTERL FLEXI GRS 60 PA 66 - NERO;KG;20,289999961853;284,06
AGAV SRL;PR04960006;;;0;339,65
CALZIFICIO M BRESCIANI SRL;;;KG;35,9700012207031;-647,46
CALZIFICIO M BRESCIANI SRL;;;kg;21,4200000762939;-313,8
CALZIFICIO M BRESCIANI SRL;;;NR;;18
CALZIFICIO M BRESCIANI SRL;;;;0;0
CALZIFICIO M BRESCIANI SRL;PF0507040/10A661013;40/1 ELAS APE PA 66 - BLU 691;KG;65,6899988651276;1182,42
CALZIFICIO M BRESCIANI SRL;PF0507040/10A661036;40/1 ELAS APE PA 66 - 025 MARRONE;KG;20,8100004196167;374,58
CALZIFICIO M BRESCIANI SRL;PF0507040/10A661064;40/1 ELAS APE PA 66 - 190 AVIO A CAMPIONE;KG;12,82000041008;230,76
CALZIFICIO M BRESCIANI SRL;PF0507040/10A661065;40/1 ELAS APE PA 66 - 105 SABBIA A CAMPIONE;KG;22,0799999237061;397,44
CALZIFICIO M BRESCIANI SRL;PF0507040/10A661067;40/1 ELAS APE PA 66 - 799 OCTANE A CAMPIONE;KG;15,7099995613098;282,78
CALZIFICIO M BRESCIANI SRL;PF0507040/10A661068;40/1 ELAS APE PA 66 - E 67 VERDE;KG;12,5500003099442;225,9
CALZIFICIO M BRESCIANI SRL;PF0507040/10A661070;40/1 ELAS APE PA 66 - E73 ROSA A CAMPIONE;KG;1,00999999046326;35
CALZIFICIO M BRESCIANI SRL;PF0507040/10A661071;40/1 ELAS APE PA 66 - NL022 OCRA;KG;1,00999999046326;35
CALZIFICIO M BRESCIANI SRL;PF0507040/10A661073;40/1 ELAS APE PA 66 - MOKA 125;KG;12,3300004005432;221,94
CALZIFICIO M BRESCIANI SRL;PF0507040/10A661074;40/1 ELAS APE PA 66 - 083 MANDARINO;KG;1,00999999046326;35
CALZIFICIO M BRESCIANI SRL;PF0507040/10A661075;40/1 ELAS APE PA 66 - E 70 IRLANDA;KG;1,00999999046326;35
CALZIFICIO M BRESCIANI SRL;PF0507040/10A661076;40/1 ELAS APE PA 66 - 016 GIALLO;KG;1,00999999046326;35
CALZIFICIO M BRESCIANI SRL;PF0507040/10A661077;40/1 ELAS APE PA 66 - 093 SILVER;KG;1,00999999046326;35
CALZIFICIO M BRESCIANI SRL;PF0507040/10A661078;40/1 ELAS APE PA 66 - 071 ACIDO;KG;1,00999999046326;35
CALZIFICIO M BRESCIANI SRL;PF0507040/20XEX1024;40/2 ELAS RIT FLEXI PA 66 - 018 BLUETTE A CAMPIONE;KG;17,8400001525879;252,43
CALZIFICIO M BRESCIANI SRL;PF0507040/20XEX1028;40/2 ELAS RIT FLEXI PA 66 - 005 GRIGIO MEDIO;KG;40,5000011920929;573,07
CALZIFICIO M BRESCIANI SRL;PF0507040/20XEX1035;40/2 ELAS RIT FLEXI PA 66 - 001 BLU X 40/2;KG;19,2300000190735;272,1
CALZIFICIO M BRESCIANI SRL;PF0507060/20XEX1011;60/2 ELAS RIT FLEXI PA 66 - E 66 ROYAL A CAMPIONE;KG;1,00999999046326;35
CALZIFICIO M BRESCIANI SRL;PF0507060/20XEX1013;60/2 ELAS RIT FLEXI PA 66 - BLU 691;KG;2,01999998092651;70
CALZIFICIO M BRESCIANI SRL;PF0507060/20XEX1015;60/2 ELAS RIT FLEXI PA 66 - 014 NERO;KG;2,01999998092651;70
CALZIFICIO M BRESCIANI SRL;PF0507060/20XEX1023;60/2 ELAS RIT FLEXI PA 66 - E84 CIPOLLA;KG;1,00999999046326;35
CALZIFICIO M BRESCIANI SRL;PF0507060/20XEX1024;60/2 ELAS RIT FLEXI PA 66 - 018 BLUETTE A CAMPIONE;KG;2,01999998092651;70
CALZIFICIO M BRESCIANI SRL;PF0507060/20XEX1025;60/2 ELAS RIT FLEXI PA 66 - 019 AVIO;KG;1,00999999046326;35
CALZIFICIO M BRESCIANI SRL;PF0507060/20XEX1033;60/2 ELAS RIT FLEXI PA 66 - 003 MORO;KG;1,00999999046326;30
CALZIFICIO M BRESCIANI SRL;PF0507060/20XEX1035;60/2 ELAS RIT FLEXI PA 66 - 001 BLU X 40/2;KG;2,01999998092651;70
CALZIFICIO M BRESCIANI SRL;PF0507060/20XEX1036;60/2 ELAS RIT FLEXI PA 66 - 025 MARRONE;KG;1,00999999046326;35
CALZIFICIO M BRESCIANI SRL;PF0507060/20XEX1039;60/2 ELAS RIT FLEXI PA 66 - 006 PERLA;KG;1,00999999046326;35
CALZIFICIO M BRESCIANI SRL;PF0507060/20XEX1049;60/2 ELAS RIT FLEXI PA 66 - E86 MIRTILLO A CAMPIONE;KG;2,01999998092651;70
CALZIFICIO M BRESCIANI SRL;PF0507060/20XEX1065;60/2 ELAS RIT FLEXI PA 66 - 105 SABBIA A CAMPIONE;KG;1,00999999046326;35
CALZIFICIO M BRESCIANI SRL;PF0507060/20XEX1072;60/2 ELAS RIT FLEXI PA 66 - 2863 A CAMPIONE;KG;1,00999999046326;35
CALZIFICIO M BRESCIANI SRL;PF0507070/20XEX1077;70/2 ELAS RIT FLEXI PA 66 - 093 SILVER;KG;1,00999999046326;35
CALZIFICIO M BRESCIANI SRL;PR05070001;;;0;119,83
CALZIFICIO TATIANA di Quecchia Davide;;;;;
CALZIFICIO TATIANA di Quecchia Davide;PF0514782TA0IEX1018;78/48/2 EL TACTEL INT. FLEXI PA 66 - GIALLO FLUO E 99;KG;21,9300003051758;296,06
CALZIFICIO TATIANA di Quecchia Davide;PR05140006;;;0;21,93
ARTEMISIA SRL;;;;;
ARTEMISIA SRL;PF0530070/20X661005;70/2 ELAS RIT PA 66 - OPAL 19-4121 TCX;KG;19,5300004482269;183,58
ARTEMISIA SRL;PF0530070/20X661015;70/2 ELAS RIT PA 66 - POPPY 18-1664 TCX;KG;18,7500004768372;176,25
ARTEMISIA SRL;PF0530070/20X661021;70/2 ELAS RIT PA 66 - PINE 18-5410 TCX;KG;16,2199997901917;152,46
ARTEMISIA SRL;PF0530070/20X661022;70/2 ELAS RIT PA 66 - GRASS GREEN 17-6219 TCX;KG;15,7799997329712;148,34
ARTEMISIA SRL;PF0530070/20X661023;70/2 ELAS RIT PA 66 - JASMINE GREEN 15-0545 TCX;KG;20,4199995994568;191,94
ARTEMISIA SRL;PF0530070/20X661025;70/2 ELAS RIT PA 66 - TOPAZ 17-4421 TCX;KG;17,2699995040894;162,34
ARTEMISIA SRL;PF0530070/20X661026;70/2 ELAS RIT PA 66 - CELESTIAN BLUE 15-4005 TCX;KG;16,350000500679;153,69
ARTEMISIA SRL;PF0530070/20X661027;70/2 ELAS RIT PA 66 - KALE 18-0107 TCX;KG;17,4100000858307;163,66
ARTEMISIA SRL;PF0530070/20X661028;70/2 ELAS RIT PA 66 - LIME GREEN 14-0244 TCX;KG;17,0000002384186;159,8
ARTEMISIA SRL;PF0530070/20X661029;70/2 ELAS RIT PA 66 - SAFFRON 18-1449 TCX;KG;16,0299997329712;150,69
ARTEMISIA SRL;PF0530070/20X661030;70/2 ELAS RIT PA 66 - GOJI 18-1763 TCX;KG;16,8699996471405;158,58
ARTEMISIA SRL;PF0530070/20X661031;70/2 ELAS RIT PA 66 - RED PLUM 19-2025 TCX;KG;16,1500000953674;151,81
ARTEMISIA SRL;PF0530070/20X661032;70/2 ELAS RIT PA 66 - BLUSH 17-1609 TCX;KG;14,8399999141693;139,5
ARTEMISIA SRL;PF0530070/20X661033;70/2 ELAS RIT PA 66 - MAPLE 17-1145 TCX;KG;20,7900009155273;195,43
ARTEMISIA SRL;PF0530070/20X661034;70/2 ELAS RIT PA 66 - NIRVANA 17-3808 TPX;KG;19,2699997425079;181,13
ARTEMISIA SRL;PF0530070/20X661035;70/2 ELAS RIT PA 66 - BRITANY BLU 18-5610 TPX;KG;19,1600000858307;180,1
ARTEMISIA SRL;PF0530070/20X661036;70/2 ELAS RIT PA 66 - CANYON ROSE 17-1520 TPX;KG;19,3999996185303;182,36
ARTEMISIA SRL;PF0530070/20X661037;70/2 ELAS RIT PA 66 - SCARLET FLUO;KG;18,3600001335144;172,58
ARTEMISIA SRL;PF0530844810ÌP61005;84/48/1 S BECOOL FLEXY PA 6 - OPAL 19-4121 TCX;KG;198,310000658035;3430,76
ARTEMISIA SRL;PF0530844810ÌP61008;84/48/1 S BECOOL FLEXY PA 6 - PACIFIC BLUE 16-4519 TCX;KG;29,6899995803833;513,64
ARTEMISIA SRL;PF0530844810ÌP61013;84/48/1 S BECOOL FLEXY PA 6 - WINE 19-1725 TCX;KG;14,8500003814697;256,9
ARTEMISIA SRL;PF0530844810ÌP61014;84/48/1 S BECOOL FLEXY PA 6 - ORCHID 18-1856 TCX;KG;13,5900001525879;235,11
ARTEMISIA SRL;PF0530844810ÌP61015;84/48/1 S BECOOL FLEXY PA 6 - POPPY 18-1664 TCX;KG;68,2300008535385;1180,38
ARTEMISIA SRL;PF0530844810ÌP61016;84/48/1 S BECOOL FLEXY PA 6 - CHILI 19-1531 TCX;KG;15,1699998378754;262,44
ARTEMISIA SRL;PF0530844810ÌP61017;84/48/1 S BECOOL FLEXY PA 6 - HIBISCUS 18-1762 TCX;KG;14,3100004196167;247,56
ARTEMISIA SRL;PF0530844810ÌP61020;84/48/1 S BECOOL FLEXY PA 6 - AQUARIUS 19-4049 TCX;KG;41,5600004196167;718,99
ARTEMISIA SRL;PF0530844810ÌP61021;84/48/1 S BECOOL FLEXY PA 6 - PINE 18-5410 TCX;KG;70,7600002288818;1224,14
ARTEMISIA SRL;PF0530844810ÌP61022;84/48/1 S BECOOL FLEXY PA 6 - GRASS GREEN 17-6219 TCX;KG;13,9499998092651;241,34
ARTEMISIA SRL;PF0530844810ÌP61023;84/48/1 S BECOOL FLEXY PA 6 - JASMINE GREEN 15-0545 TCX;KG;49,1600008010864;850,48
ARTEMISIA SRL;PF0530844810ÌP61024;84/48/1 S BECOOL FLEXY PA 6 - SPACE BLUE 19-4241 TCX;KG;14,9499998092651;258,64
ARTEMISIA SRL;PF0530844810ÌP61025;84/48/1 S BECOOL FLEXY PA 6 - TOPAZ 17-4421 TCX;KG;15,6800000071526;271,27
ARTEMISIA SRL;PF0530844810ÌP61026;84/48/1 S BECOOL FLEXY PA 6 - CELESTIAN BLUE 15-4005 TCX;KG;14,5100002288818;251,02
ARTEMISIA SRL;PF0530844810ÌP61027;84/48/1 S BECOOL FLEXY PA 6 - KALE 18-0107 TCX;KG;13,8000001907349;238,74
ARTEMISIA SRL;PF0530844810ÌP61028;84/48/1 S BECOOL FLEXY PA 6 - LIME GREEN 14-0244 TCX;KG;13,6800003051758;236,66
ARTEMISIA SRL;PF0530844810ÌP61029;84/48/1 S BECOOL FLEXY PA 6 - SAFFRON 18-1449 TCX;KG;14,710000038147;254,48
ARTEMISIA SRL;PF0530844810ÌP61030;84/48/1 S BECOOL FLEXY PA 6 - GOJI 18-1763 TCX;KG;14,6499996185303;253,45
ARTEMISIA SRL;PF0530844810ÌP61031;84/48/1 S BECOOL FLEXY PA 6 - RED PLUM 19-2025 TCX;KG;12,4099998474121;214,69
ARTEMISIA SRL;PF0530844810ÌP61032;84/48/1 S BECOOL FLEXY PA 6 - BLUSH 17-1609 TCX;KG;13,1499996185303;227,5
ARTEMISIA SRL;PF0530844810ÌP61033;84/48/1 S BECOOL FLEXY PA 6 - MAPLE 17-1145 TCX;KG;14,1599998474121;244,97
ARTEMISIA SRL;PF05308448Z0ÌP61005;84/48/1 Z BECOOL FLEXY PA 6 - OPAL 19-4121 TCX;KG;180,650000214577;3125,26
ARTEMISIA SRL;PF05308448Z0ÌP61008;84/48/1 Z BECOOL FLEXY PA 6 - PACIFIC BLUE 16-4519 TCX;KG;29,2399997711182;505,85
ARTEMISIA SRL;PF05308448Z0ÌP61013;84/48/1 Z BECOOL FLEXY PA 6 - WINE 19-1725 TCX;KG;16,3199996948242;282,34
ARTEMISIA SRL;PF05308448Z0ÌP61014;84/48/1 Z BECOOL FLEXY PA 6 - ORCHID 18-1856 TCX;KG;15,9999997019768;276,8
ARTEMISIA SRL;PF05308448Z0ÌP61015;84/48/1 Z BECOOL FLEXY PA 6 - POPPY 18-1664 TCX;KG;68,1099992990494;1178,3
ARTEMISIA SRL;PF05308448Z0ÌP61016;84/48/1 Z BECOOL FLEXY PA 6 - CHILI 19-1531 TCX;KG;15,7100001573563;271,78
ARTEMISIA SRL;PF05308448Z0ÌP61017;84/48/1 Z BECOOL FLEXY PA 6 - HIBISCUS 18-1762 TCX;KG;15,6800003051758;271,26
ARTEMISIA SRL;PF05308448Z0ÌP61020;84/48/1 Z BECOOL FLEXY PA 6 - AQUARIUS 19-4049 TCX;KG;39,7300001084805;687,33
ARTEMISIA SRL;PF05308448Z0ÌP61021;84/48/1 Z BECOOL FLEXY PA 6 - PINE 18-5410 TCX;KG;68,1500005125999;1179,01
ARTEMISIA SRL;PF05308448Z0ÌP61022;84/48/1 Z BECOOL FLEXY PA 6 - GRASS GREEN 17-6219 TCX;KG;15,1099996566772;261,4
ARTEMISIA SRL;PF05308448Z0ÌP61023;84/48/1 Z BECOOL FLEXY PA 6 - JASMINE GREEN 15-0545 TCX;KG;51,9999990463257;899,6
ARTEMISIA SRL;PF05308448Z0ÌP61024;84/48/1 Z BECOOL FLEXY PA 6 - SPACE BLUE 19-4241 TCX;KG;15,3100004196167;264,86
ARTEMISIA SRL;PF05308448Z0ÌP61025;84/48/1 Z BECOOL FLEXY PA 6 - TOPAZ 17-4421 TCX;KG;15,9300002455711;275,59
ARTEMISIA SRL;PF05308448Z0ÌP61026;84/48/1 Z BECOOL FLEXY PA 6 - CELESTIAN BLUE 15-4005 TCX;KG;14,5600004196167;251,89
ARTEMISIA SRL;PF05308448Z0ÌP61027;84/48/1 Z BECOOL FLEXY PA 6 - KALE 18-0107 TCX;KG;14,6099996566772;252,75
ARTEMISIA SRL;PF05308448Z0ÌP61028;84/48/1 Z BECOOL FLEXY PA 6 - LIME GREEN 14-0244 TCX;KG;14,3400001525879;248,08
ARTEMISIA SRL;PF05308448Z0ÌP61029;84/48/1 Z BECOOL FLEXY PA 6 - SAFFRON 18-1449 TCX;KG;14,6400003433228;253,27
ARTEMISIA SRL;PF05308448Z0ÌP61030;84/48/1 Z BECOOL FLEXY PA 6 - GOJI 18-1763 TCX;KG;14,8100004196167;256,21
ARTEMISIA SRL;PF05308448Z0ÌP61031;84/48/1 Z BECOOL FLEXY PA 6 - RED PLUM 19-2025 TCX;KG;15,9799995422363;276,45
ARTEMISIA SRL;PF05308448Z0ÌP61032;84/48/1 Z BECOOL FLEXY PA 6 - BLUSH 17-1609 TCX;KG;13,9900003671646;242,03
ARTEMISIA SRL;PF05308448Z0ÌP61033;84/48/1 Z BECOOL FLEXY PA 6 - MAPLE 17-1145 TCX;KG;15,3800001144409;266,07
ARTEMISIA SRL;PR05300006;;;0;9,18
STRUMPF DIRKS GmbH;;;NR;;45
STRUMPF DIRKS GmbH;;;;;
STRUMPF DIRKS GmbH;PF0545020/10A661000;20/1 ELAS APE PA 66 - BLUETTE;KG;2,01999998092651;54
STRUMPF DIRKS GmbH;PF0545030/10A661000;30/1 ELAS APE PA 66 - BLUETTE;KG;2,01999998092651;46
STRUMPF DIRKS GmbH;PF0545040/10A661000;40/1 ELAS APE PA 66 - BLUETTE;KG;2,01999998092651;26
STRUMPF DIRKS GmbH;PF0545786810I661000;78/68/1 ELAS INT. PA 66 - BLUETTE;KG;1,00999999046326;13
STRUMPF DIRKS GmbH;PF0545786810IZP1000;78/68/1 ELAS INT. Z PA 66 - BLUETTE;KG;1,00999999046326;13
Calzificio Braga Srl;;;;;
Calzificio Braga Srl;PF0553441TA0I661001;44/34/1 ELAS TACTEL INT. PA 66 - NERO;KG;6,53999996185303;104,64
Calzificio Braga Srl;PF0553443410I661003;44/34/1 ELAS INT. PA 66 - 2223 OLTREMARE;KG;38,9899997711182;584,85
Calzificio Braga Srl;PF05534434T0IEX1002;44/34/1 EL TACTEL INT. FLEXI PA 66 - NERO;KG;1,60000002384186;24
Calzificio Braga Srl;PF0553563410S661002;56/34/1 FLEXY RIT SIN PA 66 - NERO;KG;19,3000001907349;275,99
Calzificio Braga Srl;PF0553601TA0IEX1002;60/60/1 ELAS TACTEL INT. FLEXI PA 66 - NERO;KG;2,28999996185303;33,21
Calzificio Braga Srl;PF0553781TA0IEX1002;78/68/1 EL TACTEL INT. FLEXI PA 66 - NERO;KG;3,01999998092651;42,28
CALZIFICIO BIASCO SRL;;;;;
CALZIFICIO BIASCO SRL;PF0566070/20XFL1000;70/2 ELAS RIT FLEXY PA 6 - ROYAL 6080;KG;42,3999996185303;385,84
CALZIFICIO BIASCO SRL;PF0566070/20XFL1001;70/2 ELAS RIT FLEXY PA 6 - MAGMA 3808;KG;42,0800008773804;382,93
CALZIFICIO BIASCO SRL;PF0566070/20XFL1002;70/2 ELAS RIT FLEXY PA 6 - BIANCO;KG;17,9200003147125;163,08
CALZIFICIO BIASCO SRL;PF0566070/20XFL1003;70/2 ELAS RIT FLEXY PA 6 - E 63 ACCIAIO;KG;40,7600002288818;370,92
CALZIFICIO BIASCO SRL;PF0566070/30XFL1002;70/3 ELAS RIT FLEXY PA 6 - BIANCO;KG;19,4300003051758;182,65
FILMAR SPA;;;KG;24;-168
FILMAR SPA;;;;0;0
FILMAR SPA;PF0570402EC0I661002;40/20/2 ELAS ECOCARE INT. PA 66 - TC001-Z0001;KG;104,729998826981;733,11
FILMAR SPA;PF0570402EC0I661004;40/20/2 ELAS ECOCARE INT. PA 66 - TC003-Z0007;KG;23,1900005340576;162,33
FILMAR SPA;PF0570402EC0I661006;40/20/2 ELAS ECOCARE INT. PA 66 - TC005-Z0134;KG;22,8499994277954;159,95
FILMAR SPA;PF0570402EC0I661008;40/20/2 ELAS ECOCARE INT. PA 66 - TC007-Z0048;KG;25,8399991989136;180,88
FILMAR SPA;PF0570402EC0I661011;40/20/2 ELAS ECOCARE INT. PA 66 - TC010-Z0190;KG;1,62999999523163;11,41
FILMAR SPA;PF0570402EC0I661012;40/20/2 ELAS ECOCARE INT. PA 66 - TC011-Z0063;KG;26,9700002670288;188,79
FILMAR SPA;PF0570402EC0I661016;40/20/2 ELAS ECOCARE INT. PA 66 - TC020-Z0230;KG;26,9300003051758;188,51
FILMAR SPA;PF0570402EC0I661019;40/20/2 ELAS ECOCARE INT. PA 66 - TC023-Z0208;KG;35,9499998092651;251,65
FILMAR SPA;PF0570402EC0I661021;40/20/2 ELAS ECOCARE INT. PA 66 - TC012-Z0088;KG;49,6400012969971;347,48
(NON USARE) - CALZIFICIO POTENZA SRL;;;;;
(NON USARE) - CALZIFICIO POTENZA SRL;PF0579040/20XEX1000;40/2 ELAS RIT FLEXI PA 66 - NERO;KG;58,9499998092651;618,99
(NON USARE) - CALZIFICIO POTENZA SRL;PF0579040/20XEX1001;40/2 ELAS RIT FLEXI PA 66 - BLU NOTTE 111;KG;63,0699996948242;662,24
(NON USARE) - CALZIFICIO POTENZA SRL;PF0579040/20XEX1002;40/2 ELAS RIT FLEXI PA 66 - ALLUMINIO 401;KG;20,6100001335144;216,41
(NON USARE) - CALZIFICIO POTENZA SRL;PF0579040/20XEX1003;40/2 ELAS RIT FLEXI PA 66 - ZUCCHERO 115;KG;20,2400002479553;212,53
(NON USARE) - CALZIFICIO POTENZA SRL;PF0579783QN0LEX1004;78/60/3 ELAS QNOVA LEG.INTERL FLEXI GRS 60 PA 66 - GREGGIO;KG;11,8100004196167;103,93
LA BLU SRL;;;;;
LA BLU SRL;PF0580070/20XFL1000;70/2 ELAS RIT FLEXY PA 6 - NERO;KG;26,3800001144409;240,06
M&G Calzificio di MACRI' GINO & C. (NON USARE);;;KG;138,729999542236;1384,15
M&G Calzificio di MACRI' GINO & C. (NON USARE);;;;0;0
M&G Calzificio di MACRI' GINO & C. (NON USARE);PF0581040/20XEX1000;40/2 ELAS RIT FLEXI PA 66 - BIANCO 101;KG;218,790000081062;2264,41
M&G Calzificio di MACRI' GINO & C. (NON USARE);PF0581040/20XEX1001;40/2 ELAS RIT FLEXI PA 66 - BLU NOTTE 111;KG;124,440000534058;1299,55
M&G Calzificio di MACRI' GINO & C. (NON USARE);PF0581040/20XEX1002;40/2 ELAS RIT FLEXI PA 66 - ABISSO 262;KG;17,9400000572205;184,78
M&G Calzificio di MACRI' GINO & C. (NON USARE);PF0581040/20XEX1003;40/2 ELAS RIT FLEXI PA 66 - NERO;KG;102,349999427795;1061,28
M&G Calzificio di MACRI' GINO & C. (NON USARE);PF0581040/20XEX1004;40/2 ELAS RIT FLEXI PA 66 - GREGGIO;KG;39,3299999237061;405,11
M&G Calzificio di MACRI' GINO & C. (NON USARE);PF0581040/20XEX1006;40/2 ELAS RIT FLEXI PA 66 - BLU NAVY 112;KG;34,6299996376038;356,68
M&G Calzificio di MACRI' GINO & C. (NON USARE);PF0581070/20XFL1000;70/2 ELAS RIT FLEXY PA 6 - BIANCO 101;KG;38,1599996089935;343,44
M&G Calzificio di MACRI' GINO & C. (NON USARE);PF0581070/20XFL1001;70/2 ELAS RIT FLEXY PA 6 - BLU NOTTE 111;KG;58,5499997138977;526,95
M&G Calzificio di MACRI' GINO & C. (NON USARE);PF0581070/20XFL1002;70/2 ELAS RIT FLEXY PA 6 - ABISSO 262;KG;19,4599995613098;175,14
M&G Calzificio di MACRI' GINO & C. (NON USARE);PF0581070/20XFL1003;70/2 ELAS RIT FLEXY PA 6 - NERO;KG;56,25;506,25
M&G Calzificio di MACRI' GINO & C. (NON USARE);PF0581070/20XFL1005;70/2 ELAS RIT FLEXY PA 6 - ARGENTO 417;KG;19,4799997806549;175,32
M&G Calzificio di MACRI' GINO & C. (NON USARE);PF0581070/20XFL1006;70/2 ELAS RIT FLEXY PA 6 - BLU NAVY 112;KG;37,7599997520447;362,49
M&G Calzificio di MACRI' GINO & C. (NON USARE);PF0581070/30XFL1000;70/3 ELAS RIT FLEXY PA 6 - BIANCO 101;KG;16,8499999046326;153,34
ZADEIRO SRL;;;;;
ZADEIRO SRL;PF0583040/10A661003;40/1 ELAS APE PA 66 - 2223 OLTREMARE;KG;15,2700004577637;167,97
INTERSOCKS D.O.O.;;;KG;78,3599987030029;-479,55
INTERSOCKS D.O.O.;;;NR;;65
INTERSOCKS D.O.O.;;;NR.;;75
INTERSOCKS D.O.O.;;;;0;0
INTERSOCKS D.O.O.;PF0585070/10AEX1017;70/1 EL AP FLEXI PA 66 - 37388 OLIVA KONA V140;KG;33,1100002527237;344,34
INTERSOCKS D.O.O.;PF0585070/20XFL1013;70/2 ELAS RIT FLEXY PA 6 - 39337 FOG G044;KG;100,92999958992;943
INTERSOCKS D.O.O.;PF0585070/20XFL1014;70/2 ELAS RIT FLEXY PA 6 - 36277 FUXIA NEON F031 FLUO;KG;20,6400003433228;187,83
INTERSOCKS D.O.O.;PF0585070/20XFL1019;70/2 ELAS RIT FLEXY PA 6 - 33354 FUCSIA SCURO F002;KG;20,210000038147;189,97
INTERSOCKS D.O.O.;PF0585070/30XFL1015;70/3 ELAS RIT FLEXY PA 6 - 37566 ROSA HORTENSIA 8124 R046;KG;18,7500004768372;166,88
INTERSOCKS D.O.O.;PF0585070/30XFL1016;70/3 ELAS RIT FLEXY PA 6 - 37713 VERDE ACCESO V113;KG;39,9200005531311;355,3
INTERSOCKS D.O.O.;PF0585070/30XFL1018;70/3 ELAS RIT FLEXY PA 6 - 37771 SULPHUR SPRING G029;KG;19,4000000953674;172,66
INTERSOCKS D.O.O.;PF0585786020LEX1003;78/60/2 QNOVA LEG.INTERL FLEXI GRS 60 PA 66 - 39050 VERDE ATOLLO V733;KG;20,0700001716614;254,89
INTERSOCKS D.O.O.;PF0585786020LEX1004;78/60/2 QNOVA LEG.INTERL FLEXI GRS 60 PA 66 - 39049 FUXIA BRILLANTE V009;KG;20,8199996948242;264,42
INTERSOCKS D.O.O.;PF0585786020LEX1005;78/60/2 QNOVA LEG.INTERL FLEXI GRS 60 PA 66 - 39047 ROSSO R103;KG;39,2900009155273;498,98
INTERSOCKS D.O.O.;PF0585786020LEX1006;78/60/2 QNOVA LEG.INTERL FLEXI GRS 60 PA 66 - 39046 BLU SCURO B207;KG;62,0700011253357;788,29
INTERSOCKS D.O.O.;PF0585786020LEX1008;78/60/2 QNOVA LEG.INTERL FLEXI GRS 60 PA 66 - 39002 NERO N002;KG;101,069999694824;1283,59
INTERSOCKS D.O.O.;PF0585786020LEX1009;78/60/2 QNOVA LEG.INTERL FLEXI GRS 60 PA 66 - 39003 BIANCO;KG;79,3799982070923;1008,13
INTERSOCKS D.O.O.;PF0585786020LEX1012;78/60/2 QNOVA LEG.INTERL FLEXI GRS 60 PA 66 - 39048 DEEP BLUE B045;KG;19,9400000572205;253,24
INTERSOCKS D.O.O.;PF0585786020LEX1020;78/60/2 QNOVA LEG.INTERL FLEXI GRS 60 PA 66 - 39561 VERDINO V400;KG;20,2999997138977;257,81
INTERSOCKS D.O.O.;PF0585786020LEX1021;78/60/2 QNOVA LEG.INTERL FLEXI GRS 60 PA 66 - 39562 SCARLET PINK S021;KG;20,5199999809265;260,6
INTERSOCKS D.O.O.;PF0585786020LEX1022;78/60/2 QNOVA LEG.INTERL FLEXI GRS 60 PA 66 - 39723 GRS ROSA ANTICO R009;KG;20,3300004005432;258,2
INTERSOCKS D.O.O.;PR05850006;;;0;10,32
MARCEL LIEBAERT NV;;;KG;49,5;-653,4
MARCEL LIEBAERT NV;;;NR;;242,5
MARCEL LIEBAERT NV;;;;0;0
MARCEL LIEBAERT NV;PF0598040/20X661010;40/2 ELAS RIT PA 66 - M228 MOROCCAN BLUE;KG;103,639999389648;1264,41
MARCEL LIEBAERT NV;PF0598070/20X661000;70/2 ELAS RIT PA 66 - M237 EBONY;KG;271,680000305176;2581
MARCEL LIEBAERT NV;PF0598070/20X661006;70/2 ELAS RIT PA 66 - BLUE SHADOW M189;KG;52,2899990081787;496,77
MARCEL LIEBAERT NV;PF0598070/20X661007;70/2 ELAS RIT PA 66 - LEINEN M814;KG;48,5499992370605;461,23
MARCEL LIEBAERT NV;PF0598070/20X661008;70/2 ELAS RIT PA 66 - NEO MINT M568;KG;33,3999996185303;317,31
MARCEL LIEBAERT NV;PR05980010;;;0;206,43
FLEX TEX SRL;;;;;
FLEX TEX SRL;PF0607040/20XEX1013;40/2 ELAS RIT FLEXI PA 66 - BLU FRANCIA;KG;19,5100002288818;206,8
FLEX TEX SRL;PF0607070/10A661007;70/1 ELAS APE PA 66 - NERO;KG;19,9499996304512;199,5
FLEX TEX SRL;PF0607070/10A661017;70/1 ELAS APE PA 66 - GRIGIO A CAMPIONE;KG;20,110000371933;201,1
FLEX TEX SRL;PF0607070/10A661018;70/1 ELAS APE PA 66 - MARRONE A CAMPIONE;KG;19,9600005149841;199,6
FLEX TEX SRL;PF0607070/20X661007;70/2 ELAS RIT PA 66 - NERO;KG;1480,47999572754;14065,07
FLEX TEX SRL;PF0607070/20X661009;70/2 ELAS RIT PA 66 - COL 636;KG;211,250001907349;2006,96
FLEX TEX SRL;PF0607070/20X661010;70/2 ELAS RIT PA 66 - COL. 631;KG;75,8399996757507;720,51
FLEX TEX SRL;PF0607070/20X661012;70/2 ELAS RIT PA 66 - BURRO 6;KG;1153,70000195503;10960,54
FLEX TEX SRL;PF0607070/20X661014;70/2 ELAS RIT PA 66 - ROSA 502C;KG;40,710000038147;386,76
FLEX TEX SRL;PF0607070/20X661015;70/2 ELAS RIT PA 66 - COOL GRAY 7C;KG;39,6100010871887;376,31
FLEX TEX SRL;PF0607070/20X661016;70/2 ELAS RIT PA 66 - PANNA 41D;KG;366,389998912811;3480,81
FLEX TEX SRL;PF0607070/20X661019;70/2 ELAS RIT PA 66 - 630;KG;397,340001106262;3774,87
FLEX TEX SRL;PF0607070/20X661020;70/2 ELAS RIT PA 66 - BIANCO DIOR;KG;23,0200004577637;218,7
FLEX TEX SRL;PF0607070/20X661021;70/2 ELAS RIT PA 66 - BIANCO DIOR NEW;KG;117,269999504089;1114,11
FLEX TEX SRL;PF0607070/20X661022;70/2 ELAS RIT PA 66 - EMERALD;KG;24,3400001525879;231,24
FLEX TEX SRL;PF0607070/20X661023;70/2 ELAS RIT PA 66 - PURPLE;KG;25;237,51
FLEX TEX SRL;PF0607070/20X661024;70/2 ELAS RIT PA 66 - 295 PANTONE C;KG;20,5600004196167;195,33
FLEX TEX SRL;PF0607070/20X661025;70/2 ELAS RIT PA 66 - GIALLO FENDI;KG;53,6900000274181;510,07
FLEX TEX SRL;PF0607070/20X661030;70/2 ELAS RIT PA 66 - BLU 805;KG;1,70000004768372;16,15
FLEX TEX SRL;PF0607070/30XFL1013;70/3 ELAS RIT FLEXY PA 6 - BLU FRANCIA;KG;19,5599994659424;185,82
FLEX TEX SRL;PF0607786020LEX1027;78/60/2 QNOVA LEG.INTERL FLEXI GRS 60 PA 66 - NERO;KG;3,17000007629395;44,38
FLEX TEX SRL;PF0607786020LEX1028;78/60/2 QNOVA LEG.INTERL FLEXI GRS 60 PA 66 - BIANCO;KG;2,92000007629395;40,88
FLEX TEX SRL;PR06070001;;;0;90,04
SOX2SOX B.V.;;;NR;;295
SOX2SOX B.V.;;;;;
SOX2SOX B.V.;PF0611070/30XFL1004;70/3 ELAS RIT FLEXY PA 6 - WHITE;KG;122,060000419617;1098,54
SOX2SOX B.V.;PF0611070/30XFL1005;70/3 ELAS RIT FLEXY PA 6 - BLACK;KG;124,599999427795;1121,4
SOX2SOX B.V.;PF0611070/30XFL1006;70/3 ELAS RIT FLEXY PA 6 - 781801 ROSE FLUO;KG;149,620000839233;1346,58
SOX2SOX B.V.;PF0611070/30XFL1007;70/3 ELAS RIT FLEXY PA 6 - BLUE;KG;35,9700002670288;323,73
SOX2SOX B.V.;PR06110006;;;0;0
ALPIN CORAP SAN. TIC. A.S.;;;N;3;4,5
ALPIN CORAP SAN. TIC. A.S.;;;KG;1,5;15
ALPIN CORAP SAN. TIC. A.S.;;;;0;0
ALPIN CORAP SAN. TIC. A.S.;PF0617070/20XEX1002;70/2 ELAS RIT FLEXI PA 66 - BLACK;KG;5,46999979019165;51,42
ALPIN CORAP SAN. TIC. A.S.;PF0617100/20X661002;100/2 ELAS RIT PA 66 - BLACK;KG;27,0100002288818;253,89
CALZIFICIO COCCOLI SRL;;;;;
CALZIFICIO COCCOLI SRL;PF0619040/20XEX1000;40/2 ELAS RIT FLEXI PA 66 - NERO;KG;18,1299996376038;190,37
CALZIFICIO COCCOLI SRL;PF0619040/20XEX1001;40/2 ELAS RIT FLEXI PA 66 - NAVY E 12;KG;18,6700005531311;196,04
CALZIFICIO COCCOLI SRL;PF0619040/20XEX1002;40/2 ELAS RIT FLEXI PA 66 - BIANCO;KG;22,9799995422363;241,29
CALZIFICIO COCCOLI SRL;PF0619040/20XEX1003;40/2 ELAS RIT FLEXI PA 66 - E  11 BLEU ;KG;19,4900002479553;204,65
CALZIFICIO COCCOLI SRL;PF0619070/20XFL1000;70/2 ELAS RIT FLEXY PA 6 - NERO;KG;39,7099993228912;357,39
CALZIFICIO COCCOLI SRL;PF0619070/20XFL1001;70/2 ELAS RIT FLEXY PA 6 - NAVY E 12;KG;21,2800002098083;191,52
CALZIFICIO COCCOLI SRL;PF0619070/20XFL1003;70/2 ELAS RIT FLEXY PA 6 - E  11 BLEU ;KG;20,659999370575;185,94
PIROLA PASSAMANERIE SRL;;;;;
PIROLA PASSAMANERIE SRL;PF0626070/20X661000;70/2 ELAS RIT PA 66 - NERO;KG;25,6400003433228;243,58
FEETNESS SRL;;;;;
FEETNESS SRL;PF0632070/20XEX1000;70/2 ELAS RIT FLEXI PA 66 - BIANCO;KG;77,3399982452393;750,2
FEETNESS SRL;PF0632070/20XEX1001;70/2 ELAS RIT FLEXI PA 66 - NERO 999;KG;497,140001058578;4822,28
FEETNESS SRL;PF0632070/20XEX1002;70/2 ELAS RIT FLEXI PA 66 - GRIGIO 981/A;KG;36,9499998092651;358,41
FEETNESS SRL;PF0632070/20XEX1004;70/2 ELAS RIT FLEXI PA 66 - FUXIA 340;KG;40,1100015640259;389,07
FEETNESS SRL;PF0632070/20XEX1005;70/2 ELAS RIT FLEXI PA 66 - GRIGIO 806;KG;42,4299993515015;411,57
FEETNESS SRL;PF0632070/20XEX1008;70/2 ELAS RIT FLEXI PA 66 - BLU 626;KG;35,260000705719;342,02
FEETNESS SRL;PF0632070/20XEX1009;70/2 ELAS RIT FLEXI PA 66 - FUXIA NEON 380 FLUO;KG;41,0400009155273;398,08
FEETNESS SRL;PF0632070/20XEX1010;70/2 ELAS RIT FLEXI PA 66 - BLU 628/98;KG;38,1999998092651;370,55
FEETNESS SRL;PF0632070/20XEX1011;70/2 ELAS RIT FLEXI PA 66 - GRIGIO 818;KG;35,4099998474121;343,48
FEETNESS SRL;PF0632070/60XP61000;70/6 ELAS RIT PA 6 - BIANCO;KG;43,9000010490417;513,62
FEETNESS SRL;PF0632100/20XEX1006;100/2 ELAS RIT FLEXI PA 66 - ARANCIO 351 FLUO ;KG;43,1199998855591;439,82
FEETNESS SRL;PF0632100/20XEX1007;100/2 ELAS RIT FLEXI PA 66 - GRIGIO 819;KG;40,5900001525879;414,01
FEETNESS SRL;PF0632786830I661001;78/68/3 ELAS INT. PA 66 - NERO 999;KG;30,4099994897842;410,55
FEETNESS SRL;PF0632786830I661012;78/68/3 ELAS INT. PA 66 - BIANCO;KG;30,7399997711182;414,99
FEETNESS SRL;PR06320006;;;0;42,08
CALZIFICIO DANY SRL;;;KG;109,629997253418;-504,3
CALZIFICIO DANY SRL;;;;0;0
CALZIFICIO DANY SRL;PF0633070/20XEX1000;70/2 ELAS RIT FLEXI PA 66 - BIANCO;KG;102,769999504089;945,49
CALZIFICIO DANY SRL;PF0633070/20XEX1001;70/2 ELAS RIT FLEXI PA 66 - NERO;KG;333,220001220703;3065,64
CALZIFICIO DANY SRL;PF0633070/30XFL1002;70/3 ELAS RIT FLEXY PA 6 - GIALLO FLUO E 99 TECNOYARN;KG;78,9399983882904;749,95
CALZIFICIO DANY SRL;PF0633070/30XFL1005;70/3 ELAS RIT FLEXY PA 6 - TURCHESE E 18;KG;75,9100012779236;721,16
CALZIFICIO DANY SRL;PF0633070/30XFL1006;70/3 ELAS RIT FLEXY PA 6 - FRANCIA E 20;KG;82,5899996757507;784,62
CALZIFICIO DANY SRL;PF0633070/30XFL1007;70/3 ELAS RIT FLEXY PA 6 - ARANCIO E 35;KG;74,0499992370605;703,49
CALZIFICIO DANY SRL;PF0633070/30XFL1008;70/3 ELAS RIT FLEXY PA 6 - ADRIA E 95;KG;67,3399996757507;639,74
CALZIFICIO DANY SRL;PF0633100/20XEX1000;100/2 ELAS RIT FLEXI PA 66 - BIANCO;KG;143,199999809265;1460,64
CALZIFICIO DANY SRL;PF0633100/20XEX1001;100/2 ELAS RIT FLEXI PA 66 - NERO;KG;142,689999580383;1455,44
CALZIFICIO DANY SRL;PF0633100/20XEX1002;100/2 ELAS RIT FLEXI PA 66 - GIALLO FLUO E 99 TECNOYARN;KG;80,7399997711182;823,54
CALZIFICIO DANY SRL;PF0633100/20XEX1003;100/2 ELAS RIT FLEXI PA 66 - BLU E 12;KG;82,8600006103516;845,17
CALZIFICIO DANY SRL;PF0633100/20XEX1004;100/2 ELAS RIT FLEXI PA 66 - GIALLO E 52;KG;83,5200004577637;851,9
CALZIFICIO DANY SRL;PR06330006;;;0;79,84
ITALIA JOB SRL;;;KG;8;24
ITALIA JOB SRL;;;NR;3;123,5
ITALIA JOB SRL;;;;;
ITALIA JOB SRL;PF0639070/10A661008;70/1 ELAS APE PA 66 - BIANCO;KG;1,00999999046326;30
ITALIA JOB SRL;PF0639070/10A661009;70/1 ELAS APE PA 66 - VERDE BANDIERA;KG;1,00999999046326;30
ITALIA JOB SRL;PF0639070/10A661010;70/1 ELAS APE PA 66 - ROSSO BANDIERA;KG;1,00999999046326;30
ITALIA JOB SRL;PF0639402BF0X661000;40/40/2 ELAS BODYFRESCH RIT PA 66 - GREGGIO;KG;62,8699979782104;880,18
ITALIA JOB SRL;PF0639402BF0X661001;40/40/2 ELAS BODYFRESCH RIT PA 66 - NERO;KG;31,0299997329712;620,6
ITALIA JOB SRL;PF0639402BF0X661003;40/40/2 ELAS BODYFRESCH RIT PA 66 - CACAO 408;KG;19,0600004196167;381,2
ITALIA JOB SRL;PF0639402BF0X661004;40/40/2 ELAS BODYFRESCH RIT PA 66 - LAMPONE 149;KG;17,3299999237061;346,6
ITALIA JOB SRL;PF0639402BF0X661005;40/40/2 ELAS BODYFRESCH RIT PA 66 - BLU COBALTO 120;KG;17,0500000715256;341
ITALIA JOB SRL;PF0639402BF0X661006;40/40/2 ELAS BODYFRESCH RIT PA 66 - VERDE SMERALDO 301;KG;18,1800003051758;363,6
ITALIA JOB SRL;PF0639402BF0X661007;40/40/2 ELAS BODYFRESCH RIT PA 66 - BLU NAVY 112;KG;15,6500001549721;313
ITALIA JOB SRL;PF0639447660ILP1003;44 ELAST + 78/68/1 PA 66 INTERL EL+PA 66 - CACAO 408;KG;23,1000003814697;438,9
ITALIA JOB SRL;PF0639447660ILP1004;44 ELAST + 78/68/1 PA 66 INTERL EL+PA 66 - LAMPONE 149;KG;24,3099994659424;461,89
ITALIA JOB SRL;PF0639447660ILP1005;44 ELAST + 78/68/1 PA 66 INTERL EL+PA 66 - BLU COBALTO 120;KG;23,9099998474121;454,29
ITALIA JOB SRL;PF0639447660ILP1006;44 ELAST + 78/68/1 PA 66 INTERL EL+PA 66 - VERDE SMERALDO 301;KG;25,8500003814697;491,15
ITALIA JOB SRL;PF0639447660ILP1007;44 ELAST + 78/68/1 PA 66 INTERL EL+PA 66 - BLU NAVY 112;KG;23,2199997901917;441,18
ITALIA JOB SRL;PF0639447860ILP1000;44 ELAST + 78/68/1 PA6 TP INTERL - GREGGIO;KG;10,4300000667572;146,02
ITALIA JOB SRL;PF0639447860ILP1002;44 ELAST + 78/68/1 PA6 TP INTERL (85 DTEX) - NERO 2999;KG;18,6499996185303;354,35
INNOVAZIONE SALUTE E BENESSERE - ISB INDUSTRIE SRL;;;KG;182,280002593994;-3390,24
INNOVAZIONE SALUTE E BENESSERE - ISB INDUSTRIE SRL;;;NR;;113
INNOVAZIONE SALUTE E BENESSERE - ISB INDUSTRIE SRL;;;;0;0
INNOVAZIONE SALUTE E BENESSERE - ISB INDUSTRIE SRL;PF0643224440ILP1000;22 + 44/34 INT. LYCRA+PA 66 - ROSSO GENOA/SAMPDORIA;KG;20,7799997329712;498,72
INNOVAZIONE SALUTE E BENESSERE - ISB INDUSTRIE SRL;PF0643224440ILP1001;22 + 44/34 INT. LYCRA+PA 66 - BLUE GENOA;KG;80,6699995994568;1936,08
INNOVAZIONE SALUTE E BENESSERE - ISB INDUSTRIE SRL;PF0643224440ILP1002;22 + 44/34 INT. LYCRA+PA 66 - AZZURRO SAMPDORIA;KG;64,2000007629395;1540,8
INNOVAZIONE SALUTE E BENESSERE - ISB INDUSTRIE SRL;PF0643442TF0IEX1000;44/34/2 TACTEL INT. FLEXI PA 66 - ROSSO GENOA/SAMPDORIA;KG;20,0900001525879;271,22
INNOVAZIONE SALUTE E BENESSERE - ISB INDUSTRIE SRL;PF0643442TF0IEX1001;44/34/2 TACTEL INT. FLEXI PA 66 - BLUE GENOA;KG;76,1400003433228;1027,91
INNOVAZIONE SALUTE E BENESSERE - ISB INDUSTRIE SRL;PF0643442TF0IEX1002;44/34/2 TACTEL INT. FLEXI PA 66 - AZZURRO SAMPDORIA;KG;79,2399986982346;1069,74
Bony Tekstil Isletmeleri Sanayi ve Ticaret A.S.;;;KG;2;17
Bony Tekstil Isletmeleri Sanayi ve Ticaret A.S.;;;;0;0
NORMAN SRL;;;;;
NORMAN SRL;PF0649070/20XEX1000;70/2 ELAS RIT FLEXI PA 66 - 2763 PINK LILY;KG;165,490001678467;1572,19
NORMAN SRL;PF0649070/20XEX1001;70/2 ELAS RIT FLEXI PA 66 - 0520 ROSSO;KG;257,56999874115;2446,95
NORMAN SRL;PF0649070/20XEX1002;70/2 ELAS RIT FLEXI PA 66 - E 66 ROYAL;KG;164,24000120163;1560,3
NORMAN SRL;PF0649070/20XEX1003;70/2 ELAS RIT FLEXI PA 66 - 00541 ALLUMINIO;KG;83,5799999237061;794,03
NORMAN SRL;PF0649070/20XEX1004;70/2 ELAS RIT FLEXI PA 66 - 06049 PERSIAN JEVEL;KG;40,1100006103516;381,05
NORMAN SRL;PF0649070/20XEX1005;70/2 ELAS RIT FLEXI PA 66 - 5547 OATMEAL 152 TCX 13-0932;KG;42,3000010251999;401,86
NORMAN SRL;PF0649070/20XEX1006;70/2 ELAS RIT FLEXI PA 66 - F0311 BEIGE;KG;82,5299999713898;784,05
NORMAN SRL;PF0649070/20XEX1007;70/2 ELAS RIT FLEXI PA 66 - 04687 NINE IRON 3;KG;249,109998703003;2366,57
NORMAN SRL;PF0649070/20XEX1008;70/2 ELAS RIT FLEXI PA 66 - 05433 ULTRABLACK PES N06 GREY;KG;126,590000152588;1202,63
NORMAN SRL;PF0649070/20XEX1009;70/2 ELAS RIT FLEXI PA 66 - E 3 NERO;KG;258,290000915527;2453,83
NORMAN SRL;PF0649070/20XEX1010;70/2 ELAS RIT FLEXI PA 66 - 06043 ICE GREEN 13-5414;KG;38,6399999856949;367,09
NORMAN SRL;PF0649070/20XEX1011;70/2 ELAS RIT FLEXI PA 66 - 05892 ACID YELLOW S21 ADW6;KG;41,3100004196167;392,46
NORMAN SRL;PF0649070/20XEX1012;70/2 ELAS RIT FLEXI PA 66 - F0303 PANNA;KG;122,069999217987;1159,69
NORMAN SRL;PF0649070/20XEX1013;70/2 ELAS RIT FLEXI PA 66 - 04689 MAJOLIKA BLUE;KG;81,0000009536743;769,53
NORMAN SRL;PF0649070/20XEX1014;70/2 ELAS RIT FLEXI PA 66 - 05951 WINTER SKY;KG;123,009999752045;1168,63
NORMAN SRL;PF0649070/20XEX1015;70/2 ELAS RIT FLEXI PA 66 - 05641 HERON 2018 DNN;KG;84,4500007629395;802,28
NORMAN SRL;PF0649070/20XEX1016;70/2 ELAS RIT FLEXI PA 66 - 01721 PALE SKIN;KG;249,480000019073;2370,12
NORMAN SRL;PF0649070/20XEX1017;70/2 ELAS RIT FLEXI PA 66 - 05363 ZINFADEL 129 19-1522;KG;68,6600017547607;652,29
NORMAN SRL;PF0649070/20XEX1018;70/2 ELAS RIT FLEXI PA 66 - E 11 NOTTE;KG;78,2600002288818;743,5
NORMAN SRL;PF0649070/20XEX1019;70/2 ELAS RIT FLEXI PA 66 - 03747 MAGENTA;KG;123,310000896454;1171,47
NORMAN SRL;PF0649070/20XEX1020;70/2 ELAS RIT FLEXI PA 66 - E 61 ARGENTO;KG;128,04000043869;1216,42
NORMAN SRL;PF0649070/20XEX1021;70/2 ELAS RIT FLEXI PA 66 - 06142 COUNTRY BLUE 17-3918;KG;83,5599994659424;793,84
NORMAN SRL;PF0649070/20XEX1022;70/2 ELAS RIT FLEXI PA 66 - 06164 OLIVE OIL 16-0847;KG;35,710000038147;339,25
NORMAN SRL;PF0649070/20XEX1023;70/2 ELAS RIT FLEXI PA 66 - 06165 GLAZED GINGER 18-1154 TCX;KG;38,5099997520447;365,85
NORMAN SRL;PF0649070/20XEX1024;70/2 ELAS RIT FLEXI PA 66 - 05370 BLUE#016;KG;118,659999132156;1127,29
NORMAN SRL;PF0649070/20XEX1025;70/2 ELAS RIT FLEXI PA 66 - 06163 MAGENTA PURPLE 19-2428 TCX;KG;34,8999996185303;331,55
NORMAN SRL;PR06490001;;;0;1372,45
SINFLEX S.A.S.;;;;;
SINFLEX S.A.S.;PF0654070/10A661001;70/1 ELAS APE PA 66 - CORRIDA 426;KG;186,329998970032;1975,09
SINFLEX S.A.S.;PF0654070/10A661002;70/1 ELAS APE PA 66 - CAMMELLO 125;KG;862,859996795654;9146,31
ALBERTO BARDAZZI SPA;;;;;
ALBERTO BARDAZZI SPA;PF0655044780IEE1003;44 EA+78/24/1 INTER. EA + 100% PA 6 ECONYL - NERO;KG;42,5800004005432;383,22
ALBERTO BARDAZZI SPA;PF0655044780IEE1009;44 EA+78/24/1 INTER. EA + 100% PA 6 ECONYL - CANARINO;KG;23,2999992370605;209,7
ALBERTO BARDAZZI SPA;PF0655782420XEN1000;78/24/2 ELAS RIT 100% PA ECONYL - CORDA;KG;21,7200002670288;130,32
ALBERTO BARDAZZI SPA;PF0655782420XEN1001;78/24/2 ELAS RIT 100% PA ECONYL - ROSSO;KG;22,1199998855591;132,72
ALBERTO BARDAZZI SPA;PF0655782420XEN1002;78/24/2 ELAS RIT 100% PA ECONYL - MARRONE;KG;19,5;117
ALBERTO BARDAZZI SPA;PF0655782420XEN1003;78/24/2 ELAS RIT 100% PA ECONYL - NERO;KG;48,8200001716614;292,92
ALBERTO BARDAZZI SPA;PF0655782420XEN1004;78/24/2 ELAS RIT 100% PA ECONYL - NOCCIOLA;KG;18,6900000572205;112,14
ALBERTO BARDAZZI SPA;PF0655782420XEN1005;78/24/2 ELAS RIT 100% PA ECONYL - OLTREMARE;KG;20,5400004386902;123,24
ALBERTO BARDAZZI SPA;PF0655782420XEN1006;78/24/2 ELAS RIT 100% PA ECONYL - GRIGIO MEDIO;KG;18,159999370575;108,96
ALBERTO BARDAZZI SPA;PF0655782420XEN1007;78/24/2 ELAS RIT 100% PA ECONYL - ROSA;KG;19,2399997711182;115,44
ALBERTO BARDAZZI SPA;PF0655782420XEN1008;78/24/2 ELAS RIT 100% PA ECONYL - ARANCIO;KG;18,6200003623962;111,72
RADICI YARN SPA;;;;;
RADICI YARN SPA;PF0660786820IM61000;78/68/2  INT. MICRO FLEXY PA 6 - RN11481 DKT K20B GREY;KG;1,00999999046326;50
RADICI YARN SPA;PF0660786820IMP1000;78/68/2 EL INT MI PA 6 - RN11481 DKT K20B GREY;KG;1,00999999046326;50
RADICI YARN SPA;PF0660786820IMP1001;78/68/2 ELAS INTER. MICRO PA 6 - DKT- N06A GREY;KG;1,00999999046326;50
NYTEX SRL;;;KG;41,8300018310547;-41,83
NYTEX SRL;;;;0;0
NYTEX SRL;PFD041070/10A661015;70/1 ELAS APE PA 66 - GRIGIO TOUAREG;KG;40,5300004482269;389,09
NYTEX SRL;PFD041070/10A661027;70/1 ELAS APE PA 66 - LAMPONE 0506;KG;81,3199996948242;780,67
NYTEX SRL;PFD041070/10A661028;70/1 ELAS APE PA 66 - MILITARE 3499;KG;108,040000915527;1037,19
NYTEX SRL;PFD041070/10AP61021;70/1 ELAS APE PA 6 - 300 GIALLO FLUO;KG;79,5499992370605;747,78
NYTEX SRL;PFD041070/10AP61029;70/1 ELAS APE PA 6 - ROSA SCURO;KG;13,9499998092651;76,73
NYTEX SRL;PFD041070/10AP61030;70/1 ELAS APE PA 6 - ARANCIO FLUO E 100;KG;53,3199996948242;293,27
NYTEX SRL;PFD041110DT0/PB1019;110 DTX BIT 75% PES BLACK BIT 25% GRE - FUXIA;KG;44,2299997806549;298,7
NYTEX SRL;PFD041110DT0/PB1025;110 DTX BIT 75% PES BLACK BIT 25% GRE - M587 AZZURRO;KG;48,1199996471405;320,95
NYTEX SRL;PRD0410006;;;0;99,65