nome_cliente_22;codice_articolo_22;articolo_colore_22;unità_di_misura_22;quantita_22;imponibile_22
CIOCCA SPA;;;NR;;1019,88
CIOCCA SPA;;;;;
CIOCCA SPA;PF0008040/20X661037;40/2 ELAS RIT PA 66 - GREGGIO;KG;285,350000977516;3535,82
CIOCCA SPA;PF0008040/20XEX1000;40/2 ELAS RIT FLEXI PA 66 - MORO 81;KG;79,9799990653992;1300,25
CIOCCA SPA;PF0008040/20XEX1001;40/2 ELAS RIT FLEXI PA 66 - NERO 20;KG;571,420001029968;9133,03
CIOCCA SPA;PF0008040/20XEX1002;40/2 ELAS RIT FLEXI PA 66 - BLU NOTTE 85;KG;631,530000686646;10191,7
CIOCCA SPA;PF0008040/20XEX1003;40/2 ELAS RIT FLEXI PA 66 - GRIGIO TOPO 88;KG;120,689999580383;1927,72
CIOCCA SPA;PF0008040/20XEX1004;40/2 ELAS RIT FLEXI PA 66 - ANTRACITE 89;KG;226,979999244213;3626,74
CIOCCA SPA;PF0008040/20XEX1005;40/2 ELAS RIT FLEXI PA 66 - BORDO' 58;KG;80,8300004005432;1248,82
CIOCCA SPA;PF0008040/20XEX1006;40/2 ELAS RIT FLEXI PA 66 - INDACO 728;KG;39,8299996852875;647,24
CIOCCA SPA;PF0008040/20XEX1007;40/2 ELAS RIT FLEXI PA 66 - BLU NAVY 77;KG;59,7600002288818;947,2
CIOCCA SPA;PF0008040/20XEX1016;40/2 ELAS RIT FLEXI PA 66 - SABBIA 03;KG;29,6300001144409;481,5
CIOCCA SPA;PF0008040/20XEX1026;40/2 ELAS RIT FLEXI PA 66 - BEIGE 111;KG;41,4800004959106;640,87
CIOCCA SPA;PF0008040/20XEX1033;40/2 ELAS RIT FLEXI PA 66 - BEIGE 14;KG;83,9799990653992;1427,66
CIOCCA SPA;PF0008060/20X661037;60/2 ELAS RIT PA 66 - GREGGIO;KG;280,709999084473;2843,09
CIOCCA SPA;PF0008060/20XEX1000;60/2 ELAS RIT FLEXI PA 66 - MORO 81;KG;35,1099996566772;491,54
CIOCCA SPA;PF0008060/20XEX1001;60/2 ELAS RIT FLEXI PA 66 - NERO 20;KG;481,66999912262;6735,23
CIOCCA SPA;PF0008060/20XEX1002;60/2 ELAS RIT FLEXI PA 66 - BLU NOTTE 85;KG;392,429999351501;5604,24
CIOCCA SPA;PF0008060/20XEX1003;60/2 ELAS RIT FLEXI PA 66 - GRIGIO TOPO 88;KG;75,6900000572205;1027,6
CIOCCA SPA;PF0008060/20XEX1004;60/2 ELAS RIT FLEXI PA 66 - ANTRACITE 89;KG;75,3500003814697;1022,11
CIOCCA SPA;PF0008060/20XEX1007;60/2 ELAS RIT FLEXI PA 66 - BLU NAVY 77;KG;190,899999856949;2609,86
CIOCCA SPA;PF0008060/20XEX1009;60/2 ELAS RIT FLEXI PA 66 - ARGENTO 36;KG;71,470000743866;1072,05
CIOCCA SPA;PF0008060/20XEX1024;60/2 ELAS RIT FLEXI PA 66 - BIANCO 02;KG;160,790000915527;2226,58
CIOCCA SPA;PF0008060/20XEX1026;60/2 ELAS RIT FLEXI PA 66 - BEIGE 111;KG;40,8299999237061;538,96
CIOCCA SPA;PF0008060/20XEX1030;60/2 ELAS RIT FLEXI PA 66 - AVIO 778;KG;74,9299998283386;989,08
CIOCCA SPA;PF0008060/20XEX1031;60/2 ELAS RIT FLEXI PA 66 - GHISA 87;KG;72,229998588562;982,32
CIOCCA SPA;PF0008060/20XEX1034;60/2 ELAS RIT FLEXI PA 66 - VR182 - MILITARE 48;KG;40,7800009250641;538,3
CIOCCA SPA;PF0008060/30IEX1001;60/3 ELAS INTER. FLEXI PA 66 - NERO 20;KG;31,4100003242493;475,85
CIOCCA SPA;PF0008060/30IEX1002;60/3 ELAS INTER. FLEXI PA 66 - BLU NOTTE 85;KG;39,1999995112419;535,08
CIOCCA SPA;PF0008060/30IEX1003;60/3 ELAS INTER. FLEXI PA 66 - GRIGIO TOPO 88;KG;41,4899997711182;566,34
CIOCCA SPA;PF0008060/30IEX1008;60/3 ELAS INTER. FLEXI PA 66 - CORDA 06;KG;41,1799993515015;562,11
CIOCCA SPA;PF0008060/30IEX1024;60/3 ELAS INTER. FLEXI PA 66 - BIANCO 02;KG;41,7399997711182;751,32
CIOCCA SPA;PF000844/340XTC1010;44/34/2 ELAS RIT TACTEL - NERO 20;KG;122,24999833107;2248,11
CIOCCA SPA;PF000844/340XTC1011;44/34/2 ELAS RIT TACTEL - BLU NOTTE 85;KG;74,0299997925758;1328,87
CIOCCA SPA;PF000844/340XTC1012;44/34/2 ELAS RIT TACTEL - ANTRACITE 89;KG;40,6800000667572;713,94
CIOCCA SPA;PF000844/340XTC1035;44/34/2 ELAS RIT TACTEL - BORDO' 58;KG;41,8500003814697;734,47
DUBLO SRL;;;NR;1;1358
DUBLO SRL;;;KG;58;-84
DUBLO SRL;;;;0;0
DUBLO SRL;PF001167/200K661000;67/20 LISCIO VOILE RIT 450 GIRI PA 66 - MARRONE 090;KG;37,1400001049042;739,08
DUBLO SRL;PF001167/200K661001;67/20 LISCIO VOILE RIT 450 GIRI PA 66 - BLEU 051;KG;555,930002748966;10794,85
DUBLO SRL;PF001167/200K661002;67/20 LISCIO VOILE RIT 450 GIRI PA 66 - NERO 002;KG;872,259999752045;17970,6
DUBLO SRL;PF001167/200K661003;67/20 LISCIO VOILE RIT 450 GIRI PA 66 - ANTRACITE 082;KG;159,239999294281;2952,64
DUBLO SRL;PF001167/200K661004;67/20 LISCIO VOILE RIT 450 GIRI PA 66 - SABBIA 030;KG;40,1800003051758;799,58
DUBLO SRL;PF001167/200K661006;67/20 LISCIO VOILE RIT 450 GIRI PA 66 - BIANCO 001;KG;78,4999990463257;1562,15
DUBLO SRL;PF001167/200K661007;67/20 LISCIO VOILE RIT 450 GIRI PA 66 - CASTORO 016;KG;41,4900004863739;775,87
DUBLO SRL;PF001167/200K661011;67/20 LISCIO VOILE RIT 450 GIRI PA 66 - BORDO' 064;KG;161,359999537468;3162,83
DUBLO SRL;PF001167/200K661016;67/20 LISCIO VOILE RIT 450 GIRI PA 66 - GREGGIO;KG;52,0599975585938;832,96
DUBLO SRL;PF001167/200K661019;67/20 LISCIO VOILE RIT 450 GIRI PA 66 - GIALLO 050;KG;38,7700004577637;771,52
DUBLO SRL;PF001167/200K661023;67/20 LISCIO VOILE RIT 450 GIRI PA 66 - VERDE BOTTIGLIA 193;KG;61,8800001144409;1202,44
DUBLO SRL;PF001167/200K661025;67/20 LISCIO VOILE RIT 450 GIRI PA 66 - FUCSIA 285;KG;38,9099998474121;774,3
DUBLO SRL;PF001167/200K661026;67/20 LISCIO VOILE RIT 450 GIRI PA 66 - GRIGIO MEDIO 084/2020;KG;158,120000600815;3097,06
DUBLO SRL;PF0011784620XEX1001;78/46/2 ELAS RIT FLEXI PA 66 - BLEU 051;KG;43,4900007247925;826,31
DUBLO SRL;PR00110010;;;0;935,73
DUBLO SRL;PR00110019;;;0;4,83
FACI di Falzoni Luigi & C. SNC;;;NR;;290,23
FACI di Falzoni Luigi & C. SNC;;;;;
FACI di Falzoni Luigi & C. SNC;PF0026040/20XFL1024;40/2 ELAS RIT FLEXY PA 6 - POUDRE 2014;KG;99,2100009918213;1622,1
FACI di Falzoni Luigi & C. SNC;PF0026070/20XFL1024;70/2 ELAS RIT FLEXY PA 6 - POUDRE 2014;KG;98,5799980163574;1271,68
FACI di Falzoni Luigi & C. SNC;PF0026LUC700XP61000;70 LUCIDO RIT PA 6 - CANDIDO;KG;358,550000786781;7133,39
FACI di Falzoni Luigi & C. SNC;PF0026LUC700XP61008;70 LUCIDO RIT PA 6 - NERO;KG;206,200000286102;3684,77
FACI di Falzoni Luigi & C. SNC;PR00260001;;;0;296,69
FACI di Falzoni Luigi & C. SNC;PR00260007;;;0;40,18
GEMTEX SRL;;;;;
GEMTEX SRL;PF0028070/20XP61036;70/2 ELAS RIT PA 6 - GRIGIO CHIARO 18;KG;49,7699997425079;505,16
GEMTEX SRL;PF0028070/20XP61071;70/2 ELAS RIT PA 6 - BLUETTE 98;KG;51,5500009059906;556,74
GEMTEX SRL;PF0028070/20XP61080;70/2 ELAS RIT PA 6 - BLUETTE N. 175;KG;51,7899997234344;559,33
GEMTEX SRL;PF0028070/20XP61086;70/2 ELAS RIT PA 6 - NOCE SCURO N.100;KG;1,04999995231628;30
GEMTEX SRL;PF0028070/20XP61087;70/2 ELAS RIT PA 6 - MARRONE N.99;KG;1,04999995231628;30
MICO SPORT SPA;;;NR;1;-7983,49
MICO SPORT SPA;;;KG;194,619995594025;-3442,48
MICO SPORT SPA;;;nr;;-2635,32
MICO SPORT SPA;;;N;;-2433,85
MICO SPORT SPA;;;1;;-548,74
MICO SPORT SPA;;;;0;0
MICO SPORT SPA;PF0034040/10A661122;40/1 ELAS APE PA 66 - GRIGIO 1811;KG;48,3700001239777;725,55
MICO SPORT SPA;PF0034040/20XEX1004;40/2 ELAS RIT FLEXI PA 66 - GRAFITE 9240;KG;80,2499995231628;1167,64
MICO SPORT SPA;PF0034040/20XEX1015;40/2 ELAS RIT FLEXI PA 66 - GRIGIO M;KG;68,0999994277954;990,86
MICO SPORT SPA;PF0034040/20XEX1020;40/2 ELAS RIT FLEXI PA 66 - GRIGIO PELTRO;KG;80,6999988555908;1259,95
MICO SPORT SPA;PF0034040/20XEX1032;40/2 ELAS RIT FLEXI PA 66 - GRIGIO 431/C;KG;74,210000038147;1079,75
MICO SPORT SPA;PF0034040/20XEX1034;40/2 ELAS RIT FLEXI PA 66 - AZZURRO 05;KG;35,6199998855591;553,89
MICO SPORT SPA;PF0034040/20XEX1044;40/2 ELAS RIT FLEXI PA 66 - GIALLO FLUO;KG;39,5099992752075;574,88
MICO SPORT SPA;PF0034040/20XEX1081;40/2 ELAS RIT FLEXI PA 66 - GARDENIA 13;KG;98,1000003814697;1509,08
MICO SPORT SPA;PF0034040/20XEX1107;40/2 ELAS RIT FLEXI PA 66 - BLUETTE 9086;KG;53,2599997520447;774,94
MICO SPORT SPA;PF0034040/20XEX1113;40/2 ELAS RIT FLEXI PA 66 - PRINCESS 18;KG;88,9000008106232;1377,61
MICO SPORT SPA;PF0034070/20XEX1004;70/2 ELAS RIT FLEXI PA 66 - GRAFITE 9240;KG;82,3300004005432;1001,78
MICO SPORT SPA;PF0034070/20XEX1006;70/2 ELAS RIT FLEXI PA 66 - FUMO 107;KG;145,640000343323;1680,06
MICO SPORT SPA;PF0034070/20XEX1010;70/2 ELAS RIT FLEXI PA 66 - ROSSO 003;KG;36,5899996757507;482,99
MICO SPORT SPA;PF0034070/20XEX1015;70/2 ELAS RIT FLEXI PA 66 - GRIGIO M;KG;247,620001316071;3231,32
MICO SPORT SPA;PF0034070/20XEX1019;70/2 ELAS RIT FLEXI PA 66 - ARGENTO 4;KG;42,8799991607666;566,01
MICO SPORT SPA;PF0034070/20XEX1020;70/2 ELAS RIT FLEXI PA 66 - GRIGIO PELTRO;KG;40,6499996185303;451,22
MICO SPORT SPA;PF0034070/20XEX1023;70/2 ELAS RIT FLEXI PA 66 - MUSCHIO;KG;39,4900004863739;438,35
MICO SPORT SPA;PF0034070/20XEX1033;70/2 ELAS RIT FLEXI PA 66 - VERDE ARMY;KG;200,729999065399;2465,52
MICO SPORT SPA;PF0034070/20XEX1034;70/2 ELAS RIT FLEXI PA 66 - AZZURRO 05;KG;191,249999523163;2310,24
MICO SPORT SPA;PF0034070/20XEX1044;70/2 ELAS RIT FLEXI PA 66 - GIALLO FLUO;KG;42,2699997425079;629,82
MICO SPORT SPA;PF0034070/20XEX1072;70/2 ELAS RIT FLEXI PA 66 - FUXIA FLUO;KG;42,8800001144409;475,97
MICO SPORT SPA;PF0034070/20XEX1081;70/2 ELAS RIT FLEXI PA 66 - GARDENIA 13;KG;265,970000982285;3432,41
MICO SPORT SPA;PF0034070/20XEX1091;70/2 ELAS RIT FLEXI PA 66 - VERDE 15;KG;39,8599997758865;526,16
MICO SPORT SPA;PF0034070/20XEX1093;70/2 ELAS RIT FLEXI PA 66 - FUXIA 15;KG;42;554,4
MICO SPORT SPA;PF0034070/20XEX1107;70/2 ELAS RIT FLEXI PA 66 - BLUETTE 9086;KG;167,780001163483;2154,71
MICO SPORT SPA;PF0034070/20XEX1113;70/2 ELAS RIT FLEXI PA 66 - PRINCESS 18;KG;213,750001907349;2560,66
MICO SPORT SPA;PF0034070/20XEX1123;70/2 ELAS RIT FLEXI PA 66 - BLU 2922;KG;83,9400005340576;1191,58
MICO SPORT SPA;PF0034070/20XEX1134;70/2 ELAS RIT FLEXI PA 66 - OTTANIO 06;KG;82,5899994373322;1161,76
MICO SPORT SPA;PF0034100/20XEX1004;100/2 ELAS RIT FLEXI PA 66 - GRAFITE 9240;KG;233,630000591278;2856,56
MICO SPORT SPA;PF0034100/20XEX1010;100/2 ELAS RIT FLEXI PA 66 - ROSSO 003;KG;199,790001869202;2497,12
MICO SPORT SPA;PF0034100/20XEX1011;100/2 ELAS RIT FLEXI PA 66 - GRIGIO 2360;KG;82,0100011825562;1078,24
MICO SPORT SPA;PF0034100/20XEX1015;100/2 ELAS RIT FLEXI PA 66 - GRIGIO M;KG;365,569999694824;4771,79
MICO SPORT SPA;PF0034100/20XEX1020;100/2 ELAS RIT FLEXI PA 66 - GRIGIO PELTRO;KG;393,810001373291;5004,1
MICO SPORT SPA;PF0034100/20XEX1022;100/2 ELAS RIT FLEXI PA 66 - GRIGIO CAMP;KG;120,020000457764;1623,3
MICO SPORT SPA;PF0034100/20XEX1027;100/2 ELAS RIT FLEXI PA 66 - PAVONE 071;KG;37,4900002479553;506,12
MICO SPORT SPA;PF0034100/20XEX1032;100/2 ELAS RIT FLEXI PA 66 - GRIGIO 431/C;KG;166,379999637604;2137,38
MICO SPORT SPA;PF0034100/20XEX1044;100/2 ELAS RIT FLEXI PA 66 - GIALLO FLUO;KG;747,590003728867;9561,88
MICO SPORT SPA;PF0034100/20XEX1047;100/2 ELAS RIT FLEXI PA 66 - ARANCIO 10;KG;43,3200001716614;493,85
MICO SPORT SPA;PF0034100/20XEX1072;100/2 ELAS RIT FLEXI PA 66 - FUXIA FLUO;KG;149,240000009537;1967,11
MICO SPORT SPA;PF0034100/20XEX1074;100/2 ELAS RIT FLEXI PA 66 - VERDE FLUO;KG;199,579998970032;2569,78
MICO SPORT SPA;PF0034100/20XEX1086;100/2 ELAS RIT FLEXI PA 66 - MILITARE 14;KG;41,75;475,95
MICO SPORT SPA;PF0034100/20XEX1088;100/2 ELAS RIT FLEXI PA 66 - GINGER 14;KG;37,2799997329712;446,55
MICO SPORT SPA;PF0034100/20XEX1090;100/2 ELAS RIT FLEXI PA 66 - TURCHESE 15;KG;68,6799993515015;982,94
MICO SPORT SPA;PF0034100/20XEX1093;100/2 ELAS RIT FLEXI PA 66 - FUXIA 15;KG;105,099998652935;1336,91
MICO SPORT SPA;PF0034100/20XEX1104;100/2 ELAS RIT FLEXI PA 66 - ARANCIO 16;KG;35,7600002288818;482,76
MICO SPORT SPA;PF0034100/20XEX1107;100/2 ELAS RIT FLEXI PA 66 - BLUETTE 9086;KG;159,810000896454;2021,32
MICO SPORT SPA;PF0034100/20XEX1123;100/2 ELAS RIT FLEXI PA 66 - BLU 2922;KG;73,3600001335144;1041,72
MICO SPORT SPA;PF0034227010A661004;LYCRA+PA66 (22+ 078 TINTO) 85 DTX - GRAFITE 9240;KG;32,120000064373;598,72
MICO SPORT SPA;PF0034227010A661033;LYCRA+PA66 (22+ 078 TINTO) 85 DTX - VERDE ARMY;KG;30,9700000286102;603,92
MICO SPORT SPA;PF0034444020IEX1001;44/40/2 QNOVA GRS 60 INT. FLEXI PA 66 - NERO;KG;132,230000734329;3174,26
MICO SPORT SPA;PF0034444020IEX1017;44/40/2 QNOVA GRS 60 INT. FLEXI PA 66 - CANDIDO;KG;134,349999904633;3256,59
MICO SPORT SPA;PF0034444020IEX1124;44/40/2 QNOVA GRS 60 INT. FLEXI PA 66 - UNIFORM SAND 15-0751;KG;20,9500007629395;510,49
MICO SPORT SPA;PF0034444020IEX1125;44/40/2 QNOVA GRS 60 INT. FLEXI PA 66 - FIREBALL 17-1564 TCX;KG;52,6300005912781;1302,11
MICO SPORT SPA;PF0034444020IEX1126;44/40/2 QNOVA GRS 60 INT. FLEXI PA 66 - PROCESS PINK 18-2143 TCX;KG;25,3499997854233;620,42
MICO SPORT SPA;PF0034444020IEX1127;44/40/2 QNOVA GRS 60 INT. FLEXI PA 66 - UTILITY GREEN 19-0419 TCX;KG;86,4400007724762;2158,23
MICO SPORT SPA;PF0034444020IEX1128;44/40/2 QNOVA GRS 60 INT. FLEXI PA 66 - PROCESS PURPLE 19-2428 TCX;KG;54,4499998092651;1347,47
MICO SPORT SPA;PF0034444020IEX1129;44/40/2 QNOVA GRS 60 INT. FLEXI PA 66 - ULTRAMARINE 19-3952 TCX;KG;40,5699996948242;1001,09
MICO SPORT SPA;PF0034444020IEX1130;44/40/2 QNOVA GRS 60 INT. FLEXI PA 66 - ORBIT BLU 19-3923 TCX;KG;41,9300003051758;1038,95
MICO SPORT SPA;PF0034444020IEX1131;44/40/2 QNOVA GRS 60 INT. FLEXI PA 66 - GIALLO TN SAFETY FLUO 13-0630 TCX;KG;61,3100004196167;1519,32
MICO SPORT SPA;PF0034786020LEX1001;78/60/2 QNOVA LEG.INTERL FLEXI GRS 60 PA 66 - NERO;KG;425,600000858307;8677,88
MICO SPORT SPA;PF0034786020LEX1017;78/60/2 QNOVA LEG.INTERL FLEXI GRS 60 PA 66 - CANDIDO;KG;366,950001716614;7768,36
MICO SPORT SPA;PF0034786020LEX1124;78/60/2 QNOVA LEG.INTERL FLEXI GRS 60 PA 66 - UNIFORM SAND 15-0751;KG;55,0500001907349;1162,44
MICO SPORT SPA;PF0034786020LEX1125;78/60/2 QNOVA LEG.INTERL FLEXI GRS 60 PA 66 - FIREBALL 17-1564 TCX;KG;150,109999656677;3227,9
MICO SPORT SPA;PF0034786020LEX1126;78/60/2 QNOVA LEG.INTERL FLEXI GRS 60 PA 66 - PROCESS PINK 18-2143 TCX;KG;48,8800001144409;1019,12
MICO SPORT SPA;PF0034786020LEX1127;78/60/2 QNOVA LEG.INTERL FLEXI GRS 60 PA 66 - UTILITY GREEN 19-0419 TCX;KG;190,140001773834;4119,74
MICO SPORT SPA;PF0034786020LEX1128;78/60/2 QNOVA LEG.INTERL FLEXI GRS 60 PA 66 - PROCESS PURPLE 19-2428 TCX;KG;101,860000252724;2182,17
MICO SPORT SPA;PF0034786020LEX1129;78/60/2 QNOVA LEG.INTERL FLEXI GRS 60 PA 66 - ULTRAMARINE 19-3952 TCX;KG;67,6300013065338;1427,74
MICO SPORT SPA;PF0034786020LEX1130;78/60/2 QNOVA LEG.INTERL FLEXI GRS 60 PA 66 - ORBIT BLU 19-3923 TCX;KG;96,2399995326996;2068,54
MICO SPORT SPA;PF0034786020LEX1131;78/60/2 QNOVA LEG.INTERL FLEXI GRS 60 PA 66 - GIALLO TN SAFETY FLUO 13-0630 TCX;KG;148,180000305176;3189,38
MICO SPORT SPA;PF003478QSK0IEX1000;78/68/2 QSKIN INT. FLEXI PA 66 - NERO;KG;41,5699996948242;831,4
MICO SPORT SPA;PF003478QSK0IEX1133;78/68/2 QSKIN INT. FLEXI PA 66 - 19-4324 TPX;KG;43,1299992203712;882,98
MICO SPORT SPA;PR00340019;;;0;102,14
NASTRIFICIO ZINGONIA SRL;;;KG;478,13000869751;-3566,4
NASTRIFICIO ZINGONIA SRL;;;NR;;841,09
NASTRIFICIO ZINGONIA SRL;;;;0;0
NASTRIFICIO ZINGONIA SRL;PF00360156T0X661036;156/1 TACTEL RIT PA 66 - ORO;KG;238,769998311996;4297,86
NASTRIFICIO ZINGONIA SRL;PF0036040/20I661004;40/2 ELAS INT. PA 66 - NERO;KG;53,9200005531311;754,88
NASTRIFICIO ZINGONIA SRL;PF0036070/20IP61184;70/2 ELAS INT. PA 6 - BLU PIC;KG;318,460000991821;3216,3
NASTRIFICIO ZINGONIA SRL;PF0036070/20IP61185;70/2 ELAS INT. PA 6 - ROSSO PIC;KG;160,129999637604;1616,74
NASTRIFICIO ZINGONIA SRL;PF0036070/20X661001;70/2 ELAS RIT PA 66 - CANDIDO;KG;289,309999465942;3709,71
NASTRIFICIO ZINGONIA SRL;PF0036070/20X661004;70/2 ELAS RIT PA 66 - NERO;KG;244,14999961853;3060,2
NASTRIFICIO ZINGONIA SRL;PF0036070/20X661005;70/2 ELAS RIT PA 66 - GRIGIO MEDIO;KG;302,630001068115;3797,99
NASTRIFICIO ZINGONIA SRL;PF0036070/20X661015;70/2 ELAS RIT PA 66 - GRIGIO SCURO BRIKO;KG;466,280000209808;5943,36
NASTRIFICIO ZINGONIA SRL;PF0036070/20X661023;70/2 ELAS RIT PA 66 - BLU CATANZARO;KG;420,159997582436;4285,63
NASTRIFICIO ZINGONIA SRL;PF0036070/20X661024;70/2 ELAS RIT PA 66 - GRIGIO PERLA;KG;443,390001296997;5629,38
NASTRIFICIO ZINGONIA SRL;PF0036070/20X661042;70/2 ELAS RIT PA 66 - TIRRENO;KG;86,0200004577637;1083,85
NASTRIFICIO ZINGONIA SRL;PF0036070/20X661047;70/2 ELAS RIT PA 66 - GRIGIO UOMO;KG;613,96000123024;7136,64
NASTRIFICIO ZINGONIA SRL;PF0036070/20X661051;70/2 ELAS RIT PA 66 - BLUETTE BRIKO;KG;91,2299995422363;1094,76
NASTRIFICIO ZINGONIA SRL;PF0036070/20X661065;70/2 ELAS RIT PA 66 - ROSSO SANGUE;KG;84,2199995517731;1061,18
NASTRIFICIO ZINGONIA SRL;PF0036070/20X661067;70/2 ELAS RIT PA 66 - GRIGIO MISSONI;KG;92,1000008583069;1160,45
NASTRIFICIO ZINGONIA SRL;PF0036070/20X661074;70/2 ELAS RIT PA 66 - BLU NOTTE;KG;68,3800005912781;854,77
NASTRIFICIO ZINGONIA SRL;PF0036070/20X661077;70/2 ELAS RIT PA 66 - BLU YAM;KG;142,709999084473;1748,97
NASTRIFICIO ZINGONIA SRL;PF0036070/20X661101;70/2 ELAS RIT PA 66 - BLUETTE UOMO;KG;104,019999504089;1061
NASTRIFICIO ZINGONIA SRL;PF0036070/20X661107;70/2 ELAS RIT PA 66 - AVIO SCURO BRIKO;KG;172,169999659061;1756,14
NASTRIFICIO ZINGONIA SRL;PF0036070/20X661110;70/2 ELAS RIT PA 66 - AZZURRO SPY;KG;68,4200000762939;697,88
NASTRIFICIO ZINGONIA SRL;PF0036070/20X661116;70/2 ELAS RIT PA 66 - AVIO SCURO QUARENGHI;KG;94,0600004196167;1175,77
NASTRIFICIO ZINGONIA SRL;PF0036070/20X661138;70/2 ELAS RIT PA 66 - GREGGIO;KG;597,979995727539;5429,77
NASTRIFICIO ZINGONIA SRL;PF0036070/20X661181;70/2 ELAS RIT PA 66 - GRIGIO NOIR;KG;227,740000247955;2824,59
NASTRIFICIO ZINGONIA SRL;PF0036070/20X661223;70/2 ELAS RIT PA 66 - LIGHT BLU PORTOGALLO;KG;91,7400002479553;1100,88
NASTRIFICIO ZINGONIA SRL;PF0036070/20X661244;70/2 ELAS RIT PA 66 - GRIGIO CHEVRO;KG;82,1700008511543;1133,54
NASTRIFICIO ZINGONIA SRL;PF0036070/20XFL1001;70/2 ELAS RIT FLEXY PA 6 - CANDIDO;KG;152,130001068115;1855,99
NASTRIFICIO ZINGONIA SRL;PF0036070/20XFL1002;70/2 ELAS RIT FLEXY PA 6 - BLU RANGER;KG;148,760001420975;1814,88
NASTRIFICIO ZINGONIA SRL;PF0036070/20XFL1004;70/2 ELAS RIT FLEXY PA 6 - NERO;KG;146,640002250671;1789,02
NASTRIFICIO ZINGONIA SRL;PF0036070/20XFL1005;70/2 ELAS RIT FLEXY PA 6 - GRIGIO MEDIO;KG;149,839998245239;1828,05
NASTRIFICIO ZINGONIA SRL;PF0036070/20XFL1015;70/2 ELAS RIT FLEXY PA 6 - GRIGIO SCURO BRIKO;KG;290,670001029968;3546,15
NASTRIFICIO ZINGONIA SRL;PF0036070/20XFL1047;70/2 ELAS RIT FLEXY PA 6 - GRIGIO UOMO;KG;140,680001497269;1716,27
NASTRIFICIO ZINGONIA SRL;PF0036070/20XFL1090;70/2 ELAS RIT FLEXY PA 6 - NEUTRAL GREY;KG;143,009999752045;1744,72
NASTRIFICIO ZINGONIA SRL;PF0036070/20XP61004;70/2 ELAS RIT PA 6 - NERO;KG;165,109998703003;1840,19
NASTRIFICIO ZINGONIA SRL;PF0036070/20XP61015;70/2 ELAS RIT PA 6 - GRIGIO SCURO BRIKO;KG;98,3800008296967;1082,18
NASTRIFICIO ZINGONIA SRL;PF0036070/20XP61023;70/2 ELAS RIT PA 6 - BLU CATANZARO;KG;713,070004165173;8055,23
NASTRIFICIO ZINGONIA SRL;PF0036070/20XP61024;70/2 ELAS RIT PA 6 - GRIGIO PERLA;KG;97,1800003051758;1068,98
NASTRIFICIO ZINGONIA SRL;PF0036070/20XP61047;70/2 ELAS RIT PA 6 - GRIGIO UOMO;KG;437,339999079704;4868,48
NASTRIFICIO ZINGONIA SRL;PF0036070/20XP61065;70/2 ELAS RIT PA 6 - ROSSO SANGUE;KG;324,009998679161;3564,11
NASTRIFICIO ZINGONIA SRL;PF0036070/20XP61074;70/2 ELAS RIT PA 6 - BLU NOTTE;KG;538,500002145767;6132,63
NASTRIFICIO ZINGONIA SRL;PF0036070/20XP61077;70/2 ELAS RIT PA 6 - BLU YAM;KG;226,980001449585;2555,84
NASTRIFICIO ZINGONIA SRL;PF0036070/20XP61106;70/2 ELAS RIT PA 6 - AZZURRO 6;KG;116,719998598099;1342,32
NASTRIFICIO ZINGONIA SRL;PF0036070/20XP61189;70/2 ELAS RIT PA 6 - DEEP RED G378;KG;116,029999256134;1334,37
NASTRIFICIO ZINGONIA SRL;PF0036070/20XP61242;70/2 ELAS RIT PA 6 - PANNA A CAMPIONE;KG;2,14999997615814;23,65
NASTRIFICIO ZINGONIA SRL;PF0036070/20XP61243;70/2 ELAS RIT PA 6 - BIANCO A CAMPIONE;KG;0,769999980926514;8,47
NASTRIFICIO ZINGONIA SRL;PF0036070/20XP61245;70/2 ELAS RIT PA 6 - BORDEAUX A CAMPIONE;KG;1,89999997615814;30
NASTRIFICIO ZINGONIA SRL;PF0036070/40I661004;70/4 ELAS INT. PA 66 - NERO;KG;1083,53000378609;12212,25
NASTRIFICIO ZINGONIA SRL;PF0036160360XL61138;160/36 LUCIDO RIT PARALL LUCIDO PA 6 - GREGGIO;KG;3,62999999523163;45,29
NASTRIFICIO ZINGONIA SRL;PF0036406400INY1140;SPLENDOR DTEX 78/2 NY66 INTERL. - MELANGE ADM;KG;322,370000362396;4174,72
NASTRIFICIO ZINGONIA SRL;PF0036781820ITP1151;78/18X2 INT. PA6 TINTO PASTA - NERO T.P.;KG;1053,82999992371;6533,75
NASTRIFICIO ZINGONIA SRL;PF0036NY6NY0IP61062;SPLENDOR DTEX 78/2 NY 6 INT - GRIGIO MEDIO MELANGE;KG;148,409998893738;2522,97
REMMERT SPA;;;KG;100;-1700
REMMERT SPA;;;1;;39,5
REMMERT SPA;;;;0;0
REMMERT SPA;PF00370156T0X661013;156/1 TACTEL RIT PA 66 - BIANCO;KG;48,1699995994568;963,4
REMMERT SPA;PF0037070/10X661005;70/1 ELAS RIT PA 66 - NERO;KG;2,09999990463257;60
REMMERT SPA;PF0037070/10X661006;70/1 ELAS RIT PA 66 - CANDIDO;KG;1,04999995231628;30
REMMERT SPA;PF0037070/20IP61133;70/2 ELAS INT. PA 6 - GREGGIO;KG;1394,35000228882;10797,4
REMMERT SPA;PF0037070/20XP61008;70/2 ELAS RIT PA 6 - BLU 805;KG;336,429996490479;4137,45
REMMERT SPA;PF0037070/20XP61016;70/2 ELAS RIT PA 6 - GRIGIO 630;KG;100,969999790192;1271,98
REMMERT SPA;PF0037070/20XP61019;70/2 ELAS RIT PA 6 - BLU 295;KG;126,5;1613,16
REMMERT SPA;PF0037070/20XP61020;70/2 ELAS RIT PA 6 - GRIGIO 749;KG;43,8300004005432;569,79
REMMERT SPA;PF0037070/20XP61024;70/2 ELAS RIT PA 6 - BLU 701;KG;55,4000012874603;745,13
REMMERT SPA;PF0037070/20XP61032;70/2 ELAS RIT PA 6 - GRIGIO 266;KG;124,740000724792;1603,77
REMMERT SPA;PF0037070/20XP61120;70/2 ELAS RIT PA 6 - BEIGE 769;KG;48,9800004959106;658,78
REMMERT SPA;PF0037070/20XP61127;70/2 ELAS RIT PA 6 - FUXIA 233;KG;69,2299995422363;877,44
REMMERT SPA;PF0037070/20XP61128;70/2 ELAS RIT PA 6 - ROSSO 238;KG;25,8100004196167;335,53
REMMERT SPA;PF0037070/20XP61133;70/2 ELAS RIT PA 6 - GREGGIO;KG;205,079998970032;1886,71
REMMERT SPA;PF0037070/20XP61151;70/2 ELAS RIT PA 6 - MARRONE 252;KG;38,5000009536743;500,5
REMMERT SPA;PF0037070/20XP61186;70/2 ELAS RIT PA 6 - BEIGE 322;KG;104,499998807907;1192,64
REMMERT SPA;PF0037070/20XP61221;70/2 ELAS RIT PA 6 - ORTENSIA 609;KG;24,75;264,82
REMMERT SPA;PF0037070/20XP61222;70/2 ELAS RIT PA 6 - VICUNA A CAMPIONE;KG;165,989999771118;1924,08
REMMERT SPA;PF0037070/20XP61223;70/2 ELAS RIT PA 6 - VIOLA 317;KG;44,3400011062622;540,94
REMMERT SPA;PF0037070/20XP61224;70/2 ELAS RIT PA 6 - FUXIA 318 ;KG;40,8200016021729;498,01
REMMERT SPA;PF0037070/20XP61225;70/2 ELAS RIT PA 6 - LILLA 831;KG;43,5700006484985;531,56
REMMERT SPA;PF0037070/20XP61228;70/2 ELAS RIT PA 6 - ROSSO 239;KG;20,4200000762939;274,65
REMMERT SPA;PF0037070/30XFL1189;70/3 ELAS RITORTO FLEXY 120 GIRI PA 6 - GRIGIO 877C;KG;45,6499996185303;488,46
REMMERT SPA;PF0037070/40XP61133;70/4 ELAS RIT PA 6 - GREGGIO;KG;10;85
REMMERT SPA;PF0037156/10!661013;156/1  RIT 110 S PA 66 - BIANCO;KG;97,4700012207031;1949,4
REMMERT SPA;PF0037786820M661000;78/68/2  RIT 200 GIRI PA 66 MICRO - CANDIDO;KG;337,680002450943;5934,15
REMMERT SPA;PF0037786820M661008;78/68/2  RIT 200 GIRI PA 66 MICRO - BLU 805;KG;135,399998664856;2301,8
REMMERT SPA;PF0037786820M661013;78/68/2  RIT 200 GIRI PA 66 MICRO - BIANCO;KG;242,829999446869;4199,68
REMMERT SPA;PF0037786820M661034;78/68/2  RIT 200 GIRI PA 66 MICRO - NERO;KG;228,240001678467;4063,41
REMMERT SPA;PF0037786820M661041;78/68/2  RIT 200 GIRI PA 66 MICRO - GRIGIO 270;KG;71,8399991989136;1149,44
REMMERT SPA;PF0037786820M661229;78/68/2  RIT 200 GIRI PA 66 - BLU N011;KG;53,8999996185303;1013,31
REMMERT SPA;PF0037LUC700XP61005;70 LUCIDO RIT PA 6 - NERO;KG;1,04999995231628;30
REMMERT SPA;PR00370001;;;0;445,11
REMMERT SPA;PR00370006;;;0;34,62
REMMERT SPA;PR00370019;;;0;194,48
SARA SPORTLINE SRL;;;KG;67021,8001098633;429372,19
SARA SPORTLINE SRL;;;NR;2;-76747,31
SARA SPORTLINE SRL;;;;0;0
SARA SPORTLINE SRL;PF0039070/20XEX1001;70/2 ELAS RIT FLEXI PA 66 - ROSSO;KG;209,24000120163;2113,34
SARA SPORTLINE SRL;PF0039070/20XEX1002;70/2 ELAS RIT FLEXI PA 66 - NERO;KG;1390,48999583721;14463,84
SARA SPORTLINE SRL;PF0039070/20XEX1008;70/2 ELAS RIT FLEXI PA 66 - BIANCO A CAMPIONE;KG;1194,86000227928;12068,18
SARA SPORTLINE SRL;PF0039070/20XEX1009;70/2 ELAS RIT FLEXI PA 66 - NERO SP;KG;1619,8099937439;13516,9
SARA SPORTLINE SRL;PF0039070/30XFL1000;70/3 ELAS RIT FLEXY PA 6 - CANDIDO;KG;206,389998912811;2311,56
SARA SPORTLINE SRL;PF0039070/30XFL1002;70/3 ELAS RIT FLEXY PA 6 - NERO;KG;166,380001068115;1863,46
SARA SPORTLINE SRL;PF0039070/40XEX1000;70/4 ELAS RIT FLEXI PA 66 - CANDIDO;KG;529,540000200272;6672,18
SARA SPORTLINE SRL;PF0039070/40XEX1001;70/4 ELAS RIT FLEXI PA 66 - ROSSO;KG;195,209999084473;2459,65
SARA SPORTLINE SRL;PF0039070/40XEX1002;70/4 ELAS RIT FLEXI PA 66 - NERO;KG;214,18000125885;2698,66
SARA SPORTLINE SRL;PF003978SQS0I661000;78/68/2 QSKIN INT. PA 66 - CANDIDO;KG;2718,89999508858;22856,2
SARA SPORTLINE SRL;PF003978SQS0I661002;78/68/2 QSKIN INT. PA 66 - NERO;KG;2717,82000684738;17288,79
SARA SPORTLINE SRL;PF0039LU1400XP61005;140 LUCIDO RIT 200 S PA 6 - GREGGIO;KG;15,7600002288818;212,76
TONOLI  SRL;;;NR;1;70788,7
LIABEL SPA;;;;;
LIABEL SPA;PF0070020/10A661000;20/1 ELAS APE PA 66 - BORDO';KG;16,3999996185303;623,2
LIABEL SPA;PR00700019;;;0;32,8
TEA SRL;;;;;
TEA SRL;PF0073070/20X661001;70/2 ELAS RIT PA 66 - BEIGE SOLITO;KG;131,579998850822;1660,15
TEA SRL;PF0073070/20X661003;70/2 ELAS RIT PA 66 - CANDIDO;KG;85,9399995803833;1048,46
TEA SRL;PF0073070/20X661004;70/2 ELAS RIT PA 66 - NERO;KG;80,600001335144;983,31
TEA SRL;PF0073100/10X661012;100/1 ELAS RIT PA 66 - BEIGE SCURO;KG;97,3100008964539;1148,27
TEA SRL;PF0073100/20X661006;100/2 ELAS RIT PA 66 - GREGGIO;KG;241,630001068115;2629,45
CALZIFICIO PEDACI ANTONIO;;;NR;1;1336,8
CALZIFICIO PEDACI ANTONIO;;;;0;0
CALZIFICIO PEDACI ANTONIO;PF0079070/30XFL1001;70/3 ELAS RIT FLEXY PA 6 - NERO;KG;1109,31999540329;11763,7
CALZIFICIO PEDACI ANTONIO;PF0079070/30XFL1003;70/3 ELAS RIT FLEXY PA 6 - ARANCIO EVO;KG;372,869999885559;3810,73
CALZIFICIO PEDACI ANTONIO;PF0079070/30XFL1004;70/3 ELAS RIT FLEXY PA 6 - ARANCIO MAC FLUO;KG;84,0499992370605;924,55
CALZIFICIO PEDACI ANTONIO;PF0079070/30XFL1005;70/3 ELAS RIT FLEXY PA 6 - ROSSO 05;KG;239,599999427795;2512,39
CALZIFICIO PEDACI ANTONIO;PF0079070/30XFL1006;70/3 ELAS RIT FLEXY PA 6 - ROSSO 238;KG;81,1799993515015;829,66
CALZIFICIO PEDACI ANTONIO;PF0079070/30XFL1008;70/3 ELAS RIT FLEXY PA 6 - ROSSO AMSTERDAM;KG;1830,66000056267;19092,4
CALZIFICIO PEDACI ANTONIO;PF0079070/30XFL1009;70/3 ELAS RIT FLEXY PA 6 - BIANCO OTTICO;KG;601,779997348785;6619,58
CALZIFICIO PEDACI ANTONIO;PF0079070/30XFL1011;70/3 ELAS RIT FLEXY PA 6 - YELLOW SPEC;KG;40,9500002861023;450,45
CALZIFICIO PEDACI ANTONIO;PF0079070/30XFL1030;70/3 ELAS RIT FLEXY PA 6 - BLU MARINO;KG;161,439998626709;1775,84
CALZIFICIO PEDACI ANTONIO;PF0079070/30XFL1033;70/3 ELAS RIT FLEXY PA 6 - BLU EVO;KG;1694,52000212669;17701,46
CALZIFICIO PEDACI ANTONIO;PF0079070/30XFL1034;70/3 ELAS RIT FLEXY PA 6 - ROYAL SPONSOR;KG;246,040000915527;2645,03
CALZIFICIO PEDACI ANTONIO;PF0079070/30XFL1035;70/3 ELAS RIT FLEXY PA 6 - GROC;KG;310,470001220703;3173
CALZIFICIO PEDACI ANTONIO;PF0079070/30XFL1041;70/3 ELAS RIT FLEXY PA 6 - BLU LAZIO;KG;82,4399995803833;842,55
CALZIFICIO PEDACI ANTONIO;PF0079070/30XFL1044;70/3 ELAS RIT FLEXY PA 6 - GIALLO FLUO;KG;228,550002098083;2335,77
CALZIFICIO PEDACI ANTONIO;PF0079070/30XFL1045;70/3 ELAS RIT FLEXY PA 6 - BLU HELLAS;KG;82,4399995803833;906,84
CALZIFICIO PEDACI ANTONIO;PF0079070/30XFL1051;70/3 ELAS RIT FLEXY PA 6 - ARANCIO 09;KG;164,359998703003;1745,43
CALZIFICIO PEDACI ANTONIO;PF0079070/30XFL1053;70/3 ELAS RIT FLEXY PA 6 - AZZURRO E 16;KG;80,539999961853;823,11
CALZIFICIO PEDACI ANTONIO;PF0079070/30XFL1057;70/3 ELAS RIT FLEXY PA 6 - GIALLO EVO;KG;407,85999584198;4173,27
CALZIFICIO PEDACI ANTONIO;PF0079070/30XFL1068;70/3 ELAS RIT FLEXY PA 6 - GIALLO BRILL (15);KG;125,35000038147;1316,52
CALZIFICIO PEDACI ANTONIO;PF0079070/30XFL1071;70/3 ELAS RIT FLEXY PA 6 - BLU SHARK;KG;149,08000087738;1523,59
CALZIFICIO PEDACI ANTONIO;PF0079070/30XFL1075;70/3 ELAS RIT FLEXY PA 6 - GAROFANO FLUO;KG;74,939998626709;765,9
CALZIFICIO PEDACI ANTONIO;PF0079070/30XFL1076;70/3 ELAS RIT FLEXY PA 6 - BLU LIGHT;KG;139,66999912262;1536,37
CALZIFICIO PEDACI ANTONIO;PF0079070/30XFL1077;70/3 ELAS RIT FLEXY PA 6 - GK GREY;KG;97,5799984931946;997,27
CALZIFICIO PEDACI ANTONIO;PF0079070/30XFL1080;70/3 ELAS RIT FLEXY PA 6 - VERDE SANTI;KG;45,960000038147;505,56
CALZIFICIO PEDACI ANTONIO;PF0079070/30XFL1084;70/3 ELAS RIT FLEXY PA 6 - COOL GREY 1C;KG;83,589998960495;854,3
CALZIFICIO PEDACI ANTONIO;PF0079070/30XFL1086;70/3 ELAS RIT FLEXY PA 6 - ITALIA;KG;617,940003395081;6432,42
CALZIFICIO PEDACI ANTONIO;PF0079070/30XFL1087;70/3 ELAS RIT FLEXY PA 6 - VERDE ELDERA;KG;456,609997391701;4790,64
CALZIFICIO PEDACI ANTONIO;PF0079070/30XFL1089;70/3 ELAS RIT FLEXY PA 6 - ROYAL DEPOR;KG;84,4000005722046;894,49
CALZIFICIO PEDACI ANTONIO;PF0079070/30XFL1092;70/3 ELAS RIT FLEXY PA 6 - BLU GAS;KG;43,2800006866455;441,46
CALZIFICIO PEDACI ANTONIO;PF0079070/30XFL1111;70/3 ELAS RIT FLEXY PA 6 - VERDE MAC;KG;142,319998145103;1454,52
CALZIFICIO PEDACI ANTONIO;PF0079070/30XFL1112;70/3 ELAS RIT FLEXY PA 6 - GRANATA 160104;KG;230,200001239777;2419,29
CALZIFICIO PEDACI ANTONIO;PF0079070/30XFL1113;70/3 ELAS RIT FLEXY PA 6 - BORDEAUX 241;KG;221,96999835968;2332,33
CALZIFICIO PEDACI ANTONIO;PF0079070/30XFL1114;70/3 ELAS RIT FLEXY PA 6 - CIELO 1860;KG;128,500000953674;1348,59
CALZIFICIO PEDACI ANTONIO;PF0079070/30XFL1115;70/3 ELAS RIT FLEXY PA 6 - GRIGIO ZOFF;KG;42,5300006866455;434,66
CALZIFICIO PEDACI ANTONIO;PF0079070/30XFL1116;70/3 ELAS RIT FLEXY PA 6 - FLORENTIA;KG;80,0999999046326;818,62
CALZIFICIO PEDACI ANTONIO;PF0079070/30XFL1117;70/3 ELAS RIT FLEXY PA 6 - VERDONE 5463;KG;19,7600002288818;201,94
CALZIFICIO PEDACI ANTONIO;PF0079070/30XFL1118;70/3 ELAS RIT FLEXY PA 6 - E 20 FRANCESE;KG;82,2799997329712;840,9
CALZIFICIO PEDACI ANTONIO;PF0079070/30XFL1119;70/3 ELAS RIT FLEXY PA 6 - GIALLO 10;KG;326,819997787476;3340,11
CALZIFICIO PEDACI ANTONIO;PF0079070/30XFL1122;70/3 ELAS RIT FLEXY PA 6 - CELESTE 324;KG;44,4700002670288;454,48
CALZIFICIO PEDACI ANTONIO;PF0079070/30XFL1123;70/3 ELAS RIT FLEXY PA 6 - WYNE 222;KG;44,8699994087219;458,57
CALZIFICIO PEDACI ANTONIO;PF0079070/30XFL1124;70/3 ELAS RIT FLEXY PA 6 - CIANO;KG;82,7100005149841;845,29
CALZIFICIO PEDACI ANTONIO;PF0079070/30XFL1125;70/3 ELAS RIT FLEXY PA 6 - GRANATA MAC;KG;151,439997196198;1665,84
CALZIFICIO PEDACI ANTONIO;PF0079070/30XFL1126;70/3 ELAS RIT FLEXY PA 6 - LILLA JOHN;KG;85,0699987411499;905,58
CALZIFICIO PEDACI ANTONIO;PF0079070/30XFL1129;70/3 ELAS RIT FLEXY PA 6 - NAZIONALE;KG;82,9200015068054;912,12
CALZIFICIO PEDACI ANTONIO;PF0079070/30XFL1132;70/3 ELAS RIT FLEXY PA 6 - VIOLA GLORY;KG;44,4400005340576;488,84
CALZIFICIO PEDACI ANTONIO;PF0079070/30XFL1133;70/3 ELAS RIT FLEXY PA 6 - ROSSO DRV;KG;39,6399989128113;436,04
CALZIFICIO PEDACI ANTONIO;PF0079070/30XRF1001;70/3 EL RIT RENYCLE 100 GRS FLEXY PA 6 - NERO;KG;5444,67001628876;69989,99
CALZIFICIO PEDACI ANTONIO;PF0079070/30XRF1004;70/3 ELAS RIT RENYCLE 100% GRS FLEXY PA 6 - ARANCIO MAC FLUO;KG;179,439999341965;1796,95
CALZIFICIO PEDACI ANTONIO;PF0079070/30XRF1006;70/3 ELAS RIT RENYCLE 100% GRS FLEXY PA 6 - ROSSO 238;KG;349,420000076294;3501,19
CALZIFICIO PEDACI ANTONIO;PF0079070/30XRF1007;70/3 ELAS RIT RENYCLE 100% GRS FLEXY PA 6 - FRANCIA;KG;248,750000953674;2571,26
CALZIFICIO PEDACI ANTONIO;PF0079070/30XRF1009;70/3 ELAS RIT RENYCLE 100% GRS FLEXY PA 6 - BIANCO OTTICO;KG;3613,66000533104;39159,95
CALZIFICIO PEDACI ANTONIO;PF0079070/30XRF1010;70/3 ELAS RIT RENYCLE 100% GRS FLEXY PA 6 - BLU RS;KG;109,609998703003;1101,59
CALZIFICIO PEDACI ANTONIO;PF0079070/30XRF1019;70/3 ELAS RIT RENYCLE 100% GRS FLEXY PA 6 - BLU CLER;KG;46,5699996948242;466,63
CALZIFICIO PEDACI ANTONIO;PF0079070/30XRF1028;70/3 ELAS RIT RENYCLE 100% GRS FLEXY PA 6 - BLU KSC;KG;41,1000003814697;413,06
CALZIFICIO PEDACI ANTONIO;PF0079070/30XRF1033;70/3 ELAS RIT RENYCLE 100% GRS FLEXY PA 6 - BLU EVO;KG;803,850001454353;8723,09
CALZIFICIO PEDACI ANTONIO;PF0079070/30XRF1034;70/3 ELAS RIT RENYCLE 100% GRS FLEXY PA 6 - ROYAL SPONSOR;KG;280,920000076294;2811,77
CALZIFICIO PEDACI ANTONIO;PF0079070/30XRF1035;70/3 ELAS RIT RENYCLE 100% GRS FLEXY PA 6 - GROC;KG;555,409997463226;5558,98
CALZIFICIO PEDACI ANTONIO;PF0079070/30XRF1037;70/3 ELAS RIT RENYCLE 100% GRS FLEXY PA 6 - ROYAL KRAK;KG;48,4999995231628;487,42
CALZIFICIO PEDACI ANTONIO;PF0079070/30XRF1039;70/3 ELAS RIT RENYCLE 100% GRS FLEXY PA 6 - GOLD HAJDUK;KG;162,420002937317;1627,45
CALZIFICIO PEDACI ANTONIO;PF0079070/30XRF1041;70/3 ELAS RIT RENYCLE 100% GRS FLEXY PA 6 - BLU LAZIO;KG;160,929998397827;1612,51
CALZIFICIO PEDACI ANTONIO;PF0079070/30XRF1042;70/3 ELAS RIT RENYCLE 100% GRS FLEXY PA 6 - WATER UDI;KG;312,02999830246;3125,47
CALZIFICIO PEDACI ANTONIO;PF0079070/30XRF1043;70/3 ELAS RIT RENYCLE 100% GRS FLEXY PA 6 - ROYAL SAMP;KG;153,130000114441;1531,3
CALZIFICIO PEDACI ANTONIO;PF0079070/30XRF1044;70/3 ELAS RIT RENYCLE 100% GRS FLEXY PA 6 - GIALLO FLUO;KG;499,869999408722;6998,18
CALZIFICIO PEDACI ANTONIO;PF0079070/30XRF1045;70/3 ELAS RIT RENYCLE 100% GRS FLEXY PA 6 - BLU HELLAS;KG;169,879999160767;1702,2
CALZIFICIO PEDACI ANTONIO;PF0079070/30XRF1048;70/3 ELAS RIT RENYCLE 100% GRS FLEXY PA 6 - BLU ALB;KG;43,5699999332428;437,88
CALZIFICIO PEDACI ANTONIO;PF0079070/30XRF1049;70/3 ELAS RIT RENYCLE 100% GRS FLEXY PA 6 - ROYAL FIR;KG;460,519998550415;4618,95
CALZIFICIO PEDACI ANTONIO;PF0079070/30XRF1052;70/3 ELAS RIT RENYCLE 100% GRS FLEXY PA 6 - PETROIL EELS;KG;44,5999994277954;490,6
CALZIFICIO PEDACI ANTONIO;PF0079070/30XRF1059;70/3 ELAS RIT RENYCLE 100% GRS FLEXY PA 6 - ROSSO ALB;KG;85,6199989318848;857,91
CALZIFICIO PEDACI ANTONIO;PF0079070/30XRF1060;70/3 ELAS RIT RENYCLE 100% GRS FLEXY PA 6 - VERDE WRU;KG;252,569999694824;2530,77
CALZIFICIO PEDACI ANTONIO;PF0079070/30XRF1067;70/3 ELAS RIT RENYCLE 100% GRS FLEXY PA 6 - GIALLONE;KG;81,8799996376038;820,42
CALZIFICIO PEDACI ANTONIO;PF0079070/30XRF1076;70/3 ELAS RIT RENYCLE 100% GRS FLEXY PA 6 - BLU LIGHT;KG;798,199999809265;11174,8
CALZIFICIO PEDACI ANTONIO;PF0079070/30XRF1077;70/3 ELAS RIT RENYCLE 100% GRS FLEXY PA 6 - GK GREY;KG;327,470001220703;4009,94
CALZIFICIO PEDACI ANTONIO;PF0079070/30XRF1078;70/3 ELAS RIT RENYCLE 100% GRS FLEXY PA 6 - ROSSO ESP;KG;81,9299993515015;820,94
CALZIFICIO PEDACI ANTONIO;PF0079070/30XRF1081;70/3 ELAS RIT RENYCLE 100% GRS FLEXY PA 6 - ROSA FLUO 36;KG;237,690000534058;2378,54
CALZIFICIO PEDACI ANTONIO;PF0079070/30XRF1083;70/3 ELAS RIT RENYCLE 100% GRS FLEXY PA 6 - LEV CARDINAL;KG;295,460001945496;3520,52
CALZIFICIO PEDACI ANTONIO;PF0079070/30XRF1084;70/3 ELAS RIT RENYCLE 100% GRS FLEXY PA 6 - COOL GREY 1C;KG;149,060000419617;1490,6
CALZIFICIO PEDACI ANTONIO;PF0079070/30XRF1086;70/3 ELAS RIT RENYCLE 100% GRS FLEXY PA 6 - ITALIA;KG;79,7899990081787;877,69
CALZIFICIO PEDACI ANTONIO;PF0079070/30XRF1088;70/3 ELAS RIT RENYCLE 100% GRS FLEXY PA 6 - BLU ASTRO;KG;83,5900011062622;840,09
CALZIFICIO PEDACI ANTONIO;PF0079070/30XRF1089;70/3 ELAS RIT RENYCLE 100% GRS FLEXY PA 6 - ROYAL DEPOR;KG;41,6599998474121;418,68
CALZIFICIO PEDACI ANTONIO;PF0079070/30XRF1090;70/3 ELAS RIT RENYCLE 100% GRS FLEXY PA 6 - ROJO 7079;KG;178,819997787476;1795,91
CALZIFICIO PEDACI ANTONIO;PF0079070/30XRF1091;70/3 ELAS RIT RENYCLE 100% GRS FLEXY PA 6 - VERDE FLUO ;KG;152,299997329712;1526,03
CALZIFICIO PEDACI ANTONIO;PF0079070/30XRF1093;70/3 ELAS RIT RENYCLE 100% GRS FLEXY PA 6 - OVER WATER;KG;45,1100006103516;452
CALZIFICIO PEDACI ANTONIO;PF0079070/30XRF1094;70/3 ELAS RIT RENYCLE 100% GRS FLEXY PA 6 - BLU BOLT;KG;149,369999408722;1496,69
CALZIFICIO PEDACI ANTONIO;PF0079070/30XRF1095;70/3 ELAS RIT RENYCLE 100% GRS FLEXY PA 6 - BLU NORD;KG;89,1299991607666;893,08
CALZIFICIO PEDACI ANTONIO;PF0079070/30XRF1096;70/3 ELAS RIT RENYCLE 100% GRS FLEXY PA 6 - VERDE ALB;KG;10,9800002574921;110,01
CALZIFICIO PEDACI ANTONIO;PF0079070/30XRF1097;70/3 ELAS RIT RENYCLE 100% GRS FLEXY PA 6 - AZZURRO 285;KG;290,10000038147;2906,8
CALZIFICIO PEDACI ANTONIO;PF0079070/30XRF1098;70/3 ELAS RIT RENYCLE 100% GRS FLEXY PA 6 - BLU BURN;KG;144,690001487732;1449,8
CALZIFICIO PEDACI ANTONIO;PF0079070/30XRF1099;70/3 ELAS RIT RENYCLE 100% GRS FLEXY PA 6 - BLU BASEL;KG;144,299998283386;1445,88
CALZIFICIO PEDACI ANTONIO;PF0079070/30XRF1100;70/3 ELAS RIT RENYCLE 100% GRS FLEXY PA 6 - GRIGIO BASEL;KG;100,130000352859;1003,3
CALZIFICIO PEDACI ANTONIO;PF0079070/30XRF1101;70/3 ELAS RIT RENYCLE 100% GRS FLEXY PA 6 - TURCHESE RAS;KG;45,4699993133545;455,61
CALZIFICIO PEDACI ANTONIO;PF0079070/30XRF1102;70/3 ELAS RIT RENYCLE 100% GRS FLEXY PA 6 - ARANCIO NICE;KG;83,25;834,16
CALZIFICIO PEDACI ANTONIO;PF0079070/30XRF1103;70/3 ELAS RIT RENYCLE 100% GRS FLEXY PA 6 - CIELO SHEFF;KG;45,6400008201599;457,32
CALZIFICIO PEDACI ANTONIO;PF0079070/30XRF1104;70/3 ELAS RIT RENYCLE 100% GRS FLEXY PA 6 - VIOLA PAOK;KG;45,3699998855591;454,61
CALZIFICIO PEDACI ANTONIO;PF0079070/30XRF1105;70/3 ELAS RIT RENYCLE 100% GRS FLEXY PA 6 - LILLA 528;KG;83,8199996948242;839,87
CALZIFICIO PEDACI ANTONIO;PF0079070/30XRF1106;70/3 ELAS RIT RENYCLE 100% GRS FLEXY PA 6 - FUXIA 674;KG;20,5799999237061;206,22
CALZIFICIO PEDACI ANTONIO;PF0079070/30XRF1107;70/3 ELAS RIT RENYCLE 100% GRS FLEXY PA 6 - GIALLO DAC;KG;44,5600004196167;446,49
CALZIFICIO PEDACI ANTONIO;PF0079070/30XRF1108;70/3 ELAS RIT RENYCLE 100% GRS FLEXY PA 6 - ROYAL DAC;KG;2,06999999284744;20,74
CALZIFICIO PEDACI ANTONIO;PF0079070/30XRF1109;70/3 ELAS RIT RENYCLE 100% GRS FLEXY PA 6 - GIALLO UDI;KG;85,2600002288818;854,31
CALZIFICIO PEDACI ANTONIO;PF0079070/30XRF1110;70/3 ELAS RIT RENYCLE 100% GRS FLEXY PA 6 - GRIGIO UDI;KG;43,5599994659424;436,48
CALZIFICIO PEDACI ANTONIO;PF0079070/30XRF1118;70/3 ELAS RIT RENYCLE 100% GRS FLEXY PA 6 - E 20 FRANCESE;KG;323,600004196167;3242,48
CALZIFICIO PEDACI ANTONIO;PF0079070/30XRF1119;70/3 ELAS RIT RENYCLE 100% GRS FLEXY PA 6 - GIALLO 10;KG;194,440001487732;1948,29
CALZIFICIO PEDACI ANTONIO;PF0079070/30XRF1120;70/3 ELAS RIT RENYCLE 100% GRS FLEXY PA 6 - ROSSO EMILIA;KG;106,059998512268;1062,72
CALZIFICIO PEDACI ANTONIO;PF0079070/30XRF1121;70/3 ELAS RIT RENYCLE 100% GRS FLEXY PA 6 - ROSA QUARTZ;KG;78,6200017929077;787,78
CALZIFICIO PEDACI ANTONIO;PF0079070/30XRF1125;70/3 ELAS RIT RENYCLE 100% GRS FLEXY PA 6 - GRANATA MAC;KG;84,2700021266937;844,39
CALZIFICIO PEDACI ANTONIO;PF0079070/30XRF1127;70/3 ELAS RIT RENYCLE 100% GRS FLEXY PA 6 - VERDE SCO;KG;81,6800005435944;854,26
CALZIFICIO PEDACI ANTONIO;PF0079070/30XRF1128;70/3 ELAS RIT RENYCLE 100% GRS FLEXY PA 6 - VERDE GAL;KG;89,9999990463257;946,25
CALZIFICIO PEDACI ANTONIO;PF0079070/30XRF1130;70/3 ELAS RIT RENYCLE 100% GRS FLEXY PA 6 - BLU ZEL;KG;20,3899998664856;224,29
CALZIFICIO PEDACI ANTONIO;PF0079070/30XRF1131;70/3 ELAS RIT RENYCLE 100% GRS FLEXY PA 6 - GRIGIO ALLOY;KG;41,1700010299683;452,87
CALZIFICIO PEDACI ANTONIO;PF0079070/30XRF1134;70/3 ELAS RIT RENYCLE 100% GRS FLEXY PA 6 - RED NEON FLUO;KG;138,770002154633;1942,78
CALZIFICIO PEDACI ANTONIO;PF0079070/30XRF1135;70/3 ELAS RIT RENYCLE 100% GRS FLEXY PA 6 - VERDE BO;KG;106,090000510216;1485,26
CALZIFICIO PEDACI ANTONIO;PF0079070/30XRF1136;70/3 ELAS RIT RENYCLE 100% GRS FLEXY PA 6 - GRIGIO OTTAWA;KG;21,909999370575;306,74
CALZIFICIO PEDACI ANTONIO;PF0079786810IFL1001;78/68/1 ELAS INT. FLEXY PA 6 - NERO;KG;52,4300004243851;629,16
CALZIFICIO PEDACI ANTONIO;PR00790006;;;0;797,84
CALZIFICIO PEDACI ANTONIO;PR00790019;;;0;191,38
NEW KOKO'S  SRL;;;KG;17,1700000762939;-171,7
NEW KOKO'S  SRL;;;NR;;195,09
NEW KOKO'S  SRL;;;;0;0
NEW KOKO'S  SRL;PF0084070/10AEX1115;70/1 EL AP FLEXI PA 66 - 37388 OLIVA KONA V140;KG;18,6399993896484;238,59
NEW KOKO'S  SRL;PF0084070/30XFL1037;70/3 ELAS RIT FLEXY PA 6 - 36759 NERO;KG;152,240000605583;1522,4
NEW KOKO'S  SRL;PF0084070/30XFL1043;70/3 ELAS RIT FLEXY PA 6 - 36758 BIANCO E1;KG;145,130001544952;1477,47
NEW KOKO'S  SRL;PF0084070/30XFL1087;70/3 ELAS RIT FLEXY PA 6 - 36983 PRUGNA 8158 P104;KG;39,289999961853;418,44
NEW KOKO'S  SRL;PF0084070/30XFL1088;70/3 ELAS RIT FLEXY PA 6 - 37711 GIALLO CORN G065;KG;40,460000872612;430,91
NEW KOKO'S  SRL;PF0084070/30XFL1115;70/3 ELAS RIT FLEXY PA 6 - 37858 OLIVA KONA V140;KG;61,9000005722046;649,96
NEW KOKO'S  SRL;PF0084070/30XFL1117;70/3 ELAS RIT FLEXY PA 6 - 37597 FATHOM J011;KG;121,60000038147;1311,3
NEW KOKO'S  SRL;PF0084070/40XFL1082;70/4 ELAS RIT FLEXY PA 6 - 36446 SPORT ORANGE FLUO A082;KG;39,0799999237061;437,7
NEW KOKO'S  SRL;PF0084786820(RF1018;78/68/2  INT.SD RENYCLE 100% GRS FLEXY PA 6 - 30380 BIANCO B016;KG;98,7200012207031;1776,96
NEW KOKO'S  SRL;PF008478QSK0IEX1008;78/68/2 QSKIN INT. FLEXI PA 66 - 38691 NERO;KG;48,2900009155273;917,51
NEW KOKO'S  SRL;PF008478QSK0IEX1123;78/68/2 QSKIN INT. FLEXI PA 66 - 39489 OTTANIO B198;KG;21,9099998474121;416,29
NEW KOKO'S  SRL;PF008478QSK0IEX1124;78/68/2 QSKIN INT. FLEXI PA 66 - 40450 VERDE MAR V300;KG;20,0799999237061;399,59
NEW KOKO'S  SRL;PF008478QSK0IEX1125;78/68/2 QSKIN INT. FLEXI PA 66 - 38272 NERO 103;KG;40,6900005340576;809,73
NEW KOKO'S  SRL;PR00840006;;;0;19,54
NEW KOKO'S  SRL;PR00840019;;;0;43,82
STORI B. & C. SRL;;;KG;12,5700001716614;-204,72
STORI B. & C. SRL;;;;0;0
STORI B. & C. SRL;PF0102040/20XEX1009;40/2 ELAS RIT FLEXI PA 66 - PIOMBO N8;KG;21,5799999237061;425,12
STORI B. & C. SRL;PF0102040/20XEX1048;40/2 ELAS RIT FLEXI PA 66 - M4 MARRONE;KG;11,9800003170967;236,01
STORI B. & C. SRL;PF0102070/20XEX1045;70/2 ELAS RIT FLEXI PA 66 - 7CS ;KG;2,09999990463257;100
STORI B. & C. SRL;PF0102070/20XEX1046;70/2 ELAS RIT FLEXI PA 66 - P2 SILVER;KG;1,04999995231628;50
STORI B. & C. SRL;PF0102070/20XEX1047;70/2 ELAS RIT FLEXI PA 66 - S5 PETALO;KG;1,04999995231628;50
STORI B. & C. SRL;PF0102070/20XEX1048;70/2 ELAS RIT FLEXI PA 66 - M4 MARRONE;KG;26,4999998807907;450,5
STORI B. & C. SRL;PF0102100/20XEX1000;100/2 ELAS RIT FLEXI PA 66 - BIANCO X0;KG;11,25;215,44
STORI B. & C. SRL;PF0102100/20XEX1003;100/2 ELAS RIT FLEXI PA 66 - N9 NERO;KG;12,2200002670288;234,01
STORI B. & C. SRL;PF0102100/20XEX1028;100/2 ELAS RIT FLEXI PA 66 - P1 GRIGIO CHIARO;KG;10,3299999237061;197,82
STORI B. & C. SRL;PF0102443410I661000;44/34/1 ELAS INT. PA 66 - BIANCO X0;KG;76,5099987983704;1507,1
STORI B. & C. SRL;PF0102443410I661003;44/34/1 ELAS INT. PA 66 - N9 NERO;KG;70,6599996089935;1394,82
STORI B. & C. SRL;PF0102443410I661021;44/34/1 ELAS INT. PA 66 - ROSSO S0;KG;18,1199998855591;337,94
STORI B. & C. SRL;PF0102443410I661028;44/34/1 ELAS INT. PA 66 - P1 GRIGIO CHIARO;KG;31,1900005340576;654,99
STORI B. & C. SRL;PR01020019;;;0;36,24
CALZIFICIO TELEMACO SRL;;;NR;;520,9
CALZIFICIO TELEMACO SRL;;;;;
CALZIFICIO TELEMACO SRL;PF0110070/20XFL1002;70/2 ELAS RIT FLEXY PA 6 - 37059 SULPHUR SPRING;KG;41,6099996566772;424,42
CALZIFICIO TELEMACO SRL;PF0110070/20XFL1015;70/2 ELAS RIT FLEXY PA 6 - 37243 FATHOM J011;KG;39,8699998855591;424,62
CALZIFICIO TELEMACO SRL;PF0110070/20XFL1058;70/2 ELAS RIT FLEXY PA 6 - 37046 AURA SPECIAL;KG;39,5800001621246;410,35
CALZIFICIO TELEMACO SRL;PF0110070/30XFL1018;70/3 ELAS RIT FLEXY PA 6 - 38807 AURA SPECIAL;KG;147,2600004673;1546,25
CALZIFICIO TELEMACO SRL;PF0110070/30XFL1036;70/3 ELAS RIT FLEXY PA 6 - 37771 SULPHUR SPRING G029;KG;143,409998893738;1527,32
CALZIFICIO TELEMACO SRL;PF0110070/30XFL1050;70/3 ELAS RIT FLEXY PA 6 - NERO;KG;382,27999830246;3822,8
CALZIFICIO TELEMACO SRL;PF0110070/30XFL1055;70/3 ELAS RIT FLEXY PA 6 - 38106 ROYAL 6080;KG;43,039999961853;451,93
CALZIFICIO TELEMACO SRL;PF0110070/30XFL1057;70/3 ELAS RIT FLEXY PA 6 - 37492 NAVY 1010 B544;KG;89,9400005340576;944,37
CALZIFICIO TELEMACO SRL;PF0110070/30XFL1059;70/3 ELAS RIT FLEXY PA 6 - 36935 AZZURRO TURCHESE A106;KG;109,060000419617;1161,49
CALZIFICIO TELEMACO SRL;PF0110070/30XFL1060;70/3 ELAS RIT FLEXY PA 6 - 37783 VERDE BAIA V112;KG;25,9499998092651;276,37
CALZIFICIO TELEMACO SRL;PF01100786A0I661033;78/68/2 AMNI SOUL ECO INT. PA 66 - 30389 NERO;KG;24,3199996948242;583,68
CALZIFICIO TELEMACO SRL;PF01100786A0I661038;78/68/2 AMNI SOUL ECO INT. PA 66 - 39260 GRIGIO ARGENTO G067;KG;23,7399997711182;569,76
CALZIFICIO TELEMACO SRL;PF0110781SQ0IEX1065;78/68/1 EL S QSKIN INT. FLEXI PA 66 - E 18;KG;44,4899997711182;978,78
CALZIFICIO TELEMACO SRL;PF011078QSK0IEX1061;78/68/2 QSKIN INT. FLEXI PA 66 - 39031 ARANCIO FLUO A063;KG;32,6400003433228;649,53
CALZIFICIO TELEMACO SRL;PF011078QSK0IEX1062;78/68/2 QSKIN INT. FLEXI PA 66 - 40451 OTTANIO O013;KG;18,7200002670288;372,53
CALZIFICIO TELEMACO SRL;PF011078QSK0IEX1064;78/68/2 QSKIN INT. FLEXI PA 66 - 40450 VERDE MAR V300;KG;28,9400000572205;575,91
CALZIFICIO TELEMACO SRL;PF011078QSK0IEX1066;78/68/2 QSKIN INT. FLEXI PA 66 - E 75 ;KG;36,1700000762939;719,79
CALZIFICIO TELEMACO SRL;PF011078QSK0IEX1067;78/68/2 QSKIN INT. FLEXI PA 66 - E 69;KG;35,4799995422363;706,06
CALZIFICIO TELEMACO SRL;PF011078QSK0IEX1068;78/68/2 QSKIN INT. FLEXI PA 66 - E 77;KG;42,6100006103516;847,94
CALZIFICIO TELEMACO SRL;PF011078SQS0I661027;78/68/2 QSKIN INT. PA 66 - 38751 SULPHUR SPRING G029;KG;61,2200002670288;1218,29
CALZIFICIO TELEMACO SRL;PR01100006;;;0;16,32
CALZIFICIO TELEMACO SRL;PR01100019;;;0;202,1
CALZIFICIO PENELOPE DI VOLONGHI G.;;;;;
CALZIFICIO PENELOPE DI VOLONGHI G.;PF0111786820IM61000;78/68/2  INT. MICRO FLEXY PA 6 - ROSA A CAMPIONE;KG;22,8199996948242;442,7
CALZIFICIO PENELOPE DI VOLONGHI G.;PR01110019;;;0;45,64
VEROPIZ S.R.L.;;;KG;1258,97998428345;-10710,8
VEROPIZ S.R.L.;;;;0;0
VEROPIZ S.R.L.;PF0118040/20I661061;40/2 ELAS INT. PA 66 - GREGGIO;KG;454,460000038147;3181,22
VEROPIZ S.R.L.;PF0118040/20X661061;40/2 ELAS RIT PA 66 - GREGGIO;KG;165,999998092651;1726,41
VEROPIZ S.R.L.;PF0118070/10A661061;70/1 ELAS APE PA 66 - GREGGIO;KG;30,909999370575;234,91
VEROPIZ S.R.L.;PF0118070/10A661172;70/1 ELAS APE PA 66 - BEIGE 1;KG;3,14999997615814;42,44
VEROPIZ S.R.L.;PF0118070/203661174;70/2 ELAS RIT 300 S PA 66 - PANNA 1;KG;2,05999994277954;25,96
VEROPIZ S.R.L.;PF0118070/20IP61061;70/2 ELAS INT. PA 6 - GREGGIO;KG;749,679993152618;4648
VEROPIZ S.R.L.;PF0118070/20X661002;70/2 ELAS RIT PA 66 - BIANCO;KG;365,33000087738;3726,36
VEROPIZ S.R.L.;PF0118070/20X661003;70/2 ELAS RIT PA 66 - NERO;KG;5388,31998869777;53690,69
VEROPIZ S.R.L.;PF0118070/20X661024;70/2 ELAS RIT PA 66 - DEEP RED G378 /PR.1;KG;240,629999160767;2767,28
VEROPIZ S.R.L.;PF0118070/20X661031;70/2 ELAS RIT PA 66 - ANTRACITE SOLIDO;KG;856,8999979496;10400,96
VEROPIZ S.R.L.;PF0118070/20X661061;70/2 ELAS RIT PA 66 - GREGGIO;KG;4769,7199921608;40708,23
VEROPIZ S.R.L.;PF0118070/20X661097;70/2 ELAS RIT PA 66 - DEEP BLUE;KG;1549,04999947548;17659,6
VEROPIZ S.R.L.;PF0118070/20X661131;70/2 ELAS RIT PA 66 - BLUETTENERO;KG;354,960001468658;4188,8
VEROPIZ S.R.L.;PF0118070/20X661144;70/2 ELAS RIT PA 66 - GREEN ARMY;KG;226,490000724792;3238,82
VEROPIZ S.R.L.;PF0118070/20X661161;70/2 ELAS RIT PA 66 - GRIGIO AZZURRO;KG;144,220000505447;1471,04
VEROPIZ S.R.L.;PF0118070/20X661162;70/2 ELAS RIT PA 66 - WINTER GREEN;KG;507,800003051758;5816,99
VEROPIZ S.R.L.;PF0118070/20X661163;70/2 ELAS RIT PA 66 - OTTANIO;KG;1318,34000468254;15346,83
VEROPIZ S.R.L.;PF0118070/20X661164;70/2 ELAS RIT PA 66 - ORANGE PAPRIKA;KG;626,569999992847;7623,73
VEROPIZ S.R.L.;PF0118070/20X661165;70/2 ELAS RIT PA 66 - VERDE SCURO;KG;675,569999694824;8033,69
VEROPIZ S.R.L.;PF0118070/20X661166;70/2 ELAS RIT PA 66 - DEEP RED TONO NZ;KG;641,609999895096;7378,63
VEROPIZ S.R.L.;PF0118070/20X661167;70/2 ELAS RIT PA 66 - AZZURRO CONFETTO 14-4318 TPG;KG;1,52999997138977;30
VEROPIZ S.R.L.;PF0118070/20X661171;70/2 ELAS RIT PA 66 - DARK GREY SOLIDO NO SCURO/BLU;KG;6,93999993801117;86,13
VEROPIZ S.R.L.;PF0118070/20X661172;70/2 ELAS RIT PA 66 - BEIGE 1;KG;3,52999997138977;44,48
VEROPIZ S.R.L.;PF0118070/20X661173;70/2 ELAS RIT PA 66 - PANNA 2;KG;1,66999995708466;21,04
VEROPIZ S.R.L.;PF0118070/20XEX1177;70/2 ELAS RIT FLEXI PA 66 - AZZURRO POWER;KG;458;5954
VEROPIZ S.R.L.;PF0118070/20XFL1002;70/2 ELAS RIT FLEXY PA 6 - BIANCO;KG;3226,63999211788;38078,23
VEROPIZ S.R.L.;PF0118070/20XFL1192;70/2 ELAS RIT FLEXY PA 6 - GIALLO LIMONE;KG;95,0300002098083;1140,36
VEROPIZ S.R.L.;PF0118070/20XFL1195;70/2 ELAS RIT FLEXY PA 6 - GRIGIO PERLATO X NERO;KG;295,239998102188;3542,88
VEROPIZ S.R.L.;PF0118070/20XFL1196;70/2 ELAS RIT FLEXY PA 6 - GRIGIO PERLATO X CHIARO;KG;302,479998767376;3629,76
VEROPIZ S.R.L.;PF0118070/20XFL1198;70/2 ELAS RIT FLEXY PA 6 - ARANCIO PAPAYA;KG;360,739997982979;4328,88
VEROPIZ S.R.L.;PF0118070/20XFL1212;70/2 ELAS RIT FLEXY PA 6 - LIGHT BEIGE;KG;455,640003204346;5285,4
VEROPIZ S.R.L.;PF0118070/20XP61002;70/2 ELAS RIT PA 6 - BIANCO;KG;379,679997444153;4366,37
VEROPIZ S.R.L.;PF0118070/20XP61003;70/2 ELAS RIT PA 6 - NERO;KG;7785,62001109123;91507,54
VEROPIZ S.R.L.;PF0118070/20XP61024;70/2 ELAS RIT PA 6 - DEEP RED G378 /PR.1;KG;414,799999237061;4770,26
VEROPIZ S.R.L.;PF0118070/20XP61097;70/2 ELAS RIT PA 6 - DEEP BLUE;KG;3298,5800011754;37934,27
VEROPIZ S.R.L.;PF0118070/20XP61162;70/2 ELAS RIT PA 6 - WINTER GREEN;KG;404,000000953674;4646,08
VEROPIZ S.R.L.;PF0118070/20XP61163;70/2 ELAS RIT PA 6 - OTTANIO;KG;112,659999370575;1295,61
VEROPIZ S.R.L.;PF0118070/20XP61164;70/2 ELAS RIT PA 6 - ORANGE PAPRIKA;KG;407,240002036095;4593,53
VEROPIZ S.R.L.;PF0118070/20XP61165;70/2 ELAS RIT PA 6 - VERDE SCURO;KG;438,289999127388;5040,41
VEROPIZ S.R.L.;PF0118070/20XP61166;70/2 ELAS RIT PA 6 - DEEP RED TONO NZ;KG;632,450000762939;7273,28
VEROPIZ S.R.L.;PF0118070/20XP61173;70/2 ELAS RIT PA 6 - PANNA 2;KG;0,990000009536743;11,39
VEROPIZ S.R.L.;PF0118070/20XP61174;70/2 ELAS RIT PA 6 - PANNA 1;KG;0,910000026226044;10,47
VEROPIZ S.R.L.;PF0118070/20XP61175;70/2 ELAS RIT PA 6 - ARANCIO SCURO;KG;534,780005395412;6150,08
VEROPIZ S.R.L.;PF0118070/20XP61176;70/2 ELAS RIT PA 6 - BLU FORTE;KG;398,729997158051;4585,47
VEROPIZ S.R.L.;PF0118070/20XP61177;70/2 ELAS RIT PA 6 - AZZURRO POWER;KG;3,75;43,13
VEROPIZ S.R.L.;PF0118070/20XP61178;70/2 ELAS RIT PA 6 - RED BROWN;KG;480,5899990201;5526,89
VEROPIZ S.R.L.;PF0118070/20XP61179;70/2 ELAS RIT PA 6 - VERDE BRILLANTE X CHIARO;KG;322,920001745224;3713,61
VEROPIZ S.R.L.;PF0118070/20XP61180;70/2 ELAS RIT PA 6 - VERDE BRILLANTE X NERO;KG;330,39000159502;3799,57
VEROPIZ S.R.L.;PF0118070/20XP61181;70/2 ELAS RIT PA 6 - CLOUDBURST 17-1502 TPG;KG;0,879999995231628;10,12
VEROPIZ S.R.L.;PF0118070/20XP61182;70/2 ELAS RIT PA 6 - LODEN GREEN 18-0422 TPG;KG;1,75;20,13
VEROPIZ S.R.L.;PF0118070/20XP61183;70/2 ELAS RIT PA 6 - WINTER MOSS 18-0523 TPG;KG;0,419999986886978;4,83
VEROPIZ S.R.L.;PF0118070/20XP61184;70/2 ELAS RIT PA 6 - VERDE MENTA;KG;0,430000007152557;4,95
VEROPIZ S.R.L.;PF0118070/20XP61185;70/2 ELAS RIT PA 6 - NEW RED;KG;453,389998912811;5214,06
VEROPIZ S.R.L.;PF0118070/20XP61186;70/2 ELAS RIT PA 6 - ACID LIME FLUO;KG;366,719996809959;4217,35
VEROPIZ S.R.L.;PF0118070/20XP61187;70/2 ELAS RIT PA 6 - AZZURRO CARTA;KG;285,180000305176;3279,62
VEROPIZ S.R.L.;PF0118070/20XP61188;70/2 ELAS RIT PA 6 - SHALE GREEN 16-6116 TPG;KG;373,909998178482;4484,8
VEROPIZ S.R.L.;PF0118070/20XP61189;70/2 ELAS RIT PA 6 - DUCK GREEN 18-6011 TPG;KG;1,86000001430511;21,39
VEROPIZ S.R.L.;PF0118070/20XP61190;70/2 ELAS RIT PA 6 - VERDE MENTA (CORRETTO);KG;1,80999994277954;20,82
VEROPIZ S.R.L.;PF0118070/20XP61191;70/2 ELAS RIT PA 6 - AZZURRO CONFETTO;KG;308,500002741814;3685,24
VEROPIZ S.R.L.;PF0118070/20XP61192;70/2 ELAS RIT PA 6 - GIALLO LIMONE;KG;1,03999996185303;11,96
VEROPIZ S.R.L.;PF0118070/20XP61193;70/2 ELAS RIT PA 6 - NEUTRO;KG;293,220000863075;3518,21
VEROPIZ S.R.L.;PF0118070/20XP61194;70/2 ELAS RIT PA 6 - BLU RIVIERA;KG;893,100004196167;10676,91
VEROPIZ S.R.L.;PF0118070/20XP61197;70/2 ELAS RIT PA 6 - VERDE SOFT;KG;278,500001430511;3342
VEROPIZ S.R.L.;PF0118070/20XP61199;70/2 ELAS RIT PA 6 - BLU FONDALE;KG;389,450002014637;4640,62
VEROPIZ S.R.L.;PF0118070/20XP61200;70/2 ELAS RIT PA 6 - DARK GREY SOLIDO NON+GIALLO;KG;1726,16000592709;20713,92
VEROPIZ S.R.L.;PF0118070/20XP61201;70/2 ELAS RIT PA 6 - SKYWAY 14-4112 TPX;KG;1,0900000333786;13,08
VEROPIZ S.R.L.;PF0118070/20XP61202;70/2 ELAS RIT PA 6 - TURCHESE MARINO;KG;429,580003380775;5154,96
VEROPIZ S.R.L.;PF0118070/20XP61203;70/2 ELAS RIT PA 6 - MARRONE CORTECCIA;KG;394,609998106956;4735,32
VEROPIZ S.R.L.;PF0118070/20XP61204;70/2 ELAS RIT PA 6 - ROSSO NUOVO;KG;112,879999995232;1354,56
VEROPIZ S.R.L.;PF0118070/20XP61205;70/2 ELAS RIT PA 6 - IRISH GREEN 15-6340 TPG;KG;1,0900000333786;13,08
VEROPIZ S.R.L.;PF0118070/20XP61206;70/2 ELAS RIT PA 6 - AVIO;KG;102,759998738766;1192,88
VEROPIZ S.R.L.;PF0118070/20XP61207;70/2 ELAS RIT PA 6 - BLU COBALTO;KG;404,700000047684;4695,37
VEROPIZ S.R.L.;PF0118070/20XP61208;70/2 ELAS RIT PA 6 - VERDE FREDDO;KG;314,520002961159;3649,2
VEROPIZ S.R.L.;PF0118070/20XP61209;70/2 ELAS RIT PA 6 - BLU GALASSIA;KG;596,34000223875;6918,35
VEROPIZ S.R.L.;PF0118070/20XP61210;70/2 ELAS RIT PA 6 - VERDE CARGO;KG;836,390004038811;9703,96
VEROPIZ S.R.L.;PF0118070/20XP61211;70/2 ELAS RIT PA 6 - VERDE DRAGO;KG;435,680000960827;5054,26
VEROPIZ S.R.L.;PF0118070/20XP61212;70/2 ELAS RIT PA 6 - LIGHT BEIGE;KG;0,930000007152557;11,16
VEROPIZ S.R.L.;PF0118070/20XP61213;70/2 ELAS RIT PA 6 - GRIGIO PETROLIO;KG;586,770001530647;6929,41
VEROPIZ S.R.L.;PF0118070400I661039;SPLENDOR DTEX 78/2 NY66 INTERL - DARK GREY MEL;KG;1426,00999975204;19809,84
VEROPIZ S.R.L.;PF0118156/103661097;156/1  RIT 300 S PA 66 - DEEP BLUE;KG;11,2299995422363;213,37
VEROPIZ S.R.L.;PF0118156/103661170;156/1  RIT 300 S PA 66 - DARK GREY SOLIDO;KG;11,5500001907349;219,45
VEROPIZ S.R.L.;PF0118160360XL61002;160/36 LUCIDO RIT PARALL LUCIDO PA 6 - BIANCO;KG;182,989998817444;3659,8
VEROPIZ S.R.L.;PF0118402700INY1129;SPLENDOR DTEX 78/2 NY66 INTERL. - GRIGIO MEL TEZ;KG;1372,50999760628;22966,97
VEROPIZ S.R.L.;PF0118LU1400XP61002;140 LUCIDO RIT 200 S PA 6 - BIANCO;KG;4,88000011444092;97,6
VEROPIZ S.R.L.;PF0118LU1400XP61168;140 LUCIDO RIT 200 S PA 6 - SOFT LILLA 15-3716 TPG;KG;1,72000002861023;30,96
VEROPIZ S.R.L.;PF0118LU1400XP61169;140 LUCIDO RIT 200 S PA 6 - ROSE DUST;KG;1,98000001907349;35,64
VEROPIZ S.R.L.;PF0118V70/20V661003;70/2 VOLUMINIZZATO INTERL. PA 66 - NERO;KG;4,6399998664856;53,36
VEROPIZ S.R.L.;PR01180001;;;0;203,16
VEROPIZ S.R.L.;PR01180006;;;0;293,38
GENESI SRL;;;;;
GENESI SRL;PF0121100/20D661024;100/2 ELAS CUC 10000 PA 66 - COD. 1323;KG;19,7399997711182;475,6
GENESI SRL;PF0121100/20D661052;100/2 ELAS CUC 10000 PA 66 - COD. 1333;KG;20,7800003290176;493
GENESI SRL;PF0121100/20D661087;100/2 ELAS CUC 10000 PA 66 - COD. 320;KG;72,0400000810623;1684,9
GENESI SRL;PF0121100/20D661120;100/2 ELAS CUC 10000 PA 66 - COD. 331;KG;19,8200001716614;475,6
GENESI SRL;PF0121100/20D661128;100/2 ELAS CUC 10000 PA 66 - COD. 816;KG;20,6700005531311;438,6
GENESI SRL;PF0121100/20D661147;100/2 ELAS CUC 10000 PA 66 - FLUO CORAL;KG;20,9700001478195;510,4
GENESI SRL;PF0121100/20D661158;100/2 ELAS CUC 10000 PA 66 - PETROL;KG;20,9900000095367;498,4
GENESI SRL;PF0121100/20D661160;100/2 ELAS CUC 10000 PA 66 - COD. 919;KG;19,6100001335144;464,8
GENESI SRL;PF0121100/20D661161;100/2 ELAS CUC 10000 PA 66 - WILD GINGER;KG;19,5100004673004;476
GENESI SRL;PF0121100/20D661162;100/2 ELAS CUC 10000 PA 66 - DARK DENIM;KG;22,6499996185303;539,4
GENESI SRL;PR01210006;;;0;16,78
(NON USARE) - MEGADYNE SPA ;;;;;
(NON USARE) - MEGADYNE SPA ;PF0126060/20XEX1000;60/2 ELAS RIT FLEXI PA 66 - ARANCIO;KG;457,269997119904;6630,5
(NON USARE) - MEGADYNE SPA ;PF0126100/10A661001;100/1 ELAS APE PA 66 - GREGGIO - S;KG;574,700000762939;4942,44
(NON USARE) - MEGADYNE SPA ;PF0126100/10A661002;100/1 ELAS APE PA 66 - GREGGIO - Z;KG;576,020000457764;4953,81
POMPEA SPA;;;;;
POMPEA SPA;PF0128100/20D661007;100/2 ELAS CUC 10000 PA 66 - COD. 320 MINERAL;KG;19,8099999427795;362,53
POMPEA SPA;PF0128100/20D661028;100/2 ELAS CUC 10000 PA 66 - COD. 1332 BLU;KG;200,390000581741;3599,26
POMPEA SPA;PF0128100/20D661035;100/2 ELAS CUC 10000 PA 66 - COD. 61 AZZURRO;KG;40,9199995398521;740,67
POMPEA SPA;PF0128100/20D661049;100/2 ELAS CUC 10000 PA 66 - COD. 977 LILLA;KG;12,2799997329712;205,07
POMPEA SPA;PF0128100/20D661063;100/2 ELAS CUC 10000 PA 66 - COD. 842;KG;1,00999999046326;50
POMPEA SPA;PF0128100/20D661078;100/2 ELAS CUC 10000 PA 66 - COD. 737 NATURALE;KG;20,9999998807907;384,29
POMPEA SPA;PF0128100/20D661092;100/2 ELAS CUC 10000 PA 66 - COD. 73;KG;49,980000436306;959,62
POMPEA SPA;PF0128100/20D661125;100/2 ELAS CUC 10000 PA 66 - COD. 872;KG;20,3100000619888;339,19
POMPEA SPA;PF0128100/20D661153;100/2 ELAS CUC 10000 PA 66 - GENZIANA 21;KG;19,610000371933;376,51
POMPEA SPA;PF0128100/20D661154;100/2 ELAS CUC 10000 PA 66 - 331 SKIN 21;KG;297,410000085831;5194,23
POMPEA SPA;PF0128100/20D661156;100/2 ELAS CUC 10000 PA 66 - MALVA;KG;98,8800002932549;1772,36
POMPEA SPA;PF0128100/20D661158;100/2 ELAS CUC 10000 PA 66 - COD. 832 LILLA;KG;19,0900000333786;318,81
POMPEA SPA;PF0128100/20D661159;100/2 ELAS CUC 10000 PA 66 - VERDE SALVIA COD. 989;KG;0,990000009536743;50
I.R.T.E. SRL;;;NR;2;2156,47
I.R.T.E. SRL;;;KG;875,390007019043;-10450,24
I.R.T.E. SRL;;;;0;0
I.R.T.E. SRL;PF0129040/10A661140;40/1 ELAS APE PA 66 - GREGGIO;KG;273,340001106262;2460,06
I.R.T.E. SRL;PF0129040/10AP61296;40/1 ELAS APE PA 6 - NERO;KG;152,719999313354;2290,8
I.R.T.E. SRL;PF0129040/10XP61140;40/1 ELAS RIT 110 PA 6 - GREGGIO;KG;36,0500001907349;360,5
I.R.T.E. SRL;PF0129070/10A661276;70/1 ELAS APE PA 66 - BEIGE MB399;KG;94,5600004196167;1297,74
I.R.T.E. SRL;PF0129070/10A661313;70/1 ELAS APE PA 66 - MANDORLA 0253;KG;58,4000000953674;791,31
I.R.T.E. SRL;PF0129070/10AFL1323;70/1 ELAS APE FLEXY PA 6 - NOVELLE PEACH 12-1005 TPX;KG;1;30
I.R.T.E. SRL;PF0129070/20IYG1064;70/2 ELAS INT YESS GREEN GRS 100 PA 6 - NERO 0006;KG;54,2399997711182;840,73
I.R.T.E. SRL;PF0129070/20IYG1281;70/2 ELAS INT YESS GREEN GRS 100 PA 6 - BLU 956;KG;512,280001401901;8541,23
I.R.T.E. SRL;PF0129070/20IYG1289;70/2 ELAS INT YESS GREEN GRS 100 PA 6 - ROSSO RB351;KG;52,3100004196167;810,82
I.R.T.E. SRL;PF0129070/20IYG1290;70/2 ELAS INT YESS GREEN GRS 100 PA 6 - SNOW WHITE 11-0602 TPX;KG;52,3699989318848;811,74
I.R.T.E. SRL;PF0129070/20X661235;70/2 ELAS RIT PA 66 - NERO 951/2020;KG;1249,10999858379;13908,25
I.R.T.E. SRL;PF0129070/20X661291;70/2 ELAS RIT PA 66 - BEIGE CH. 128;KG;36,3300004005432;376,02
I.R.T.E. SRL;PF0129070/20XFL1177;70/2 ELAS RIT FLEXY PA 6 - BIANCO;KG;1305,01999783516;15338,72
I.R.T.E. SRL;PF0129070/20XFL1249;70/2 ELAS RIT FLEXY PA 6 - NERO 641 TEZ;KG;467,410003304482;5626,92
I.R.T.E. SRL;PF0129070/20XFL1317;70/2 ELAS RIT FLEXY PA 6 - GIALLO LIMONE;KG;672,269998311996;8077,11
I.R.T.E. SRL;PF0129070/20XFL1318;70/2 ELAS RIT FLEXY PA 6 - VERDE SOFT;KG;522,329994440079;6277,84
I.R.T.E. SRL;PF0129070/20XFL1321;70/2 ELAS RIT FLEXY PA 6 - BIANCO GESSO 11-4800 TPX;KG;2;60
I.R.T.E. SRL;PF0129070/20XFL1322;70/2 ELAS RIT FLEXY PA 6 - BLU 257;KG;139,619998931885;1675,44
I.R.T.E. SRL;PF0129070/20XFL1324;70/2 ELAS RIT FLEXY PA 6 - G. 031 SOLIDO;KG;471,460000231862;5505,74
I.R.T.E. SRL;PF0129070/20XP61019;70/2 ELAS RIT PA 6 - BLU 8100;KG;325,52999997139;3688,19
I.R.T.E. SRL;PF0129070/20XP61064;70/2 ELAS RIT PA 6 - NERO 0006;KG;277,429999113083;3150,12
I.R.T.E. SRL;PF0129070/20XP61133;70/2 ELAS RIT PA 6 - WHITE 0001;KG;92,1499996185303;1013,65
I.R.T.E. SRL;PF0129070/20XP61194;70/2 ELAS RIT PA 6 - SILVER 1021;KG;202,439998626709;2429,28
I.R.T.E. SRL;PF0129070/20XP61235;70/2 ELAS RIT PA 6 - NERO 951/2020;KG;89,75;1032,14
I.R.T.E. SRL;PF0129070/20XP61243;70/2 ELAS RIT PA 6 - DEEP BLUE;KG;2510,46000099182;29909,39
I.R.T.E. SRL;PF0129070/20XP61249;70/2 ELAS RIT PA 6 - NERO 641 TEZ;KG;290,650003671646;3371,53
I.R.T.E. SRL;PF0129070/20XP61297;70/2 ELAS RIT PA 6 - ORANGE PAPRIKA;KG;1;30
I.R.T.E. SRL;PF0129070/20XP61314;70/2 ELAS RIT PA 6 - BLU FORTE;KG;1;30
I.R.T.E. SRL;PF0129070/20XP61315;70/2 ELAS RIT PA 6 - ORANGE POWER FLUO;KG;1;30
I.R.T.E. SRL;PF0129070/20XP61316;70/2 ELAS RIT PA 6 - SKYDIVER 19-4151 TPX;KG;1;30
I.R.T.E. SRL;PF0129070/20XP61317;70/2 ELAS RIT PA 6 - GIALLO LIMONE;KG;1;30
I.R.T.E. SRL;PF0129070/20XP61318;70/2 ELAS RIT PA 6 - VERDE SOFT;KG;1;30
I.R.T.E. SRL;PF0129070/20XP61324;70/2 ELAS RIT PA 6 - G. 031 SOLIDO;KG;133,200001239777;1545,11
I.R.T.E. SRL;PF0129070/20XP61326;70/2 ELAS RIT PA 6 - DARK BEIGE 1122;KG;21,1800003647804;254,16
I.R.T.E. SRL;PF0129070/20XP61327;70/2 ELAS RIT PA 6 - VERDE SCURO;KG;1;30
I.R.T.E. SRL;PF0129070/20XP61328;70/2 ELAS RIT PA 6 - CAYENNE 18-1651 TCX;KG;15,9399995803833;184,9
I.R.T.E. SRL;PF0129070/20XP61329;70/2 ELAS RIT PA 6 - PASTEL LAVENDER 14-3209 TCX;KG;1;30
I.R.T.E. SRL;PF0129156/10!EX1325;156/1  RIT 110 S FLEXI PA 66 - NERO LUCIDO;KG;0,140000000596046;30
I.R.T.E. SRL;PF0129160360XL61320;160/36 LUCIDO RIT PARALL LUCIDO PA 6 - NERO 006 PIU CHIARO;KG;1;30
I.R.T.E. SRL;PF0129167360APF1235;167/36 SO APE PES - NERO 951/2020;KG;150,200000762939;1351,8
I.R.T.E. SRL;PF0129167360APF1312;167/36 SO APE PES - BLU SAPPHIRE 4020 QQ879;KG;214,090000152588;1734,14
I.R.T.E. SRL;PF0129235480MP61296;235/48 PAR LUC RIT 200 GIRI PA 6 - NERO;KG;1;30
I.R.T.E. SRL;PF0129402700INY1294;78/2 MELANGE INTERL - GRIGIO MEL. 431;KG;58,4799995422363;847,97
I.R.T.E. SRL;PF0129402700INY1319;78/2 MELANGE INTERL - MELANGE 2022;KG;1;30
I.R.T.E. SRL;PF0129701TP0ATP1089;78/18 APE PA6 TINTO PASTA - NERO TINTO PASTA;KG;3025,2399969101;22689,59
I.R.T.E. SRL;PF0129701TP0ATP1095;78/18 APE PA6 TINTO PASTA - BIANCO OTTICO TINTO PASTA;KG;311,469997406006;2336,06
I.R.T.E. SRL;PF0129701TT0I661169;78/2 MELANGE INTER PA 66 - BLU MELANGE 1811;KG;845,070002794266;12672,48
I.R.T.E. SRL;PF0129701TT0I661293;78/2 MELANGE INTER PA 66 - BROWN MEL.;KG;322,869999885559;4681,67
I.R.T.E. SRL;PF0129786820M661002;78/68/2  RIT 200 GIRI PA 66 - BIANCO;KG;3688,41000986099;61164,44
I.R.T.E. SRL;PF0129786820M661152;78/68/2  RIT 200 GIRI PA 66 - BLU MOON;KG;54,8100004196167;876,96
I.R.T.E. SRL;PF0129786820M661250;78/68/2  RIT 200 GIRI PA 66 - GIALLO BANANA;KG;826,95999956131;13281,29
I.R.T.E. SRL;PF0129LU1400XP61243;140 LUCIDO RIT 200 S PA 6 - DEEP BLUE;KG;1,60000002384186;30
I.R.T.E. SRL;PF0129LU1400XP61296;140 LUCIDO RIT 200 S PA 6 - NERO;KG;1;30
I.R.T.E. SRL;PF0129LU1400XP61299;140 LUCIDO RIT 200 S PA 6 - GRIGIO LUCIDO A CAMP.;KG;2;60
I.R.T.E. SRL;PF0129LU1400XP61300;140 LUCIDO RIT 200 S PA 6 - ANTRACITE LUCIDO A CAMP.;KG;2;60
I.R.T.E. SRL;PF0129LUC700XP61140;70 LUCIDO RIT PA 6 - GREGGIO;KG;4,96999979019165;79,52
I.R.T.E. SRL;PF0129SL7840!661325;78/46/2 SUPER LUCIDO RIT 110 S PA 66 - NERO LUCIDO;KG;1;30
I.R.T.E. SRL;PF0129V70/20V661019;70/2 VOLUMINIZZATO INTERL. PA 66 - BLU 8100;KG;3814,17000627518;40615,09
I.R.T.E. SRL;PF0129V70/20V661023;70/2 VOLUMINIZZATO INTERL. PA 66 - NOCE;KG;27,2800002098083;294,63
I.R.T.E. SRL;PF0129V70/20V661064;70/2 VOLUMINIZZATO INTERL. PA 66 - NERO 0006;KG;636,409998208284;7198,28
I.R.T.E. SRL;PF0129V70/20V661133;70/2 VOLUMINIZZATO INTERL. PA 66 - WHITE 0001;KG;911,059999108315;9954,14
I.R.T.E. SRL;PF0129V70/20V661194;70/2 VOLUMINIZZATO INTERL. PA 66 - SILVER 1021;KG;409,150002241135;4418,83
I.R.T.E. SRL;PF0129V70/20V661211;70/2 VOLUMINIZZATO INTERL. PA 66 - GRIGIO SEPPIA;KG;26,7699999809265;289,11
I.R.T.E. SRL;PF0129V70/20V661223;70/2 VOLUMINIZZATO INTERL. PA 66 - BLU 257;KG;147,450001239777;1916,85
I.R.T.E. SRL;PF0129V70/20V661235;70/2 VOLUMINIZZATO INTERL. PA 66 - NERO 951/2020;KG;1603,60000085831;19209,32
I.R.T.E. SRL;PF0129V70/20V661243;70/2 VOLUMINIZZATO INTERL. PA 66 - DEEP BLUE;KG;3238,40999925137;35803,24
I.R.T.E. SRL;PF0129V70/20V661248;70/2 VOLUMINIZZATO INTERL. PA 66 - BLU ADMIRAL;KG;37,9800004959106;376
I.R.T.E. SRL;PF0129V70/20V661272;70/2 VOLUMINIZZATO INTERL. PA 66 - BLACK BLUE;KG;241,660000562668;2549,17
I.R.T.E. SRL;PF0129V70/20V661278;70/2 VOLUMINIZZATO INTERL. PA 66 - GREEN ARMY;KG;67,3399996757507;774,43
I.R.T.E. SRL;PF0129V70/20V661281;70/2 VOLUMINIZZATO INTERL. PA 66 - BLU 956;KG;568,170000553131;6812,71
I.R.T.E. SRL;PF0129V70/20V661283;70/2 VOLUMINIZZATO INTERL. PA 66 - AZZURRO GENIO;KG;155,419998645782;1538,65
I.R.T.E. SRL;PF0129V70/20V661284;70/2 VOLUMINIZZATO INTERL. PA 66 - NIGHT GREEN;KG;333,520001411438;3611,72
I.R.T.E. SRL;PF0129V70/20V661286;70/2 VOLUMINIZZATO INTERL. PA 66 - GRIGIO ANTRACITE;KG;3,91000008583069;38,71
I.R.T.E. SRL;PF0129V70/20V661287;70/2 VOLUMINIZZATO INTERL. PA 66 - SOLID BLUE;KG;146,399998664856;1683,61
I.R.T.E. SRL;PF0129V70/20V661292;70/2 VOLUMINIZZATO INTERL. PA 66 - GRIGIO ANTRACITE;KG;1;30
I.R.T.E. SRL;PF0129V70/20V661295;70/2 VOLUMINIZZATO INTERL. PA 66 - VERDE SCURO;KG;1;30
I.R.T.E. SRL;PF0129V70/20V661298;70/2 VOLUMINIZZATO INTERL. PA 66 - ROSSO 101/1887;KG;1240,17000150681;14488,45
I.R.T.E. SRL;PF0129V70/20V661303;70/2 VOLUMINIZZATO INTERL. PA 66 - FIRED BRICK;KG;24,3899998664856;268,29
I.R.T.E. SRL;PF0129V70/20V661304;70/2 VOLUMINIZZATO INTERL. PA 66 - TWILIGHT BLUE;KG;19,2699999809265;222,77
I.R.T.E. SRL;PF0129V70/20V661305;70/2 VOLUMINIZZATO INTERL. PA 66 - TAPESTRY;KG;20,9599997997284;272,48
I.R.T.E. SRL;PF0129V70/20V661306;70/2 VOLUMINIZZATO INTERL. PA 66 - ROSIN;KG;1,46000003814697;30
I.R.T.E. SRL;PF0129V70/20V661307;70/2 VOLUMINIZZATO INTERL. PA 66 - GINGER BREAD;KG;19,9299998283386;259,09
I.R.T.E. SRL;PF0129V70/20V661308;70/2 VOLUMINIZZATO INTERL. PA 66 - STRETCH LIMO;KG;20,4099998474121;224,51
I.R.T.E. SRL;PF0129V70/20V661309;70/2 VOLUMINIZZATO INTERL. PA 66 - RUM RAISIN;KG;19,7599997520447;256,88
I.R.T.E. SRL;PF0129V70/20V661310;70/2 VOLUMINIZZATO INTERL. PA 66 - STARGAZER;KG;18,1500000953674;235,95
I.R.T.E. SRL;PF0129V70/20V661311;70/2 VOLUMINIZZATO INTERL. PA 66 - BRISTOL BLACK;KG;1,5;30
I.R.T.E. SRL;PF0129V70/20V661316;70/2 VOLUMINIZZATO INTERL. PA 66 - SKYDIVER 19-4151 TPX;KG;224,449997425079;2917,85
I.R.T.E. SRL;PF0129V70/20V661327;70/2 VOLUMINIZZATO INTERL. PA 66 - VERDE SCURO;KG;229,880001544952;3005,44
I.R.T.E. SRL;PR01290001;;;0;433,33
I.R.T.E. SRL;PR01290019;;;0;292,82
VARTES SRL;;;;;
VARTES SRL;PF0137100/20XEX1019;100/2 ELAS RIT FLEXI PA 66 - COD. 230;KG;21,0900001525879;310,03
VARTES SRL;PR01370019;;;0;42,18
SARAFLEX SRL;;;;;
SARAFLEX SRL;PF0143100/20XEX1000;100/2 ELAS RIT FLEXI PA 66 - CANDIDO;KG;21,6500000953674;238,15
SARAFLEX SRL;PR01430019;;;0;43,3
SAFTE S.R.L.;;;NR;;896,05
SAFTE S.R.L.;;;;;
SAFTE S.R.L.;PF0148070/20XEX1000;70/2 ELAS RIT FLEXI PA 66 - BIANCO;KG;1417,71999847889;17774,33
SAFTE S.R.L.;PF0148070/20XEX1002;70/2 ELAS RIT FLEXI PA 66 - NOCE;KG;156,220001220703;2187,08
SAFTE S.R.L.;PF0148070/20XEX1003;70/2 ELAS RIT FLEXI PA 66 - GRIGIO 1002;KG;577,449998140335;8084,3
SAFTE S.R.L.;PF0148070/40XEX1000;70/4 ELAS RIT FLEXI PA 66 - BIANCO;KG;1,98000001907349;26,73
SAFTE S.R.L.;PF0148100/20XEX1006;100/2 ELAS RIT FLEXI PA 66 - NERO;KG;335,560000419617;4697,84
MAGLIFICIO RIPA SPA;;;NR;1;578,24
MAGLIFICIO RIPA SPA;;;KG;159,749996185303;-2473,84
MAGLIFICIO RIPA SPA;;;;0;0
MAGLIFICIO RIPA SPA;PF0151786810A661022;78/68/1 ELAS APE PA 66 - H801 ELECTRA;KG;473,489998221397;7481,14
MAGLIFICIO RIPA SPA;PF0151786810A661023;78/68/1 ELAS APE PA 66 - GOLDEN SAND GB002;KG;366,760003328323;5661,89
MAGLIFICIO RIPA SPA;PF0151786810A661026;78/68/1 ELAS APE PA 66 - H575 LONG ISLAND;KG;463,760003089905;7327,4
MAGLIFICIO RIPA SPA;PF0151786810A661027;78/68/1 ELAS APE PA 66 - 6013 BLUE;KG;729,74000120163;11529,91
MAGLIFICIO RIPA SPA;PF0151786810A661028;78/68/1 ELAS APE PA 66 - H335 HAREM;KG;386,200001478195;6139,05
MAGLIFICIO RIPA SPA;PF0151786810A661029;78/68/1 ELAS APE PA 66 - H101 SETA;KG;406,200000047684;6417,97
RIBBONTEX SRL UNINOMINALE;;;;;
RIBBONTEX SRL UNINOMINALE;PF0153070/20XP61001;70/2 ELAS RIT PA 6 - NERO A CAMPIONE;KG;194,64999961853;1946,5
RIBBONTEX SRL UNINOMINALE;PF0153070/20XP61003;70/2 ELAS RIT PA 6 - GRIGIO GM 332;KG;143,359999537468;1433,6
RIBBONTEX SRL UNINOMINALE;PF0153078240IRE1004;78/24/1  INT. RENYCLE 100% GRS PA 6 - GREGGIO;KG;12,9799995422363;142,78
RIBBONTEX SRL UNINOMINALE;PR01530007;;;0;507,02
CIZETA MEDICALI SPA;;;;;
CIZETA MEDICALI SPA;PF0160070/20XEX1018;70/2 ELAS RIT FLEXI PA 66 - 928 TURCHESE;KG;21,3000001907349;308,86
CIZETA MEDICALI SPA;PR01600019;;;0;42,6
EMMETEX ITALIA SNC DI MARMO N. & C.;;;;;
EMMETEX ITALIA SNC DI MARMO N. & C.;PF0166070/20XFL1102;70/2 ELAS RIT FLEXY PA 6 - NERO;KG;11,1800003051758;117,39
EMMETEX ITALIA SNC DI MARMO N. & C.;PF0166070/20XP61022;70/2 ELAS RIT PA 6 - E 60 RUBINO N;KG;27,5500001907349;275,5
EMMETEX ITALIA SNC DI MARMO N. & C.;PF0166070/20XP61053;70/2 ELAS RIT PA 6 - BLEU E 11;KG;50,1900000572205;527
EMMETEX ITALIA SNC DI MARMO N. & C.;PF0166070/20XP61063;70/2 ELAS RIT PA 6 - E 4 ANTRACITE;KG;117,500000953674;1280,75
EMMETEX ITALIA SNC DI MARMO N. & C.;PF0166070/20XP61064;70/2 ELAS RIT PA 6 - BLEU 1510 MARCO;KG;146,490001320839;1464,9
EMMETEX ITALIA SNC DI MARMO N. & C.;PF0166070/20XP61073;70/2 ELAS RIT PA 6 - E 19 BLUETTE;KG;103,529998779297;1087,07
EMMETEX ITALIA SNC DI MARMO N. & C.;PF0166070/20XP61074;70/2 ELAS RIT PA 6 - ROSSO ERMAN;KG;108,839999198914;1088,4
EMMETEX ITALIA SNC DI MARMO N. & C.;PR01660019;;;0;55,1
CAL. DI PARABIAGO M.RE DE PAOLINI SPA;;;;;
CAL. DI PARABIAGO M.RE DE PAOLINI SPA;PF0172563410A661001;56/34/1 FLEXY APE PA 66 - NERO 002;KG;1,00999999046326;30
CAL. DI PARABIAGO M.RE DE PAOLINI SPA;PF017267/200K661001;67/20 LISCIO VOILE RIT 450 GIRI PA 66 - NERO 002;KG;696,029999732971;14616,63
CAL. DI PARABIAGO M.RE DE PAOLINI SPA;PR01720010;;;0;139,2
MARA DI RIVABEN LUCA & C. S.N.C.;;;;;
MARA DI RIVABEN LUCA & C. S.N.C.;PF0176070/20X661000;70/2 ELAS RIT PA 66 - BEIGE 989;KG;89,9200005531311;1073,8
MARA DI RIVABEN LUCA & C. S.N.C.;PF0176070/20X661004;70/2 ELAS RIT PA 66 - BLU BS266;KG;20,9200000762939;247,9
MARA DI RIVABEN LUCA & C. S.N.C.;PF0176070/20XEX1000;70/2 ELAS RIT FLEXI PA 66 - BEIGE 989;KG;39,9900007247925;599,85
MARA DI RIVABEN LUCA & C. S.N.C.;PR01760019;;;0;166,66
CATEX SRL;;;KG;7344,01000976563;27592,83
CATEX SRL;;;n;;4,62
CATEX SRL;;;NR;;-7876,96
CATEX SRL;;;N;;-5676,45
CATEX SRL;;;N.;;-2055,81
CATEX SRL;;;nr;;-679,69
CATEX SRL;;;;0;0
CATEX SRL;PF0180070/20IYG1014;70/2 ELAS INT YESS GREEN GRS 100 PA 6 - 13138 NOTTE;KG;107,470000088215;1655,03
CATEX SRL;PF0180070/20IYG1019;70/2 ELAS INT YESS GREEN GRS 100 PA 6 - 13174 BLU;KG;41,1899995803833;634,32
CATEX SRL;PF0180070/20IYG1044;70/2 ELAS INT YESS GREEN GRS 100 PA 6 - 13155 BOTTIGLIA;KG;51,2800005376339;820,48
CATEX SRL;PF0180070/20IYG1051;70/2 ELAS INT YESS GREEN GRS 100 PA 6 - 13171 MUSCHIO;KG;32,7600000798702;504,5
CATEX SRL;PF0180070/20IYG1065;70/2 ELAS INT YESS GREEN GRS 100 PA 6 - 13196 CIOCCOLATA;KG;142,950000047684;2201,43
CATEX SRL;PF0180070/20IYG1071;70/2 ELAS INT YESS GREEN GRS 100 PA 6 - 13178 GIALLO FLUO;KG;50,1800001561642;802,88
CATEX SRL;PF0180070/20IYG1073;70/2 ELAS INT YESS GREEN GRS 100 PA 6 - 13104 COLOMBO;KG;90,2300017178059;1389,56
CATEX SRL;PF0180070/20IYG1086;70/2 ELAS INT YESS GREEN GRS 100 PA 6 - 13145 RUBINO;KG;133,809999585152;2060,68
CATEX SRL;PF0180070/20IYG1087;70/2 ELAS INT YESS GREEN GRS 100 PA 6 - 13100 GREZZO;KG;174,120001554489;2744,97
CATEX SRL;PF0180070/20IYG1095;70/2 ELAS INT YESS GREEN GRS 100 PA 6 - 13124 ASFALTO;KG;191,570000976324;2950,18
CATEX SRL;PF0180070/20IYG1115;70/2 ELAS INT YESS GREEN GRS 100 PA 6 - 13107 ORO;KG;33,289999961853;512,66
CATEX SRL;PF0180070/20IYG1124;70/2 ELAS INT YESS GREEN GRS 100 PA 6 - 13129 NERO GRS 100;KG;1653,47999501228;25463,55
CATEX SRL;PF0180070/20IYG1131;70/2 ELAS INT YESS GREEN GRS 100 PA 6 - 13229 OLTREMARE;KG;203,420001268387;3132,65
CATEX SRL;PF0180070/20IYG1132;70/2 ELAS INT YESS GREEN GRS 100 PA 6 - 13231 PIETRA;KG;32,2499996572733;496,66
CATEX SRL;PF0180070/20IYG1133;70/2 ELAS INT YESS GREEN GRS 100 PA 6 - 13238 TURTLE;KG;441,14000114426;6850,49
CATEX SRL;PF0180070/20IYG1134;70/2 ELAS INT YESS GREEN GRS 100 PA 6 - 13219 LIME;KG;132,50000077486;2040,5
CATEX SRL;PF0180070/20IYG1135;70/2 ELAS INT YESS GREEN GRS 100 PA 6 - 13101 BIANCO OTT;KG;171,260000228882;2637,42
CATEX SRL;PF0180070/20IYG1136;70/2 ELAS INT YESS GREEN GRS 100 PA 6 - 13241 AVORIO;KG;1,34999999403954;55,44
CATEX SRL;PR01800006;;;0;25,1
CATEX SRL;PR01800007;;;0;429,23
TRERE' INNOVATION S.R.L.;;;KG;928,649990081787;-8390,96
TRERE' INNOVATION S.R.L.;;;G;141,110000610352;-155,22
TRERE' INNOVATION S.R.L.;;;;0;0
TRERE' INNOVATION S.R.L.;PF0309030/204661123;30/2 ELAS CUC PA 66 - FLUO BORGINI RED;KG;18,0100003480911;458,4
TRERE' INNOVATION S.R.L.;PF0309030/204661185;30/2 ELAS CUC PA 66 - PEACH FLURO;KG;18,1099996566772;465,46
TRERE' INNOVATION S.R.L.;PF0309030/204661214;30/2 ELAS CUC PA 66 - FIESTA 17-1564;KG;28,1799998283386;702,02
TRERE' INNOVATION S.R.L.;PF0309040/20XEX1123;40/2 ELAS RIT FLEXI PA 66 - FLUO BORGINI RED;KG;53,2400014400482;839,58
TRERE' INNOVATION S.R.L.;PF0309040/20XEX1144;40/2 ELAS RIT FLEXI PA 66 - FIERY CORAL 15-1456 TN FLUO;KG;30,4399995803833;447,47
TRERE' INNOVATION S.R.L.;PF0309040/20XEX1157;40/2 ELAS RIT FLEXI PA 66 - BLUE INSIGNA E07;KG;144,489999651909;2124,01
TRERE' INNOVATION S.R.L.;PF0309040/20XEX1178;40/2 ELAS RIT FLEXI PA 66 - VIOLA RV889;KG;40,5699996948242;513,21
TRERE' INNOVATION S.R.L.;PF0309040/20XEX1180;40/2 ELAS RIT FLEXI PA 66 - BEIGE MB 402;KG;40,0100002288818;506,12
TRERE' INNOVATION S.R.L.;PF0309040/20XEX1181;40/2 ELAS RIT FLEXI PA 66 - VISION 5262;KG;40,3200011253357;510,05
TRERE' INNOVATION S.R.L.;PF0309040/20XEX1182;40/2 ELAS RIT FLEXI PA 66 - BERENJENA 4350;KG;40,1799993515015;508,29
TRERE' INNOVATION S.R.L.;PF0309040/20XEX1183;40/2 ELAS RIT FLEXI PA 66 - CORDA E76;KG;38,9699997901917;492,97
TRERE' INNOVATION S.R.L.;PF0309040/20XEX1184;40/2 ELAS RIT FLEXI PA 66 - PRUGNA E78;KG;39,4899997711182;499,55
TRERE' INNOVATION S.R.L.;PF0309040/20XEX1185;40/2 ELAS RIT FLEXI PA 66 - PEACH FLURO;KG;123,17000067234;1906,45
TRERE' INNOVATION S.R.L.;PF0309040/20XEX1188;40/2 ELAS RIT FLEXI PA 66 - AZURE BLUE 17-4139;KG;38,6900005340576;489,44
TRERE' INNOVATION S.R.L.;PF0309040/20XEX1189;40/2 ELAS RIT FLEXI PA 66 - DEEP LAKE 18-4834;KG;39,6700010299683;501,82
TRERE' INNOVATION S.R.L.;PF0309040/20XEX1190;40/2 ELAS RIT FLEXI PA 66 - FOLIAGE GREEN 18-6018;KG;39,9900002479553;505,88
TRERE' INNOVATION S.R.L.;PF0309040/20XEX1191;40/2 ELAS RIT FLEXI PA 66 - LODEN FROST 17-0210;KG;40,7300000190735;515,24
TRERE' INNOVATION S.R.L.;PF0309040/20XEX1192;40/2 ELAS RIT FLEXI PA 66 - FERN GREEN 16-0430;KG;40,0799999237061;507,02
TRERE' INNOVATION S.R.L.;PF0309040/20XEX1193;40/2 ELAS RIT FLEXI PA 66 - MOCK ORANGE 15-1245;KG;41,6799993515015;527,25
TRERE' INNOVATION S.R.L.;PF0309040/20XEX1194;40/2 ELAS RIT FLEXI PA 66 - WISTFUL MAUVE 17-1511;KG;40,6300001144409;513,97
TRERE' INNOVATION S.R.L.;PF0309040/20XEX1206;40/2 ELAS RIT FLEXI PA 66 - GHISA 400;KG;645,699999570847;9039,8
TRERE' INNOVATION S.R.L.;PF0309040/20XEX1214;40/2 ELAS RIT FLEXI PA 66 - FIESTA 17-1564;KG;121,860000133514;1772,04
TRERE' INNOVATION S.R.L.;PF0309070/20XFL1083;70/2 ELAS RIT FLEXY PA 6 - FIERY RED 18-1664;KG;21,0099992752075;221,66
TRERE' INNOVATION S.R.L.;PF0309070/20XFL1120;70/2 ELAS RIT FLEXY PA 6 - NERO;KG;933,470001101494;9379,96
TRERE' INNOVATION S.R.L.;PF0309070/20XFL1126;70/2 ELAS RIT FLEXY PA 6 - BOMBAY BROWN 18-1250 TPX;KG;42,789999961853;425,77
TRERE' INNOVATION S.R.L.;PF0309070/20XFL1133;70/2 ELAS RIT FLEXY PA 6 - CIPRESSO 2020;KG;1,00999999046326;30
TRERE' INNOVATION S.R.L.;PF0309070/20XFL1135;70/2 ELAS RIT FLEXY PA 6 - BLACK 1008;KG;324,019994735718;3434,61
TRERE' INNOVATION S.R.L.;PF0309070/20XFL1174;70/2 ELAS RIT FLEXY PA 6 - KELP 17-1022;KG;1,00999999046326;30
TRERE' INNOVATION S.R.L.;PF0309070/20XFL1186;70/2 ELAS RIT FLEXY PA 6 - BEIGE MB401;KG;189,299999952316;2045,16
TRERE' INNOVATION S.R.L.;PF0309070/20XFL1187;70/2 ELAS RIT FLEXY PA 6 - ROSSO R082;KG;1,00999999046326;30
TRERE' INNOVATION S.R.L.;PF0309070/20XFL1196;70/2 ELAS RIT FLEXY PA 6 - ANTHRACITE 803;KG;74,6999998092651;754,46
TRERE' INNOVATION S.R.L.;PF0309070/20XFL1199;70/2 ELAS RIT FLEXY PA 6 - ROSA RV646;KG;1,00999999046326;30
TRERE' INNOVATION S.R.L.;PF0309070/20XFL1200;70/2 ELAS RIT FLEXY PA 6 - VINACCIA RB331;KG;23,1100008487701;263,15
TRERE' INNOVATION S.R.L.;PF0309070/20XFL1201;70/2 ELAS RIT FLEXY PA 6 - DUCK GREEN 18-6011 TCX;KG;21,1699993610382;242,69
TRERE' INNOVATION S.R.L.;PF0309070/20XFL1217;70/2 ELAS RIT FLEXY PA 6 - MARRONE VR380;KG;1,04999995231628;30
TRERE' INNOVATION S.R.L.;PF0309070/20XFL1221;70/2 ELAS RIT FLEXY PA 6 - FUNGO 62656;KG;88,299998998642;955,28
TRERE' INNOVATION S.R.L.;PF0309070/20XFL1223;70/2 ELAS RIT FLEXY PA 6 - ROSSO R121;KG;1,00999999046326;30
TRERE' INNOVATION S.R.L.;PF0309070/20XFL1229;70/2 ELAS RIT FLEXY PA 6 - FIERY CORAL DARK FLUO 15-1456 TN;KG;448,710001945496;4756,31
TRERE' INNOVATION S.R.L.;PF0309070/20XFL1234;70/2 ELAS RIT FLEXY PA 6 - GREEN GECKO FLUO 13-0340 TN;KG;1,00999999046326;30
TRERE' INNOVATION S.R.L.;PF0309070/20XFL1235;70/2 ELAS RIT FLEXY PA 6 - COCKATOO 14-5420 TPX;KG;1,00999999046326;30
TRERE' INNOVATION S.R.L.;PF0309070/20XFL1239;70/2 ELAS RIT FLEXY PA 6 - ROUGE RED 18-1755;KG;46,4299993515015;489,84
TRERE' INNOVATION S.R.L.;PF0309070/30XFL1008;70/3 ELAS RIT FLEXY PA 6 - BIANCO;KG;945,650001764297;9609,89
TRERE' INNOVATION S.R.L.;PF0309070/30XFL1024;70/3 ELAS RIT FLEXY PA 6 - GIALLO 2030;KG;129,509999990463;1327,85
TRERE' INNOVATION S.R.L.;PF0309070/30XFL1043;70/3 ELAS RIT FLEXY PA 6 - CORAL FLUO 15-1456;KG;1,00999999046326;30
TRERE' INNOVATION S.R.L.;PF0309070/30XFL1085;70/3 ELAS RIT FLEXY PA 6 - SULPHUR SPRING 13-0650;KG;46,4600005149841;466,93
TRERE' INNOVATION S.R.L.;PF0309070/30XFL1088;70/3 ELAS RIT FLEXY PA 6 - CONCORD GRAPE 18-3218;KG;49,0199999809265;492,66
TRERE' INNOVATION S.R.L.;PF0309070/30XFL1104;70/3 ELAS RIT FLEXY PA 6 - MAGENTA 17-2036 TPX;KG;49,8299999237061;500,79
TRERE' INNOVATION S.R.L.;PF0309070/30XFL1120;70/3 ELAS RIT FLEXY PA 6 - NERO;KG;262,499999403954;2638,13
TRERE' INNOVATION S.R.L.;PF0309070/30XFL1131;70/3 ELAS RIT FLEXY PA 6 - SHOCKING ORANGE FLUO 15-1360 TN;KG;848,879999876022;9231,19
TRERE' INNOVATION S.R.L.;PF0309070/30XFL1135;70/3 ELAS RIT FLEXY PA 6 - BLACK 1008;KG;3920,00999546051;40908,07
TRERE' INNOVATION S.R.L.;PF0309070/30XFL1148;70/3 ELAS RIT FLEXY PA 6 - 18-1756 TPX TEABERRY;KG;148,870001792908;1518,49
TRERE' INNOVATION S.R.L.;PF0309070/30XFL1151;70/3 ELAS RIT FLEXY PA 6 - SALVIA 2021;KG;284,459999799728;2923,72
TRERE' INNOVATION S.R.L.;PF0309070/30XFL1160;70/3 ELAS RIT FLEXY PA 6 - GIALLO G003;KG;44,6000003814697;470,53
TRERE' INNOVATION S.R.L.;PF0309070/30XFL1161;70/3 ELAS RIT FLEXY PA 6 - HOLLY BERRY 17-1633;KG;722,869996666908;7264,85
TRERE' INNOVATION S.R.L.;PF0309070/30XFL1170;70/3 ELAS RIT FLEXY PA 6 - FUXIA RV699;KG;0,920000016689301;30
TRERE' INNOVATION S.R.L.;PF0309070/30XFL1178;70/3 ELAS RIT FLEXY PA 6 - VIOLA RV889;KG;44,2700004577637;444,92
TRERE' INNOVATION S.R.L.;PF0309070/30XFL1179;70/3 ELAS RIT FLEXY PA 6 -  BRUCIATO 60;KG;42,5299998521805;427,43
TRERE' INNOVATION S.R.L.;PF0309070/30XFL1180;70/3 ELAS RIT FLEXY PA 6 - BEIGE MB 402;KG;42,3499994277954;425,62
TRERE' INNOVATION S.R.L.;PF0309070/30XFL1181;70/3 ELAS RIT FLEXY PA 6 - VISION 5262;KG;41,9400005340576;421,5
TRERE' INNOVATION S.R.L.;PF0309070/30XFL1182;70/3 ELAS RIT FLEXY PA 6 - BERENJENA 4350;KG;40,8599996566772;410,65
TRERE' INNOVATION S.R.L.;PF0309070/30XFL1183;70/3 ELAS RIT FLEXY PA 6 - CORDA E76;KG;40,9500005245209;411,55
TRERE' INNOVATION S.R.L.;PF0309070/30XFL1184;70/3 ELAS RIT FLEXY PA 6 - PRUGNA E78;KG;41,1000003814697;413,05
TRERE' INNOVATION S.R.L.;PF0309070/30XFL1188;70/3 ELAS RIT FLEXY PA 6 - AZURE BLUE 17-4139;KG;41,5299997329712;417,38
TRERE' INNOVATION S.R.L.;PF0309070/30XFL1189;70/3 ELAS RIT FLEXY PA 6 - DEEP LAKE 18-4834;KG;40,4800004959106;406,82
TRERE' INNOVATION S.R.L.;PF0309070/30XFL1190;70/3 ELAS RIT FLEXY PA 6 - FOLIAGE GREEN 18-6018;KG;40,0699994564056;402,71
TRERE' INNOVATION S.R.L.;PF0309070/30XFL1191;70/3 ELAS RIT FLEXY PA 6 - LODEN FROST 17-0210;KG;44,589999973774;448,13
TRERE' INNOVATION S.R.L.;PF0309070/30XFL1192;70/3 ELAS RIT FLEXY PA 6 - FERN GREEN 16-0430;KG;41,8900003433228;420,99
TRERE' INNOVATION S.R.L.;PF0309070/30XFL1193;70/3 ELAS RIT FLEXY PA 6 - MOCK ORANGE 15-1245;KG;40,6700000762939;408,73
TRERE' INNOVATION S.R.L.;PF0309070/30XFL1194;70/3 ELAS RIT FLEXY PA 6 - WISTFUL MAUVE 17-1511;KG;41,2500007152557;414,57
TRERE' INNOVATION S.R.L.;PF0309070/30XFL1195;70/3 ELAS RIT FLEXY PA 6 - VIOLA RV888;KG;41,089998960495;438,82
TRERE' INNOVATION S.R.L.;PF0309070/30XFL1198;70/3 ELAS RIT FLEXY PA 6 - GRIGIO GM327;KG;47,0500004291534;499,6
TRERE' INNOVATION S.R.L.;PF0309070/30XFL1202;70/3 ELAS RIT FLEXY PA 6 - NILE GREEN 14-0121 TCX;KG;1,00999999046326;30
TRERE' INNOVATION S.R.L.;PF0309070/30XFL1203;70/3 ELAS RIT FLEXY PA 6 - BORDO' RB351;KG;82,6799986362457;895,46
TRERE' INNOVATION S.R.L.;PF0309070/30XFL1204;70/3 ELAS RIT FLEXY PA 6 - FUXIA RV890;KG;41,5800006389618;443,81
TRERE' INNOVATION S.R.L.;PF0309070/30XFL1205;70/3 ELAS RIT FLEXY PA 6 - GREEN 1051;KG;51,6300010681152;544,7
TRERE' INNOVATION S.R.L.;PF0309070/30XFL1207;70/3 ELAS RIT FLEXY PA 6 - MUSGO 4313;KG;41,0799999237061;419,02
TRERE' INNOVATION S.R.L.;PF0309070/30XFL1208;70/3 ELAS RIT FLEXY PA 6 - AZUL CLARO 4337;KG;41,5499992370605;423,8
TRERE' INNOVATION S.R.L.;PF0309070/30XFL1210;70/3 ELAS RIT FLEXY PA 6 - KAKI 5404;KG;39,1799993515015;399,63
TRERE' INNOVATION S.R.L.;PF0309070/30XFL1213;70/3 ELAS RIT FLEXY PA 6 - BLU BM048;KG;19,9800004959106;203,79
TRERE' INNOVATION S.R.L.;PF0309070/30XFL1214;70/3 ELAS RIT FLEXY PA 6 - FIESTA 17-1564;KG;443,519996166229;4626,57
TRERE' INNOVATION S.R.L.;PF0309070/30XFL1217;70/3 ELAS RIT FLEXY PA 6 - MARRONE VR380;KG;1,00999999046326;30
TRERE' INNOVATION S.R.L.;PF0309070/30XFL1220;70/3 ELAS RIT FLEXY PA 6 - DKT C23A GREEN - 3258C;KG;1,00999999046326;30
TRERE' INNOVATION S.R.L.;PF0309070/30XFL1222;70/3 ELAS RIT FLEXY PA 6 - LAVA BLAST FLUO;KG;1,00999999046326;30
TRERE' INNOVATION S.R.L.;PF0309070/30XFL1230;70/3 ELAS RIT FLEXY PA 6 - BURN RUSSET 19-1530;KG;1,00999999046326;30
TRERE' INNOVATION S.R.L.;PF0309070/30XFL1232;70/3 ELAS RIT FLEXY PA 6 - RB011 BORDO';KG;46,8100001811981;533,8
TRERE' INNOVATION S.R.L.;PF0309070/30XFL1233;70/3 ELAS RIT FLEXY PA 6 - RB340 MATTONE;KG;276,840001344681;2940,03
TRERE' INNOVATION S.R.L.;PF0309070/30XFL1234;70/3 ELAS RIT FLEXY PA 6 - GREEN GECKO FLUO 13-0340 TN;KG;1,00999999046326;30
TRERE' INNOVATION S.R.L.;PF0309070/30XFL1235;70/3 ELAS RIT FLEXY PA 6 - COCKATOO 14-5420 TPX;KG;1,00999999046326;30
TRERE' INNOVATION S.R.L.;PF0309070/30XFL1236;70/3 ELAS RIT FLEXY PA 6 - VERDE VR213;KG;20,07000041008;231,08
TRERE' INNOVATION S.R.L.;PF0309070/30XFL1241;70/3 ELAS RIT FLEXY PA 6 - CHINOIS GREEN 17-5107;KG;20,1799998283386;212,9
TRERE' INNOVATION S.R.L.;PF0309070/40XFL1008;70/4 ELAS RIT FLEXY PA 6 - BIANCO;KG;2606,43999803066;27473,85
TRERE' INNOVATION S.R.L.;PF0309070/40XFL1035;70/4 ELAS RIT FLEXY PA 6 - DIVA BLUE;KG;354,389998912811;3670,44
TRERE' INNOVATION S.R.L.;PF0309070/40XFL1047;70/4 ELAS RIT FLEXY PA 6 - GERANIUM 17-1753;KG;79,5299997329712;827,12
TRERE' INNOVATION S.R.L.;PF0309070/40XFL1062;70/4 ELAS RIT FLEXY PA 6 - SUPER PINK 17-2625;KG;39,8800001144409;414,75
TRERE' INNOVATION S.R.L.;PF0309070/40XFL1085;70/4 ELAS RIT FLEXY PA 6 - SULPHUR SPRING 13-0650;KG;1428,35000109673;14971,82
TRERE' INNOVATION S.R.L.;PF0309070/40XFL1088;70/4 ELAS RIT FLEXY PA 6 - CONCORD GRAPE 18-3218;KG;83,7900009155273;864,99
TRERE' INNOVATION S.R.L.;PF0309070/40XFL1130;70/4 ELAS RIT FLEXY PA 6 - RED 133;KG;558,869999885559;5761,34
TRERE' INNOVATION S.R.L.;PF0309070/40XFL1135;70/4 ELAS RIT FLEXY PA 6 - BLACK 1008;KG;1604,89000058174;16681,18
TRERE' INNOVATION S.R.L.;PF0309070/40XFL1152;70/4 ELAS RIT FLEXY PA 6 - BLUE DKT-G17C;KG;736,319998979568;7682,83
TRERE' INNOVATION S.R.L.;PF0309070/40XFL1165;70/4 ELAS RIT FLEXY PA 6 - THYME 19-0309 TCX;KG;41,2599990367889;448,6
TRERE' INNOVATION S.R.L.;PF0309070/40XFL1176;70/4 ELAS RIT FLEXY PA 6 - VERDE 34;KG;39,7000012397766;406,94
TRERE' INNOVATION S.R.L.;PF0309070/40XFL1202;70/4 ELAS RIT FLEXY PA 6 - NILE GREEN 14-0121 TCX;KG;64,9799995422363;685,54
TRERE' INNOVATION S.R.L.;PF0309070/40XFL1205;70/4 ELAS RIT FLEXY PA 6 - GREEN 1051;KG;406,080000638962;4223,24
TRERE' INNOVATION S.R.L.;PF0309070/40XFL1209;70/4 ELAS RIT FLEXY PA 6 - DKT A09A PINK FLUO;KG;160,249999523163;1666,61
TRERE' INNOVATION S.R.L.;PF0309070/40XFL1211;70/4 ELAS RIT FLEXY PA 6 - VERDE LAGO VB190;KG;39,0699996948242;406,33
TRERE' INNOVATION S.R.L.;PF0309070/40XFL1217;70/4 ELAS RIT FLEXY PA 6 - MARRONE VR380;KG;0,980000019073486;30
TRERE' INNOVATION S.R.L.;PF0309156/103661177;156/1  RIT 300 S PA 66 - GOLD GB057;KG;6,73999977111816;114,58
TRERE' INNOVATION S.R.L.;PF0309180680-CO1149;DTEX 180/68 - CORDURA PA 66 - BLACK;KG;417,729999303818;9453,5
TRERE' INNOVATION S.R.L.;PF0309180680-CO1159;DTEX 180/68 - CORDURA PA 66 - WHITE (BASE PES);KG;36,8600006103516;820,14
TRERE' INNOVATION S.R.L.;PF030944/340LFF1120;44/34/2 EL LEG.INT FLEXY BIOFEEL - NERO;KG;1,14999997615814;30
TRERE' INNOVATION S.R.L.;PF0309443410LEP1097;44/34/1 ELAS LEG.INTERL PA EVO FLEXY - MAUVE MIST 15-3207;KG;21,1100002527237;812,74
TRERE' INNOVATION S.R.L.;PF0309443410LEP1135;44/34/1 ELAS LEG.INTERL PA EVO FLEXY - BLACK 1008;KG;704,070002317429;27867,19
TRERE' INNOVATION S.R.L.;PF0309443410LEP1162;44/34/1 ELAS LEG.INTERL PA EVO FLEXY - COVERT GREEN 18-0617;KG;24,57000041008;945,96
TRERE' INNOVATION S.R.L.;PF0309443410LEP1163;44/34/1 ELAS LEG.INTERL PA EVO FLEXY - VERY GRAPE 18-3220;KG;23,0100002288818;885,89
TRERE' INNOVATION S.R.L.;PF0309443410LFF1120;44/34/1 EL LEG.INT FLEXY BIOFEEL - NERO;KG;2,01999998092651;60
TRERE' INNOVATION S.R.L.;PF03094434S0IEP1135;44/34/2 ELAS INTER. PA EVO FLEXY - BLACK ;KG;2148,38999438286;84175,47
TRERE' INNOVATION S.R.L.;PF03094434S0IEP1215;44/34/2 ELAS INTER. PA EVO FLEXY - ANTRACITE 803;KG;20,3299999237061;274,46
TRERE' INNOVATION S.R.L.;PF03094434S0IEP1218;44/34/2 ELAS INTER. PA EVO FLEXY - MOON MIST 18-4105;KG;2,01999998092651;60
TRERE' INNOVATION S.R.L.;PF03094434S0IEP1219;44/34/2 ELAS INTER. PA EVO FLEXY - VALLARTA BLUE 18-4034;KG;2,01999998092651;60
TRERE' INNOVATION S.R.L.;PF03094434S0IEP1225;44/34/2 ELAS INTER. PA EVO FLEXY - BLUE POSEIDON 19-4033 TCX;KG;2,01999998092651;45
TRERE' INNOVATION S.R.L.;PF03094434S0IEP1226;44/34/2 ELAS INTER. PA EVO FLEXY - ORCHID ICE 13-3406 TCX;KG;2,02999997138977;30
TRERE' INNOVATION S.R.L.;PF03094434S0IEP1227;44/34/2 ELAS INTER. PA EVO FLEXY - AMARANTH 19-2410 TCX;KG;3,03999996185303;60
TRERE' INNOVATION S.R.L.;PF03094434S0IEP1228;44/34/2 ELAS INTER. PA EVO FLEXY - PASTEL TURQUOISE 13-5309 TPX;KG;2,02999997138977;30
TRERE' INNOVATION S.R.L.;PF03094434S0IEP1230;44/34/2 ELAS INTER. PA EVO FLEXY - BURN RUSSET 19-1530;KG;2,01999998092651;45
TRERE' INNOVATION S.R.L.;PF03094434S0IEP1231;44/34/2 ELAS INTER. PA EVO FLEXY - TACTICAL CREEN;KG;2,01999998092651;45
TRERE' INNOVATION S.R.L.;PF03094434S0IEP1237;44/34/2 ELAS INTER. PA EVO FLEXY - AVENTURINE 19-5421 TCX;KG;2,13999998569489;60
TRERE' INNOVATION S.R.L.;PF03094434S0IEP1238;44/34/2 ELAS INTER. PA EVO FLEXY - FUCHSIA PURPLE 18-2436 TCX;KG;2,01999998092651;60
TRERE' INNOVATION S.R.L.;PF03094434S0IEP1240;44/34/2 ELAS INTER. PA EVO FLEXY - WINSOR WINE 19-1528 TCX;KG;1,00999999046326;30
TRERE' INNOVATION S.R.L.;PF0309782BF0IEX1071;78/68/2 ELAS BODYFRESCH INT. FLEXI PA 66 - CANDIDO;KG;165,059998035431;2922,76
TRERE' INNOVATION S.R.L.;PF0309782BF0IEX1120;78/68/2 ELAS BODYFRESCH INT. FLEXI PA 66 - NERO;KG;119,770000219345;2146,6
TRERE' INNOVATION S.R.L.;PF03097862I0IEX1166;78/68/2 INNERGY INT. FLEXI PA 66 - DKT G17C BLUE;KG;514,690001249313;15743,3
TRERE' INNOVATION S.R.L.;PF03097862I0IEX1167;78/68/2 INNERGY INT. FLEXI PA 66 - DKT C20D TURQUOISE;KG;2,41999998688698;60
TRERE' INNOVATION S.R.L.;PF03097862I0IEX1168;78/68/2 INNERGY INT. FLEXI PA 66 - DKT J02A BEIGE;KG;2,01999998092651;45
TRERE' INNOVATION S.R.L.;PF03097862I0IEX1169;78/68/2 INNERGY INT. FLEXI PA 66 - DKT N06B GREY;KG;524,370001316071;15988,34
TRERE' INNOVATION S.R.L.;PF03097862I0IEX1171;78/68/2 INNERGY INT. FLEXI PA 66 - DKT F10A BORDEAUX;KG;87,5200002193451;2650,59
TRERE' INNOVATION S.R.L.;PF03097862I0IEX1172;78/68/2 INNERGY INT. FLEXI PA 66 - DKT K14B PURPLE;KG;2,01999998092651;30
TRERE' INNOVATION S.R.L.;PF03097862I0IEX1173;78/68/2 INNERGY INT. FLEXI PA 66 - DKT A04B ORANGE FLUO;KG;284,169999599457;8677,92
TRERE' INNOVATION S.R.L.;PF03097862I0IEX1175;78/68/2 INNERGY INT. FLEXI PA 66 - DKT C07A RED;KG;2,01999998092651;30
TRERE' INNOVATION S.R.L.;PF0309786810AEX1216;78/68/1 ELAS APE FLEXI PA 66 - MOOD INDIGO 19-4025;KG;1,00999999046326;30
TRERE' INNOVATION S.R.L.;PF0309786820IEX1173;78/68/2 ELAS INTER. FLEXI PA 66 - DKT A04B ORANGE FLUO;KG;1,00999999046326;30
TRERE' INNOVATION S.R.L.;PF0309786820IEX1209;78/68/2 ELAS INTER. FLEXI PA 66 - DKT A09A PINK FLUO;KG;138,179999351501;2233,93
TRERE' INNOVATION S.R.L.;PF0309786820IEX1220;78/68/2 ELAS INTER. FLEXI PA 66 - DKT C23A GREEN - 3258C;KG;1,00999999046326;30
TRERE' INNOVATION S.R.L.;PF0309786820IM61051;78/68/2  INT. MICRO FLEXY PA 6 - FANDANGO PINK 17-2033;KG;1,00999999046326;30
TRERE' INNOVATION S.R.L.;PF0309786820IM61212;78/68/2  INT. MICRO FLEXY PA 6 - TROPICAL TANG 097-52-30;KG;1,00999999046326;30
TRERE' INNOVATION S.R.L.;PF0309786820IM61216;78/68/2  INT. MICRO FLEXY PA 6 - MOOD INDIGO 19-4025;KG;1,00999999046326;30
TRERE' INNOVATION S.R.L.;PR03090006;;;0;2325,6
TRERE' INNOVATION S.R.L.;PR03090019;;;0;319,64
TRE EFFE MANIFATTURA di Bergamini e Rubes Snc;;;KG;2087,5;62,63
NYFIL S.R.L.;;;;;
NYFIL S.R.L.;PF0327070/20X661279;70/2 ELAS RIT PA 66 - GREGGIO;KG;1531,65999770164;13355,03
NYFIL S.R.L.;PF0327070/20XP61279;70/2 ELAS RIT PA 6 - GREGGIO;KG;145,270000457764;915,21
CAGE s.a.s. di De Biase Alessia & C.;;;;;
CAGE s.a.s. di De Biase Alessia & C.;PF0334070/10A661000;70/1 ELAS APE PA 66 - GREGGIO;KG;21,9800004959106;211
CAGE s.a.s. di De Biase Alessia & C.;PF0334070/10AP61000;70/1 ELAS APE PA 6 - GREGGIO;KG;39,0799994468689;410,35
CAGE s.a.s. di De Biase Alessia & C.;PF0334070/20XEX1005;70/2 ELAS RIT FLEXI PA 66 - BIANCO;KG;82,0099999904633;1074,32
CAGE s.a.s. di De Biase Alessia & C.;PF0334070/20XEX1008;70/2 ELAS RIT FLEXI PA 66 - MATELOT B.P. 99229/721001;KG;2,63000011444092;31,82
CAGE s.a.s. di De Biase Alessia & C.;PF0334070/20XEX1009;70/2 ELAS RIT FLEXI PA 66 - VERDE SCURO A CAMP.;KG;60,3100008964539;790,05
CAGE s.a.s. di De Biase Alessia & C.;PF0334070/20XEX1010;70/2 ELAS RIT FLEXI PA 66 - ARANCIO 021C;KG;37,8000001907349;495,18
CAGE s.a.s. di De Biase Alessia & C.;PF0334070/20XEX1012;70/2 ELAS RIT FLEXI PA 66 - ARANCIO A CAMPIONE;KG;36,9100003242493;483,52
CAGE s.a.s. di De Biase Alessia & C.;PF0334070/40I661010;70/4 ELAS INT. PA 66 - ARANCIO 021C;KG;3,85999989509583;50,57
CAGE s.a.s. di De Biase Alessia & C.;PF0334070/40XEX1002;70/4 ELAS RIT FLEXI PA 66 - NERO;KG;140,120001316071;1843,25
CAGE s.a.s. di De Biase Alessia & C.;PF0334070/40XEX1005;70/4 ELAS RIT FLEXI PA 66 - BIANCO;KG;45,0799984931946;593,58
CAGE s.a.s. di De Biase Alessia & C.;PF0334070/40XEX1006;70/4 ELAS RIT FLEXI PA 66 - ROSSO SPLENDOR;KG;60,7499995231628;812,21
CAGE s.a.s. di De Biase Alessia & C.;PF0334070/40XEX1011;70/4 ELAS RIT FLEXI PA 66 - GIALLO A CAMPIONE;KG;39,7000002861023;538,61
CAGE s.a.s. di De Biase Alessia & C.;PF0334100/20XEX1002;100/2 ELAS RIT FLEXI PA 66 - NERO;KG;33,25;397,34
CAGE s.a.s. di De Biase Alessia & C.;PF0334100/20XEX1005;100/2 ELAS RIT FLEXI PA 66 - BIANCO;KG;40,5700001716614;505,54
CAGE s.a.s. di De Biase Alessia & C.;PF0334100/20XEX1006;100/2 ELAS RIT FLEXI PA 66 - ROSSO SPLENDOR;KG;24,7299995422363;295,52
CAGE s.a.s. di De Biase Alessia & C.;PR03340019;;;0;130,94
NASTROTEX CUFRA SPA;;;KG;386,299987792969;-2099,54
NASTROTEX CUFRA SPA;;;NR;;664,65
NASTROTEX CUFRA SPA;;;;0;0
NASTROTEX CUFRA SPA;PF0336040/10A661068;40/1 ELAS APE PA 66 - 297 BLU;KG;1,00999999046326;50
NASTROTEX CUFRA SPA;PF0336040/10A661069;40/1 ELAS APE PA 66 - 594 EARTH;KG;1,00999999046326;50
NASTROTEX CUFRA SPA;PF0336040/10A661070;40/1 ELAS APE PA 66 - 698 VERDE;KG;1,00999999046326;50
NASTROTEX CUFRA SPA;PF0336040/10A661071;40/1 ELAS APE PA 66 - 390 RAISIN;KG;1,00999999046326;50
NASTROTEX CUFRA SPA;PF0336040/10A661072;40/1 ELAS APE PA 66 - 125 AUBERGINE;KG;1,00999999046326;50
NASTROTEX CUFRA SPA;PF0336040/10A661073;40/1 ELAS APE PA 66 - 156 BURNT ORANGE;KG;1,00999999046326;50
NASTROTEX CUFRA SPA;PF0336040/10A661074;40/1 ELAS APE PA 66 - 706 VERDONE;KG;2,01999998092651;100
NASTROTEX CUFRA SPA;PF0336040/10A661076;40/1 ELAS APE PA 66 - 884 LILLA;KG;1,00999999046326;50
NASTROTEX CUFRA SPA;PF0336040/10A661082;40/1 ELAS APE PA 66 - GREGGIO;KG;13,2200002670288;171,86
NASTROTEX CUFRA SPA;PF0336040/10A661083;40/1 ELAS APE PA 66 - 586 COCCO;KG;1,00999999046326;50
NASTROTEX CUFRA SPA;PF0336040/10A661088;40/1 ELAS APE PA 66 - 696 ICE GREY;KG;1,00999999046326;50
NASTROTEX CUFRA SPA;PF0336040/10A661089;40/1 ELAS APE PA 66 - 608 TREK GREEN;KG;1,00999999046326;50
NASTROTEX CUFRA SPA;PF0336040/10A661090;40/1 ELAS APE PA 66 - 629 BOSCO;KG;1,00999999046326;50
NASTROTEX CUFRA SPA;PF0336040/10A661091;40/1 ELAS APE PA 66 - 212 SCOTCH;KG;1,00999999046326;50
NASTROTEX CUFRA SPA;PF0336070/20IP61000;70/2 ELAS INT. PA 6 - 535 BLU;KG;164,590001493692;1580,05
NASTROTEX CUFRA SPA;PF0336070/20IP61002;70/2 ELAS INT. PA 6 - 712 GRIGIO;KG;298,980000602081;2910,41
NASTROTEX CUFRA SPA;PF0336070/20IP61007;70/2 ELAS INT. PA 6 - 500 BLU;KG;257,399998016655;2547,29
NASTROTEX CUFRA SPA;PF0336070/20IP61015;70/2 ELAS INT. PA 6 - 806 ROSSO;KG;194,440001487732;1963,85
NASTROTEX CUFRA SPA;PF0336070/20IP61027;70/2 ELAS INT. PA 6 - 257 BEIGE;KG;102,39999961853;1059,85
NASTROTEX CUFRA SPA;PF0336070/20IP61075;70/2 ELAS INT. PA 6 - 719 GRIGIO;KG;542,369998648763;5497,61
NASTROTEX CUFRA SPA;PF0336070/20IP61077;70/2 ELAS INT. PA 6 - 126 MARRONE;KG;19,5700001716614;187,87
NASTROTEX CUFRA SPA;PF0336070/20IP61078;70/2 ELAS INT. PA 6 - 330 NOCCIOLA;KG;20,2400002479553;194,3
NASTROTEX CUFRA SPA;PF0336070/20IP61080;70/2 ELAS INT. PA 6 - 600 FUXIA RV 890;KG;39,0399994850159;394,31
NASTROTEX CUFRA SPA;PF0336070/20IP61081;70/2 ELAS INT. PA 6 - 599 FUXIA RV699;KG;40,1999998092651;406,02
NASTROTEX CUFRA SPA;PF0336070/20IP61085;70/2 ELAS INT. PA 6 - 715 COOL GREY 11 C VAR.C;KG;103,429999351501;1070,5
NASTROTEX CUFRA SPA;PF0336070/20IP61086;70/2 ELAS INT. PA 6 - 120 GIALLO;KG;1,00999999046326;50
NASTROTEX CUFRA SPA;PF0336070/20IP61087;70/2 ELAS INT. PA 6 - 332 TABACCO;KG;206,0799998492;2132,94
NASTROTEX CUFRA SPA;PF0336070/20XP61062;70/2 ELAS RIT PA 6 - 932 NERO;KG;38,539999961853;445,14
NASTROTEX CUFRA SPA;PF0336070/20XP61079;70/2 ELAS RIT PA 6 - NERO GS005;KG;1,0900000333786;12,59
NASTROTEX CUFRA SPA;PR03360001;;;0;259,99
NASTROTEX CUFRA SPA;PR03360019;;;0;79,62
CALZIFICIO PEZZINI SRL;;;;;
CALZIFICIO PEZZINI SRL;PF0341070/20XFL1051;70/2 ELAS RIT FLEXY PA 6 - E821 BRIDAL ROSE 15-1611 TCX;KG;40,3800001144409;423,99
(NON USARE) - REAL KNITTING DOO;;;;;
(NON USARE) - REAL KNITTING DOO;PF0345060/20X661000;60/2 ELAS RIT PA 66 - GREGGIO;KG;831,819997787476;9668,97
(NON USARE) - REAL KNITTING DOO;PF0345060/20XEX1023;60/2 ELAS RIT FLEXI PA 66 - DAINO GLAMOUR;KG;59,7799997329712;836,92
CALZE HORUS di Paiano Quintino;;;;;
CALZE HORUS di Paiano Quintino;PF0349040/20XEX1000;40/2 ELAS RIT FLEXI PA 66 - BLU MIDNIGHT 87298/111;KG;39,0099997520447;526,64
CALZE HORUS di Paiano Quintino;PF0349040/20XEX1001;40/2 ELAS RIT FLEXI PA 66 - ANTRACITE 86260/104;KG;19,4200000762939;262,17
CALZE HORUS di Paiano Quintino;PF0349040/20XEX1002;40/2 ELAS RIT FLEXI PA 66 - NERO;KG;56,0399990081787;756,55
CALZE HORUS di Paiano Quintino;PF0349040/20XFL1002;40/2 ELAS RIT FLEXY PA 6 - NERO;KG;19,5999999046326;245,01
CALZIFICIO ANSON SNC di Verardi Vito, Anna e Sonia;;;NR;2;-871,11
CALZIFICIO ANSON SNC di Verardi Vito, Anna e Sonia;;;;0;0
CALZIFICIO ANSON SNC di Verardi Vito, Anna e Sonia;PF0352070/20XFL1002;70/2 ELAS RIT FLEXY PA 6 - CANDIDO;KG;154,459999084473;1614,59
CALZIFICIO ANSON SNC di Verardi Vito, Anna e Sonia;PF0352070/20XFL1021;70/2 ELAS RIT FLEXY PA 6 - DARK NAVY 19-4010 TCX;KG;149,940000295639;1591,35
CALZIFICIO ANSON SNC di Verardi Vito, Anna e Sonia;PF0352070/20XFL1022;70/2 ELAS RIT FLEXY PA 6 - PHANTOM 19-4205 TCX;KG;670,369997501373;7343,56
CALZIFICIO ANSON SNC di Verardi Vito, Anna e Sonia;PF0352070/20XFL1024;70/2 ELAS RIT FLEXY PA 6 - RHUBARB RED 19-1652;KG;20,4100003242493;216,75
CALZIFICIO ANSON SNC di Verardi Vito, Anna e Sonia;PF0352070/30XFL1023;70/3 ELAS RIT FLEXY PA 6 - ROSSO 18-1664 TCX;KG;41,1999998092651;437,54
CALZIFICIO ANSON SNC di Verardi Vito, Anna e Sonia;PF0352070/30XFL1025;70/3 ELAS RIT FLEXY PA 6 - ESTATE BLUE 19-4027;KG;19,1099996566772;202,94
CALZIFICIO ANSON SNC di Verardi Vito, Anna e Sonia;PF0352070260I601037;78/4 MELANGE INT. PA 6 + PA 6 - MELANGE NERO+GHISA;KG;2857,38999032974;39590,94
CALZIFICIO ANSON SNC di Verardi Vito, Anna e Sonia;PF0352227010A661021;LYCRA+PA66 (22+ 078 TINTO) 85 DTX - DARK NAVY 19-4010 TCX;KG;12,4099998474121;260,86
CALZIFICIO ANSON SNC di Verardi Vito, Anna e Sonia;PF0352227010A661022;LYCRA+PA66 (22+ 078 TINTO) 85 DTX - PHANTOM 19-4205 TCX;KG;57,5100002288818;1229,9
CALZIFICIO ANSON SNC di Verardi Vito, Anna e Sonia;PF0352227010AP61023;ELA+PA6 (22+ 078 TINTO) 85 DTX - ROSSO 18-1664 TCX;KG;19,8100004196167;416,41
CALZIFICIO ANSON SNC di Verardi Vito, Anna e Sonia;PF0352227020ILT1021;ELA 162 (22+ 70/2 PA 6 TINTO)  - DARK NAVY 19-4010 TCX;KG;27,4399995803833;576,79
CALZIFICIO ANSON SNC di Verardi Vito, Anna e Sonia;PF0352227020ILT1028;ELA 162 (22+ 70/2 PA 6 TP) - GRIGIO TOPO TP;KG;113,069999694824;2376,74
CALZIFICIO ANSON SNC di Verardi Vito, Anna e Sonia;PR03520019;;;0;79,04
DAC SRL;;;;;
DAC SRL;PF0354040/10A661000;40/1 ELAS APE PA 66 - NERO 103;KG;48,900000333786;831,3
DAC SRL;PF0354040/20XFL1003;40/2 ELAS RIT FLEXY PA 6 - BIANCO;KG;45,0799999237061;549,97
DAC SRL;PF0354040/20XFL1005;40/2 ELAS RIT FLEXY PA 6 - ARGENTO 417;KG;172,160000801086;2100,35
DAC SRL;PF0354040/20XFL1006;40/2 ELAS RIT FLEXY PA 6 - NUVOLA 402;KG;135,32000207901;1650,9
DAC SRL;PF0354040/20XFL1009;40/2 ELAS RIT FLEXY PA 6 - NERO 103;KG;219,239998340607;2674,73
DAC SRL;PF0354040/20XFL1010;40/2 ELAS RIT FLEXY PA 6 - AVIO 114;KG;73,8999996185303;901,59
DAC SRL;PF0354040/20XFL1011;40/2 ELAS RIT FLEXY PA 6 - CACAO 408;KG;40,7399997711182;497,03
DAC SRL;PF0354040/20XFL1012;40/2 ELAS RIT FLEXY PA 6 - CIELO 116;KG;88,210000038147;1076,16
DAC SRL;PF0354040/20XFL1013;40/2 ELAS RIT FLEXY PA 6 - CORDA 130;KG;88,5799999237061;1080,68
DAC SRL;PF0354040/20XFL1014;40/2 ELAS RIT FLEXY PA 6 - FANGO 153;KG;41,0800008773804;501,18
DAC SRL;PF0354040/20XFL1015;40/2 ELAS RIT FLEXY PA 6 - ABISSO 262;KG;46,7800004482269;570,72
DAC SRL;PF0354070/30XFL1000;70/3 ELAS RIT FLEXY PA 6 - NERO 103;KG;46,6999998092651;495,02
DAC SRL;PF0354070/30XFL1003;70/3 ELAS RIT FLEXY PA 6 - BIANCO;KG;51,3100004196167;543,89
DAC SRL;PF0354070/30XFL1016;70/3 ELAS RIT FLEXY PA 6 - CENERE 403;KG;45,5299997329712;482,62
DAC SRL;PF0354070/30XFL1017;70/3 ELAS RIT FLEXY PA 6 - TABACCO 191;KG;45,5599994659424;482,94
DAC SRL;PF0354156/103661008;156/1  RIT 300 S PA 66 - GOLD GB057;KG;0,529999971389771;10,6
CALZIFICIO ILARY SRL;;;NR;;107,51
CALZIFICIO ILARY SRL;;;;;
CALZIFICIO ILARY SRL;PF0355070/20XFL1002;70/2 ELAS RIT FLEXY PA 6 - MB402;KG;148,210000038147;1556,23
CALZIFICIO ILARY SRL;PF0355070/20XFL1003;70/2 ELAS RIT FLEXY PA 6 - MB400;KG;62,899998664856;660,45
CALZIFICIO ILARY SRL;PF0355070/20XFL1004;70/2 ELAS RIT FLEXY PA 6 - MS168;KG;41,4400001764297;435,13
CALZIFICIO ILARY SRL;PF0355070/20XFL1005;70/2 ELAS RIT FLEXY PA 6 - RV646;KG;65,8800001144409;691,75
CALZIFICIO ILARY SRL;PF0355070/20XFL1006;70/2 ELAS RIT FLEXY PA 6 - RB322;KG;87,5099997520447;918,87
CALZIFICIO ILARY SRL;PF0355070/20XFL1007;70/2 ELAS RIT FLEXY PA 6 - RV887;KG;20,7999997138977;218,41
CALZIFICIO ILARY SRL;PF0355070/20XFL1008;70/2 ELAS RIT FLEXY PA 6 - 5600 NEON PINK FLUO;KG;21,650000333786;279,74
CALZIFICIO ILARY SRL;PF0355070/20XFL1009;70/2 ELAS RIT FLEXY PA 6 - ROYAL BLUE;KG;3,10999989509583;30
CALZIFICIO ILARY SRL;PF0355070/20XFL1010;70/2 ELAS RIT FLEXY PA 6 - ROSA RV885;KG;1,05999994277954;30
CALZIFICIO ILARY SRL;PF0355070/20XFL1011;70/2 ELAS RIT FLEXY PA 6 - ROSA RV884;KG;21,3699996471405;276,36
CALZIFICIO ILARY SRL;PF0355070/20XFL1012;70/2 ELAS RIT FLEXY PA 6 - 1981 CINNAMON CAMEL;KG;1,00999999046326;30
CALZIFICIO ILARY SRL;PF0355070/20XFL1013;70/2 ELAS RIT FLEXY PA 6 - RV886;KG;18,5900001525879;195,2
CALZIFICIO ILARY SRL;PF0355070/20XFL1014;70/2 ELAS RIT FLEXY PA 6 - BEIGE BALENCIAGA B710;KG;20,039999961853;210,43
CALZIFICIO ILARY SRL;PF0355070/20XFL1015;70/2 ELAS RIT FLEXY PA 6 - VR407;KG;2,01999998092651;30
CALZIFICIO ILARY SRL;PF0355070/20XFL1016;70/2 ELAS RIT FLEXY PA 6 - GA166;KG;65,6899998188019;689,76
CALZIFICIO ILARY SRL;PF0355070/20XFL1017;70/2 ELAS RIT FLEXY PA 6 - MAGNOLIA X009;KG;20,050000667572;210,53
CALZIFICIO ILARY SRL;PF0355070/20XFL1018;70/2 ELAS RIT FLEXY PA 6 - MARRONE;KG;37,3599998950958;392,29
CALZIFICIO ILARY SRL;PF0355070/20XFL1019;70/2 ELAS RIT FLEXY PA 6 - GIALLO 102;KG;40,0499992370605;420,53
CALZIFICIO ILARY SRL;PF0355070/20XFL1020;70/2 ELAS RIT FLEXY PA 6 - FUCSIA 314;KG;40,1799998283386;421,9
CALZIFICIO ILARY SRL;PF0355070/20XFL1021;70/2 ELAS RIT FLEXY PA 6 - VE101 FIORDALISO;KG;21,1300005912781;221,87
CALZIFICIO ILARY SRL;PF0355070/20XFL1022;70/2 ELAS RIT FLEXY PA 6 - VE102 BARBERRY;KG;37,3800001144409;392,5
CALZIFICIO ILARY SRL;PF0355070/20XFL1023;70/2 ELAS RIT FLEXY PA 6 - VE103 INK;KG;102,429999351501;1075,54
CALZIFICIO ILARY SRL;PF0355070/20XFL1024;70/2 ELAS RIT FLEXY PA 6 - VE104 ANTRACITA;KG;35,9699993133545;377,69
CALZIFICIO ILARY SRL;PF0355070/20XFL1025;70/2 ELAS RIT FLEXY PA 6 - VE105 MARZIPAN;KG;19,0700001716614;200,24
CALZIFICIO ILARY SRL;PF0355070/20XFL1026;70/2 ELAS RIT FLEXY PA 6 - VE106 MUSTARD;KG;79,7899987697601;837,81
CALZIFICIO ILARY SRL;PF0355070/20XFL1027;70/2 ELAS RIT FLEXY PA 6 - VE107 SILVER;KG;59,4500007629395;624,23
CALZIFICIO ILARY SRL;PF0355070/20XFL1028;70/2 ELAS RIT FLEXY PA 6 - A231 NAVY;KG;19,8500008583069;208,43
CALZIFICIO ILARY SRL;PF0355070/20XFL1029;70/2 ELAS RIT FLEXY PA 6 - VE108 COLDMOCHA;KG;39,0500004291534;472,51
CALZIFICIO ILARY SRL;PF0355070/20XFL1030;70/2 ELAS RIT FLEXY PA 6 - VE109 ICEBERGREEN;KG;39,7700004577637;481,22
CALZIFICIO ILARY SRL;PF0355070/20XFL1031;70/2 ELAS RIT FLEXY PA 6 - 018 DESERT;KG;42,3899993896484;512,91
CALZIFICIO ILARY SRL;PR03550006;;;0;20,64
CALZIFICIO ILARY SRL;PR03550019;;;0;601,74
(NON USARE) CALZIFICIO CHIARA di Giannelli Marco;;;NR;;221,88
(NON USARE) CALZIFICIO CHIARA di Giannelli Marco;;;;;
(NON USARE) CALZIFICIO CHIARA di Giannelli Marco;PF0359040/20XEX1028;40/2 ELAS RIT FLEXI PA 66 - GRIGIO TOPO 105;KG;49,4100008010864;706,57
(NON USARE) CALZIFICIO CHIARA di Giannelli Marco;PF0359040/20XFL1001;40/2 ELAS RIT FLEXY PA 6 - NERO;KG;50,5400006771088;606,48
(NON USARE) CALZIFICIO CHIARA di Giannelli Marco;PF0359070/30XFL1001;70/3 ELAS RIT FLEXY PA 6 - NERO;KG;662,019998550415;6993,96
(NON USARE) CALZIFICIO CHIARA di Giannelli Marco;PF0359070/30XFL1004;70/3 ELAS RIT FLEXY PA 6 - E 33 ROSSO;KG;444,379998207092;4729,87
(NON USARE) CALZIFICIO CHIARA di Giannelli Marco;PF0359070/30XFL1009;70/3 ELAS RIT FLEXY PA 6 - E 1 CANDIDO;KG;366,810003519058;3939,77
(NON USARE) CALZIFICIO CHIARA di Giannelli Marco;PF0359070/30XFL1016;70/3 ELAS RIT FLEXY PA 6 - 1056 DK. GREEN;KG;41,1500005722046;432,08
(NON USARE) CALZIFICIO CHIARA di Giannelli Marco;PF0359070/30XFL1026;70/3 ELAS RIT FLEXY PA 6 - GS682;KG;41,9899997711182;449,29
(NON USARE) CALZIFICIO CHIARA di Giannelli Marco;PF0359070/60XP61004;70/6 ELAS RIT PA 6 - E 33 ROSSO;KG;51,6700005531311;687,21
(NON USARE) CALZIFICIO CHIARA di Giannelli Marco;PF0359781820ITP1008;78/18X2 INT. PA6 TINTO PASTA - NERO 1000;KG;19,2199993133545;143,19
(NON USARE) CALZIFICIO CHIARA di Giannelli Marco;PF0359781820ITP1020;78/18X2 INT. PA6 TINTO PASTA - ARDESIA 1038;KG;21,6200008392334;209,71
(NON USARE) CALZIFICIO CHIARA di Giannelli Marco;PF0359781820ITP1021;78/18X2 INT. PA6 TINTO PASTA - SILVER 1021 ;KG;44,9600009918213;387,33
(NON USARE) CALZIFICIO CHIARA di Giannelli Marco;PF0359781820ITP1022;78/18X2 INT. PA6 TINTO PASTA - ROSSO 1005;KG;43,5900001525879;446,36
(NON USARE) CALZIFICIO CHIARA di Giannelli Marco;PF0359781820ITP1027;78/18X2 INT. PA6 TINTO PASTA - ANTRACITE 1023;KG;22,2299995422363;215,63
DEA DI GRAZIELLA FRANCIOSO;;;;;
DEA DI GRAZIELLA FRANCIOSO;PF0376070/20IP61000;70/2 ELAS INT. PA 6 - GREGGIO;KG;980,510001182556;6499,87
INTERSOCKS S.R.L. a Socio Unico;;;NR;;106,49
INTERSOCKS S.R.L. a Socio Unico;;;;;
INTERSOCKS S.R.L. a Socio Unico;PF0388070/10AEX1005;70/1 EL AP FLEXI PA 66 - 37387 PIETRA M102;KG;29,4300000667572;412,02
INTERSOCKS S.R.L. a Socio Unico;PF0388070/10AEX1096;70/1 EL AP FLEXI PA 66 - 37388 OLIVA KONA V140;KG;43,8100004196167;700,96
INTERSOCKS S.R.L. a Socio Unico;PF0388070/20XFL1000;70/2 ELAS RIT FLEXY PA 6 - 37047 ABYSS;KG;19,9199995994568;212,15
INTERSOCKS S.R.L. a Socio Unico;PF0388070/20XFL1004;70/2 ELAS RIT FLEXY PA 6 - 31695 OLIVA V140;KG;89,0299997329712;941,63
INTERSOCKS S.R.L. a Socio Unico;PF0388070/20XFL1005;70/2 ELAS RIT FLEXY PA 6 - 30976 PIETRA M102;KG;68,7399997711182;732,09
INTERSOCKS S.R.L. a Socio Unico;PF0388070/20XFL1006;70/2 ELAS RIT FLEXY PA 6 - 33303 GIALLO CORN G065;KG;44,970000743866;472,19
INTERSOCKS S.R.L. a Socio Unico;PF0388070/20XFL1007;70/2 ELAS RIT FLEXY PA 6 - 31319 LILLA SILK V012;KG;52,4399995803833;550,62
INTERSOCKS S.R.L. a Socio Unico;PF0388070/20XFL1012;70/2 ELAS RIT FLEXY PA 6 - 37243 FATHOM J011;KG;18,9000005722046;201,29
INTERSOCKS S.R.L. a Socio Unico;PF0388070/20XFL1047;70/2 ELAS RIT FLEXY PA 6 - 38864 COVE B903;KG;41,2000007629395;432,61
INTERSOCKS S.R.L. a Socio Unico;PF0388070/20XFL1083;70/2 ELAS RIT FLEXY PA 6 - 39018 SUEDE R089;KG;49,7100005149841;529,41
INTERSOCKS S.R.L. a Socio Unico;PF0388070/30XFL1046;70/3 ELAS RIT FLEXY PA 6 - 37566 ROSA HORTENSIA 8124 R046;KG;50,7800006866455;533,21
INTERSOCKS S.R.L. a Socio Unico;PF0388070/30XFL1051;70/3 ELAS RIT FLEXY PA 6 - 37597 FATHOM J011;KG;42,3500009775162;444,68
INTERSOCKS S.R.L. a Socio Unico;PF0388070/30XFL1067;70/3 ELAS RIT FLEXY PA 6 - 37858 OLIVA KONA V140;KG;51,760000705719;517,6
INTERSOCKS S.R.L. a Socio Unico;PF0388070/30XFL1111;70/3 ELAS RIT FLEXY PA 6 - 37711 GIALLO CORN G065;KG;52,2499995231628;522,5
INTERSOCKS S.R.L. a Socio Unico;PF0388070/30XFL1112;70/3 ELAS RIT FLEXY PA 6 - 39371 ABYSS V001;KG;42,1999998092651;443,11
INTERSOCKS S.R.L. a Socio Unico;PF0388070/30XFL1113;70/3 ELAS RIT FLEXY PA 6 - 37029 RUGINE CORTESA;KG;138,140000343323;1489,82
INTERSOCKS S.R.L. a Socio Unico;PF0388070/30XFL1115;70/3 ELAS RIT FLEXY PA 6 - 37714 LILLA SILK V012;KG;43,7799997329712;466,26
INTERSOCKS S.R.L. a Socio Unico;PF0388070/30XFL1117;70/3 ELAS RIT FLEXY PA 6 - 38194 WILF ROSE V073;KG;85,8399991989136;914,2
INTERSOCKS S.R.L. a Socio Unico;PF0388070/30XFL1118;70/3 ELAS RIT FLEXY PA 6 - 39647 SUEDE R089;KG;80,9100015163422;861,7
INTERSOCKS S.R.L. a Socio Unico;PF0388070/30XFL1119;70/3 ELAS RIT FLEXY PA 6 - 36937 VERDE BENETTON ;KG;20,3000001907349;216,19
INTERSOCKS S.R.L. a Socio Unico;PF0388070/30XFL1120;70/3 ELAS RIT FLEXY PA 6 - 37001 GRANATE B223;KG;41,6999998092651;467,05
INTERSOCKS S.R.L. a Socio Unico;PF0388070/30XFL1121;70/3 ELAS RIT FLEXY PA 6 - 38106 ROYAL 6080;KG;40,4300003051758;452,81
INTERSOCKS S.R.L. a Socio Unico;PF0388070/40XFL1110;70/4 ELAS RIT FLEXY PA 6 - 37741 GRIGIO G901;KG;205,299999237061;2155,69
INTERSOCKS S.R.L. a Socio Unico;PF0388070/40XFL1116;70/4 ELAS RIT FLEXY PA 6 - 38336 SULPHUR SPRING G029;KG;49,3899998664856;533,42
INTERSOCKS S.R.L. a Socio Unico;PF03880786A0I661114;78/68/2 AMNI SOUL ECO INT. PA 66 - 39261 NERO N023;KG;22,5699996948242;519,11
INTERSOCKS S.R.L. a Socio Unico;PF0388401220XFL1073;40/12/2 YESS GREEN GRS 100 RIT FLEXY PA 6 - NERO;KG;56,7299997806549;992,79
INTERSOCKS S.R.L. a Socio Unico;PF0388706840XFL1073;70/68/2 YESS GREEN GRS 100 RIT FLEXY PA 6 - NERO;KG;51,6200001239777;748,5
INTERSOCKS S.R.L. a Socio Unico;PR03880019;;;0;222,24
GEVAERT BANDWEVERIJ NV;;;;;
GEVAERT BANDWEVERIJ NV;PF0420070/20X661024;70/2 ELAS RIT PA 66 - SEVILLA 359;KG;110,06999874115;1122,73
GEVAERT BANDWEVERIJ NV;PF0420070/20XEX1000;70/2 ELAS RIT FLEXI PA 66 - DONKERGRIJS 241;KG;469,730000495911;5871,71
GEVAERT BANDWEVERIJ NV;PF0420070/20XEX1008;70/2 ELAS RIT FLEXI PA 66 - NAVY 242;KG;473,240001678467;5995,08
GEVAERT BANDWEVERIJ NV;PF0420070/20XFL1000;70/2 ELAS RIT FLEXY PA 6 - DONKERGRIJS 241;KG;644,179997682571;7988,17
GEVAERT BANDWEVERIJ NV;PF0420070/20XFL1006;70/2 ELAS RIT FLEXY PA 6 - GRIJS 223;KG;81,1600017547607;973,92
GEVAERT BANDWEVERIJ NV;PF0420070/20XFL1008;70/2 ELAS RIT FLEXY PA 6 - NAVY 242;KG;307,050002098083;3776,2
GEVAERT BANDWEVERIJ NV;PF0420070/20XFL1013;70/2 ELAS RIT FLEXY PA 6 - KAKI 273;KG;154,370000123978;1945,07
GEVAERT BANDWEVERIJ NV;PF0420070/20XFL1015;70/2 ELAS RIT FLEXY PA 6 - CIEL 396;KG;80,1999998092651;922,32
GEVAERT BANDWEVERIJ NV;PF0420070/20XFL1016;70/2 ELAS RIT FLEXY PA 6 - LICHTGRIJS 239;KG;163,640000343323;2014,32
GEVAERT BANDWEVERIJ NV;PF0420070/20XFL1020;70/2 ELAS RIT FLEXY PA 6 - BLAUW 314;KG;81,1699991226196;1022,73
GEVAERT BANDWEVERIJ NV;PF0420070/20XFL1023;70/2 ELAS RIT FLEXY PA 6 - KOBALT 387;KG;156,599999427795;1800,93
GEVAERT BANDWEVERIJ NV;PF0420070/20XFL1028;70/2 ELAS RIT FLEXY PA 6 - CARBON 400;KG;81,8400001525879;1031,19
GEVAERT BANDWEVERIJ NV;PF0420070/20XP61000;70/2 ELAS RIT PA 6 - DONKERGRIJS 241;KG;155,090000152588;1550,9
GEVAERT BANDWEVERIJ NV;PR04200010;;;0;1594,13
CALZIFICIO PRISCO SRL;;;KG;53,0999984741211;-982,35
CALZIFICIO PRISCO SRL;;;;0;0
CALZIFICIO PRISCO SRL;PF0424040/20XEX1000;40/2 ELAS RIT FLEXI PA 66 - BLU;KG;114,300001144409;2022,27
CALZIFICIO PRISCO SRL;PF0424040/20XEX1012;40/2 ELAS RIT FLEXI PA 66 - NERO;KG;182,700000286102;3121,25
CALZIFICIO PRISCO SRL;PF0424040/20XEX1020;40/2 ELAS RIT FLEXI PA 66 - NAVY;KG;38,8500001430511;672,11
CALZIFICIO PRISCO SRL;PF0424040/20XEX1044;40/2 ELAS RIT FLEXI PA 66 - CANDIDO;KG;39,3999996185303;681,63
CALZIFICIO PRISCO SRL;PF0424040/20XEX1070;40/2 ELAS RIT FLEXI PA 66 - GRIGIO 10;KG;29,7199993133545;514,16
CALZIFICIO PRISCO SRL;PF0424040/20XEX1107;40/2 ELAS RIT FLEXI PA 66 - ADRIATICO;KG;25,7300000190735;434,84
CALZIFICIO PRISCO SRL;PF0424040/20XEX1108;40/2 ELAS RIT FLEXI PA 66 - BRUCIATO 92;KG;16,1300001144409;279,05
CALZIFICIO PRISCO SRL;PF0424070/10AEX1000;70/1 EL AP FLEXI PA 66 - BLU;KG;78,0700002908707;1077,57
CALZIFICIO PRISCO SRL;PF0424070/10AEX1012;70/1 EL AP FLEXI PA 66 - NERO;KG;34,6100006103516;484,54
CALZIFICIO PRISCO SRL;PF0424070/10AEX1044;70/1 EL APERTO FLEXI PA 66 - E1 BIANCO;KG;218,839998245239;3091,2
CALZIFICIO PRISCO SRL;PF0424070/10AEX1109;70/1 EL AP FLEXI PA 66 - TALPA 38;KG;20,2400002479553;313,73
CALZIFICIO PRISCO SRL;PF0424070/20XEX1000;70/2 ELAS RIT FLEXI PA 66 - BLU;KG;379,710000991821;5364,43
CALZIFICIO PRISCO SRL;PF0424070/20XEX1012;70/2 ELAS RIT FLEXI PA 66 - NERO;KG;426,590000391006;5787,98
CALZIFICIO PRISCO SRL;PF0424070/20XEX1019;70/2 ELAS RIT FLEXI PA 66 - ANTRACITE;KG;40,8199996948242;557,2
CALZIFICIO PRISCO SRL;PF0424070/20XEX1020;70/2 ELAS RIT FLEXI PA 66 - NAVY;KG;149,510000348091;2007,76
CALZIFICIO PRISCO SRL;PF0424070/20XEX1027;70/2 ELAS RIT FLEXI PA 66 - OMBRA;KG;85,8900003433228;1155,28
CALZIFICIO PRISCO SRL;PF0424070/20XEX1028;70/2 ELAS RIT FLEXI PA 66 - FUME';KG;122,98999941349;1703,94
CALZIFICIO PRISCO SRL;PF0424070/20XEX1031;70/2 ELAS RIT FLEXI PA 66 - TOPO;KG;42,9799997806549;586,68
CALZIFICIO PRISCO SRL;PF0424070/20XEX1044;70/2 ELAS RIT FLEXI PA 66 - CANDIDO;KG;482,090003013611;6647,55
CALZIFICIO PRISCO SRL;PF0424070/20XEX1066;70/2 ELAS RIT FLEXI PA 66 - PERLA 3063;KG;42,8500003814697;516,35
CALZIFICIO PRISCO SRL;PF0424070/20XEX1072;70/2 ELAS RIT FLEXI PA 66 - SABBIA 13;KG;44,7300004959106;610,57
CALZIFICIO PRISCO SRL;PF0424070/20XEX1073;70/2 ELAS RIT FLEXI PA 66 - RUBINO;KG;36,9200000762939;489,2
CALZIFICIO PRISCO SRL;PF0424070/20XEX1074;70/2 ELAS RIT FLEXI PA 66 - PANNA 1/31;KG;42;556,51
CALZIFICIO PRISCO SRL;PF0424070/20XEX1083;70/2 ELAS RIT FLEXI PA 66 - FIORDO;KG;37,7399997711182;515,15
CALZIFICIO PRISCO SRL;PF0424070/20XEX1085;70/2 ELAS RIT FLEXI PA 66 - PERLA 1/40;KG;41,1800003051758;562,11
CALZIFICIO PRISCO SRL;PF0424070/20XEX1103;70/2 ELAS RIT FLEXI PA 66 - GRIGIO 1045;KG;47,1199989318848;687,95
CALZIFICIO PRISCO SRL;PF0424070/20XEX1107;70/2 ELAS RIT FLEXI PA 66 - ADRIATICO;KG;15,1800000667572;201,13
CALZIFICIO PRISCO SRL;PF0424070/20XEX1108;70/2 ELAS RIT FLEXI PA 66 - BRUCIATO 92;KG;20,7200002670288;282,83
CALZIFICIO PRISCO SRL;PF0424070/20XEX1109;70/2 ELAS RIT FLEXI PA 66 - TALPA 38;KG;25,3700008392334;380,55
CALZIFICIO PRISCO SRL;PF0424563410S661002;56/34/1 FLEXY RIT SIN PA 66 - CANDIDO;KG;38,8299994468689;753,3
CALZIFICIO PRISCO SRL;PF0424563410S661008;56/34/1 FLEXY RIT SIN PA 66 - COLLEGE;KG;76,0600008964539;1352,69
CALZIFICIO PRISCO SRL;PF0424563410S661009;56/34/1 FLEXY RIT SIN PA 66 - NERO;KG;143,640000343323;1436,4
CALZIFICIO PRISCO SRL;PF0424563410S661030;56/34/1 FLEXY RIT SIN PA 66 - CASPIO;KG;34,8900012969971;676,86
CALZIFICIO PRISCO SRL;PF0424563410S661033;56/34/1 FLEXY RIT SIN PA 66 - PRINCIPE;KG;35,710000038147;585,64
CALZIFICIO PRISCO SRL;PF0424784610XTC1013;78/46/1 ELAS RIT TACTEL - NERO;KG;236,770002484322;2367,7
CALZIFICIO PRISCO SRL;PF0424851TA0IEX1001;85/92/1 TACTEL INT. FLEXI PA 66 - GHIAIA;KG;84,5300006866455;1481,78
CALZIFICIO PRISCO SRL;PF0424851TA0IEX1002;85/92/1 TACTEL INT. FLEXI PA 66 - CANDIDO;KG;231,699999570847;4307,71
CALZIFICIO PRISCO SRL;PF0424851TA0IEX1008;85/92/1 TACTEL INT. FLEXI PA 66 - COLLEGE;KG;94,4500000476837;1837,1
CALZIFICIO PRISCO SRL;PF0424851TA0IEX1011;85/92/1 TACTEL INT. FLEXI PA 66 - ACCIAIO;KG;39,7800006866455;735,93
CALZIFICIO PRISCO SRL;PF0424851TA0IEX1013;85/92/1 TACTEL INT. FLEXI PA 66 - NERO;KG;206,999999046326;3868,98
CALZIFICIO PRISCO SRL;PF0424851TA0IEX1014;85/92/1 TACTEL INT. FLEXI PA 66 - FUME';KG;41,6199998855591;753,32
CALZIFICIO PRISCO SRL;PF0424851TA0IEX1024;85/92/1 TACTEL INT. FLEXI PA 66 - ANTRACITE;KG;46,0200002789497;851,38
CALZIFICIO PRISCO SRL;PF0424851TA0IEX1026;85/92/1 TACTEL INT. FLEXI PA 66 - MARRONE;KG;41,3400001525879;764,79
CALZIFICIO PRISCO SRL;PF0424851TA0IEX1030;85/92/1 TACTEL INT. FLEXI PA 66 - CASPIO;KG;42,4799997806549;785,89
CALZIFICIO PRISCO SRL;PR04240019;;;0;59,44
RIMTEKS  A.S.;;;KG;38,960000038147;-543,83
RIMTEKS  A.S.;;;;0;0
RIMTEKS  A.S.;PF0431110360APF1032;110/36 SO APE PES - OPTIC WHITE;KG;13,3899998664856;180,77
RIMTEKS  A.S.;PF0431110360APF1033;110/36 SO APE PES - BLACK;KG;12,4100000858307;198,56
RIMTEKS  A.S.;PF0431167480APF1032;150/48 SO APE PES - OPTIC WHITE;KG;13,1599998474121;164,5
BVBA BEERNAERT;;;NR;;375
BVBA BEERNAERT;;;;;
BVBA BEERNAERT;PF0435040/20XEX1000;40/2 ELAS RIT FLEXI PA 66 - BLACK;KG;31,75;368,3
BVBA BEERNAERT;PF0435070/20XEX1000;70/2 ELAS RIT FLEXI PA 66 - BLACK;KG;214,629999399185;2296,33
BVBA BEERNAERT;PF0435070/20XEX1001;70/2 ELAS RIT FLEXI PA 66 - GREEN DERBY B.P.82779/730249;KG;79,7899994850159;813,87
BVBA BEERNAERT;PF0435070/20XEX1002;70/2 ELAS RIT FLEXI PA 66 - MATELOT B.P. 99229/721001;KG;99,2199997901917;1012,03
BVBA BEERNAERT;PF0435070/20XEX1004;70/2 ELAS RIT FLEXI PA 66 - WHITE;KG;44,2200002670288;451,05
BVBA BEERNAERT;PF0435070/20XEX1005;70/2 ELAS RIT FLEXI PA 66 - KHAKI 708801;KG;40,9100003242493;417,28
BVBA BEERNAERT;PF0435070/20XEX1007;70/2 ELAS RIT FLEXI PA 66 - ANTHRACITE 707401;KG;39,6799998283386;404,73
BVBA BEERNAERT;PF0435070/20XEX1015;70/2 ELAS RIT FLEXI PA 66 - DARKGREEN 78;KG;44,1500005722046;450,34
BVBA BEERNAERT;PF0435070/20XFL1000;70/2 ELAS RIT FLEXY PA 6 - BLACK;KG;14,3400001525879;157,74
BVBA BEERNAERT;PF0435070/20XFL1001;70/2 ELAS RIT FLEXY PA 6 - GREEN DERBY B.P.82779/730249;KG;40,7399997711182;480,74
BVBA BEERNAERT;PF0435070/20XFL1016;70/2 ELAS RIT FLEXY PA 6 - HORIZON;KG;40,0000004768372;472
BVBA BEERNAERT;PR04350010;;;0;150
NUOVA CALZE REGIA SRL;;;KG;143,029998779297;-2574,54
NUOVA CALZE REGIA SRL;;;;0;0
NUOVA CALZE REGIA SRL;PF0451070/20XRF1026;70/2 ELAS RIT RENYCLE 100% GRS FLEXY PA 6 - BIANCO CA010;KG;73,6200008392334;1251,54
NUOVA CALZE REGIA SRL;PF0451070/20XRF1028;70/2 ELAS RIT RENEW GRS 100 FLEXY PA 6 - NERO GS005;KG;150,820000648499;2563,94
NUOVA CALZE REGIA SRL;PF0451070/20XRF1029;70/2 ELAS RIT RENYCLE 100% GRS FLEXY PA 6 - E 62 PIRITE;KG;41,0000014305115;697
NUOVA CALZE REGIA SRL;PF0451070/30XFL1026;70/3 ELAS RIT FLEXY PA 6 - BIANCO CA010;KG;479,970000743866;5039,75
NUOVA CALZE REGIA SRL;PF0451702YG0XFL1002;70/2 ELAS YESS GREEN GRS100 RIT FLEXY PA 6 - NERO GS005;KG;713,280001401901;12839,04
NUOVA CALZE REGIA SRL;PF0451782TA0IEX1002;78/48/2 EL TACTEL INT. FLEXI PA 66 - NERO;KG;174,310000419617;3224,76
NUOVA CALZE REGIA SRL;PF0451782TA0IEX1025;78/48/2 EL TACTEL INT. FLEXI PA 66 - ANTRACITE 104;KG;26,2699995040894;486
NUOVA CALZE REGIA SRL;PF0451784620XEX1002;78/46/2 ELAS RIT FLEXI PA 66 - NERO;KG;41,4799995422363;767,39
NUOVA CALZE REGIA SRL;PF0451786820(RE1001;78/68/2  INT.SD RENYCLE 100% GRS PA 6 - GREGGIO;KG;584,990001678467;7604,87
NUOVA CALZE REGIA SRL;PF0451786820(RE1002;78/68/2  INT.SD RENYCLE 100% GRS PA 6 - NERO;KG;617,47999894619;11114,64
NUOVA CALZE REGIA SRL;PF045178SQS0I661002;78/68/2 QSKIN INT. PA 66 - NERO;KG;65,7699995040894;1183,86
NY - NEW YARN SRL;;;KG;138,339998006821;-1672,98
NY - NEW YARN SRL;;;NR;;113,43
NY - NEW YARN SRL;;;;0;0
NY - NEW YARN SRL;PF0457040/10A661006;40/1 ELAS APE PA 66 - 2223 OLTREMARE;KG;51,9999995231628;699,4
NY - NEW YARN SRL;PF0457040/10A661014;40/1 ELAS APE PA 66 - C900 JEANS;KG;43,3200006484985;582,65
NY - NEW YARN SRL;PF0457040/20XEX1016;40/2 ELAS RIT FLEXI PA 66 - GRAFITE 9240;KG;100,119999885559;1601,92
NY - NEW YARN SRL;PF0457040/20XEX1037;40/2 ELAS RIT FLEXI PA 66 - GRIGIO EMME;KG;54,9900002479553;637,89
NY - NEW YARN SRL;PF0457040/20XFL1005;40/2 ELAS RIT FLEXY PA 6 - 400 GHISA;KG;897,310000777245;10319,29
NY - NEW YARN SRL;PF0457040/20XFL1012;40/2 ELAS RIT FLEXY PA 6 - 417 ARGENTO - TONO NUOVO;KG;389,479998707771;4479,11
NY - NEW YARN SRL;PF0457040/20XP61005;40/2 ELAS RIT PA 6 - 400 GHISA;KG;302,460000991821;3478,37
NY - NEW YARN SRL;PF0457070/10AEX1075;70/1 EL AP FLEXI PA 66 - BORDO' A CAMPIONE;KG;18,1000003814697;223,53
NY - NEW YARN SRL;PF0457070/10XEX1016;70/1 ELAS RIT FLEXI PA 66 - GRAFITE 9240;KG;16,0299999713898;169,92
NY - NEW YARN SRL;PF0457070/10XEX1033;70/1 ELAS RIT FLEXI PA 66 - DARK NAVY 19-4010 TCX;KG;25,6200004220009;316,41
NY - NEW YARN SRL;PF0457070/10XEX1034;70/1 ELAS RIT FLEXI PA 66 - PHANTOM 19-4205 TCX;KG;78,3700006008148;967,87
NY - NEW YARN SRL;PF0457070/10XEX1045;70/1 ELAS RIT FLEXI PA 66 - VERDE ARMY;KG;57,9600005149841;715,81
NY - NEW YARN SRL;PF0457070/10XEX1076;70/1 ELAS RIT FLEXI PA 66 - SALVIA 143;KG;43,0100002288818;666,66
NY - NEW YARN SRL;PF0457070/20XEX1002;70/2 ELAS RIT FLEXI PA 66 - GRIGIO 431/C;KG;103,339999198914;1291,76
NY - NEW YARN SRL;PF0457070/20XFL1033;70/2 ELAS RIT FLEXY PA 6 - DARK NAVY 19-4010 TCX;KG;25,9000005722046;251,23
NY - NEW YARN SRL;PF0457078240IRF1063;78/24/1  INT. RENYCLE 100% GRS FLEXY PA 6 - NERO;KG;55,6900006532669;835,35
NY - NEW YARN SRL;PF0457078240IRF1070;78/24/1  INT. RENYCLE 100% GRS FLEXY PA 6 - GRIGIO TOPO 2011;KG;142,650000095367;2159,49
NY - NEW YARN SRL;PF0457078240XRF1064;78/24/1  RIT RENYCLE 100% GRS FLEXY PA 6 - ANTRACITE 2010;KG;150,359999299049;2435,82
Winsocks srl;;;KG;921,570026397705;-635,18
Winsocks srl;;;;0;0
Winsocks srl;PF0463070/20XFL1041;70/2 ELAS RIT FLEXY PA 6 - E 23 CIOCCOLATO;KG;39,6000008583069;396
Winsocks srl;PF0463070/30XFL1002;70/3 ELAS RIT FLEXY PA 6 - E 3 NERO;KG;1041,88000607491;10536,43
Winsocks srl;PF0463070/30XFL1004;70/3 ELAS RIT FLEXY PA 6 - ROSSO E33;KG;372,870000839233;3778,22
Winsocks srl;PF0463070/30XFL1005;70/3 ELAS RIT FLEXY PA 6 - ANTRACITE E4;KG;948,950001716614;9799,25
Winsocks srl;PF0463070/30XFL1006;70/3 ELAS RIT FLEXY PA 6 - ARANCIO E 35;KG;166,23999786377;1745,71
Winsocks srl;PF0463070/30XFL1007;70/3 ELAS RIT FLEXY PA 6 - ROYAL 6080;KG;166,049999237061;1611,41
Winsocks srl;PF0463070/30XFL1008;70/3 ELAS RIT FLEXY PA 6 - E 1 CANDIDO;KG;1151,72999715805;11389,97
Winsocks srl;PF0463070/30XFL1009;70/3 ELAS RIT FLEXY PA 6 - E 80 CHERRY;KG;397,67000246048;4029,2
Winsocks srl;PF0463070/30XFL1013;70/3 ELAS RIT FLEXY PA 6 - E 53 CICLAMINO;KG;157,840000629425;1533,72
Winsocks srl;PF0463070/30XFL1014;70/3 ELAS RIT FLEXY PA 6 - E 12 NAVY;KG;615,860000133514;6308,94
Winsocks srl;PF0463070/30XFL1016;70/3 ELAS RIT FLEXY PA 6 - NARANAIA FLUOR 8142;KG;39,5999994277954;435,6
Winsocks srl;PF0463070/30XFL1017;70/3 ELAS RIT FLEXY PA 6 - E 74 AMBRA;KG;134,049999237061;1349,56
Winsocks srl;PF0463070/30XFL1018;70/3 ELAS RIT FLEXY PA 6 - E 67 KAKI;KG;143,029999494553;1433,16
Winsocks srl;PF0463070/30XFL1019;70/3 ELAS RIT FLEXY PA 6 - OLIVA 8121 LEFERON;KG;83,8599996566772;860,25
Winsocks srl;PF0463070/30XFL1020;70/3 ELAS RIT FLEXY PA 6 - PINO E 42;KG;440,590000152588;4414,69
Winsocks srl;PF0463070/30XFL1021;70/3 ELAS RIT FLEXY PA 6 - KAKI 5404;KG;303,020001888275;3260,41
Winsocks srl;PF0463070/30XFL1022;70/3 ELAS RIT FLEXY PA 6 - TURQUESA 4562;KG;82,8399987220764;778,71
Winsocks srl;PF0463070/30XFL1023;70/3 ELAS RIT FLEXY PA 6 - E 91 MARMO;KG;122,510000109673;1270,37
Winsocks srl;PF0463070/30XFL1024;70/3 ELAS RIT FLEXY PA 6 - AZUL CLARO 4337;KG;163,099999427795;1634,27
Winsocks srl;PF0463070/30XFL1025;70/3 ELAS RIT FLEXY PA 6 - METALLIC 8118;KG;633,54000043869;6541,46
Winsocks srl;PF0463070/30XFL1026;70/3 ELAS RIT FLEXY PA 6 - ELEFANTE 8111;KG;488,899998188019;5190,36
Winsocks srl;PF0463070/30XFL1027;70/3 ELAS RIT FLEXY PA 6 - MARRON 1231;KG;81,6500005722046;767,5
Winsocks srl;PF0463070/30XFL1028;70/3 ELAS RIT FLEXY PA 6 - MARGHERITA E 52;KG;82,0699992179871;822,33
Winsocks srl;PF0463070/30XFL1031;70/3 ELAS RIT FLEXY PA 6 - AZAFATA 0890 ;KG;250,070000886917;2588,37
Winsocks srl;PF0463070/30XFL1032;70/3 ELAS RIT FLEXY PA 6 - VERDE MELA 425;KG;101,930000305176;1021,33
Winsocks srl;PF0463070/30XFL1033;70/3 ELAS RIT FLEXY PA 6 - E 63 ACCIAIO;KG;17,9200003147125;180,1
Winsocks srl;PF0463070/30XFL1034;70/3 ELAS RIT FLEXY PA 6 - E 56 MARINA;KG;39,6000003814697;436,39
Winsocks srl;PF0463070/30XFL1038;70/3 ELAS RIT FLEXY PA 6 - VS064;KG;1,00999999046326;30
Winsocks srl;PF0463070/30XFL1039;70/3 ELAS RIT FLEXY PA 6 - RV888;KG;1,00999999046326;30
Winsocks srl;PF0463070/30XFL1040;70/3 ELAS RIT FLEXY PA 6 - GRIGIO PERLA;KG;41,5700001716614;419,86
Winsocks srl;PF0463070/30XFL1042;70/3 ELAS RIT FLEXY PA 6 - E 94 CARAMELLO;KG;46,1099994182587;461,1
Winsocks srl;PF0463070/30XFL1043;70/3 ELAS RIT FLEXY PA 6 - CREMA 8113;KG;398,579999923706;4129,47
Winsocks srl;PF0463070/30XFL1044;70/3 ELAS RIT FLEXY PA 6 - RV887;KG;27,6299998760223;296,2
Winsocks srl;PF0463070/30XFL1045;70/3 ELAS RIT FLEXY PA 6 - PETROLIO 175;KG;20,8700008392334;208,7
Winsocks srl;PF0463070/30XFL1046;70/3 ELAS RIT FLEXY PA 6 - SALVIA 143;KG;20,3499999046326;203,5
Winsocks srl;PF0463070/30XFL1047;70/3 ELAS RIT FLEXY PA 6 - ESCARLATA 8152 ;KG;20,3499994277954;203,91
Winsocks srl;PF0463070/30XFL1048;70/3 ELAS RIT FLEXY PA 6 - PISTACCIO 8120;KG;47,6300010681152;524,89
Winsocks srl;PF0463070/40I6P1036;78/4 MELANGE INT PA 66 - MELANGE NERO;KG;408,369998931885;4833,68
Winsocks srl;PF0463070260I601036;78/2 MELANGE INT. PA 6 + PA 6 - MELANGE NERO+GHISA;KG;934,890002369881;11214,75
Winsocks srl;PF0463078420£P61049;78/4 MEL RIT 600 GIRI PA 6 - MELANGE BIKERS;KG;210,500002861023;3161,71
Winsocks srl;PR04630006;;;0;19,8
Winsocks srl;PR04630019;;;0;158,98
ATHENA CALZE SRL;;;;;
ATHENA CALZE SRL;PF0465070/20D661026;70/2 ELAS CUC 10000 PA 66 - ASH PURPLE;KG;20,2300000190735;370,21
ATHENA CALZE SRL;PF0465070/20D661027;70/2 ELAS CUC 10000 PA 66 - TILE RED;KG;19,0299998819828;380,6
ATHENA CALZE SRL;PR04650019;;;0;38,06
SC CALZE SRL;;;;;
SC CALZE SRL;PF0470040/20XEX1017;40/2 ELAS RIT FLEXI PA 66 - NERO GS005;KG;337,199999570847;4416,47
SC CALZE SRL;PF0470040/20XEX1019;40/2 ELAS RIT FLEXI PA 66 - BEIGE 605;KG;24,6300001144409;344,82
SC CALZE SRL;PF0470040/20XEX1020;40/2 ELAS RIT FLEXI PA 66 - BIANCO CA010;KG;169,660000324249;2199,37
SC CALZE SRL;PF0470040/20XEX1039;40/2 ELAS RIT FLEXI PA 66 - 130 CORDA;KG;27,8099993467331;378,21
SC CALZE SRL;PF0470040/20XEX1042;40/2 ELAS RIT FLEXI PA 66 - E 93 ELEFANTE;KG;19,3399996757507;222,41
SC CALZE SRL;PF0470040/20XEX1045;40/2 ELAS RIT FLEXI PA 66 - BS239;KG;245;3159,6
SC CALZE SRL;PF0470040/20XFL1017;40/2 ELAS RIT FLEXY PA 6 - NERO GS005;KG;24,2799994945526;291,36
SC CALZE SRL;PR04700019;;;0;38,68
FILATI ELASTICI MAGHINA SRL;;;NR;;954,84
FILATI ELASTICI MAGHINA SRL;;;;;
FILATI ELASTICI MAGHINA SRL;PF0489040/10A661004;40/1 ELAS APE PA 66 - 2017 ARGENTO;KG;113,999999508262;1464,9
FILATI ELASTICI MAGHINA SRL;PF0489040/10A661016;40/1 ELAS APE PA 66 - 2012 GRIGIO MEDIO;KG;92,1800003051758;1184,51
FILATI ELASTICI MAGHINA SRL;PF0489040/10A661023;40/1 ELAS APE PA 66 - 16 ROSSO;KG;110,75;1340
FILATI ELASTICI MAGHINA SRL;PF0489040/10A661037;40/1 ELAS APE PA 66 - 11 AVIO;KG;119,510001182556;1535,7
FILATI ELASTICI MAGHINA SRL;PF0489040/10A661044;40/1 ELAS APE PA 66 - 34 VERDE;KG;64,8799995481968;752,61
FILATI ELASTICI MAGHINA SRL;PF0489040/10A661048;40/1 ELAS APE PA 66 - SACCO 2618;KG;45,2199996709824;581,07
FILATI ELASTICI MAGHINA SRL;PF0489040/10A661076;40/1 ELAS APE PA 66 - 2223 OLTREMARE;KG;66,1200006008148;766,98
FILATI ELASTICI MAGHINA SRL;PF0489040/10A661078;40/1 ELAS APE PA 66 - GRIGIO TOPO 2011;KG;163,280000030994;2098,15
FILATI ELASTICI MAGHINA SRL;PF0489040/10AP61004;40/1 ELAS APE PA 6 - 2017 ARGENTO;KG;106,60000115633;1369,82
FILATI ELASTICI MAGHINA SRL;PF0489040/10AP61016;40/1 ELAS APE PA 6 - 2012 GRIGIO MEDIO;KG;63,5599994659424;816,76
FILATI ELASTICI MAGHINA SRL;PF0489040/10AP61023;40/1 ELAS APE PA 6 - 16 ROSSO;KG;56,0499992370605;756,68
FILATI ELASTICI MAGHINA SRL;PF0489040/10AP61048;40/1 ELAS APE PA 6 - SACCO 2618;KG;80,3200001716614;1084,33
FILATI ELASTICI MAGHINA SRL;PF0489040/10AP61060;40/1 ELAS APE PA 6 - BORDO' 2441 BORGOLON;KG;102,75;1356,64
FILATI ELASTICI MAGHINA SRL;PF0489040/10AP61067;40/1 ELAS APE PA 6 - LIME 2075;KG;68,3299989700317;893,15
FILATI ELASTICI MAGHINA SRL;PF0489040/10AP61078;40/1 ELAS APE PA 6 - GRIGIO TOPO 2011;KG;57,3999993801117;737,6
FILATI ELASTICI MAGHINA SRL;PF0489070/10A661001;70/1 ELAS APE PA 66 - 71 ROSA CONFETTO;KG;59,4299993515015;644,81
FILATI ELASTICI MAGHINA SRL;PF0489070/10A661008;70/1 ELAS APE PA 66 - 55 GRANATA;KG;44,4099998474121;504,05
FILATI ELASTICI MAGHINA SRL;PF0489070/10A661009;70/1 ELAS APE PA 66 - 21 CORDA;KG;550,139999210835;6141,51
FILATI ELASTICI MAGHINA SRL;PF0489070/10A661011;70/1 ELAS APE PA 66 - 17 BORDO';KG;110,559999465942;1275,93
FILATI ELASTICI MAGHINA SRL;PF0489070/10A661019;70/1 ELAS APE PA 66 - 31 VERDE;KG;57,9100003242493;657,28
FILATI ELASTICI MAGHINA SRL;PF0489070/10A661021;70/1 ELAS APE PA 66 - 19 GIALLONE;KG;59,4400000572205;644,92
FILATI ELASTICI MAGHINA SRL;PF0489070/10A661027;70/1 ELAS APE PA 66 - 26 BRUCIATO;KG;30,1200001239777;341,87
FILATI ELASTICI MAGHINA SRL;PF0489070/10A661028;70/1 ELAS APE PA 66 - 60 BRUCIATO;KG;37,6699995994568;427,55
FILATI ELASTICI MAGHINA SRL;PF0489070/10A661032;70/1 ELAS APE PA 66 - 36 SAFARI;KG;21,6700000762939;245,95
FILATI ELASTICI MAGHINA SRL;PF0489070/10A661040;70/1 ELAS APE PA 66 - TESTA MORO 28;KG;60,3500003814697;654,8
FILATI ELASTICI MAGHINA SRL;PF0489070/10A661061;70/1 ELAS APE PA 66 - PISTACCHIO 57;KG;37,6700000762939;408,72
FILATI ELASTICI MAGHINA SRL;PF0489070/10A661071;70/1 ELAS APE PA 66 - VERDE 5;KG;61,7800006866455;670,32
FILATI ELASTICI MAGHINA SRL;PF0489070/10AP61003;70/1 ELAS APE PA 6 - 65 BLU CHIARO;KG;128,320000529289;1456,44
FILATI ELASTICI MAGHINA SRL;PF0489070/10AP61006;70/1 ELAS APE PA 6 - 67 BLUETTE;KG;139,160000801086;1669,92
FILATI ELASTICI MAGHINA SRL;PF0489070/10AP61007;70/1 ELAS APE PA 6 - 12 ROYAL;KG;53,2299990653992;638,76
FILATI ELASTICI MAGHINA SRL;PF0489070/10AP61008;70/1 ELAS APE PA 6 - 55 GRANATA;KG;52,0399997234344;590,66
FILATI ELASTICI MAGHINA SRL;PF0489070/10AP61011;70/1 ELAS APE PA 6 - 17 BORDO';KG;153,829999446869;1745,97
FILATI ELASTICI MAGHINA SRL;PF0489070/10AP61014;70/1 ELAS APE PA 6 - 70 V. INGLESE;KG;54,0899982452393;649,08
FILATI ELASTICI MAGHINA SRL;PF0489070/10AP61015;70/1 ELAS APE PA 6 - 06 ANTRACITE;KG;87,8299987316132;996,88
FILATI ELASTICI MAGHINA SRL;PF0489070/10AP61017;70/1 ELAS APE PA 6 - 30 AVIAZIONE;KG;40,2700002193451;483,24
FILATI ELASTICI MAGHINA SRL;PF0489070/10AP61018;70/1 ELAS APE PA 6 - 40 FUXIA;KG;88,600001335144;1005,61
FILATI ELASTICI MAGHINA SRL;PF0489070/10AP61019;70/1 ELAS APE PA 6 - 31 VERDE;KG;46,9199998378754;563,04
FILATI ELASTICI MAGHINA SRL;PF0489070/10AP61023;70/1 ELAS APE PA 6 - 16 ROSSO;KG;100,349999904633;1172,08
FILATI ELASTICI MAGHINA SRL;PF0489070/10AP61025;70/1 ELAS APE PA 6 - 66 KAKI;KG;51,8499989509583;588,5
FILATI ELASTICI MAGHINA SRL;PF0489070/10AP61027;70/1 ELAS APE PA 6 - 26 BRUCIATO;KG;51,0500001907349;579,41
FILATI ELASTICI MAGHINA SRL;PF0489070/10AP61028;70/1 ELAS APE PA 6 - 60 BRUCIATO;KG;36,7800006866455;417,46
FILATI ELASTICI MAGHINA SRL;PF0489070/10AP61030;70/1 ELAS APE PA 6 - 49 FLUORITE;KG;51,8200011253357;621,84
FILATI ELASTICI MAGHINA SRL;PF0489070/10AP61031;70/1 ELAS APE PA 6 - 07 NERO;KG;54,100001335144;649,2
FILATI ELASTICI MAGHINA SRL;PF0489070/10AP61032;70/1 ELAS APE PA 6 - 36 SAFARI;KG;40,7499990463257;489
FILATI ELASTICI MAGHINA SRL;PF0489070/10AP61037;70/1 ELAS APE PA 6 - 11 AVIO;KG;48,6700007915497;584,04
FILATI ELASTICI MAGHINA SRL;PF0489070/10AP61038;70/1 ELAS APE PA 6 - 53 OCEANO;KG;53,1399984359741;603,14
FILATI ELASTICI MAGHINA SRL;PF0489070/10AP61040;70/1 ELAS APE PA 6 - TESTA MORO 28;KG;43,3600006103516;520,32
FILATI ELASTICI MAGHINA SRL;PF0489070/10AP61045;70/1 ELAS APE PA 6 - 58 GIALLO SOLE;KG;51,539999961853;584,98
FILATI ELASTICI MAGHINA SRL;PF0489070/10AP61081;70/1 ELAS APE PA 6 - 63 FUXIA FLUO;KG;52,5100002288818;630,12
FILATI ELASTICI MAGHINA SRL;PF0489070/10AP61082;70/1 ELAS APE PA 6 - TURCHESE 39;KG;50,440000295639;605,28
FILATI ELASTICI MAGHINA SRL;PF0489078240IRE1031;78/24/1  INT. RENYCLE 100% GRS PA 6 - 07 NERO;KG;215,739998102188;3501,17
FILATI ELASTICI MAGHINA SRL;PF0489078240IRE1078;78/24/1  INT. RENYCLE 100% GRS PA 6 - GRIGIO TOPO 2011;KG;69,2200002670288;1062,52
FILATI ELASTICI MAGHINA SRL;PF0489100/10A661002;100/1 ELAS APE PA 66 - NOCE 37;KG;137,35000038147;1679,58
FILATI ELASTICI MAGHINA SRL;PF0489100/10A661009;100/1 ELAS APE PA 66 - 21 CORDA;KG;68,0799996852875;936,11
FILATI ELASTICI MAGHINA SRL;PF0489100/10A661011;100/1 ELAS APE PA 66 - 17 BORDO';KG;112,619998395443;1394,57
FILATI ELASTICI MAGHINA SRL;PF0489100/10A661012;100/1 ELAS APE PA 66 - 03 GRIGIO PERLA;KG;112,70999956131;1436,6
FILATI ELASTICI MAGHINA SRL;PF0489100/10A661015;100/1 ELAS APE PA 66 - 06 ANTRACITE;KG;260,969999313354;3119,13
FILATI ELASTICI MAGHINA SRL;PF0489100/10A661021;100/1 ELAS APE PA 66 - 19 GIALLONE;KG;26;292,51
FILATI ELASTICI MAGHINA SRL;PF0489100/10A661023;100/1 ELAS APE PA 66 - 16 ROSSO;KG;67,17999958992;923,73
FILATI ELASTICI MAGHINA SRL;PF0489100/10A661031;100/1 ELAS APE PA 66 - 07 NERO;KG;53,3699998855591;600,42
FILATI ELASTICI MAGHINA SRL;PF0489100/10A661034;100/1 ELAS APE PA 66 - 13 MARINA;KG;201,620000362396;2519,77
FILATI ELASTICI MAGHINA SRL;PF0489100/10A661035;100/1 ELAS APE PA 66 - 02 CANDIDO;KG;132,150000572205;1613,3
FILATI ELASTICI MAGHINA SRL;PF0489701YG0AFL1031;70/1 ELAS YESS GREEN GRS100 APE FLEXY PA 6 - 07 NERO;KG;113,529999732971;1646,2
FILATI ELASTICI MAGHINA SRL;PF0489701YG0AFL1035;70/1 ELAS YESS GREEN GRS100 APE FLEXY PA 6 - 02 CANDIDO;KG;119,369998931885;1730,88
FILATI ELASTICI MAGHINA SRL;PR04890006;;;0;39,38
FILATI ELASTICI MAGHINA SRL;PR04890019;;;0;138,42
NASTRITESSUTI SRL;;;NR;;100
NASTRITESSUTI SRL;;;;;
NASTRITESSUTI SRL;PF0490070/20IYG1011;70/2 ELAS INT YESS GREEN GRS 100 PA 6 - AZZURRO NATTIER 5659;KG;23,0000004768372;506
NASTRITESSUTI SRL;PF0490070/20XFL1026;70/2 ELAS RIT FLEXY PA 6 - ROSA 5975;KG;30,4099998474121;510,89
NASTRITESSUTI SRL;PF0490070/20XP61019;70/2 ELAS RIT PA 6 - ROSSO 5869;KG;19,4000005722046;310,4
NASTRITESSUTI SRL;PF0490070/20XP61020;70/2 ELAS RIT PA 6 - FUXIA 5870;KG;17,6900005340576;283,04
NASTRITESSUTI SRL;PF0490070/20XP61021;70/2 ELAS RIT PA 6 - EBONY 5881;KG;22,6600003242493;362,56
NASTRITESSUTI SRL;PF0490070/20XP61022;70/2 ELAS RIT PA 6 - AZZURRO 5882;KG;23,5299997329712;376,48
NASTRITESSUTI SRL;PF0490070/20XP61023;70/2 ELAS RIT PA 6 - BEIGE 5883;KG;20,8500003814697;333,6
NASTRITESSUTI SRL;PF0490070/20XP61024;70/2 ELAS RIT PA 6 - ROSSO 5884;KG;21,3999996185303;342,4
NASTRITESSUTI SRL;PF0490070/20XP61025;70/2 ELAS RIT PA 6 - VERDE PINO 5937;KG;24,2699995040894;407,73
NASTRITESSUTI SRL;PR04900019;;;0;360,42
AGAV SRL;;;;;
AGAV SRL;PF0496070/10A661026;70/1 ELAS APE PA 66 - ALBIZA;KG;23,340000629425;287,09
AGAV SRL;PF0496070/10A661027;70/1 ELAS APE PA 66 - PASTILLE;KG;23,3599991798401;287,33
AGAV SRL;PF0496070/10A661029;70/1 ELAS APE PA 66 - VERT WOOL;KG;23,9899997711182;295,07
AGAV SRL;PF0496070/10A661030;70/1 ELAS APE PA 66 - ARGENTINE;KG;23,6999998092651;291,51
AGAV SRL;PF0496070/10A661031;70/1 ELAS APE PA 66 - VIENNOIS;KG;23,6900005340576;291,39
AGAV SRL;PF0496070/10A661032;70/1 ELAS APE PA 66 - DAPHNE;KG;23,7000002861023;291,51
AGAV SRL;PF0496070/10A661033;70/1 ELAS APE PA 66 - VERDIER/SHINY GREEN;KG;22,7599992752075;302,71
AGAV SRL;PF0496070/10A661034;70/1 ELAS APE PA 66 - SWATCH COSMIQUE;KG;22,3000001907349;296,59
AGAV SRL;PF0496070/10A661035;70/1 ELAS APE PA 66 - ORANGE PASTEQUE;KG;22,5900001525879;300,45
AGAV SRL;PF0496070/10A661036;70/1 ELAS APE PA 66 - SOTTOBOSCO - VOLVER60;KG;195,990000247955;2879,02
AGAV SRL;PF0496070/10A661037;70/1 ELAS APE PA 66 - ROSSO 101;KG;11,9200000762939;158,54
AGAV SRL;PF0496070/10A661038;70/1 ELAS APE PA 66 - ROYAUME;KG;12,1599998474121;161,73
AGAV SRL;PF0496070/10A661039;70/1 ELAS APE PA 66 - CERISIER;KG;12,1800003051758;161,99
AGAV SRL;PF0496070/10A661040;70/1 ELAS APE PA 66 - AGRION;KG;13,039999961853;173,43
AGAV SRL;PF0496070/10A661041;70/1 ELAS APE PA 66 - AZZURRO HILO;KG;12,0500001907349;168,7
AGAV SRL;PF0496786810A661036;78/68/1 ELAS APE PA 66 - SOTTOBOSCO - VOLVER60;KG;1,0900000333786;30
AGAV SRL;PR04960019;;;0;566,84
CALZIFICIO M BRESCIANI SRL;;;nr;2;0
CALZIFICIO M BRESCIANI SRL;;;;0;0
CALZIFICIO M BRESCIANI SRL;PF0507040/10A661000;40/1 ELAS APE PA 66 - Z0052 AMETISTA;KG;13,8600001335144;307,7
CALZIFICIO M BRESCIANI SRL;PF0507040/10A661002;40/1 ELAS APE PA 66 - NL041 512 GIALLO A CAMP.;KG;13,4799995422363;284,43
CALZIFICIO M BRESCIANI SRL;PF0507040/10A661009;40/1 ELAS APE PA 66 - 007 BIANCO;KG;20,3499994277954;429,38
CALZIFICIO M BRESCIANI SRL;PF0507040/10A661012;40/1 ELAS APE PA 66 - 073 AVIO A CAMPIONE;KG;10,1999999284744;226,44
CALZIFICIO M BRESCIANI SRL;PF0507040/10A661013;40/1 ELAS APE PA 66 - BLU 691;KG;68,610000371933;1461,05
CALZIFICIO M BRESCIANI SRL;PF0507040/10A661015;40/1 ELAS APE PA 66 - 014 NERO;KG;38,9599995613098;822,06
CALZIFICIO M BRESCIANI SRL;PF0507040/10A661016;40/1 ELAS APE PA 66 - 501 MORO;KG;12,0300000905991;267,07
CALZIFICIO M BRESCIANI SRL;PF0507040/10A661018;40/1 ELAS APE PA 66 - 047 FIORDALISO 119;KG;21,9699993133545;487,73
CALZIFICIO M BRESCIANI SRL;PF0507040/10A661019;40/1 ELAS APE PA 66 - 002 BORDO';KG;11,7000003457069;259,74
CALZIFICIO M BRESCIANI SRL;PF0507040/10A661020;40/1 ELAS APE PA 66 - ML015 VERDONE;KG;14,4199995994568;320,12
CALZIFICIO M BRESCIANI SRL;PF0507040/10A661023;40/1 ELAS APE PA 66 - E84 CIPOLLA;KG;13,6400003433228;287,8
CALZIFICIO M BRESCIANI SRL;PF0507040/10A661024;40/1 ELAS APE PA 66 - 018 BLUETTE A CAMPIONE;KG;15,1400003433228;336,11
CALZIFICIO M BRESCIANI SRL;PF0507040/10A661028;40/1 ELAS APE PA 66 - 005 GRIGIO MEDIO;KG;24,4900002479553;516,75
CALZIFICIO M BRESCIANI SRL;PF0507040/10A661030;40/1 ELAS APE PA 66 - 028 FRASSINO;KG;11,6800003051758;259,3
CALZIFICIO M BRESCIANI SRL;PF0507040/10A661036;40/1 ELAS APE PA 66 - 025 MARRONE;KG;13,6200001239777;280,57
CALZIFICIO M BRESCIANI SRL;PF0507040/10A661038;40/1 ELAS APE PA 66 - 026 ARANCIO;KG;13,0900001525879;276,2
CALZIFICIO M BRESCIANI SRL;PF0507040/10A661039;40/1 ELAS APE PA 66 - 006 PERLA;KG;11,960000038147;252,36
CALZIFICIO M BRESCIANI SRL;PF0507040/10A661040;40/1 ELAS APE PA 66 - 008 GREGGIO;KG;11,8500003814697;250,04
CALZIFICIO M BRESCIANI SRL;PF0507040/10A661044;40/1 ELAS APE PA 66 - 703 CAFFE' A CAMPIONE;KG;12,6300001144409;266,49
CALZIFICIO M BRESCIANI SRL;PF0507040/10A661056;40/1 ELAS APE PA 66 - 104 NIKEL A CAMPIONE;KG;22,9300003051758;509,05
CALZIFICIO M BRESCIANI SRL;PF0507040/10A661058;40/1 ELAS APE PA 66 - 021 BANDIERA A CAMPIONE;KG;14,0300002098083;289,02
CALZIFICIO M BRESCIANI SRL;PF0507040/10A661064;40/1 ELAS APE PA 66 - 190 AVIO A CAMPIONE;KG;13,5900003910065;286,75
CALZIFICIO M BRESCIANI SRL;PF0507040/10A661071;40/1 ELAS APE PA 66 - NL022 OCRA;KG;13,6100001335144;280,36
CALZIFICIO M BRESCIANI SRL;PF0507040/10A661075;40/1 ELAS APE PA 66 - E 70 IRLANDA;KG;13,4800000190735;277,68
CALZIFICIO M BRESCIANI SRL;PF0507040/10A661076;40/1 ELAS APE PA 66 - 016 GIALLO;KG;13,2799999713898;273,57
CALZIFICIO M BRESCIANI SRL;PF0507040/10A661084;40/1 ELAS APE PA 66 - 9585 BASILICO;KG;13,3400003910065;274,8
CALZIFICIO M BRESCIANI SRL;PF0507040/10A661086;40/1 ELAS APE PA 66 - 131 CUOIO A CAMP;KG;13,6899995803833;282,02
CALZIFICIO M BRESCIANI SRL;PF0507040/10A661094;40/1 ELAS APE PA 66 - NL024 NUOVO;KG;1,00999999046326;40
CALZIFICIO M BRESCIANI SRL;PF0507040/10A661099;40/1 ELAS APE PA 66 - 103 TERRA A CAMP.;KG;11,8899998664856;263,95
CALZIFICIO M BRESCIANI SRL;PF0507040/10A661101;40/1 ELAS APE PA 66 - 084 CELESTE A CAMP.;KG;1,00999999046326;35
CALZIFICIO M BRESCIANI SRL;PF0507040/10A661102;40/1 ELAS APE PA 66 - NL063 A CAMP.;KG;1,00999999046326;35
CALZIFICIO M BRESCIANI SRL;PF0507040/10A661103;40/1 ELAS APE PA 66 - E56 ACQUAMARINA A CAMP.;KG;1,00999999046326;35
CALZIFICIO M BRESCIANI SRL;PF0507040/10A661104;40/1 ELAS APE PA 66 - 043 RUGGINE CAMPIONE;KG;23,6400003433228;524,8
CALZIFICIO M BRESCIANI SRL;PF0507040/10A661105;40/1 ELAS APE PA 66 - 012 GRANATA A CAMPIONE;KG;11,2399997711182;249,53
CALZIFICIO M BRESCIANI SRL;PF0507040/20XEX1010;40/2 ELAS RIT FLEXI PA 66 - CINA NL015;KG;20,210000038147;338,52
CALZIFICIO M BRESCIANI SRL;PF0507040/20XEX1013;40/2 ELAS RIT FLEXI PA 66 - BLU 691;KG;19,5099992752075;355,09
CALZIFICIO M BRESCIANI SRL;PF0507040/20XEX1015;40/2 ELAS RIT FLEXI PA 66 - 014 NERO;KG;40,9299998283386;731,22
CALZIFICIO M BRESCIANI SRL;PF0507040/20XEX1024;40/2 ELAS RIT FLEXI PA 66 - 018 BLUETTE A CAMPIONE;KG;20,3099999427795;369,64
CALZIFICIO M BRESCIANI SRL;PF0507040/20XEX1025;40/2 ELAS RIT FLEXI PA 66 - 019 AVIO;KG;20,4899997711182;353,46
CALZIFICIO M BRESCIANI SRL;PF0507040/20XEX1038;40/2 ELAS RIT FLEXI PA 66 - 026 ARANCIO;KG;20,6099996566772;355,53
CALZIFICIO M BRESCIANI SRL;PF0507040/20XEX1061;40/2 ELAS RIT FLEXI PA 66 - 704 ASFALTO;KG;19,7500004768372;359,45
CALZIFICIO M BRESCIANI SRL;PF0507040/20XEX1099;40/2 ELAS RIT FLEXI PA 66 - 103 TERRA A CAMP.;KG;20,3599994182587;341,03
CALZIFICIO M BRESCIANI SRL;PF0507040/20XEX1100;40/2 ELAS RIT FLEXI PA 66 - 081 SOTTOB. A CAMP.;KG;20,4799995422363;343,04
CALZIFICIO M BRESCIANI SRL;PF0507060/20XEX1013;60/2 ELAS RIT FLEXI PA 66 - BLU 691;KG;3,02999997138977;115
CALZIFICIO M BRESCIANI SRL;PF0507060/20XEX1015;60/2 ELAS RIT FLEXI PA 66 - 014 NERO;KG;1,00999999046326;35
CALZIFICIO M BRESCIANI SRL;PF0507060/20XEX1023;60/2 ELAS RIT FLEXI PA 66 - E84 CIPOLLA;KG;2,01999998092651;75
CALZIFICIO M BRESCIANI SRL;PF0507060/20XEX1024;60/2 ELAS RIT FLEXI PA 66 - 018 BLUETTE A CAMPIONE;KG;2,01999998092651;75
CALZIFICIO M BRESCIANI SRL;PF0507060/20XEX1025;60/2 ELAS RIT FLEXI PA 66 - 019 AVIO;KG;1,00999999046326;35
CALZIFICIO M BRESCIANI SRL;PF0507060/20XEX1036;60/2 ELAS RIT FLEXI PA 66 - 025 MARRONE;KG;2,01999998092651;75
CALZIFICIO M BRESCIANI SRL;PF0507060/20XEX1049;60/2 ELAS RIT FLEXI PA 66 - E86 MIRTILLO A CAMPIONE;KG;1,00999999046326;40
CALZIFICIO M BRESCIANI SRL;PF0507060/20XEX1065;60/2 ELAS RIT FLEXI PA 66 - 105 SABBIA A CAMPIONE;KG;2,01999998092651;70
CALZIFICIO M BRESCIANI SRL;PF0507060/20XEX1072;60/2 ELAS RIT FLEXI PA 66 - 2863 A CAMPIONE;KG;1,00999999046326;35
CALZIFICIO M BRESCIANI SRL;PF0507060/20XEX1080;60/2 ELAS RIT FLEXI PA 66 - LM100 SALVIA A CAMP;KG;1,00999999046326;40
CALZIFICIO M BRESCIANI SRL;PF0507060/20XEX1082;60/2 ELAS RIT FLEXI PA 66 - 026 ARANCIO A CAMP;KG;1,00999999046326;35
CALZIFICIO M BRESCIANI SRL;PF0507070/20XEX1053;70/2 ELAS RIT FLEXI PA 66 - 682 AZZURRO A CAMPIONE;KG;1,00999999046326;35
CALZIFICIO M BRESCIANI SRL;PF0507070/20XEX1089;70/2 ELAS RIT FLEXI PA 66 - NL044 BRUCIATO;KG;1,00999999046326;35
CALZIFICIO M BRESCIANI SRL;PF0507070/20XEX1098;70/2 ELAS RIT FLEXI PA 66 - 209307 MUSCHIO A CAMP.;KG;1,00999999046326;35
CALZIFICIO M BRESCIANI SRL;PR05070001;;;0;345,85
CALZIFICIO M BRESCIANI SRL;PR05070019;;;0;1413,22
ARTEMISIA SRL;;;;;
ARTEMISIA SRL;PF0530070/20XFL1039;70/2 ELAS RIT FLEXY PA 6 - CIOCCOLATO K 30;KG;24,8600006103516;313,23
ARTEMISIA SRL;PF0530070/20XFL1040;70/2 ELAS RIT FLEXY PA 6 - CAMMELLO K 57;KG;23,2300000190735;292,7
ARTEMISIA SRL;PF0530070/20XFL1041;70/2 ELAS RIT FLEXY PA 6 - ROSA ANTICO K 56;KG;21,6600008010864;272,92
ARTEMISIA SRL;PF0530070/20XFL1042;70/2 ELAS RIT FLEXY PA 6 - GRIGIO SCURO K 52;KG;21,8199996948242;274,93
ARTEMISIA SRL;PF0530070/20XFL1043;70/2 ELAS RIT FLEXY PA 6 - BLU CINA K 53;KG;25,25;318,15
ARTEMISIA SRL;PF0530070/20XFL1044;70/2 ELAS RIT FLEXY PA 6 - BORDEAUX K 54;KG;23,7400007247925;299,13
ARTEMISIA SRL;PF0530070/20XFL1045;70/2 ELAS RIT FLEXY PA 6 - OTTANIO K 55;KG;20,4400005340576;257,55
ARTEMISIA SRL;PF0530786810A661019;78/68/1 ELAS APE PA 66 - ARANCIO A CAMPIONE;KG;42,6400001049042;682,24
ARTEMISIA SRL;PF0530786810AZP1019;78/68/1 ELAS APE Z PA 66 - ARANCIO A CAMPIONE;KG;41,0500001907349;656,8
ARTEMISIA SRL;PR05300019;;;0;322
LUCIO ZHEN;;;;;
LUCIO ZHEN;PF0327070/20X661279;70/2 ELAS RIT PA 66 - GREGGIO;KG;45,0199995040894;350,26
ALGE - INNOTEX GmbH;;;;;
ALGE - INNOTEX GmbH;PF0543070/20XEX1005;70/2 ELAS RIT FLEXI PA 66 - SCHWARZ;KG;319,709998369217;3996,46
ALGE - INNOTEX GmbH;PR05430010;;;0;196
EUROELAST SRL;;;;;
EUROELAST SRL;PF0561563410A661000;56/34/1 FLEXY APE PA 66 - BLU A CAMPIONE;KG;118,860000610352;2614,92
CALZIFICIO BIASCO SRL;;;;;
CALZIFICIO BIASCO SRL;PF0566070/20XFL1004;70/2 ELAS RIT FLEXY PA 6 - E 63 A CAMPIONE;KG;87,9799983501434;906,2
FILMAR SPA;;;NR;;482,93
FILMAR SPA;;;;;
FILMAR SPA;PF0570442EG0IEX1002;44/34/2 EL ECOCARE GRS 65  INT. FLEXI PA 66 - TC001-Z0001;KG;45,5600004196167;804,13
FILMAR SPA;PF0570442EG0IEX1004;44/34/2 EL ECOCARE GRS 65  INT. FLEXI PA 66 - TC003-Z0007;KG;22,960000038147;405,25
FILMAR SPA;PF0570442EG0IEX1012;44/34/2 EL ECOCARE GRS 65  INT. FLEXI PA 66 - TC011-Z0063;KG;233,490002036095;4121,1
FILMAR SPA;PF0570442EG0IEX1036;44/34/2 EL ECOCARE GRS 65  INT. FLEXI PA 66 - 7385;KG;52,5600003004074;927,69
FILMAR SPA;PF05704431B0IEX1000;44/34/2 ELAS BIOCARE  INT. FLEXI PA 66 - TC017-Z0115;KG;36,489999204874;315,71
FILMAR SPA;PF05704431B0IEX1002;44/34/2 ELAS BIOCARE  INT. FLEXI PA 66 - TC001-Z0001;KG;167,720000743866;1784,76
FILMAR SPA;PF05704431B0IEX1003;44/34/2 ELAS BIOCARE  INT. FLEXI PA 66 - TC002-Z0169;KG;127,959999293089;1023,68
FILMAR SPA;PF05704431B0IEX1004;44/34/2 ELAS BIOCARE  INT. FLEXI PA 66 - TC003-Z0007;KG;228,37999884598;1967,5
FILMAR SPA;PF05704431B0IEX1005;44/34/2 ELAS BIOCARE  INT. FLEXI PA 66 - TC004-Z0030;KG;32,6199998259544;283,94
FILMAR SPA;PF05704431B0IEX1008;44/34/2 ELAS BIOCARE  INT. FLEXI PA 66 - TC007-Z0048;KG;330,890001971275;2886,38
FILMAR SPA;PF05704431B0IEX1009;44/34/2 ELAS BIOCARE  INT. FLEXI PA 66 - TC008-Z0217;KG;68,5500007383525;600,7
FILMAR SPA;PF05704431B0IEX1011;44/34/2 ELAS BIOCARE  INT. FLEXI PA 66 - TC010-Z0190;KG;26,3999999165535;211,2
FILMAR SPA;PF05704431B0IEX1012;44/34/2 ELAS BIOCARE  INT. FLEXI PA 66 - TC011-Z0063;KG;622,009997962043;5460,52
FILMAR SPA;PF05704431B0IEX1013;44/34/2 ELAS BIOCARE  INT. FLEXI PA 66 - TC014-Z0131;KG;110,220000125468;965,57
FILMAR SPA;PF05704431B0IEX1014;44/34/2 ELAS BIOCARE  INT. FLEXI PA 66 - TC018-Z0023;KG;25,3999999314547;222,5
FILMAR SPA;PF05704431B0IEX1016;44/34/2 ELAS BIOCARE  INT. FLEXI PA 66 - TC020-Z0230;KG;26,3199994564056;210,56
FILMAR SPA;PF05704431B0IEX1018;44/34/2 ELAS BIOCARE  INT. FLEXI PA 66 - TC022-Z0072;KG;145,17999932915;1262,22
FILMAR SPA;PF05704431B0IEX1022;44/34/2 ELAS BIOCARE  INT. FLEXI PA 66 - TC013-Z0042;KG;33,6399999856949;290,97
FILMAR SPA;PF05704431B0IEX1023;44/34/2 ELAS BIOCARE  INT. FLEXI PA 66 - TC016-Z0215;KG;19,1099996566772;152,88
FILMAR SPA;PF05704431B0IEX1031;44/34/2 ELAS BIOCARE  INT. FLEXI PA 66 - FUXIA;KG;19,4700002670288;155,76
FILMAR SPA;PF05704431B0IEX1035;44/34/2 ELAS BIOCARE  INT. FLEXI PA 66 - 8097;KG;45,2699990272522;362,16
FILMAR SPA;PF05704431B0IEX1036;44/34/2 ELAS BIOCARE  INT. FLEXI PA 66 - 7385;KG;42,5499996207654;359,94
FILMAR SPA;PF05704431B0IEX1041;44/34/2 ELAS BIOCARE  INT. FLEXI PA 66 - TC035;KG;96,1699994802475;769,36
FILMAR SPA;PF05704431B0IEX1049;44/34/2 ELAS BIOCARE  INT. FLEXI PA 66 - 7378 VERDE;KG;90,7999992370605;726,4
FILMAR SPA;PR05700007;;;0;19,8
FILMAR SPA;PR05700019;;;0;431,22
(NON USARE) - CALZIFICIO POTENZA SRL;;;KG;221,680000305176;-2926,17
(NON USARE) - CALZIFICIO POTENZA SRL;;;;0;0
(NON USARE) - CALZIFICIO POTENZA SRL;PF0579040/20XEX1000;40/2 ELAS RIT FLEXI PA 66 - NERO;KG;103,060001373291;1360,39
(NON USARE) - CALZIFICIO POTENZA SRL;PF0579040/20XEX1001;40/2 ELAS RIT FLEXI PA 66 - BLU NOTTE 111;KG;118,619999408722;1565,79
(NON USARE) - CALZIFICIO POTENZA SRL;PF0579786820BMP1004;78/68/2  BIN MICRO PA 6 - GREGGIO;KG;355,150000572205;2699,13
LA BLU SRL;;;;;
LA BLU SRL;PF0580040/20XEX1000;40/2 ELAS RIT FLEXI PA 66 - NERO;KG;54,1199998855591;730,63
LA BLU SRL;PF0580040/20XEX1002;40/2 ELAS RIT FLEXI PA 66 - BIANCO CA010;KG;40,1099989414215;541,5
LA BLU SRL;PF0580070/20XFL1002;70/2 ELAS RIT FLEXY PA 6 - E 1 BIANCO ;KG;155,159998893738;1528,35
INTERSOCKS D.O.O.;;;NR;;80,79
INTERSOCKS D.O.O.;;;;;
INTERSOCKS D.O.O.;PF0585070/20XFL1034;70/2 ELAS RIT FLEXY PA 6 - 37046 AURA SPECIAL;KG;24,3499994277954;255,68
INTERSOCKS D.O.O.;PF0585070/20XFL1037;70/2 ELAS RIT FLEXY PA 6 - 30976 PIETRA M102;KG;19,1500000953674;203,95
INTERSOCKS D.O.O.;PF0585070/20XFL1039;70/2 ELAS RIT FLEXY PA 6 - 37386 GERANIO V073;KG;20,3499994277954;216,73
INTERSOCKS D.O.O.;PF0585070/20XFL1042;70/2 ELAS RIT FLEXY PA 6 - 37047 ABYSS;KG;175,049999237061;1943,63
INTERSOCKS D.O.O.;PF0585070/30XFL1032;70/3 ELAS RIT FLEXY PA 6 - 36935 AZZURRO TURCHESE A106;KG;85,0899982452393;899,64
INTERSOCKS D.O.O.;PF0585070/30XFL1033;70/3 ELAS RIT FLEXY PA 6 - 38027 SCARLET R210;KG;42,7699995040894;449,09
INTERSOCKS D.O.O.;PF0585070/30XFL1035;70/3 ELAS RIT FLEXY PA 6 - 37714 LILLA SILK V012;KG;41,4399995803833;435,13
INTERSOCKS D.O.O.;PF0585070/30XFL1036;70/3 ELAS RIT FLEXY PA 6 - 38807 AURA SPECIAL;KG;20,5500001907349;218,86
INTERSOCKS D.O.O.;PF0585070/30XFL1038;70/3 ELAS RIT FLEXY PA 6 - 36854 DIVA PINK FLUO;KG;30,4899988174438;324,72
INTERSOCKS D.O.O.;PF0585070/30XFL1040;70/3 ELAS RIT FLEXY PA 6 - 38194 WILF ROSE V073;KG;68,5099995136261;729,64
INTERSOCKS D.O.O.;PF0585070/30XFL1041;70/3 ELAS RIT FLEXY PA 6 - 38887 PIETRA M102;KG;87,6199994087219;933,15
INTERSOCKS D.O.O.;PR05850006;;;0;15,25
INTERSOCKS D.O.O.;PR05850019;;;0;102,08
MARCEL LIEBAERT NV;;;KG;133;-1396,5
MARCEL LIEBAERT NV;;;1;;55
MARCEL LIEBAERT NV;;;;0;0
MARCEL LIEBAERT NV;PF0598040/20XEX1010;40/2 ELAS RIT FLEXI PA 66 - M228 MOROCCAN BLUE;KG;62,2199997901917;964,43
MARCEL LIEBAERT NV;PF0598070/20XEX1000;70/2 ELAS RIT FLEXI PA 66 - M237 EBONY;KG;335,619999885559;4515,62
MARCEL LIEBAERT NV;PF0598070/20XEX1005;70/2 ELAS RIT FLEXI PA 66 - M253 BLUEBERRY;KG;414,269997358322;4881,71
MARCEL LIEBAERT NV;PF0598070/20XEX1015;70/2 ELAS RIT FLEXI PA 66 - MIDDENGRIJS;KG;1,00999999046326;60
MARCEL LIEBAERT NV;PF0598070/20XEX1016;70/2 ELAS RIT FLEXI PA 66 - M192 MEDIUM GREY;KG;1,00999999046326;60
MARCEL LIEBAERT NV;PF0598070/20XEX1017;70/2 ELAS RIT FLEXI PA 66 - BLACK GS005;KG;34,6499996185303;478,18
MARCEL LIEBAERT NV;PF0598070/20XEX1019;70/2 ELAS RIT FLEXI PA 66 - KAKI M570;KG;1,00999999046326;60
MARCEL LIEBAERT NV;PF05984434S0IEX1009;44/34/2 ELAS INTER. FLEXI PA 66 - MARINE M284;KG;33,9200000762939;566,47
MARCEL LIEBAERT NV;PR05980010;;;0;1462,66
FLEX TEX SRL;;;N;;20
FLEX TEX SRL;;;;;
FLEX TEX SRL;PF0607070/20X661001;70/2 ELAS RIT PA 66 - ROSA 221 B;KG;87,7300000190735;1052,76
FLEX TEX SRL;PF0607070/20X661012;70/2 ELAS RIT PA 66 - BURRO 6;KG;304,029998779297;3648,36
FLEX TEX SRL;PF0607070/20X661032;70/2 ELAS RIT PA 66 - RUBINO E 80;KG;116,739999771118;1400,88
FLEX TEX SRL;PF0607070/20XEX1001;70/2 ELAS RIT FLEXI PA 66 - ROSA 221 B;KG;15,2400000095367;198,12
FLEX TEX SRL;PF0607070/20XEX1021;70/2 ELAS RIT FLEXI PA 66 - BIANCO DIOR NEW;KG;19,789999961853;283
FLEX TEX SRL;PF0607070/20XEX1030;70/2 ELAS RIT FLEXI PA 66 - BLU 805;KG;119,619998931885;1659,69
FLEX TEX SRL;PF0607070/20XEX1047;70/2 ELAS RIT FLEXI PA 66 - ROSA A CAMPIONE;KG;40,8299994468689;583,87
FLEX TEX SRL;PF0607070/20XEX1048;70/2 ELAS RIT FLEXI PA 66 - MARRONE LORO PIANA;KG;23,289999961853;333,05
FLEX TEX SRL;PF0607070/30XFL1000;70/3 ELAS RIT FLEXY PA 6 - BRUCIATO A CAMPIONE;KG;20,210000038147;210,19
FLEX TEX SRL;PF0607070/30XFL1038;70/3 ELAS RIT FLEXY PA 6 - TANGERINE;KG;20,1100001335144;241,32
FLEX TEX SRL;PF0607070/30XFL1044;70/3 ELAS RIT FLEXY PA 6 - GIALLO BURBERRY;KG;19,460000038147;202,38
FLEX TEX SRL;PF0607070/30XFL1045;70/3 ELAS RIT FLEXY PA 6 - PESCA 077 PEP;KG;20,1500000953674;209,56
FLEX TEX SRL;PF0607070/30XFL1046;70/3 ELAS RIT FLEXY PA 6 - ROSA BURBERRY;KG;20,8599996566772;250,32
FLEX TEX SRL;PF0607167360APF1040;167/36 SO APE PES - KIWI W03;KG;44;440
FLEX TEX SRL;PF0607167480APF1040;167/48 SO APE PES - KIWI W03;KG;19,3999996185303;200
FLEX TEX SRL;PR06070019;;;0;488,74
SOX2SOX B.V.;;;NR;;100
SOX2SOX B.V.;;;;;
SOX2SOX B.V.;PF0611070/20XFL1005;70/2 ELAS RIT FLEXY PA 6 - BLACK;KG;81,1900005340576;852,5
SOX2SOX B.V.;PF0611070/20XFL1006;70/2 ELAS RIT FLEXY PA 6 - 781801 ROSE FLUO;KG;40,8799991607666;429,25
SOX2SOX B.V.;PF0611070/20XFL1008;70/2 ELAS RIT FLEXY PA 6 - 685801 MARINE L. NAVY;KG;39,1800007224083;411,41
SOX2SOX B.V.;PF0611070/20XFL1009;70/2 ELAS RIT FLEXY PA 6 - 731233 TURKIS;KG;39,0600004196167;410,14
SOX2SOX B.V.;PF0611070/20XFL1017;70/2 ELAS RIT FLEXY PA 6 - GREGGIO;KG;198,369997501373;1785,33
SOX2SOX B.V.;PF0611070/20XFL1019;70/2 ELAS RIT FLEXY PA 6 - NEON ROSE 768401;KG;48,6300001144409;510,62
SOX2SOX B.V.;PF0611070/20XFL1020;70/2 ELAS RIT FLEXY PA 6 - 772401 ROSE;KG;39,9099998474121;419,06
SOX2SOX B.V.;PF0611070/20XFL1021;70/2 ELAS RIT FLEXY PA 6 - 776901;KG;40,1999998092651;422,11
SOX2SOX B.V.;PF0611070/20XFL1022;70/2 ELAS RIT FLEXY PA 6 - 4252 KOBALT;KG;41,8999996185303;439,96
SOX2SOX B.V.;PF0611070/20XFL1025;70/2 ELAS RIT FLEXY PA 6 - PUFFO 407;KG;44,5199995040894;467,46
SOX2SOX B.V.;PF0611070/20XFL1026;70/2 ELAS RIT FLEXY PA 6 - MINT GROEN;KG;41,0399990081787;430,93
SOX2SOX B.V.;PF0611070/30XFL1001;70/3 ELAS RIT FLEXY PA 6 - 45776401 ARANCIONE FLUO;KG;97,1199998855591;1019,78
SOX2SOX B.V.;PF0611070/30XFL1002;70/3 ELAS RIT FLEXY PA 6 - 7880 ARANCIONE FLUO;KG;38,6700000762939;406,04
SOX2SOX B.V.;PF0611070/30XFL1003;70/3 ELAS RIT FLEXY PA 6 - 730186 GIALLO FLUO;KG;42,2200002670288;443,32
SOX2SOX B.V.;PF0611070/30XFL1004;70/3 ELAS RIT FLEXY PA 6 - WHITE;KG;149,190000534058;1641,09
SOX2SOX B.V.;PF0611070/30XFL1006;70/3 ELAS RIT FLEXY PA 6 - 781801 ROSE FLUO;KG;189,589999198914;1990,73
SOX2SOX B.V.;PF0611070/30XFL1008;70/3 ELAS RIT FLEXY PA 6 - 685801 MARINE L. NAVY;KG;82,1999988555908;863,12
SOX2SOX B.V.;PF0611070/30XFL1009;70/3 ELAS RIT FLEXY PA 6 - 731233 TURKIS;KG;247,069999694824;2666,18
SOX2SOX B.V.;PF0611070/30XFL1012;70/3 ELAS RIT FLEXY PA 6 - ORANGE;KG;40,2799997329712;422,95
SOX2SOX B.V.;PF0611070/30XFL1018;70/3 ELAS RIT FLEXY PA 6 - G126 ;KG;57,0799999237061;599,35
SOX2SOX B.V.;PF0611070/30XFL1019;70/3 ELAS RIT FLEXY PA 6 - NEON ROSE 768401;KG;164,229999542236;1724,46
SOX2SOX B.V.;PF0611070/30XFL1020;70/3 ELAS RIT FLEXY PA 6 - 772401 ROSE;KG;44,4399995803833;466,64
SOX2SOX B.V.;PF0611070/30XFL1021;70/3 ELAS RIT FLEXY PA 6 - 776901;KG;43,460000038147;456,34
SOX2SOX B.V.;PF0611070/30XFL1022;70/3 ELAS RIT FLEXY PA 6 - 4252 KOBALT;KG;39,75;417,38
SOX2SOX B.V.;PF0611070/30XFL1023;70/3 ELAS RIT FLEXY PA 6 - PINK;KG;44,1499996185303;463,59
SOX2SOX B.V.;PF0611070/30XFL1024;70/3 ELAS RIT FLEXY PA 6 - YELLOW;KG;43,7700004577637;459,59
SOX2SOX B.V.;PF0611070/30XFL1025;70/3 ELAS RIT FLEXY PA 6 - PUFFO 407;KG;45,9800004959106;482,8
SOX2SOX B.V.;PF0611070/30XFL1026;70/3 ELAS RIT FLEXY PA 6 - MINT GROEN;KG;39,2000007629395;411,61
SOX2SOX B.V.;PF0611070/30XFL1027;70/3 ELAS RIT FLEXY PA 6 - 767401 GREY;KG;44,8800001144409;471,24
SOX2SOX B.V.;PF0611070/30XFL1028;70/3 ELAS RIT FLEXY PA 6 - 689001 ROOD;KG;137,909999847412;1448,08
SOX2SOX B.V.;PF0611070/30XFL1029;70/3 ELAS RIT FLEXY PA 6 - 722701 BLUE;KG;146,819999694824;1541,64
SOX2SOX B.V.;PF0611070/30XFL1030;70/3 ELAS RIT FLEXY PA 6 - 771501 BLAUW;KG;42,3899998664856;445,11
SOX2SOX B.V.;PF0611070/30XFL1031;70/3 ELAS RIT FLEXY PA 6 - 730294 SPECIAL BLEU;KG;40,2199993133545;422,32
SOX2SOX B.V.;PF0611070/30XFL1032;70/3 ELAS RIT FLEXY PA 6 - BLU 2965 C;KG;85,1699995994568;894,29
SOX2SOX B.V.;PF0611070/30XFL1033;70/3 ELAS RIT FLEXY PA 6 - 7501 C;KG;38,6900000572205;406,25
SOX2SOX B.V.;PR06110006;;;0;245,3
SOX2SOX B.V.;PR06110010;;;0;1019,09
ALPIN CORAP SAN. TIC. A.S.;;;;;
ALPIN CORAP SAN. TIC. A.S.;PF0617070/20XEX1000;70/2 ELAS RIT FLEXI PA 66 - WHITE;KG;2829,82000851631;35391,83
ALPIN CORAP SAN. TIC. A.S.;PF0617070/20XEX1002;70/2 ELAS RIT FLEXI PA 66 - BLACK;KG;2873,10999858379;35945,45
ALPIN CORAP SAN. TIC. A.S.;PF0617070/20XEX1003;70/2 ELAS RIT FLEXI PA 66 - MB 448 BEIGE;KG;85,300000667572;1040,65
ALPIN CORAP SAN. TIC. A.S.;PF0617070/20XEX1004;70/2 ELAS RIT FLEXI PA 66 - B4942;KG;33,4700000286102;464,78
ALPIN CORAP SAN. TIC. A.S.;PF0617070/20XEX1005;70/2 ELAS RIT FLEXI PA 66 - A6474;KG;1,08000004291534;14,04
ALPIN CORAP SAN. TIC. A.S.;PR06170010;;;0;0
(NON USARE) - ANTORAF SRL Società Unipersonale;;;;;
(NON USARE) - ANTORAF SRL Società Unipersonale;PF0621070/20XRF1000;70/2 ELAS RIT RENYCLE 100% GRS FLEXY PA 6 - NERO;KG;30,1300005912781;482,08
(NON USARE) - ANTORAF SRL Società Unipersonale;PF0621070/20XRF1001;70/2 ELAS RIT RENYCLE 100% GRS FLEXY PA 6 - VERDE FLUO;KG;19,8099994659424;316,96
(NON USARE) - ANTORAF SRL Società Unipersonale;PF0621070/20XRF1003;70/2 ELAS RIT RENYCLE 100% GRS FLEXY PA 6 - GIALLO FLUO;KG;19,75;316
(NON USARE) - ANTORAF SRL Società Unipersonale;PF0621070/20XRF1004;70/2 ELAS RIT RENYCLE 100% GRS FLEXY PA 6 - E 61 GRIGIO;KG;28,8999996185303;462,4
(NON USARE) - ANTORAF SRL Società Unipersonale;PF0621702YG0XFL1000;70/2 ELAS YESS GREEN GRS100 RIT FLEXY PA 6 - NERO;KG;65,8500003814697;1053,6
(NON USARE) - ANTORAF SRL Società Unipersonale;PF0621702YG0XFL1002;70/2 ELAS YESS GREEN GRS100 RIT FLEXY PA 6 - CICLAMINO;KG;38,010000705719;608,16
(NON USARE) - ANTORAF SRL Società Unipersonale;PF0621702YG0XFL1004;70/2 ELAS YESS GREEN GRS100 RIT FLEXY PA 6 - E 61 GRIGIO;KG;22,4699993133545;359,52
(NON USARE) - ANTORAF SRL Società Unipersonale;PR06210006;;;0;19,79
(NON USARE) - ANTORAF SRL Società Unipersonale;PR06210019;;;0;79,12
PIROLA PASSAMANERIE SRL;;;;;
PIROLA PASSAMANERIE SRL;PF0626070/20X661000;70/2 ELAS RIT PA 66 - NERO;KG;32,8199996948242;446,36
PIROLA PASSAMANERIE SRL;PF0626070/20X661002;70/2 ELAS RIT PA 66 - BIANCO;KG;27,8500003814697;339,77
PIROLA PASSAMANERIE SRL;PF0626070/20X661003;70/2 ELAS RIT PA 66 - FUXIA FLUO CHIARO 995;KG;19,5599994659424;266,01
PIROLA PASSAMANERIE SRL;PF0626070/20X661004;70/2 ELAS RIT PA 66 - GIALLO VIVO 13-0858 TP;KG;22;299,2
PIROLA PASSAMANERIE SRL;PR06260006;;;0;9,78
PIROLA PASSAMANERIE SRL;PR06260019;;;0;83,12
FEETNESS SRL;;;NR;;58,88
FEETNESS SRL;;;;;
FEETNESS SRL;PF0632070/20XEX1000;70/2 ELAS RIT FLEXI PA 66 - BIANCO;KG;153,300000190735;1902,28
FEETNESS SRL;PF0632070/20XEX1001;70/2 ELAS RIT FLEXI PA 66 - NERO 999;KG;814,240000009537;10074,58
FEETNESS SRL;PF0632070/20XEX1004;70/2 ELAS RIT FLEXI PA 66 - FUXIA 340;KG;43,3900003433228;529,36
FEETNESS SRL;PF0632070/20XEX1010;70/2 ELAS RIT FLEXI PA 66 - BLU 628/98;KG;39,6899988651276;500,1
FEETNESS SRL;PF0632070/20XEX1011;70/2 ELAS RIT FLEXI PA 66 - GRIGIO 818;KG;43,2200002670288;527,28
FEETNESS SRL;PF0632070/20XEX1015;70/2 ELAS RIT FLEXI PA 66 - GRIGIO 801;KG;39,8800001144409;486,53
FEETNESS SRL;PF0632070/20XEX1025;70/2 ELAS RIT FLEXI PA 66 - GIALLO FLUO E 99;KG;42,3300004005432;516,42
FEETNESS SRL;PF0632070/20XEX1035;70/2 ELAS RIT FLEXI PA 66 - ROYAL 600;KG;42,2699995040894;494,55
FEETNESS SRL;PF0632070/40XFL1000;70/4 ELAS RIT FLEXY PA 6 - BIANCO;KG;39,4099988937378;500,51
FEETNESS SRL;PF0632070/40XFL1035;70/4 ELAS RIT FLEXY PA 6 - ROYAL 600;KG;42,7600002288818;543,05
FEETNESS SRL;PF0632070/60XP61000;70/6 ELAS RIT PA 6 - BIANCO;KG;87,6700005531311;1216,71
FEETNESS SRL;PF0632100/20XEX1006;100/2 ELAS RIT FLEXI PA 66 - ARANCIO 351 FLUO ;KG;41,9500007629395;532,77
FEETNESS SRL;PF0632100/20XEX1015;100/2 ELAS RIT FLEXI PA 66 - GRIGIO 801;KG;39,6700000762939;487,94
FEETNESS SRL;PF0632100/20XEX1017;100/2 ELAS RIT FLEXI PA 66 - GRIGIO 422/C;KG;39,5299997329712;486,22
FEETNESS SRL;PF0632100/20XEX1024;100/2 ELAS RIT FLEXI PA 66 - GREGGIO;KG;36,420000731945;447,97
FEETNESS SRL;PF0632100/20XEX1035;100/2 ELAS RIT FLEXI PA 66 - ROYAL 600;KG;41,4099988937378;525,9
FEETNESS SRL;PF0632100/20XEX1037;100/2 ELAS RIT FLEXI PA 66 - ROYAL 636;KG;36,5000004768372;463,54
FEETNESS SRL;PF0632786830I661025;78/68/3 ELAS INT. PA 66 - GIALLO FLUO E 99;KG;43,6700010299683;681,25
FEETNESS SRL;PF0632786830I661036;78/68/3 ELAS INT. PA 66 - NUDE 131;KG;19,6000003814697;305,76
FEETNESS SRL;PR06320006;;;0;63,99
FEETNESS SRL;PR06320019;;;0;39,2
CALZIFICIO DANY SRL;;;;;
CALZIFICIO DANY SRL;PF0633070/20XEX1023;70/2 ELAS RIT FLEXI PA 66 - NAVY;KG;14,6200004816055;199,57
CALZIFICIO DANY SRL;PF0633070/20XFL1022;70/2 ELAS RIT FLEXY PA 6 - ARANCIO FLUO E 100 A CAMP.;KG;80,4800010919571;1098,55
CALZIFICIO DANY SRL;PF0633070/30XFL1012;70/3 ELAS RIT FLEXY PA 6 - METALLIC;KG;63,289999961853;664,55
CALZIFICIO DANY SRL;PF0633070/30XFL1015;70/3 ELAS RIT FLEXY PA 6 - FUXIA FLUO E 672;KG;60,1199998855591;631,27
CALZIFICIO DANY SRL;PF0633070/30XFL1018;70/3 ELAS RIT FLEXY PA 6 - VERDE BANDIERA;KG;63,3699998855591;665,4
CALZIFICIO DANY SRL;PF0633070/30XFL1019;70/3 ELAS RIT FLEXY PA 6 - PURPURA;KG;60,5699996948242;635,99
CALZIFICIO DANY SRL;PF0633070/30XFL1020;70/3 ELAS RIT FLEXY PA 6 - ROSSO SCOZIA;KG;84,5099992752075;900,04
CALZIFICIO DANY SRL;PF0633070/30XFL1021;70/3 ELAS RIT FLEXY PA 6 - E 53;KG;40,5400009155273;431,75
CALZIFICIO DANY SRL;PF063378QSK0IEX1001;78/68/2 QSKIN INT. FLEXI PA 66 - NERO;KG;60,0100002288818;936,15
CALZIFICIO DANY SRL;PF063378QSK0IEX1003;78/68/2 QSKIN INT. FLEXI PA 66 - BLU E 12;KG;84,9399998188019;1528,92
CALZIFICIO DANY SRL;PF063378QSK0IEX1011;78/68/2 QSKIN INT. FLEXI PA 66 - ROSSO E 33;KG;57,3999996185303;895,44
CALZIFICIO DANY SRL;PR06330006;;;0;70,3
NORMAN SRL;;;;;
NORMAN SRL;PF0649070/20XFL1048;70/2 ELAS RIT FLEXY PA 6 - 06945 CUCUMBER 2022 DNN;KG;46,0199995040894;437,19
NORMAN SRL;PR06490001;;;0;23,01
ALBERTO BARDAZZI SPA;;;;;
ALBERTO BARDAZZI SPA;PF0655070/20XFL1012;70/2 ELAS RIT FLEXY PA 6 - CORALLO;KG;19,4700002670288;198,59
ALBERTO BARDAZZI SPA;PF0655070/20XFL1013;70/2 ELAS RIT FLEXY PA 6 - BECCO GA293;KG;17,8800003528595;182,37
ALBERTO BARDAZZI SPA;PF0655070/20XFL1014;70/2 ELAS RIT FLEXY PA 6 - ROSALUCE;KG;20,75;211,65
ALBERTO BARDAZZI SPA;PF0655070/20XFL1015;70/2 ELAS RIT FLEXY PA 6 - FLUENT PINK RV735;KG;20,3099999427795;207,16
ALBERTO BARDAZZI SPA;PF0655070/20XFL1016;70/2 ELAS RIT FLEXY PA 6 - AMETISTA E 85;KG;264,090001106262;2904,99
ALBERTO BARDAZZI SPA;PF0655070/20XFL1017;70/2 ELAS RIT FLEXY PA 6 - NAVY E 12 - NON USARE;KG;320,06999874115;3520,77
ALBERTO BARDAZZI SPA;PF0655070/20XFL1018;70/2 ELAS RIT FLEXY PA 6 - NAVY E 12;KG;48,1300001144409;558,31
ALBERTO BARDAZZI SPA;PF0655070/20XFL1019;70/2 ELAS RIT FLEXY PA 6 - CHERRY;KG;42,2500009536743;490,1
ALBERTO BARDAZZI SPA;PF0655070/20XFL1020;70/2 ELAS RIT FLEXY PA 6 - FONDENTE;KG;20,6399993896484;239,42
ALBERTO BARDAZZI SPA;PR06550006;;;0;16,25
ALBERTO BARDAZZI SPA;PR06550007;;;0;0
ALBERTO BARDAZZI SPA;PR06550019;;;0;198,1
RADICI YARN SPA;;;;;
RADICI YARN SPA;PF0660786820IMP1000;78/68/2 EL INT MI PA 6 - RN11481 DKT K20B GREY;KG;165,240001678467;2329,87
RADICI YARN SPA;PF0660786820IMP1003;78/68/2 EL INT MI PA 6 - RN11553  BLUE GREY G19A;KG;2164,34999632835;26900,31
FILARTEX SPA;;;;;
FILARTEX SPA;PF0670070/30IVF1008;70/3 EL INT VENERE GRS 100 FLEXY PA 6 - BEIGE 605;KG;208,770001411438;2338,24
FILARTEX SPA;PF0670070/30IVF1009;70/3 EL INT VENERE GRS 100 FLEXY PA 6 - FERRO 8;KG;145,929998397827;1634,43
FILARTEX SPA;PF0670070/30IVF1010;70/3 EL INT VENERE GRS 100 FLEXY PA 6 - NEBBIA 404;KG;88,399998664856;1007,76
FILARTEX SPA;PF0670070/30IVF1011;70/3 EL INT VENERE GRS 100 FLEXY PA 6 - 104 ANTRACITE;KG;204,159998416901;2327,44
FILARTEX SPA;PF0670070/30IVF1012;70/3 EL INT VENERE GRS 100 FLEXY PA 6 - 111 BLU NOTTE;KG;95,0399994850159;1083,46
FILARTEX SPA;PF0670070/30IVF1013;70/3 EL INT VENERE GRS 100 FLEXY PA 6 - 97 NERO;KG;2860,49000382423;32494,69
FILARTEX SPA;PF0670070/30XFL1013;70/3 ELAS RIT FLEXY PA 6 - 97 NERO;KG;866,069993495941;10392,84
FILARTEX SPA;PF0670070/30XFL1014;70/3 ELAS RIT FLEXY PA 6 - NERO A CAMPIONE;KG;306,469997167587;3677,64
FILARTEX SPA;PR06700007;;;0;306,47
CALZIFICIO M&G S.R.L.;;;;;
CALZIFICIO M&G S.R.L.;PF0673040/20XEX1009;40/2 ELAS RIT FLEXI PA 66 - CANDIDO;KG;101,710000038147;1342,57
CALZIFICIO PM SNC;;;;;
CALZIFICIO PM SNC;PF0680070/30XFL1000;70/3 ELAS RIT FLEXY PA 6 - ANTRACITE PORTIERI;KG;536,259999036789;5552,41
CALZIFICIO PM SNC;PF0680070/30XFL1001;70/3 ELAS RIT FLEXY PA 6 - NERO;KG;21,1100001335144;217,44
CALZIFICIO PM SNC;PF0680070/30XFL1002;70/3 ELAS RIT FLEXY PA 6 - E 33 ROSSO;KG;185,219999432564;1921,24
CALZIFICIO PM SNC;PF0680070/30XFL1003;70/3 ELAS RIT FLEXY PA 6 - CANDIDO;KG;64,9299998283386;683,25
MANIFATTURA MARIS SRL ;;;;;
MANIFATTURA MARIS SRL ;PF0685070/10AP61009;70/1 ELAS APE PA 6 - PHANTOM 2016 ;KG;181,630000352859;2103,38
MANIFATTURA MARIS SRL ;PF0685070/20XFL1001;70/2 ELAS RIT FLEXY PA 6 - CARBON GREY N06A;KG;186,379999160767;1863,8
MANIFATTURA MARIS SRL ;PF0685070/20XFL1010;70/2 ELAS RIT FLEXY PA 6 - RV885;KG;0,28999999165535;2,9
MANIFATTURA MARIS SRL ;PF0685070/20XFL1011;70/2 ELAS RIT FLEXY PA 6 - VR339;KG;0,970000028610229;9,7
MANIFATTURA MARIS SRL ;PF0685070/30XFL1002;70/3 ELAS RIT FLEXY PA 6 - N05B FORGED IRON;KG;349,979998588562;3499,8
MANIFATTURA MARIS SRL ;PF0685070/30XFL1004;70/3 ELAS RIT FLEXY PA 6 - ARGENTO GC101;KG;100,529999732971;1005,3
MANIFATTURA MARIS SRL ;PF0685070/30XFL1006;70/3 ELAS RIT FLEXY PA 6 - GRIGIO N03A;KG;326,930000305176;3269,3
MANIFATTURA MARIS SRL ;PF0685070/30XFL1007;70/3 ELAS RIT FLEXY PA 6 - ROSE OF SHARON 17-1635 H09C;KG;102,570000171661;1025,7
MANIFATTURA MARIS SRL ;PF0685070/30XFL1009;70/3 ELAS RIT FLEXY PA 6 - PHANTOM 2016 ;KG;361,719997406006;3617,2
MANIFATTURA MARIS SRL ;PF0685070/30XFL1012;70/3 ELAS RIT FLEXY PA 6 - K22A GREEN;KG;1,97000002861023;19,7
MANIFATTURA MARIS SRL ;PF0685786830IEX1003;78/68/3 ELAS INT. FLEXI PA 66 - BORDO' E 31;KG;99,5699996948242;1284,47
MANIFATTURA MARIS SRL ;PR06850019;;;0;0
MANIFATTURA CANTU' EGIZIO SNC;;;KG;26,5699996948242;-300,24
MANIFATTURA CANTU' EGIZIO SNC;;;;0;0
MANIFATTURA CANTU' EGIZIO SNC;PF0686070/10AP61006;70/1 ELAS APE PA 6 - BUNGEE CORD 18-0513 TPX;KG;192,390000343323;2501,07
MANIFATTURA CANTU' EGIZIO SNC;PF0686070/20XP61005;70/2 ELAS RIT PA 6 - BLU ROYAL BL303;KG;91,6700000762939;962,55
MANIFATTURA CANTU' EGIZIO SNC;PF0686070/20XP61006;70/2 ELAS RIT PA 6 - BUNGEE CORD 18-0513 TPX;KG;215,510000228882;2327,51
MANIFATTURA CANTU' EGIZIO SNC;PF0686070/30XFL1003;70/3 ELAS RIT FLEXY PA 6 - NERO;KG;204,670002937317;2456,04
MANIFATTURA CANTU' EGIZIO SNC;PF0686070/40XFL1000;70/4 ELAS RIT FLEXY PA 6 - CARNE 6052;KG;77,6100011467934;970,14
MANIFATTURA CANTU' EGIZIO SNC;PF0686070/40XP61006;70/4 ELAS RIT PA 6 - BUNGEE CORD 18-0513 TPX;KG;322,52999997139;3644,6
MANIFATTURA CANTU' EGIZIO SNC;PF0686100/20XFL1007;100/2 ELAS RIT FLEXY PA 6 - GRIGIO A CAMPIONE;KG;102,310000419617;1227,72
Syntesys by Sport & Fashion Srl;;;KG;2206,8798828125;12137,84
Syntesys by Sport & Fashion Srl;;;;0;0
Syntesys by Sport & Fashion Srl;;;KG;1971,05004882813;10840,78
Syntesys by Sport & Fashion Srl;;;;0;0
SARL ZIG ZAG;;;;;
SARL ZIG ZAG;PF0691070/20XEX1000;70/2 ELAS RIT FLEXI PA 66 - BLANC CA010;KG;101,029998779297;1262,89
SARL ZIG ZAG;PF0691070/20XEX1001;70/2 ELAS RIT FLEXI PA 66 - NOIR GS005;KG;131,989998817444;1649,91
SARL ZIG ZAG;PF0691070/20XEX1003;70/2 ELAS RIT FLEXI PA 66 - CHAIR FONCE' MB402;KG;20,7799997329712;259,75
SARL ZIG ZAG;PF0691070/20XEX1004;70/2 ELAS RIT FLEXI PA 66 - BLUE MARINE BS267;KG;20,289999961853;253,63
SARL ZIG ZAG;PF0691070/20XEX1011;70/2 ELAS RIT FLEXI PA 66 - CHAIR CLAIR MB399;KG;20,3100004196167;253,88
SARL ZIG ZAG;PF0691070/30XFL1000;70/3 ELAS RIT FLEXY PA 6 - BLANC CA010;KG;23,0600004196167;253,66
SARL ZIG ZAG;PF0691070/30XFL1001;70/3 ELAS RIT FLEXY PA 6 - NOIR GS005;KG;24,0400009155273;264,44
SARL ZIG ZAG;PF0691070/30XFL1011;70/3 ELAS RIT FLEXY PA 6 - CHAIR CLAIR MB399;KG;18,1599998474121;199,76
SARL ZIG ZAG;PF0691070/40XEX1000;70/4 ELAS RIT FLEXI PA 66 - BLANC CA010;KG;56,6300001144409;764,52
SARL ZIG ZAG;PF0691070/40XEX1001;70/4 ELAS RIT FLEXI PA 66 - NOIR GS005;KG;61,7100005149841;833,1
SARL ZIG ZAG;PF0691070/40XFL1011;70/4 ELAS RIT FLEXY PA 6 - CHAIR CLAIR MB399;KG;19,039999961853;218,97
SARL ZIG ZAG;PF0691100/20XEX1000;100/2 ELAS RIT FLEXI PA 66 - BLANC CA010;KG;332,340001106262;4320,42
SARL ZIG ZAG;PF0691100/20XEX1001;100/2 ELAS RIT FLEXI PA 66 - NOIR GS005;KG;339,140000343323;4408,82
SARL ZIG ZAG;PF0691100/20XEX1003;100/2 ELAS RIT FLEXI PA 66 - CHAIR FONCE' MB402;KG;27,8699998855591;362,31
SARL ZIG ZAG;PF0691100/20XEX1004;100/2 ELAS RIT FLEXI PA 66 - BLUE MARINE BS267;KG;40,3899993896484;525,07
SARL ZIG ZAG;PF0691100/20XEX1011;100/2 ELAS RIT FLEXI PA 66 - CHAIR CLAIR MB399;KG;21,1400003433228;274,82
SARL ZIG ZAG;PF0691156/103661007;156/1  RIT 300 S PA 66 - BLANC;KG;23,3000001907349;396,1
SARL ZIG ZAG;PF0691156/103661008;156/1  RIT 300 S PA 66 - NOIR;KG;23,4900007247925;399,33
SARL ZIG ZAG;PF0691156/103661009;156/1  RIT 300 S PA 66 - ARGENT GC147;KG;33,7200002670288;573,24
SARL ZIG ZAG;PF0691156/103661010;156/1  RIT 300 S PA 66 - GOLD GB057;KG;23,460000038147;398,82
SARL ZIG ZAG;PR06910010;;;0;145
AMBROFIBRE 97 SRL;;;;;
AMBROFIBRE 97 SRL;PF0692702YG0XFL1003;70/2 ELAS YESS GREEN GRS100 RIT FLEXY PA 6 - NERO AM 009;KG;214,820000648499;3179,76
SERVICEPLUS SRL ;;;;;
SERVICEPLUS SRL ;PF0693040/20XEX1002;40/2 ELAS RIT FLEXI PA 66 - 014 BLU NOTTE E 11;KG;199,110000610352;2707,89
SERVICEPLUS SRL ;PF0693040/20XEX1003;40/2 ELAS RIT FLEXI PA 66 - 030 ARGENTO E 61;KG;39,3300000429153;534,89
SERVICEPLUS SRL ;PF0693040/20XEX1004;40/2 ELAS RIT FLEXI PA 66 - 034 AVIO SC ABISSO 262 T&T;KG;37,8399991989136;514,63
SERVICEPLUS SRL ;PF0693040/20XEX1005;40/2 ELAS RIT FLEXI PA 66 - 013 COBALTO E 20;KG;42,6999998092651;580,73
SERVICEPLUS SRL ;PF0693040/20XEX1006;40/2 ELAS RIT FLEXI PA 66 - 008 E 33 ROSSO;KG;40,2000002861023;546,72
SERVICEPLUS SRL ;PF0693040/20XEX1007;40/2 ELAS RIT FLEXI PA 66 - 019 GIALLO E 77;KG;40;544
SERVICEPLUS SRL ;PF0693040/20XEX1008;40/2 ELAS RIT FLEXI PA 66 - 024 NERO;KG;114,930000782013;1563,05
SERVICEPLUS SRL ;PF0693040/20XEX1009;40/2 ELAS RIT FLEXI PA 66 - 421 PESCA;KG;35,8900005817413;488,11
SERVICEPLUS SRL ;PF0693040/20XEX1010;40/2 ELAS RIT FLEXI PA 66 - ZUCCHERO 115;KG;32,710000038147;444,85
SERVICEPLUS SRL ;PF0693070/20XFL1011;70/2 ELAS RIT FLEXY PA 6 - BLU ELETTRICO 9488 T&T;KG;52,4200000762939;539,93
SERVICEPLUS SRL ;PF0693070/30XFL1000;70/3 ELAS RIT FLEXY PA 6 - CANDIDO CA010;KG;29,2600002288818;307,23
SERVICEPLUS SRL ;PF0693070/30XFL1001;70/3 ELAS RIT FLEXY PA 6 - NERO GS005;KG;30,1800003051758;316,9
DELTA ALFA CORAP VE TEKSTIL SAN. TIC. LTD. STI.;;;KG;8;31
DELTA ALFA CORAP VE TEKSTIL SAN. TIC. LTD. STI.;;;;0;0
DELTA ALFA CORAP VE TEKSTIL SAN. TIC. LTD. STI.;PF0698070/203EX1001;70/2 ELAS RIT 300 S FLEXI PA 66 - BLACK;KG;46,4699993133545;557,64
DELTA ALFA CORAP VE TEKSTIL SAN. TIC. LTD. STI.;PF0698784620XTF1002;78/46/2 ELAS RIT FLEXY TACTEL PA 66 - BLACK;KG;14,539999961853;254,45
DELTA ALFA CORAP VE TEKSTIL SAN. TIC. LTD. STI.;PF0698784620XTF1003;78/46/2 ELAS RIT FLEXY TACTEL PA 66 - OPTIC WHITE;KG;10,8999996185303;190,75
DELTA ALFA CORAP VE TEKSTIL SAN. TIC. LTD. STI.;PF0698784630XTF1002;78/46/3 ELAS RIT FLEXY TACTEL PA 66 - BLACK;KG;15,0299997329712;285,57
DELTA ALFA CORAP VE TEKSTIL SAN. TIC. LTD. STI.;PF0698784630XTF1003;78/46/3 ELAS RIT FLEXY TACTEL PA 66 - OPTIC WHITE;KG;11,710000038147;222,49
DELTA ALFA CORAP VE TEKSTIL SAN. TIC. LTD. STI.;PF0698784640XTF1002;78/46/4 ELAS RIT FLEXY TACTEL PA 66 - BLACK;KG;15,7200001478195;298,68
DELTA ALFA CORAP VE TEKSTIL SAN. TIC. LTD. STI.;PF0698784640XTF1003;78/46/4 ELAS RIT FLEXY TACTEL PA 66 - OPTIC WHITE;KG;11,789999961853;224,01
DELTA ALFA CORAP VE TEKSTIL SAN. TIC. LTD. STI.;PF0698784660XTF1002;78/46/6 ELAS RIT FLEXY TACTEL PA 66 - BLACK;KG;13,1300001144409;249,47
DELTA ALFA CORAP VE TEKSTIL SAN. TIC. LTD. STI.;PF0698784660XTF1003;78/46/6 ELAS RIT FLEXY TACTEL PA 66 - OPTIC WHITE;KG;10,2600002288818;194,94
SANYLEG SRL A SOCIO UNICO;;;;;
SANYLEG SRL A SOCIO UNICO;PF0699070/20XFL1000;70/2 ELAS RIT FLEXY PA 6 - 402 NUVOLA;KG;298,040002822876;3069,84
SANYLEG SRL A SOCIO UNICO;PF0699786820IM61001;78/68/2  INT. MICRO FLEXY PA 6 - NERO;KG;74,25;1169,44
NASTRIFICIO ALBERT BONATI SRL;;;;;
NASTRIFICIO ALBERT BONATI SRL;PF0700156/103661000;156/1  RIT 300 S PA 66 - GREGGIO;KG;148,79000043869;2480,84
NASTRIFICIO ALBERT BONATI SRL;PF0700LU1400XP61000;140 LUCIDO RIT 200 S PA 6 - GREGGIO;KG;147,090000152588;2204,99
TAFER dei Fratelli Tanzini G. & F. SNC;;;kg;9120;2280
ANDREONI SRL;;;;;
ANDREONI SRL;PF0706040/10A661001;40/1 ELAS APE PA 66 - BEIGE 44/13/1;KG;1;100
ANDREONI SRL;PF0706070/10A661000;70/1 ELAS APE PA 66 - BEIGE 78/23/1;KG;1;100
ANDREONI SRL;PF0706070/10A661003;70/1 ELAS APE PA 66 - NERO GS005;KG;254,690000534058;3438,38
ANDREONI SRL;PF0706443410I661002;44/34/1 ELAS INT. PA 66 - BEIGE 44/34/1;KG;1;100
DORINI SRL;;;NR;;14
DORINI SRL;;;;;
DORINI SRL;PF0709070/40XEX1000;70/4 ELAS RIT FLEXI PA 66 - BIANCO CA010;KG;1;30
DORINI SRL;PF0709070/40XEX1001;70/4 ELAS RIT FLEXI PA 66 - NERO GS005;KG;1;30
DORINI SRL;PF0709070/40XEX1002;70/4 ELAS RIT FLEXI PA 66 - GIALLO G209;KG;1;30
DORINI SRL;PF0709070/40XEX1003;70/4 ELAS RIT FLEXI PA 66 - BIANCO GREGGIO TINTO;KG;2;60
DORINI SRL;PF0709070/40XEX1004;70/4 ELAS RIT FLEXI PA 66 - VERDE ACIDO A CAMP.;KG;3;60
INNEX SRL;;;;;
INNEX SRL;PF0712070/40XP61000;70/4 ELAS RIT PA 6 - GREGGIO;KG;9,55000019073486;76,4
PLEAS S.R.O.;;;;;
PLEAS S.R.O.;PF0714055360APF1000;55/36 SO APE LEGG INT PES - BLAU BS266;KG;44,4299993515015;533,16
PLEAS S.R.O.;PF0714055360APF1001;55/36 SO APE LEGG INT PES - SCHWARZ GS005;KG;101,959998369217;1223,52
PLEAS S.R.O.;PF0714055360APF1002;55/36 SO APE LEGG INT PES - WHITE CA010;KG;100,219999313354;1102,42
PLEAS S.R.O.;PF0714055360APF1003;55/36 SO APE LEGG INT PES - FUNGI MB400;KG;100,05999994278;1200,72
PLEAS S.R.O.;PF0714055360APF1004;55/36 SO APE LEGG INT PES - SUMMER FIG GA166;KG;98,7300000190735;1184,76
NASTROTESSILE ITALIANA SRL;;;;;
NASTROTESSILE ITALIANA SRL;PF0718235320MP61000;235/32 HT LUC RIT 200 GIRI PA 6 - GREGGIO;KG;3,07999992370605;36,96
NASTROTESSILE ITALIANA SRL;PF0718470480MP61000;470/48 HT LUC RIT 180 GIRI PA 6 - GREGGIO;KG;4,03999996185303;47,27
IHLE STRUMPF GMBH;;;;;
IHLE STRUMPF GMBH;PF0720040/20XEX1002;40/2 ELAS RIT FLEXI PA 66 - GC299;KG;57,670000910759;807,38
IHLE STRUMPF GMBH;PF0720070/20XEX1000;70/2 ELAS RIT FLEXI PA 66 - RV646;KG;40,039999961853;520,52
IHLE STRUMPF GMBH;PF0720070/20XEX1001;70/2 ELAS RIT FLEXI PA 66 - ZZZ (BEIGE);KG;100,829999923706;1337,79
IHLE STRUMPF GMBH;PR07200010;;;0;351,26
Tessuti DU-BEL s.r.l. a socio unico;;;;;
Tessuti DU-BEL s.r.l. a socio unico;PF0721100/20XP61000;100/2 ELAS RIT PA 6 - GREGGIO;KG;748,069998264313;6358,71
Calzificio Conte Di Conte Rodolfo;;;;;
Calzificio Conte Di Conte Rodolfo;PF0723040/20XFL1000;40/2 ELAS RIT FLEXY PA 6 - NERO;KG;50,8199992179871;609,84
Calzificio Conte Di Conte Rodolfo;PF0723040/20XFL1001;40/2 ELAS RIT FLEXY PA 6 - BLU NOTTE 111;KG;48,209999024868;578,52
Calzificio Conte Di Conte Rodolfo;PF0723040/20XFL1002;40/2 ELAS RIT FLEXY PA 6 - GREGGIO;KG;5,82000017166138;58,2
ALBA & CO di Potenza Lucialba ;;;;;
ALBA & CO di Potenza Lucialba ;PF0724040/20XFL1000;40/2 ELAS RIT FLEXY PA 6 - NERO GS005;KG;37,0300002098083;481,39
ALBA & CO di Potenza Lucialba ;PF0724040/20XFL1001;40/2 ELAS RIT FLEXY PA 6 - BLU NOTTE 111;KG;20,3699998855591;264,81
ALBA & CO di Potenza Lucialba ;PF0724040/20XFL1002;40/2 ELAS RIT FLEXY PA 6 - ANTRACITE 104;KG;20,2299995422363;262,99
POTENZA SOCKS SOCIETA' COOPERATIVA;;;KG;96,0699996948242;-768,56
POTENZA SOCKS SOCIETA' COOPERATIVA;;;;0;0
POTENZA SOCKS SOCIETA' COOPERATIVA;PF0725040/20XEX1001;40/2 ELAS RIT FLEXI PA 66 - BS185 - BLU NOTTE 111;KG;118,619999408722;1565,79
POTENZA SOCKS SOCIETA' COOPERATIVA;PF0725040/20XEX1002;40/2 ELAS RIT FLEXI PA 66 - NERO;KG;103,060001373291;1360,39
POTENZA SOCKS SOCIETA' COOPERATIVA;PF0725040/20XFL1002;40/2 ELAS RIT FLEXY PA 6 - NERO;KG;18,3199996948242;219,84
POTENZA SOCKS SOCIETA' COOPERATIVA;PF0725786820BMP1000;78/68/2  BIN MICRO PA 6 - GREGGIO;KG;985,289998054504;7882,32
GRUPPO DONDI SPA;;;;;
GRUPPO DONDI SPA;PF0727LUC700XP61000;78/18 LUCIDO RIT 300 S PA 6 - GREGGIO;KG;47,4200000762939;806,14
C&Ld S.R.L.;;;;;
C&Ld S.R.L.;PF0728070/20XFL1000;70/2 ELAS RIT FLEXY PA 6 - CA010 - 001 CANDIDO;KG;31,0500001907349;335,34
C&Ld S.R.L.;PF0728070/20XFL1001;70/2 ELAS RIT FLEXY PA 6 - ROSA A CAMPIONE;KG;1;50
C&Ld S.R.L.;PF0728070/20XFL1002;70/2 ELAS RIT FLEXY PA 6 - NERO GS005;KG;59,0900000333786;638,17
C&Ld S.R.L.;PF0728070/20XP61000;70/2 ELAS RIT PA 6 - CA010 - 001 CANDIDO;KG;21,7000007629395;234,36
NYTEX SRL;;;;;
NYTEX SRL;PFD041070/10AP61021;70/1 ELAS APE PA 6 - 300 GIALLO FLUO;KG;55,1099989414215;688,88
NYTEX SRL;PRD0410006;;;0;41,33
B.EMME. GI. TESSITURA SNC;;;NR;1;-560
B.EMME. GI. TESSITURA SNC;;;;;
B.EMME. GI. TESSITURA SNC;PFD570070/10AEX1003;70/1 EL AP FLEXI PA 66 - BORDO' A CAMPIONE;KG;17,7800002098083;248,92
B.EMME. GI. TESSITURA SNC;PFD570070/20XFL1001;70/2 ELAS RIT FLEXY PA 6 - NERO GS005;KG;12,4399995803833;136,84
B.EMME. GI. TESSITURA SNC;PFD570070/20XP61000;70/2 ELAS RIT PA 6 - PANNA A CAMPIONE;KG;19,7000000476837;216,7
B.EMME. GI. TESSITURA SNC;PFD570070/20XP61002;70/2 ELAS RIT PA 6 - NERO A CAMPIONE;KG;68,6599997282028;755,26