nome_cliente_10;codice_articolo_10;articolo_colore_10;unita_di_misura_10;quantita_10;imponibile_10
ARCOS SRL UNIPERSONALE;;;kg;202,860000610352;-1562,02
ARCOS SRL UNIPERSONALE;;;NR;100;-201,2
ARCOS SRL UNIPERSONALE;;;;;
ARCOS SRL UNIPERSONALE;PF0003070/20X661000;70/2 ELAS RIT PA 66 - GRIGIO 818;KG;170,130000829697;1439,3
ARCOS SRL UNIPERSONALE;PF0003070/20X661001;70/2 ELAS RIT PA 66 - GRIGIO 981/A;KG;135,5;1162,95
ARCOS SRL UNIPERSONALE;PF0003070/20X661002;70/2 ELAS RIT PA 66 - GRIGIO 801/B;KG;59,2600011825562;501,34
ARCOS SRL UNIPERSONALE;PF0003070/20X661003;70/2 ELAS RIT PA 66 - GRIGIO 422/C;KG;150,560000896454;1310,57
ARCOS SRL UNIPERSONALE;PF0003070/20X661004;70/2 ELAS RIT PA 66 - ARANCIO 208;KG;128,250000238419;1084,99
ARCOS SRL UNIPERSONALE;PF0003070/20X661005;70/2 ELAS RIT PA 66 - BEIGE 336;KG;58;490,67
ARCOS SRL UNIPERSONALE;PF0003070/20X661006;70/2 ELAS RIT PA 66 - FUXIA 340;KG;104,25;898,83
ARCOS SRL UNIPERSONALE;PF0003070/20X661007;70/2 ELAS RIT PA 66 - PETROLIO 4007;KG;61,5999991893768;521,13
ARCOS SRL UNIPERSONALE;PF0003070/20X661008;70/2 ELAS RIT PA 66 - ROSSO 355;KG;210,800000667572;1783,36
ARCOS SRL UNIPERSONALE;PF0003070/20X661009;70/2 ELAS RIT PA 66 - BLU 636;KG;205,909999847412;1742,01
ARCOS SRL UNIPERSONALE;PF0003070/20X661010;70/2 ELAS RIT PA 66 - ROYAL 600;KG;207,470001220703;1755,21
ARCOS SRL UNIPERSONALE;PF0003070/20X661011;70/2 ELAS RIT PA 66 - NERO 999;KG;1131,42999982834;9857,86
ARCOS SRL UNIPERSONALE;PF0003070/20X661012;70/2 ELAS RIT PA 66 - GIALLO 123;KG;85,1699995994568;720,54
ARCOS SRL UNIPERSONALE;PF0003070/20X661013;70/2 ELAS RIT PA 66 - CANDIDO;KG;351,539999008179;2974,04
ARCOS SRL UNIPERSONALE;PF0003070/20X661014;70/2 ELAS RIT PA 66 - VINACCIA 331;KG;34,2499995231628;289,75
ARCOS SRL UNIPERSONALE;PF0003070/20X661015;70/2 ELAS RIT PA 66 - VERDE 456;KG;34,4400000572205;291,36
ARCOS SRL UNIPERSONALE;PF0003070/20X661017;70/2 ELAS RIT PA 66 - VERDE 459/B;KG;46,5599994659424;393,9
ARCOS SRL UNIPERSONALE;PF0003070/20X661018;70/2 ELAS RIT PA 66 - CELESTE 500;KG;81,460000038147;705
ARCOS SRL UNIPERSONALE;PF0003070/20X661019;70/2 ELAS RIT PA 66 - VIOLA 701;KG;35,0400004386902;296,45
ARCOS SRL UNIPERSONALE;PF0003070/20X661020;70/2 ELAS RIT PA 66 - GRIGIO 807;KG;65,6800012588501;555,65
ARCOS SRL UNIPERSONALE;PF0003070/20X661021;70/2 ELAS RIT PA 66 - MATTONE 335;KG;66,8699998855591;565,73
ARCOS SRL UNIPERSONALE;PF0003070/20X661022;70/2 ELAS RIT PA 66 - VERDE 409;KG;109,66999912262;944,62
ARCOS SRL UNIPERSONALE;PF0003070/20X661023;70/2 ELAS RIT PA 66 - GRIGIO 803;KG;61,1100006103516;516,99
ARCOS SRL UNIPERSONALE;PF0003070/20X661024;70/2 ELAS RIT PA 66 - GRIGIO 819;KG;186,509999632835;1602,62
ARCOS SRL UNIPERSONALE;PF0003070/20X661025;70/2 ELAS RIT PA 66 - VERDE 461;KG;44,1699998378754;373,68
ARCOS SRL UNIPERSONALE;PF0003070/20X661026;70/2 ELAS RIT PA 66 - BORDO' 338;KG;44,2699999809265;374,52
ARCOS SRL UNIPERSONALE;PF0003070/20X661027;70/2 ELAS RIT PA 66 - ARANCIO 351;KG;44,840000629425;379,34
ARCOS SRL UNIPERSONALE;PF0003070/20X661033;70/2 ELAS RIT PA 66 - ROSA 322;KG;31,1200008392334;263,28
ARCOS SRL UNIPERSONALE;PF0003070/20X661034;70/2 ELAS RIT PA 66 - VIOLA 709;KG;61,3400001525879;518,93
ARCOS SRL UNIPERSONALE;PF0003070/20X661035;70/2 ELAS RIT PA 66 - BORDO' 308;KG;83,6200008392334;724,28
ARCOS SRL UNIPERSONALE;PF0003070/20X661036;70/2 ELAS RIT PA 66 - MATTONE 345;KG;40,4199998378754;341,96
ARCOS SRL UNIPERSONALE;PF0003070/20X661037;70/2 ELAS RIT PA 66 - VERDINO 411;KG;39,8299999237061;352,9
ARCOS SRL UNIPERSONALE;PF0003070/20X661038;70/2 ELAS RIT PA 66 - ROSA 303;KG;82,5399994850159;731,32
ARCOS SRL UNIPERSONALE;PF0003070/20X661040;70/2 ELAS RIT PA 66 - CELESTE 521;KG;55,4899997711182;491,65
ARCOS SRL UNIPERSONALE;PF0003070/20X661041;70/2 ELAS RIT PA 66 - ORO 225;KG;44,0900001525879;390,64
ARCOS SRL UNIPERSONALE;PF0003070/20X661042;70/2 ELAS RIT PA 66 - NERO 010;KG;202,860000610352;1562,03
ARCOS SRL UNIPERSONALE;PF0003070/20X661043;70/2 ELAS RIT PA 66 - ROSSO 305;KG;61,2999992370605;543,12
ARCOS SRL UNIPERSONALE;PF0003070/20X661045;70/2 ELAS RIT PA 66 - ROSSO 356;KG;104,880001544952;929,24
ARCOS SRL UNIPERSONALE;PF00030CAMP0X661028;CAMPIONATURA RIT PA 66 - CELESTE 508/B;KG;0,180000007152557;30
ARCOS SRL UNIPERSONALE;PF00030CAMP0X661029;CAMPIONATURA RIT PA 66 - VIOLA 727/B;KG;0,180000007152557;30
ARCOS SRL UNIPERSONALE;PF00030CAMP0X661030;CAMPIONATURA RIT PA 66 - GRIGIO 803/B;KG;0,180000007152557;30
ARCOS SRL UNIPERSONALE;PF00030CAMP0X661031;CAMPIONATURA RIT PA 66 - GRIGIO 818/B;KG;0,180000007152557;30
ARCOS SRL UNIPERSONALE;PF00030CAMP0X661032;CAMPIONATURA RIT PA 66 - GRIGIO 808/B;KG;0,310000002384186;30
ARCOS SRL UNIPERSONALE;PF00030CAMP0X661033;CAMPIONATURA RIT PA 66 - ROSA 322;KG;0,560000002384186;30
ARCOS SRL UNIPERSONALE;PF0003100/20X661003;100/2 ELAS RIT PA 66 - GRIGIO 422/C;KG;39,710000038147;331,97
ARCOS SRL UNIPERSONALE;PF0003100/20X661028;100/2 ELAS RIT PA 66 - CELESTE 508/B;KG;49,5900001525879;414,58
ARCOS SRL UNIPERSONALE;PF0003100/20X661029;100/2 ELAS RIT PA 66 - VIOLA 727/B;KG;64,010000705719;535,13
ARCOS SRL UNIPERSONALE;PF0003100/20X661030;100/2 ELAS RIT PA 66 - GRIGIO 803/B;KG;37,6500000953674;314,75
ARCOS SRL UNIPERSONALE;PF0003100/20X661031;100/2 ELAS RIT PA 66 - GRIGIO 818/B;KG;38,3600001335144;320,69
ARCOS SRL UNIPERSONALE;PF0003100/20X661032;100/2 ELAS RIT PA 66 - GRIGIO 808/B;KG;99,289999961853;830,07
ARCOS SRL UNIPERSONALE;PF0003100/40X661013;100/4 ELAS RIT PA 66 - CANDIDO;KG;79,689998626709;731,56
ARCOS SRL UNIPERSONALE;PF0003100/40X661016;100/4 ELAS RIT PA 66 - BLU 630;KG;19,4899997711182;171,12
ARCOS SRL UNIPERSONALE;PF0003100/40X661035;100/4 ELAS RIT PA 66 - BORDO' 308;KG;37,7100005149841;346,18
ARCOS SRL UNIPERSONALE;PF0003100/40X661039;100/4 ELAS RIT PA 66 - AZZURRO 610;KG;23,8000001907349;218,48
CALZE BENEDUCI SRL;;;;;
CALZE BENEDUCI SRL;PF0005784610XTC1000;78/46/1 ELAS RIT TACTEL - BIANCO;KG;8,60000038146973;111,8
CALZIFICIO BONADEI SRL;;;;;
CALZIFICIO BONADEI SRL;PF0006070/10X661000;70/1 ELAS RIT PA 66 - GRIGIO 4303;KG;226,110000133514;2076,33
CALZIFICIO BONADEI SRL;PF0006070/10X661001;70/1 ELAS RIT PA 66 - ANTRACITE 35;KG;167,140000343323;1546,99
CALZIFICIO BONADEI SRL;PF0006070/10X661002;70/1 ELAS RIT PA 66 - AVIO 9923;KG;72,2600002288818;653,96
CALZIFICIO BONADEI SRL;PF0006070/10X661003;70/1 ELAS RIT PA 66 - MARRONE CHIARO;KG;220,050000667572;2024,57
CALZIFICIO BONADEI SRL;PF0006070/10X661004;70/1 ELAS RIT PA 66 - OTTANIO;KG;28,2400007247925;255,57
CALZIFICIO BONADEI SRL;PF0006070/10X661006;70/1 ELAS RIT PA 66 - OLIVA SCURO;KG;69,9000005722046;632,59
CALZIFICIO BONADEI SRL;PF0006070/10X661008;70/1 ELAS RIT PA 66 - NOCCIOLA;KG;168,179998397827;1557,46
CALZIFICIO BONADEI SRL;PF0006070/10X661009;70/1 ELAS RIT PA 66 - RAPA;KG;79,9000000953674;723,1
CALZIFICIO BONADEI SRL;PF0006070/10X661010;70/1 ELAS RIT PA 66 - TESTA MORO;KG;80,0100016593933;724,09
CALZIFICIO BONADEI SRL;PF0006070/10X661011;70/1 ELAS RIT PA 66 - GRIGIO 4448;KG;80,7499980926514;730,79
CALZIFICIO BONADEI SRL;PF0006070/10X661013;70/1 ELAS RIT PA 66 - ARANCIO 663;KG;14,4300003051758;136,36
CALZIFICIO BONADEI SRL;PF0006070/10X661015;70/1 ELAS RIT PA 66 - ANTRACITE CHIARO;KG;62,4399995803833;590,06
CALZIFICIO BONADEI SRL;PF0006070/20X661000;70/2 ELAS RIT PA 66 - GRIGIO 4303;KG;38,3099999427795;329,46
CALZIFICIO BONADEI SRL;PF0006070/20X661003;70/2 ELAS RIT PA 66 - MARRONE CHIARO;KG;82,4100017547607;708,72
CALZIFICIO BONADEI SRL;PF0006070/20X661004;70/2 ELAS RIT PA 66 - OTTANIO;KG;29,5699996948242;242,48
CALZIFICIO BONADEI SRL;PF0006070/20X661005;70/2 ELAS RIT PA 66 - BLUETTE;KG;19,9500002861023;163,59
CALZIFICIO BONADEI SRL;PF0006070/20X661006;70/2 ELAS RIT PA 66 - OLIVA SCURO;KG;52,039999961853;426,73
CALZIFICIO BONADEI SRL;PF0006070/20X661007;70/2 ELAS RIT PA 66 - OLIVA CHIARO;KG;78,1499996185303;640,84
CALZIFICIO BONADEI SRL;PF0006070/20X661008;70/2 ELAS RIT PA 66 - NOCCIOLA;KG;85,939998626709;704,72
CALZIFICIO BONADEI SRL;PF0006070/20X661011;70/2 ELAS RIT PA 66 - GRIGIO 4448;KG;84,5;726,7
CALZIFICIO BONADEI SRL;PF0006070/20X661012;70/2 ELAS RIT PA 66 - ROSSO CAMP 2;KG;63,8500010967255;523,56
CALZIFICIO BONADEI SRL;PF0006070/20X661013;70/2 ELAS RIT PA 66 - ARANCIO 663;KG;30,6200008392334;263,34
CALZIFICIO BONADEI SRL;PF0006070/20X661014;70/2 ELAS RIT PA 66 - VIOLA;KG;42,1099996566772;362,15
CIOCCA SPA;;;NR;0;0
CIOCCA SPA;;;KG;64,0699996948242;-826,5
CIOCCA SPA;;;;;
CIOCCA SPA;PF0008040/20X660001;40/2 ELAS RIT PA 66 - GREGGIO;KG;850,490003585815;6508,58
CIOCCA SPA;PF0008040/20X661000;40/2 ELAS RIT PA 66 - MORO 81;KG;293,710000514984;3419,88
CIOCCA SPA;PF0008040/20X661001;40/2 ELAS RIT PA 66 - NERO 20;KG;1450,0500023365;17098,94
CIOCCA SPA;PF0008040/20X661002;40/2 ELAS RIT PA 66 - BLU NOTTE 85;KG;1168,67000460625;13763,28
CIOCCA SPA;PF0008040/20X661003;40/2 ELAS RIT PA 66 - GRIGIO TOPO 88;KG;301,000001907349;3515,17
CIOCCA SPA;PF0008040/20X661004;40/2 ELAS RIT PA 66 - ANTRACITE 89;KG;677,557001948357;7939,55
CIOCCA SPA;PF0008040/20X661005;40/2 ELAS RIT PA 66 - BORDO' 58;KG;140,769999504089;1633,03
CIOCCA SPA;PF0008040/20X661006;40/2 ELAS RIT PA 66 - INDACO 728;KG;32,3400011062622;371,92
CIOCCA SPA;PF0008040/20X661008;40/2 ELAS RIT PA 66 - CORDA 06;KG;133,270000934601;1574,87
CIOCCA SPA;PF0008040/20X661009;40/2 ELAS RIT PA 66 - ARGENTO 36;KG;68,3200001716614;800,29
CIOCCA SPA;PF0008040/20X661016;40/2 ELAS RIT PA 66 - SABBIA 03;KG;197,979999542236;2343,04
CIOCCA SPA;PF0008040/20X661022;40/2 ELAS RIT PA 66 - NATURALE 301;KG;33,8499994277954;402,81
CIOCCA SPA;PF0008040/20X661023;40/2 ELAS RIT PA 66 - AVIO 712;KG;37,4100012779236;445,18
CIOCCA SPA;PF0008040/20X661026;40/2 ELAS RIT PA 66 - BEIGE 111;KG;34,0000002384186;404,6
CIOCCA SPA;PF0008060/20X660001;60/2 ELAS RIT PA 66 - GREGGIO;KG;1367,41000032425;8579,28
CIOCCA SPA;PF0008060/20X661000;60/2 ELAS RIT PA 66 - MORO 81;KG;239,099999785423;2247,03
CIOCCA SPA;PF0008060/20X661001;60/2 ELAS RIT PA 66 - NERO 20;KG;2197,56999719143;20825,1
CIOCCA SPA;PF0008060/20X661002;60/2 ELAS RIT PA 66 - BLU NOTTE 85;KG;1843,73000049591;17505,78
CIOCCA SPA;PF0008060/20X661003;60/2 ELAS RIT PA 66 - GRIGIO TOPO 88;KG;426,549999713898;4015,37
CIOCCA SPA;PF0008060/20X661004;60/2 ELAS RIT PA 66 - ANTRACITE 89;KG;723,139999866486;6816,92
CIOCCA SPA;PF0008060/20X661005;60/2 ELAS RIT PA 66 - BORDO' 58;KG;148,80999982357;1407,13
CIOCCA SPA;PF0008060/20X661006;60/2 ELAS RIT PA 66 - INDACO 728;KG;57,8600006103516;550,71
CIOCCA SPA;PF0008060/20X661007;60/2 ELAS RIT PA 66 - BLU NAVY 77;KG;56,9899997711182;530,01
CIOCCA SPA;PF0008060/20X661008;60/2 ELAS RIT PA 66 - CORDA 06;KG;56,5199999809265;525,64
CIOCCA SPA;PF0008060/20X661009;60/2 ELAS RIT PA 66 - ARGENTO 36;KG;112,400001049042;1054,44
CIOCCA SPA;PF0008060/20X661013;60/2 ELAS RIT PA 66 - SACCO 105;KG;24,7199993133545;229,9
CIOCCA SPA;PF0008060/20X661014;60/2 ELAS RIT PA 66 - GHIACCIO 131;KG;60,6400002241135;576,84
CIOCCA SPA;PF0008060/20X661016;60/2 ELAS RIT PA 66 - SABBIA 03;KG;60,58999979496;575,37
CIOCCA SPA;PF0008060/20X661017;60/2 ELAS RIT PA 66 - NUBE 86;KG;90,9900007247925;859,41
CIOCCA SPA;PF0008060/20X661018;60/2 ELAS RIT PA 66 - BLUETTE 713;KG;30,7699995040894;286,16
CIOCCA SPA;PF0008060/20X661019;60/2 ELAS RIT PA 66 - AZZURRO 771;KG;28,5;265,06
CIOCCA SPA;PF0008060/20X661020;60/2 ELAS RIT PA 66 - MILITARE 42;KG;33,5;324,95
CIOCCA SPA;PF0008060/20X661021;60/2 ELAS RIT PA 66 - VIOLA 69;KG;32,050000667572;310,88
CIOCCA SPA;PF0008060/20X661022;60/2 ELAS RIT PA 66 - NATURALE 301;KG;32,389999628067;314,18
CIOCCA SPA;PF0008060/20X661024;60/2 ELAS RIT PA 66 - BIANCO 02;KG;31,5799999237061;306,33
CIOCCA SPA;PF0008060/20X661025;60/2 ELAS RIT PA 66 - SALVIA 43;KG;32,6599998474121;316,8
CIOCCA SPA;PF0008060/30X660001;60/3 ELAS RIT PA 66 - GREGGIO;KG;230,999997854233;2104,39
CIOCCA SPA;PF0008060/30X661001;60/3 ELAS RIT PA 66 - NERO 20;KG;271,70999956131;2696,71
CIOCCA SPA;PF0008060/30X661002;60/3 ELAS RIT PA 66 - BLU NOTTE 85;KG;125,620000243187;1245,54
CIOCCA SPA;PF0008060/30X661003;60/3 ELAS RIT PA 66 - GRIGIO TOPO 88;KG;92,6799998283386;924,62
CIOCCA SPA;PF0008060/30X661004;60/3 ELAS RIT PA 66 - ANTRACITE 89;KG;96,6199996471405;964,03
CIOCCA SPA;PF0008060/30X661007;60/3 ELAS RIT PA 66 - BLU NAVY 77;KG;28,8000001907349;290,88
CIOCCA SPA;PF0008060/30X661009;60/3 ELAS RIT PA 66 - ARGENTO 36;KG;43,1299996376038;435,61
CIOCCA SPA;PF000844/340X661009;44/34/2 ELAS RIT PA 66 - ARGENTO 36;KG;31,2699995040894;403,39
CIOCCA SPA;PF000844/340X661010;44/34/2 ELAS RIT PA 66 - NERO 20;KG;328,819998502731;4182,61
CIOCCA SPA;PF000844/340X661011;44/34/2 ELAS RIT PA 66 - BLU NOTTE 85;KG;385,250000357628;4903,31
CIOCCA SPA;PF000844/340X661012;44/34/2 ELAS RIT PA 66 - ANTRACITE 89;KG;253,550002336502;3233,71
CIOCCA SPA;PF000844/340X661015;44/34/2 ELAS RIT PA 66 - CORDA 06;KG;62,5599991083145;796,57
CIOCCA SPA;PF0008563420X661010;56/34/2 ELAS RIT PA 66 - NERO 20;KG;126,590000629425;1691,52
CALZIFICIO DE PIO di Chiaruttini & C. Snc.;;;;;
CALZIFICIO DE PIO di Chiaruttini & C. Snc.;PF0009020/20X661000;20/2 ELAS RIT PA 66 - OTTANIO 048;KG;2,58500003814697;45,07
CALZIFICIO DE PIO di Chiaruttini & C. Snc.;PF0009020/20X661001;20/2 ELAS RIT PA 66 - VIOLA 03;KG;3,42499995231628;59,51
CALZIFICIO DE PIO di Chiaruttini & C. Snc.;PF0009020/20X661002;20/2 ELAS RIT PA 66 - AVORIO;KG;2,88499999046326;50,11
CALZIFICIO DE PIO di Chiaruttini & C. Snc.;PF0009040/20X661009;40/2 ELAS RIT PA 66 - RV466 - PINK;KG;29,2799987792969;336,53
CALZIFICIO DE PIO di Chiaruttini & C. Snc.;PF0009070/10X661000;70/1 ELAS RIT PA 66 - OTTANIO 048;KG;41,8800001144409;404,95
CALZIFICIO DE PIO di Chiaruttini & C. Snc.;PF0009070/10X661001;70/1 ELAS RIT PA 66 - VIOLA 03;KG;19,7699995040894;186,83
CALZIFICIO DE PIO di Chiaruttini & C. Snc.;PF0009070/10X661002;70/1 ELAS RIT PA 66 - AVORIO;KG;19,6300001144409;185,51
CALZIFICIO DE PIO di Chiaruttini & C. Snc.;PF0009070/10X661003;70/1 ELAS RIT PA 66 - ANTRACITE B004;KG;26,5600004196167;251
CALZIFICIO DE PIO di Chiaruttini & C. Snc.;PF0009070/10X661004;70/1 ELAS RIT PA 66 - NERO;KG;120,460001945496;1160,7
CALZIFICIO DE PIO di Chiaruttini & C. Snc.;PF0009070/10X661005;70/1 ELAS RIT PA 66 - MORO C009;KG;28,9200000762939;273,29
CALZIFICIO DE PIO di Chiaruttini & C. Snc.;PF0009070/10X661006;70/1 ELAS RIT PA 66 - BLU EX0017;KG;59,0599994659424;569,58
CALZIFICIO DE PIO di Chiaruttini & C. Snc.;PF0009070/10X661007;70/1 ELAS RIT PA 66 - GRIGIO 8-3-07;KG;59,5200004577637;576,56
CALZIFICIO DE PIO di Chiaruttini & C. Snc.;PF0009070/20X661000;70/2 ELAS RIT PA 66 - OTTANIO 048;KG;19,4549999237061;234,05
CALZIFICIO DE PIO di Chiaruttini & C. Snc.;PF0009070/20X661001;70/2 ELAS RIT PA 66 - VIOLA 03;KG;13,9649999141693;186,11
CALZIFICIO DE PIO di Chiaruttini & C. Snc.;PF0009070/20X661002;70/2 ELAS RIT PA 66 - AVORIO;KG;14,9349999427795;199,26
CALZIFICIO DE PIO di Chiaruttini & C. Snc.;PF0009070/20X661003;70/2 ELAS RIT PA 66 - ANTRACITE B004;KG;1,82000005245209;15,14
CALZIFICIO DE PIO di Chiaruttini & C. Snc.;PF0009070/20X661004;70/2 ELAS RIT PA 66 - NERO;KG;20,8999996185303;176,43
CALZIFICIO DE PIO di Chiaruttini & C. Snc.;PF0009070/20X661005;70/2 ELAS RIT PA 66 - MORO C009;KG;5;41,6
CALZIFICIO DE PIO di Chiaruttini & C. Snc.;PF0009070/20X661007;70/2 ELAS RIT PA 66 - GRIGIO 8-3-07;KG;15,6300001144409;136,29
CALZIFICIO DE PIO di Chiaruttini & C. Snc.;PF0009070/20X661009;70/2 ELAS RIT PA 66 - RV466 - PINK;KG;6,19000005722046;53,98
CALZIFICIO DE PIO di Chiaruttini & C. Snc.;PF0009132010ALP1008;13 + 20/1 APE LYCRA+PA 66 - GRIGIO MEDIO 9;KG;29,1499998569489;1090,21
CALZIFICIO DE PIO di Chiaruttini & C. Snc.;PR00090004;;;0;40
DOLCI CALZE 2 SRL;;;;;
DOLCI CALZE 2 SRL;PF0010060/20X661000;60/2 ELAS RIT PA 66 - CANDIDO;KG;31,2719993591309;290,91
DOLCI CALZE 2 SRL;PF0010060/20X661001;60/2 ELAS RIT PA 66 - NERO;KG;1094,30899715424;10371,83
DOLCI CALZE 2 SRL;PF0010060/20X661002;60/2 ELAS RIT PA 66 - MORO;KG;228,810000896454;2162,75
DOLCI CALZE 2 SRL;PF0010060/20X661003;60/2 ELAS RIT PA 66 - ECRU';KG;205,019999980927;1945,15
DOLCI CALZE 2 SRL;PF0010060/20X661004;60/2 ELAS RIT PA 66 - ANTRACITE 31;KG;58,6399993896484;545,37
DOLCI CALZE 2 SRL;PF0010060/20X661005;60/2 ELAS RIT PA 66 - BORDO';KG;27,2200002074242;253,15
DOLCI CALZE 2 SRL;PF0010060/20X661006;60/2 ELAS RIT PA 66 - FUME';KG;401,25;3808,11
DOLCI CALZE 2 SRL;PF0010060/20X661007;60/2 ELAS RIT PA 66 - BLEU 29;KG;112,490000724792;1071,09
DOLCI CALZE 2 SRL;PF0010060/20X661008;60/2 ELAS RIT PA 66 - GRIGIO 11;KG;55,0899996757507;512,34
DOLCI CALZE 2 SRL;PF0010060/20X661009;60/2 ELAS RIT PA 66 - SABBIA;KG;33,1300010681152;321,36
DOLCI CALZE 2 SRL;PF0010060/20X661010;60/2 ELAS RIT PA 66 - FUCSIA;KG;31,4500002861023;305,07
DOLCI CALZE 2 SRL;PF0010060/20X661011;60/2 ELAS RIT PA 66 - MARRONE INTENSO;KG;31,7400007247925;307,88
DOLCI CALZE 2 SRL;PF0010060/20X661012;60/2 ELAS RIT PA 66 - MARRONE SPENTO;KG;31,8699998855591;309,14
DOLCI CALZE 2 SRL;PF0010060/20X661013;60/2 ELAS RIT PA 66 - ARANCIO;KG;32,789999961853;318,07
DOLCI CALZE 2 SRL;PF0010060/20X661014;60/2 ELAS RIT PA 66 - AZZURRO;KG;31,9499998092651;309,91
DOLCI CALZE 2 SRL;PF0010060/20X661015;60/2 ELAS RIT PA 66 - RUBINO;KG;31,5300002098083;305,84
DUBLO SRL;;;;;
DUBLO SRL;PF001167/200K661000;67/20 LISCIO VOILE RIT 450 GIRI PA 66 - MARRONE 090;KG;571,374999046326;6484,64
DUBLO SRL;PF001167/200K661001;67/20 LISCIO VOILE RIT 450 GIRI PA 66 - BLEU 051;KG;1182,32299923897;13414,37
DUBLO SRL;PF001167/200K661002;67/20 LISCIO VOILE RIT 450 GIRI PA 66 - NERO 002;KG;1387,88000392914;15764,96
DUBLO SRL;PF001167/200K661003;67/20 LISCIO VOILE RIT 450 GIRI PA 66 - ANTRACITE 082;KG;861,849998354912;9750,97
DUBLO SRL;PF001167/200K661004;67/20 LISCIO VOILE RIT 450 GIRI PA 66 - SABBIA 030;KG;177,590001106262;2017,55
DUBLO SRL;PF001167/200K661005;67/20 LISCIO VOILE RIT 450 GIRI PA 66 - GRIGIO MEDIO 084;KG;244,659998416901;1167,19
DUBLO SRL;PF001167/200K661006;67/20 LISCIO VOILE RIT 450 GIRI PA 66 - BIANCO 001;KG;136,829998493195;1546,85
DUBLO SRL;PF001167/200K661007;67/20 LISCIO VOILE RIT 450 GIRI PA 66 - CASTORO 016;KG;145,039997458458;1668,92
DUBLO SRL;PF001167/200K661008;67/20 LISCIO VOILE RIT 450 GIRI PA 66 - VERDE SALVIA 192;KG;105,579998493195;1210,47
DUBLO SRL;PF001167/200K661009;67/20 LISCIO VOILE RIT 450 GIRI PA 66 - BLU CHIARO 056;KG;108,300000429153;1256,28
ECOFIL NEW CO. SRL;;;;;
ECOFIL NEW CO. SRL;PF0012100/20D661004;100/2 ELAS CUC 10000 PA 66 - COD. 844;KG;8,88000011444092;150
ECOFIL NEW CO. SRL;PF0012100/20X661000;100/2 ELAS RIT PA 66 - NUDO 246;KG;60,360000371933;527,05
ECOFIL NEW CO. SRL;PF0012100/20X661001;100/2 ELAS RIT PA 66 - NERO;KG;55,5299987792969;492,15
ECOFIL NEW CO. SRL;PF0012100/20X661002;100/2 ELAS RIT PA 66 - CANDIDO;KG;124,309998035431;1118,79
ECOFIL NEW CO. SRL;PF0012100/20X661003;100/2 ELAS RIT PA 66 - VIOLETTO 576;KG;46,6199998855591;419,58
FACI di Falzoni Luigi & C. SNC;;;;;
FACI di Falzoni Luigi & C. SNC;PF0026040/20X661004;40/2 ELAS RIT PA 66 - VIOLA 147 GS;KG;23,6999998092651;300,04
FACI di Falzoni Luigi & C. SNC;PF0026040/20X661006;40/2 ELAS RIT PA 66 - GLICINE 148 GS;KG;29,2299995422363;370,05
FACI di Falzoni Luigi & C. SNC;PF0026040/20X661007;40/2 ELAS RIT PA 66 - BIANCO LANA SCURO;KG;39,5599994659424;506,37
FACI di Falzoni Luigi & C. SNC;PF0026040/20X661009;40/2 ELAS RIT PA 66 - ROSA BABY 22 GS;KG;32,5999994277954;417,28
FACI di Falzoni Luigi & C. SNC;PF0026LU1400XP61010;140 LUCIDO RIT 200 S PA 6 - BIANCO;KG;74,270001411438;907,59
FACI di Falzoni Luigi & C. SNC;PF0026LUC700XP60001;70 LUCIDO RITORTO E FISSATO PA 6 - GREGGIO;KG;108,349999904633;1256,86
FACI di Falzoni Luigi & C. SNC;PF0026LUC700XP61000;70 LUCIDO RIT PA 6 - CANDIDO;KG;486,529997348785;6492,08
FACI di Falzoni Luigi & C. SNC;PF0026LUC700XP61001;70 LUCIDO RIT PA 6 - LANA SETA 02;KG;40,3299999237061;511,39
FACI di Falzoni Luigi & C. SNC;PF0026LUC700XP61002;70 LUCIDO RIT PA 6 - ROSA BABY GS22;KG;68,6900000572205;914,27
FACI di Falzoni Luigi & C. SNC;PF0026LUC700XP61003;70 LUCIDO RIT PA 6 - VIOLA 147 GS;KG;15,0799996852875;206,29
FACI di Falzoni Luigi & C. SNC;PF0026LUC700XP61005;70 LUCIDO RIT PA 6 - GLICINE 148 GS;KG;18,4000000953674;251,71
FACI di Falzoni Luigi & C. SNC;PF0026LUC700XP61008;70 LUCIDO RIT PA 6 - NERO;KG;118,900000572205;1646,76
FACI di Falzoni Luigi & C. SNC;PR00260001;;;0;7,22
FACI di Falzoni Luigi & C. SNC;PR00260004;;;0;160,02
GEMTEX SRL;;;;;
GEMTEX SRL;PF0028070/20X661001;70/2 ELAS RIT PA 66 - BLUETTE 142;KG;36,5799999237061;320,8
GEMTEX SRL;PF0028070/20X661002;70/2 ELAS RIT PA 66 - ARANCIO 62;KG;39,2299995422363;344,04
GEMTEX SRL;PF0028070/20X661004;70/2 ELAS RIT PA 66 - GRIGIO SCURO 27;KG;58,340000629425;511,65
GEMTEX SRL;PF0028LU1400XP61007;140 LUCIDO RIT 200 S PA 6 - ARGENTO;KG;144,219999790192;1946,99
GEMTEX SRL;PF0028V70/20V661000;70/2 VOLUMINIZZATO INTERL. PA 66 - BLU SCURO 122;KG;141,479999542236;1154,51
GEMTEX SRL;PF0028V70/20V661001;70/2 VOLUMINIZZATO INTERL. PA 66 - BLUETTE 142;KG;121,534999966621;15,21
GEMTEX SRL;PF0028V70/20V661002;70/2 VOLUMINIZZATO INTERL. PA 66 - ARANCIO 62;KG;139,029997825623;9,87
GEMTEX SRL;PF0028V70/20V661003;70/2 VOLUMINIZZATO INTERL. PA 66 - BLU 86;KG;39,6400003433228;329,02
GEMTEX SRL;PF0028V70/20V661004;70/2 VOLUMINIZZATO INTERL. PA 66 - GRIGIO SCURO 27;KG;102,680000305176;243,02
GEMTEX SRL;PF0028V70/20V661005;70/2 VOLUMINIZZATO INTERL. PA 66 - GRIGIO MEDIO 26;KG;62,590000629425;519,49
GLORIA MED SPA;;;;;
GLORIA MED SPA;PF0029020/20X661000;20/2 ELAS RIT PA 66 - BEIGE 36;KG;527,629997968674;9427,21
GLORIA MED SPA;PF0029030/10A661000;30/1 ELAS APE PA 66 - BEIGE 36;KG;1243,68999677896;13001,52
GLORIA MED SPA;PF0029030/10A661002;30/1 ELAS APE PA 66 - GS562 - NERO 60;KG;87,4099998474121;922,17
GLORIA MED SPA;PF0029030/10X661000;30/1 ELAS RIT PA 66 - BEIGE 36;KG;36,4200003147125;400,62
GLORIA MED SPA;PF0029030/10X661002;30/1 ELAS RIT PA 66 - GS562 - NERO 60;KG;19,2600002288818;211,86
GLORIA MED SPA;PF0029030/20X661000;30/2 ELAS RIT PA 66 - BEIGE 36;KG;48,0699994564056;697,03
GLORIA MED SPA;PF0029033200A661000;33/20/1 ELAS APE FLEXY PA 66 - BEIGE 36;KG;39,5300006866455;490,17
GLORIA MED SPA;PF0029040/20X661000;40/2 ELAS RIT PA 66 - BEIGE 36;KG;174,799999475479;2185,05
GLORIA MED SPA;PF0029040/20X661004;40/2 ELAS RIT PA 66 - GREGGIO TINTO;KG;49,2800006866455;625,86
GLORIA MED SPA;PF0029060/20X661001;60/2 ELAS RIT PA 66 - BEIGE 36;KG;528,04000043869;4852,89
GLORIA MED SPA;PF0029070/10X661000;70/1 ELAS RIT PA 66 - BEIGE 36;KG;822,460002422333;7991,88
GLORIA MED SPA;PF0029070/20X661001;70/2 ELAS RIT PA 66 - BEIGE 36;KG;828,670000314713;7128,14
GLORIA MED SPA;PF0029070/20X661002;70/2 ELAS RIT PA 66 - GS562 - NERO 60;KG;38,6100006103516;324,33
GLORIA MED SPA;PF0029070/20X661003;70/2 ELAS RIT PA 66 - BEIGE 060;KG;68,4499998092651;591,56
GLORIA MED SPA;PF0029070/20X661005;70/2 ELAS RIT PA 66 - CANDIDO;KG;15,91000020504;140,01
GLORIA MED SPA;PF0029078340X661000;78/34/1 ELAS RIT PA 66 - BEIGE 36;KG;27,8000001907349;294,68
GLORIA MED SPA;PF0029100/20X661001;100/2 ELAS RIT PA 66 - BEIGE 36;KG;688,669999361038;5780,67
GLORIA MED SPA;PF0029133320APM1000;33/20/1 ELASTEXT PA MICRO - BEIGE 36;KG;1;0
GLORIA MED SPA;PR00290004;;;0;30
LABORATORIO GRAZIA SRL;;;;;
LABORATORIO GRAZIA SRL;PF0030100/20X661000;100/2 ELAS RIT PA 66 - BIANCO;KG;48,8100004196167;410,01
LABORATORIO GRAZIA SRL;PF0030100/20X661001;100/2 ELAS RIT PA 66 - NERO;KG;78,5299997329712;670,58
LABORATORIO GRAZIA SRL;PF0030100/20X661002;100/2 ELAS RIT PA 66 - BLEU 1127;KG;50,0400004386902;420,33
LABORATORIO GRAZIA SRL;PF0030100/20X661003;100/2 ELAS RIT PA 66 - GRIGIO MEDIO;KG;49,5000004768372;415,8
IN LINE DI SMUSSI CHRISTIAN & C. S.N.C.;;;;;
IN LINE DI SMUSSI CHRISTIAN & C. S.N.C.;PF0031227020X660001;LYCRA+Pa66 (22+156/sz- 80giri) 163 Dtx - GREGGIO;KG;512,579997777939;5082,66
IN LINE DI SMUSSI CHRISTIAN & C. S.N.C.;PF0031227020X661000;LY+Pa66 (22+156/sz- 80g tinto) 163 Dtx - NERO;KG;626,549992918968;8751,37
IN LINE DI SMUSSI CHRISTIAN & C. S.N.C.;PF0031227020X661001;LY+Pa66 (22+156/sz- 80g tinto) 163 Dtx - GRIGIO SKIN;KG;144,520000338554;2010,41
IN LINE DI SMUSSI CHRISTIAN & C. S.N.C.;PF0031227020X661002;LY+Pa66 (22+156/sz- 80g tinto) 163 Dtx- BLUETTE;KG;212,790000200272;2951,55
IN LINE DI SMUSSI CHRISTIAN & C. S.N.C.;PF0031227020X661003;LY+Pa66 (22+156/sz- 80g tinto) 163 Dtx - BLU SKIN;KG;77,7099993228912;1078,12
IN LINE DI SMUSSI CHRISTIAN & C. S.N.C.;PF0031227020X661004;LY+Pa66 (22+156/sz- 80g tinto) 163 Dtx - ROSSO SKIN;KG;98,2999986410141;1360,08
INTERKNIT SRL;;;;;
INTERKNIT SRL;PF0032070/20X661000;70/2 ELAS RIT PA 66 -  CELESTE 30943 A039;KG;24,9099998474121;202,02
INTERKNIT SRL;PF0032070/20X661001;70/2 ELAS RIT PA 66 - GRIGIO ANTRACITE 310;KG;293,289999961853;2420,98
INTERKNIT SRL;PF0032070/20X661003;70/2 ELAS RIT PA 66 - FIOR DI LATTE;KG;25;212,75
INTERKNIT SRL;PF0032784620XTC1002;78/46/2 ELAS RIT TACTEL - 30389 NERO;KG;55,220000743866;588,09
INTERKNIT SRL;PR00320007;;;0;82,73
MICO SPORT SPA;;;KG;22,3500003814697;-203,39
MICO SPORT SPA;;;;;
MICO SPORT SPA;PF0034001630GLP1037;INVISIBILE (LY22+PA66) 163 DTX - BLU DRY;KG;47,4500007629395;676,17
MICO SPORT SPA;PF0034001630ILP0001;LYCRA+Pa66 (22+156/sz) 163 Dtx - GREGGIO;KG;223,329999923706;2152,91
MICO SPORT SPA;PF0034001630ILP1002;LYCRA+Pa66 (22+156/sz) 163 Dtx TINTO - GRIGIO 431/C;KG;323,590004920959;1854,1
MICO SPORT SPA;PF0034001630ILP1003;LYCRA+Pa66 (22+156/sz) 163 Dtx TINTO - NERO;KG;138,320001125336;1888,08
MICO SPORT SPA;PF0034001630ILP1018;LYCRA+Pa66 (22+156/sz) 163 Dtx TINTO - GRAFITE 9240;KG;95,8200006484985;1307,94
MICO SPORT SPA;PF0034001630ILP1038;LYCRA+Pa66 (22+156/sz) 163 Dtx TINTO - GREGGIO TINTO;KG;44,9200000762939;613,16
MICO SPORT SPA;PF0034001630ILP1045;LYCRA+Pa66 (22+156/sz) 163 Dtx TINTO - ROSSO 003;KG;47,2600002288818;654,55
MICO SPORT SPA;PF0034001630ILP1049;LYCRA+Pa66 (22+156/sz) 163 Dtx TINTO - VIOLA 23420;KG;29,4299993515015;419,38
MICO SPORT SPA;PF0034001630ILP1056;LYCRA+Pa66 (22+156/sz) 163 Dtx TINTO - ROSA 11;KG;21,7599992752075;310,08
MICO SPORT SPA;PF0034001630ILP1057;LYCRA+Pa66 (22+156/sz) 163 Dtx TINTO - GLICINE 11;KG;23,5799999237061;336,02
MICO SPORT SPA;PF0034001630ILP1058;LYCRA+Pa66 (22+156/sz) 163 Dtx TINTO - MARINE 11;KG;22,3499994277954;318,49
MICO SPORT SPA;PF0034040/20X661000;40/2 ELAS RIT PA 66 - NERO;KG;942,336001694202;11746,29
MICO SPORT SPA;PF0034040/20X661006;40/2 ELAS RIT PA 66 - FUMO 107;KG;179,107998847961;2229,33
MICO SPORT SPA;PF0034040/20X661008;40/2 ELAS RIT PA 66 - BLEU 1127;KG;225,940002441406;2799,18
MICO SPORT SPA;PF0034040/20X661009;40/2 ELAS RIT PA 66 - CANDIDO;KG;689,840000510216;8561,19
MICO SPORT SPA;PF0034040/20X661033;40/2 ELAS RIT PA 66 - VERDE ARMY;KG;42,5800008773804;542,9
MICO SPORT SPA;PF0034040/20X661056;40/2 ELAS RIT PA 66 - ROSA 11;KG;18,5200004577637;236,13
MICO SPORT SPA;PF0034040/20X661057;40/2 ELAS RIT PA 66 - GLICINE 11;KG;15,9200003147125;202,98
MICO SPORT SPA;PF0034040/20X661058;40/2 ELAS RIT PA 66 - MARINE 11;KG;16,5300004482269;210,76
MICO SPORT SPA;PF0034070/20A661000;INVISIBILE (LY22+PA66) 163 DTX - NERO;KG;191,010000228882;1175,62
MICO SPORT SPA;PF0034070/20X661000;70/2 ELAS RIT PA 66 - NERO;KG;1776,99999904633;15739,05
MICO SPORT SPA;PF0034070/20X661004;70/2 ELAS RIT PA 66 - GRAFITE 9240;KG;163,540001511574;1407,32
MICO SPORT SPA;PF0034070/20X661006;70/2 ELAS RIT PA 66 - FUMO 107;KG;206,427998542786;1779,78
MICO SPORT SPA;PF0034070/20X661007;70/2 ELAS RIT PA 66 - VIOLETTO 09;KG;42,3999996185303;360,41
MICO SPORT SPA;PF0034070/20X661008;70/2 ELAS RIT PA 66 - BLEU 1127;KG;761,315002202988;6698,74
MICO SPORT SPA;PF0034070/20X661009;70/2 ELAS RIT PA 66 - CANDIDO;KG;1144,20999979973;10096,05
MICO SPORT SPA;PF0034070/20X661010;70/2 ELAS RIT PA 66 - ROSSO 003;KG;97,4500007629395;854,16
MICO SPORT SPA;PF0034070/20X661011;70/2 ELAS RIT PA 66 - GRIGIO 2360;KG;40,6599998474121;370,02
MICO SPORT SPA;PF0034070/20X661015;70/2 ELAS RIT PA 66 - GRIGIO M;KG;443,650000333786;3919,34
MICO SPORT SPA;PF0034070/20X661016;70/2 ELAS RIT PA 66 - BLU UNIVERSO;KG;251,580001354218;2231,88
MICO SPORT SPA;PF0034070/20X661019;70/2 ELAS RIT PA 66 - ARGENTO 4;KG;82,6400003433228;725,5
MICO SPORT SPA;PF0034070/20X661020;70/2 ELAS RIT PA 66 - GRIGIO PELTRO;KG;207,700000286102;1816,72
MICO SPORT SPA;PF0034070/20X661023;70/2 ELAS RIT PA 66 - MUSCHIO;KG;38,1399998664856;324,19
MICO SPORT SPA;PF0034070/20X661024;70/2 ELAS RIT PA 66 - GRIGIO ECO;KG;74,4699990749359;659,08
MICO SPORT SPA;PF0034070/20X661025;70/2 ELAS RIT PA 66 - GRIGIO MEDIO 7717;KG;420,160002231598;3665,79
MICO SPORT SPA;PF0034070/20X661030;70/2 ELAS RIT PA 66 - VERDE CIPRESSO 06;KG;75,3600001335144;671,14
MICO SPORT SPA;PF0034070/20X661031;70/2 ELAS RIT PA 66 - POLVERE;KG;37,2399997711182;338,88
MICO SPORT SPA;PF0034070/20X661034;70/2 ELAS RIT PA 66 - AZZURRO 05;KG;84,3599996566772;742,57
MICO SPORT SPA;PF0034070/20X661040;70/2 ELAS RIT PA 66 - PLUMBEO;KG;41,3800001144409;351,74
MICO SPORT SPA;PF0034070/20X661042;70/2 ELAS RIT PA 66 - CICLAMINO 09;KG;41,8300008773804;355,57
MICO SPORT SPA;PF0034070/20X661048;70/2 ELAS RIT PA 66 - VERDE PINAL;KG;81,7199993133545;727,22
MICO SPORT SPA;PF0034070/20X661049;70/2 ELAS RIT PA 66 - VIOLA 23420;KG;42,8300004005432;372,63
MICO SPORT SPA;PF0034070/20X661052;70/2 ELAS RIT PA 66 - ROSA 14-2311;KG;41,7500009536743;379,93
MICO SPORT SPA;PF0034070/20X661055;70/2 ELAS RIT PA 66 - ROSSO GO;KG;42,460000038147;386,39
MICO SPORT SPA;PF0034070/20X661056;70/2 ELAS RIT PA 66 - ROSA 11;KG;23,6800003051758;215,49
MICO SPORT SPA;PF0034070/20X661057;70/2 ELAS RIT PA 66 - GLICINE 11;KG;26,1300001144409;237,78
MICO SPORT SPA;PF0034070/20X661058;70/2 ELAS RIT PA 66 - MARINE 11;KG;23,9699993133545;218,13
MICO SPORT SPA;PF0034070/40X661022;70/4 ELAS RIT PA 66 - GRIGIO CAMP;KG;40,6799993515015;404,77
MICO SPORT SPA;PF0034100/20X661000;100/2 ELAS RIT PA 66 - NERO;KG;669,769999504089;5755,56
MICO SPORT SPA;PF0034100/20X661004;100/2 ELAS RIT PA 66 - GRAFITE 9240;KG;136,239996910095;1154,22
MICO SPORT SPA;PF0034100/20X661005;100/2 ELAS RIT PA 66 - ACIDO 2662;KG;41,5699996948242;349,19
MICO SPORT SPA;PF0034100/20X661008;100/2 ELAS RIT PA 66 - BLEU 1127;KG;93,6699991226196;805,57
MICO SPORT SPA;PF0034100/20X661009;100/2 ELAS RIT PA 66 - CANDIDO;KG;751,290002822876;6531,07
MICO SPORT SPA;PF0034100/20X661010;100/2 ELAS RIT PA 66 - ROSSO 003;KG;489,000000476837;4249,9
MICO SPORT SPA;PF0034100/20X661011;100/2 ELAS RIT PA 66 - GRIGIO 2360;KG;217,739999771118;1879,54
MICO SPORT SPA;PF0034100/20X661022;100/2 ELAS RIT PA 66 - GRIGIO CAMP;KG;355,520003080368;3136,16
MICO SPORT SPA;PF0034100/20X661024;100/2 ELAS RIT PA 66 - GRIGIO ECO;KG;49,3800010681152;434,55
MICO SPORT SPA;PF0034100/20X661026;100/2 ELAS RIT PA 66 - ROSSO 2605;KG;46,3699991703033;389,51
MICO SPORT SPA;PF0034100/20X661027;100/2 ELAS RIT PA 66 - PAVONE 071;KG;44,8199996948242;376,49
MICO SPORT SPA;PF0034100/20X661032;100/2 ELAS RIT PA 66 - GRIGIO 431/C;KG;466,170003652573;4097,35
MICO SPORT SPA;PF0034100/20X661036;100/2 ELAS RIT PA 66 - BANDIERA 102;KG;46,909999370575;394,04
MICO SPORT SPA;PF0034100/20X661039;100/2 ELAS RIT PA 66 - CELESTE 4;KG;50,8299999237061;426,97
MICO SPORT SPA;PF0034100/20X661040;100/2 ELAS RIT PA 66 - PLUMBEO;KG;47,4300003051758;398,41
MICO SPORT SPA;PF0034100/20X661044;100/2 ELAS RIT PA 66 - GIALLO FLUO;KG;48,450001001358;406,98
MICO SPORT SPA;PF0034100/20X661047;100/2 ELAS RIT PA 66 - ARANCIO 10;KG;84,3999996185303;742,57
MICO SPORT SPA;PF0034100/20X661053;100/2 ELAS RIT PA 66 - AZZURRO 04 AS87;KG;96,5200004577637;840,91
MICO SPORT SPA;PF0034137010A661000;LYCRA+PA66 (13+ 078 TINTO) 83 DTX - NERO;KG;178,560001373291;451,89
MICO SPORT SPA;PF0034137010A661004;LYCRA+PA66 (13+ 078 TINTO) 83 DTX - GRAFITE 9240;KG;47,6300001144409;824
MICO SPORT SPA;PF0034137010A661007;LYCRA+PA66 (13+ 078 TINTO) 83 DTX - VIOLETTO 09;KG;29,0200004577637;507,85
MICO SPORT SPA;PF0034137010A661008;LYCRA+PA66 (13+ 078 TINTO) 83 DTX - BLEU 1127;KG;12,2800002098083;212,44
MICO SPORT SPA;PF0034137010A661019;LYCRA+PA66 (13+ 078 TINTO) 83 DTX - ARGENTO 4;KG;26,8900003433228;465,2
MICO SPORT SPA;PF0034137010A661056;LYCRA+PA66 (13+ 078 TINTO) 83 DTX - ROSA 11;KG;22,5499992370605;403,65
MICO SPORT SPA;PF0034137010A661057;LYCRA+PA66 (13+ 078 TINTO) 83 DTX - GLICINE 11;KG;22,289999961853;398,99
MICO SPORT SPA;PF0034137010A661058;LYCRA+PA66 (13+ 078 TINTO) 83 DTX - MARINE 11;KG;22;393,8
MICO SPORT SPA;PF0034224410A661004;LYCRA+PA66 (22+044 TINTO) 51 DTX  - GRAFITE 9240;KG;128,239998817444;2418,6
MICO SPORT SPA;PF0034224410A661010;LYCRA+PA66 (22+044 TINTO) 51 DTX - ROSSO 003;KG;34,7000005245209;675,27
MICO SPORT SPA;PF0034224410A661015;LYCRA+PA66 (22+044 TINTO) 51 DTX  - GRIGIO M;KG;108,220001459122;2041,05
MICO SPORT SPA;PF0034224410A661042;LYCRA+PA66 (22+044 TINTO) 51 DTX  - CICLAMINO 09;KG;34,9399995803833;665,96
MICO SPORT SPA;PF0034224410A661050;LYCRA+PA66 (22+044 TINTO) 51 DTX - VIOLA 23420;KG;60,4100003242493;1170,68
MICO SPORT SPA;PF0034224410A661056;LYCRA+PA66 (22+044 TINTO) 51 DTX  - ROSA 11;KG;45,960000038147;894,39
MICO SPORT SPA;PF0034224410A661057;LYCRA+PA66 (22+044 TINTO) 51 DTX  - GLICINE 11;KG;20,4700002670288;398,35
MICO SPORT SPA;PF0034224410A661058;LYCRA+PA66 (22+044 TINTO) 51 DTX  - MARINE 11;KG;44,6000001430511;867,93
MICO SPORT SPA;PF0034227010A661000;LYCRA+PA66 (22+ 078 TINTO) 85 DTX  - NERO;KG;94,8700008392334;1550,18
MICO SPORT SPA;PF0034227010A661004;LYCRA+PA66 (22+ 078 TINTO) 85 DTX - GRAFITE 9240;KG;42,9800004959106;702,29
MICO SPORT SPA;PF0034227010A661008;LYCRA+PA66 (22+ 078 TINTO) 85 DTX - BLEU 1127;KG;115,554998159409;278,22
MICO SPORT SPA;PF0034227010A661042;LYCRA+PA66 (22+ 078 TINTO) 85 DTX - CICLAMINO 09;KG;53,75;889,04
MICO SPORT SPA;PF0034227010A661049;LYCRA+PA66 (22+ 078 TINTO) 85 DTX - VIOLA 23420;KG;45,289999961853;749,09
MICO SPORT SPA;PF0034227010A661051;LYCRA+PA66 (22+ 078 TINTO) 85 DTX - TALPA;KG;32,8100004196167;546,65
MICO SPORT SPA;PF0034227010A661056;LYCRA+PA66 (22+ 078 TINTO) 85 DTX  - ROSA 11;KG;24,1800003051758;409,61
MICO SPORT SPA;PF0034227010A661057;LYCRA+PA66 (22+ 078 TINTO) 85 DTX  - GLICINE 11;KG;24,5599994659424;416,04
MICO SPORT SPA;PF0034227010A661058;LYCRA+PA66 (22+ 078 TINTO) 85 DTX  - MARINE 11;KG;13,4499998092651;227,84
MICO SPORT SPA;PF0034784610XTC1001;78/46/1 ELAS RIT TACTEL - NERO;KG;105,810001373291;1260,53
MICO SPORT SPA;PF0034784610XTC1014;78/46/1 ELAS RIT TACTEL - BLU NOTTE 4;KG;37,090000629425;426,55
MICO SPORT SPA;PF0034784610XTC1028;78/46/1 ELAS RIT TACTEL - CANDIDO;KG;42,3600010871887;512,56
MICO SPORT SPA;PF0034784620XTC1001;78/46/2 ELAS RIT TACTEL - NERO;KG;2073,42000436783;22442,12
MICO SPORT SPA;PF0034784620XTC1012;78/46/2 ELAS RIT TACTEL - ARGENTO 4;KG;206,650000572205;2254,04
MICO SPORT SPA;PF0034784620XTC1014;78/46/2 ELAS RIT TACTEL - BLU NOTTE 4;KG;602,749999701977;6547,54
MICO SPORT SPA;PF0034784620XTC1021;78/46/2 ELAS RIT TACTEL - ANTRACITE 4;KG;114,089999675751;1237,96
MICO SPORT SPA;PF0034784620XTC1028;78/46/2 ELAS RIT TACTEL - CANDIDO;KG;162,260000705719;1776,32
MICO SPORT SPA;PF0034784620XTC1029;78/46/2 ELAS RIT TACTEL - GRIGIO 431/C;KG;83,5700016021729;911,94
MICO SPORT SPA;PF0034784620XTC1034;78/46/2 ELAS RIT TACTEL - AZZURRO 05;KG;44,6899995803833;500,53
MICO SPORT SPA;PF0034784620XTC1043;78/46/2 ELAS RIT TACTEL - GRIGIO 71;KG;42,0899991989136;471,41
MICO SPORT SPA;PF0034784620XTC1046;78/46/2 ELAS RIT TACTEL - ROSSO 003;KG;42,7499990463257;478,8
MICO SPORT SPA;PF0034786820X661017;78/68/2  RIT PA 66 - CANDIDO;KG;129,209998130798;1527,71
MICO SPORT SPA;PF0034786820X661054;78/68/2  RIT PA 66 - NERO;KG;70,150000333786;915,47
NEMAR SPA;;;C;0;0
NEMAR SPA;;;G;112,249998092651;-1234,75
NEMAR SPA;;;;;
NEMAR SPA;GR0327784620XTC;78/46/2 ELAS RIT TACTEL;KG;202,480003356934;-2227,28
NEMAR SPA;PF0035784620XTC1000;78/46/2 ELAS RIT TACTEL - NERO STL;KG;302,726999044418;3330,25
NEMAR SPA;PF0035784620XTC1001;78/46/2 ELAS RIT TACTEL - TABACCO STL;KG;363,036002635956;3993,88
NEMAR SPA;PF0035784620XTC1002;78/46/2 ELAS RIT TACTEL - BEIGE 605 STL;KG;85,8149993419647;944,24
NEMAR SPA;PF0035784620XTC1003;78/46/2 ELAS RIT TACTEL - ECRU 3009 STL;KG;88,5449995994568;974,27
NEMAR SPA;PF0035784620XTC1004;78/46/2 ELAS RIT TACTEL - BIANCO;KG;33,9000002145767;372,9
NASTRIFICIO ZINGONIA SRL;;;NR;920;-7154,27
NASTRIFICIO ZINGONIA SRL;;;KG;230,310000419617;-4336,29
NASTRIFICIO ZINGONIA SRL;;;;;
NASTRIFICIO ZINGONIA SRL;PF00360156T0M661035;156/1 TECTEL RIT 200 GIRI PA 66 - ARGENTO;KG;255,210001945496;3623,99
NASTRIFICIO ZINGONIA SRL;PF00360156T0M661036;156/1 TECTEL RIT 200 GIRI PA 66 - ORO;KG;190,300000190735;2702,26
NASTRIFICIO ZINGONIA SRL;PF0036030/20A661001;30/2 ELAS APE PA 66 - CANDIDO;KG;18,5199999809265;240,76
NASTRIFICIO ZINGONIA SRL;PF0036030/20A661004;30/2 ELAS APE PA 66 - NERO;KG;27,5400006771088;358,02
NASTRIFICIO ZINGONIA SRL;PF0036030/20A661018;30/2 ELAS APE PA 66 - FUMO ;KG;26,6999998092651;347,1
NASTRIFICIO ZINGONIA SRL;PF0036030/20A661019;30/2 ELAS APE PA 66 - BLU;KG;27,7100005149841;360,23
NASTRIFICIO ZINGONIA SRL;PF0036030/20X661001;30/2 ELAS RIT PA 66 - CANDIDO;KG;20,4300003051758;265,59
NASTRIFICIO ZINGONIA SRL;PF0036030/20X661004;30/2 ELAS RIT PA 66 - NERO;KG;70,5200008153915;919,23
NASTRIFICIO ZINGONIA SRL;PF0036030/20X661021;30/2 ELAS RIT PA 66 - NERO;KG;104,599999308586;1245,81
NASTRIFICIO ZINGONIA SRL;PF0036040/20X661001;40/2 ELAS RIT PA 66 - CANDIDO;KG;115,780000686646;1377,79
NASTRIFICIO ZINGONIA SRL;PF0036040/20X661004;40/2 ELAS RIT PA 66 - NERO;KG;235,990000724792;2785,03
NASTRIFICIO ZINGONIA SRL;PF0036040/20X661013;SPLENDOR DTEX 78/2 NY66 - GRIGIO MELANGE;KG;288,150000572205;3457,8
NASTRIFICIO ZINGONIA SRL;PF0036040/20X661014;SPLENDOR DTEX 78/2 NY66 - GRIGIO MEDIO MELANGE;KG;1697,87000226974;20374,44
NASTRIFICIO ZINGONIA SRL;PF0036040/20X661020;40/2 ELAS RIT PA 66 - GRIGIO CHIARO;KG;118,940001010895;1391,59
NASTRIFICIO ZINGONIA SRL;PF0036070/20X660001;70/2 ELAS RIT PA 66 - GREGGIO;KG;2506,96000337601;13462,62
NASTRIFICIO ZINGONIA SRL;PF0036070/20X661000;70/2 ELAS RIT PA 66 - BLEU STEINER;KG;2947,01599633694;22507,47
NASTRIFICIO ZINGONIA SRL;PF0036070/20X661001;70/2 ELAS RIT PA 66 - CANDIDO;KG;4531,95500993729;34529,31
NASTRIFICIO ZINGONIA SRL;PF0036070/20X661002;70/2 ELAS RIT PA 66 - BLU RANGER;KG;998,399995446205;7539,09
NASTRIFICIO ZINGONIA SRL;PF0036070/20X661003;70/2 ELAS RIT PA 66 - VIOLA MOSTO;KG;293,478001475334;2162,23
NASTRIFICIO ZINGONIA SRL;PF0036070/20X661004;70/2 ELAS RIT PA 66 - NERO;KG;5172,52999448776;39190,32
NASTRIFICIO ZINGONIA SRL;PF0036070/20X661005;70/2 ELAS RIT PA 66 - GRIGIO MEDIO;KG;603,230001688004;4606,77
NASTRIFICIO ZINGONIA SRL;PF0036070/20X661006;70/2 ELAS RIT PA 66 - ROSSO BRIKO;KG;1171,12000489235;8838,7
NASTRIFICIO ZINGONIA SRL;PF0036070/20X661007;70/2 ELAS RIT PA 66 - PISTACCHIO;KG;315,64000082016;2435,21
NASTRIFICIO ZINGONIA SRL;PF0036070/20X661008;70/2 ELAS RIT PA 66 - FUXIA 5;KG;403,049994945526;3126,52
NASTRIFICIO ZINGONIA SRL;PF0036070/20X661009;70/2 ELAS RIT PA 66 - TURCHESE;KG;710,379999637604;5510,55
NASTRIFICIO ZINGONIA SRL;PF0036070/20X661010;70/2 ELAS RIT PA 66 - AZZURRO 7;KG;102,949999809265;772,16
NASTRIFICIO ZINGONIA SRL;PF0036070/20X661011;70/2 ELAS RIT PA 66 - MOUVE;KG;331,689999580383;2487,78
NASTRIFICIO ZINGONIA SRL;PF0036070/20X661012;70/2 ELAS RIT PA 66 - ROSA ANTICO;KG;284,190001487732;1654,8
NASTRIFICIO ZINGONIA SRL;PF0036070/20X661015;70/2 ELAS RIT PA 66 - GRIGIO SCURO BRIKO;KG;599,069999337196;4619,52
NASTRIFICIO ZINGONIA SRL;PF0036070/20X661016;70/2 ELAS RIT PA 66 - ROYAL;KG;200,270000219345;1502,1
NASTRIFICIO ZINGONIA SRL;PF0036070/20X661017;70/2 ELAS RIT PA 66 - ROSSO FUOCO;KG;418,800002098083;3141,14
NASTRIFICIO ZINGONIA SRL;PF0036070/20X661022;70/2 ELAS RIT PA 66 - TESTA DI MORO;KG;103,960000038147;779,74
NASTRIFICIO ZINGONIA SRL;PF0036070/20X661023;70/2 ELAS RIT PA 66 - BLU CATANZARO;KG;2830,37999618053;22033,32
NASTRIFICIO ZINGONIA SRL;PF0036070/20X661024;70/2 ELAS RIT PA 66 - GRIGIO PERLA;KG;698,500006198883;5411,63
NASTRIFICIO ZINGONIA SRL;PF0036070/20X661025;70/2 ELAS RIT PA 66 - MARRONE;KG;101,759999275208;763,22
NASTRIFICIO ZINGONIA SRL;PF0036070/20X661026;70/2 ELAS RIT PA 66 - BLU MANTRA;KG;103,300001621246;785,08
NASTRIFICIO ZINGONIA SRL;PF0036070/20X661027;70/2 ELAS RIT PA 66 - VIOLA 3;KG;210,420000016689;1599,18
NASTRIFICIO ZINGONIA SRL;PF0036070/20X661028;70/2 ELAS RIT PA 66 - VIOLA 4;KG;200,130000591278;1520,97
NASTRIFICIO ZINGONIA SRL;PF0036070/20X661029;70/2 ELAS RIT PA 66 - VINACCIA;KG;103,870000839233;789,41
NASTRIFICIO ZINGONIA SRL;PF0036070/20X661031;70/2 ELAS RIT PA 66 -  ANTRACITE 132 ;KG;104,279998779297;792,52
NASTRIFICIO ZINGONIA SRL;PF0036070/20X661032;70/2 ELAS RIT PA 66 - ROSSO RUBINO;KG;208,190000534058;1582,23
NASTRIFICIO ZINGONIA SRL;PF0036070/20X661033;70/2 ELAS RIT PA 66 - CARGO;KG;254,60999917984;1935,02
NASTRIFICIO ZINGONIA SRL;PF0036070/20X661034;70/2 ELAS RIT PA 66 - LIGHT AVIO;KG;238,090000987053;1809,47
NASTRIFICIO ZINGONIA SRL;PF0036070/20X661037;70/2 ELAS RIT PA 66 - ROSA CHIARO;KG;217,70999789238;1654,6
NASTRIFICIO ZINGONIA SRL;PF0036070/20X661039;70/2 ELAS RIT PA 66 - PEPPER;KG;326,070004463196;2478,12
NASTRIFICIO ZINGONIA SRL;PF0036070/20X661040;70/2 ELAS RIT PA 66 - NOCE CHIARO;KG;332,009999513626;2656,08
NASTRIFICIO ZINGONIA SRL;PF0036070/20X661041;70/2 ELAS RIT PA 66 - GIALLO LIMONE;KG;215,429999351501;1723,44
NASTRIFICIO ZINGONIA SRL;PF0036070/20X661042;70/2 ELAS RIT PA 66 - TIRRENO;KG;323,90000295639;2548,8
NASTRIFICIO ZINGONIA SRL;PF0036070/20X661043;70/2 ELAS RIT PA 66 - OLTREMARE;KG;111,320001602173;846,05
NASTRIFICIO ZINGONIA SRL;PF0036070/20X661044;70/2 ELAS RIT PA 66 - VERDE MARCIO;KG;213,879999637604;1625,46
NASTRIFICIO ZINGONIA SRL;PF0036070/20X661045;70/2 ELAS RIT PA 66 - AZZURRO TERSO;KG;214,810004234314;1714,09
NASTRIFICIO ZINGONIA SRL;PF0036070/20X661047;70/2 ELAS RIT PA 66 - GRIGIO UOMO;KG;213,420001208782;1707,36
NASTRIFICIO ZINGONIA SRL;PF0036070/20X661048;70/2 ELAS RIT PA 66 - LAMPONE;KG;106,320001602173;850,56
NASTRIFICIO ZINGONIA SRL;PF0036070/20X661050;70/2 ELAS RIT PA 66 - ROSA SACHET;KG;109,839999198914;878,72
NASTRIFICIO ZINGONIA SRL;PF0036070/20X661051;70/2 ELAS RIT PA 66 - BLUETTE BRIKO;KG;213,489997386932;1707,92
NASTRIFICIO ZINGONIA SRL;PF0036070/20X661052;70/2 ELAS RIT PA 66 - COBALTO CHIARO;KG;98,830001115799;790,64
NASTRIFICIO ZINGONIA SRL;PF0036070/20X661053;70/2 ELAS RIT PA 66 - JEANS;KG;103,849998950958;830,8
NASTRIFICIO ZINGONIA SRL;PF0036070/40X660001;70/4 ELAS RIT PA 66 - GREGGIO;KG;834,140001773834;4607,31
NASTRIFICIO ZINGONIA SRL;PF0036070/40X661004;70/4 ELAS RIT PA 66 - NERO;KG;3783,35999965668;31017,94
NASTRIFICIO ZINGONIA SRL;PF0036100/20X661001;100/2 ELAS RIT PA 66 - CANDIDO;KG;562,419997215271;4565,1
NASTRIFICIO ZINGONIA SRL;PF003640/2M0X661013;SPLENDOR DTEX 78/2 NY66 - GRIGIO MELANGE;KG;5135,03000795841;61620,36
NASTRIFICIO ZINGONIA SRL;PF0036784620XTC1038;156/1 RITORTO TACTEL - CANDIDO;KG;196,499999046326;2790,29
NASTRIFICIO ZINGONIA SRL;PF0113070/20X661002;70/2 ELAS RIT PA 66 - NERO;KG;495,709991455078;-3618,68
REMMERT SPA;;;KG;108,290000915527;-1299,48
REMMERT SPA;;;;;
REMMERT SPA;PF0037070/10X661005;70/1 ELAS RIT PA 66 - NERO;KG;17,1100000143051;169,39
REMMERT SPA;PF0037070/20X661001;70/2 ELAS RIT PA 66 - BLU AL PANTONE 19-40;KG;18,6599998474121;179,88
REMMERT SPA;PF0037786810X661004;MICROFIBRA 78/68/2 - GRIGIO MELANGE ELA;KG;81,2399997711182;1015,51
REMMERT SPA;PF0037786820X661000;78/68/2 ELAS RITORTO 150 GIRI PA MICRO - CANDIDO;KG;62,0099992752075;716,22
REMMERT SPA;PF0037786820X661003;MICROFIBRA 78/68/2 - GRIGIO MELANGE P962;KG;108,290000915527;1299,48
SARA SPORTLINE SRL;;;;;
SARA SPORTLINE SRL;GR0327070/20X66;70/2 ELAS RIT PA 66;KG;60;-503,4
SARA SPORTLINE SRL;PF0039070/20X660001;70/2 ELAS RIT PA 66 - GREGGIO;KG;731,935995340347;5500,09
SARA SPORTLINE SRL;PF0039070/20X661000;70/2 ELAS RIT PA 66 - CANDIDO;KG;271,400001525879;2277,04
SARA SPORTLINE SRL;PF0039070/20X661001;70/2 ELAS RIT PA 66 - ROSSO;KG;404,36799955368;3515,38
SARA SPORTLINE SRL;PF0039070/20X661002;70/2 ELAS RIT PA 66 - NERO;KG;337,576000452042;2832,47
SARA SPORTLINE SRL;PF0039070/20X661003;70/2 ELAS RIT PA 66 - BLUETTE 2728C;KG;196,030000686646;1723,1
SARA SPORTLINE SRL;PF0039070/20X661004;70/2 ELAS RIT PA 66 - GIALLO 116C;KG;86,1599991321564;757,35
SARA SPORTLINE SRL;PF0039070/40X661000;70/4 ELAS RIT PA 66 - CANDIDO;KG;192,128002166748;1721,75
SARA SPORTLINE SRL;PF0039070/40X661001;70/4 ELAS RIT PA 66 - ROSSO;KG;315,653998374939;2915,99
SARA SPORTLINE SRL;PF0039070/40X661002;70/4 ELAS RIT PA 66 - NERO;KG;203,825999259949;1827,05
SARA SPORTLINE SRL;PF0039070/40X661004;70/4 ELAS RIT PA 66 - GIALLO 116C;KG;80,6599991321564;754,98
SARA SPORTLINE SRL;PF0039LU1400XP60001;140 LUCIDO RIT 200 S PA 6 - ;KG;109,779998779297;1063,77
SIRIO SNC;;;;;
SIRIO SNC;PF0040070/20X661001;70/2 ELAS RIT PA 66 - NERO;KG;327,962001800537;2756,42
SIRIO SNC;PF0040070/20X661002;70/2 ELAS RIT PA 66 - ANTRACITE;KG;317,199998855591;2701,22
SIRIO SNC;PF0040784620XTC1000;78/46/2 ELAS RIT TACTEL - NERO;KG;441,660001039505;5079,43
LIABEL SPA;;;;;
LIABEL SPA;PF0070020/10A660001;20/1 ELAS APE PA 66 - ;KG;53,7400016784668;327,82
LIABEL SPA;PF0070020/10A661000;20/1 ELAS APE PA 66 - BORDO';KG;110,325001358986;3144,16
NASTRIFICIO VICTOR SPA;;;KG;218,460006713867;-2708,9
NASTRIFICIO VICTOR SPA;;;;;
NASTRIFICIO VICTOR SPA;PF0071070/20Y661000;70/2 ELAS RIT150 GIRI PA 66 - 212 GRIGIO PERLA;KG;1463,1650018692;13752,62
NASTRIFICIO VICTOR SPA;PF0071070/20Y661001;70/2 ELAS RIT150 GIRI PA 66 - COL 280 VIOLA/BLU BE;KG;167,370001792908;1514,71
NASTRIFICIO VICTOR SPA;PF0071070/20Y661003;70/2 ELAS RIT150 GIRI PA 66 - 254 BLU CENERE;KG;191,51000213623;1773,09
NASTRIFICIO VICTOR SPA;PF0071070/20Y661004;70/2 ELAS RIT150 GIRI PA 66 - 276 COGNAC;KG;212,200000762939;1973,95
NASTRIFICIO VICTOR SPA;PF0071070/20Y661005;70/2 ELAS RIT150 GIRI PA 66 - 214 BRONZATO;KG;83,3900003433228;754,68
NASTRIFICIO VICTOR SPA;PF0071070/20Y661006;70/2 ELAS RIT150 GIRI PA 66 - 209 BLU;KG;404,569999933243;3778,78
NASTRIFICIO VICTOR SPA;PF0071070/20Y661007;70/2 ELAS RIT150 GIRI PA 66 - 231 BLU/AVIO;KG;109,400000572205;990,08
NASTRIFICIO VICTOR SPA;PF0071070/20Y661008;70/2 ELAS RIT150 GIRI PA 66 - 259 GECO;KG;400,500000119209;3747,22
NASTRIFICIO VICTOR SPA;PF0071070/20Y661009;70/2 ELAS RIT150 GIRI PA 66 - 225 ANTRACITE;KG;297,79000043869;2775,16
NASTRIFICIO VICTOR SPA;PF0071070/20Y661010;70/2 ELAS RIT150 GIRI PA 66 - 220 VERDONE;KG;44,3399991989136;401,27
NASTRIFICIO VICTOR SPA;PF0071070/20Y661011;70/2 ELAS RIT150 GIRI PA 66 - GRIGIOSCURO 208;KG;207,609998703003;1961,91
NASTRIFICIO VICTOR SPA;PF0071070/20Y661012;70/2 ELAS RIT150 GIRI PA 66 - PERVINCA 243;KG;45,8399996757507;433,19
NASTRIFICIO VICTOR SPA;PF0071070/20Y661013;70/2 ELAS RIT150 GIRI PA 66 - COL. 264 BLU NOTTE;KG;84,039999961853;794,17
NASTRIFICIO VICTOR SPA;PF0071070/20Y661014;70/2 ELAS RIT150 GIRI PA 66 - TORTORA 234;KG;103,879999160767;981,68
NASTRIFICIO VICTOR SPA;PF0071070/20Y661015;70/2 ELAS RIT150 GIRI PA 66 - GLICINE 241;KG;45,8300004005432;433,09
NASTRIFICIO VICTOR SPA;PF0071070/20Y661016;70/2 ELAS RIT150 GIRI PA 66 -  FRAGOLINO 281 BENETTON 022;KG;44,3000001907349;418,63
NASTRIFICIO VICTOR SPA;PF0071070/20Y661017;70/2 ELAS RIT150 GIRI PA 66 - DELFINO 282 BENETTON 154;KG;43,840000629425;414,28
NASTRIFICIO VICTOR SPA;PF0071070/20Y661018;70/2 ELAS RIT150 GIRI PA 66 - COL. 217 BLUETTE;KG;68,2199988365173;644,69
NASTRIFICIO VICTOR SPA;PF007140/2M0X661002;NY 78/2 SPLENDOR 150 GIRI - C.263 GRIGIO MELANGE - TONO NYFIL;KG;1093,09999716282;13357,04
NASTRIFICIO VICTOR SPA;PF007140/2M0X661019;NY 78/2 SPLENDOR 150 GIRI - C.263 GRIGIO MELANGE;KG;39,9799997806549;440,3
NASTRIFICIO VICTOR SPA;PR00710001;;;0;26,9
NASTRIFICIO VICTOR SPA;PR00710007;;;0;0
TEA SRL;;;;;
TEA SRL;PF0073020/20X661002;20/2 ELAS RIT PA 66 - BLUETTE (BLEU SOLITO;KG;58,1499996185303;1023,44
TEA SRL;PF0073040/20X660001;40/2 ELAS RIT PA 66 - GREGGIO;KG;49,8400011062622;419,16
TEA SRL;PF0073040/20X661000;40/2 ELAS RIT PA 66 - BLEU 044;KG;61,0300002098083;740,9
TEA SRL;PF0073040/20X661001;40/2 ELAS RIT PA 66 - BEIGE SOLITO;KG;56,8599996566772;690,29
TEA SRL;PF0073070/20X661000;70/2 ELAS RIT PA 66 - BLEU 044;KG;102,294999361038;835,71
TEA SRL;PF0073070/20X661001;70/2 ELAS RIT PA 66 - BEIGE SOLITO;KG;98,1000002622604;822,3
TEA SRL;PF0073070/20X661003;70/2 ELAS RIT PA 66 - CANDIDO;KG;52,3200001716614;448,38
TEA SRL;PF0073100/10X660001;100/1 ELAS RIT PA 66 - ;KG;55,2100006341934;407,99
TEA SRL;PF0073100/20X660001;100/2 ELAS RIT PA 66 - ;KG;240,560000419617;1553,68
TEA SRL;PF0073100/20X661001;100/2 ELAS RIT PA 66 - BEIGE SOLITO;KG;99,4799995422363;822,7
CALZIFICIO PUNTO SRL;;;NR;0;0
CALZIFICIO PUNTO SRL;;;KG;103,23999786377;-867,22
CALZIFICIO PUNTO SRL;;;;;
CALZIFICIO PUNTO SRL;PF0074040/20X661004;40/2 ELAS RIT PA 66 - OMBRA;KG;187,640000343323;2251,68
CALZIFICIO PUNTO SRL;PF0074040/20X661005;40/2 ELAS RIT PA 66 - CIPRIA;KG;32,5;390
CALZIFICIO PUNTO SRL;PF0074040/20X661006;40/2 ELAS RIT PA 66 - VIOLA 668;KG;55,5599994659424;666,72
CALZIFICIO PUNTO SRL;PF0074040/20X661012;40/2 ELAS RIT PA 66 - BLU;KG;1033,90000247955;12406,8
CALZIFICIO PUNTO SRL;PF0074040/20X661019;40/2 ELAS RIT PA 66 - NERO;KG;919,750001549721;11037
CALZIFICIO PUNTO SRL;PF0074040/20X661020;40/2 ELAS RIT PA 66 - ANTRACITE;KG;335,20999956131;4022,52
CALZIFICIO PUNTO SRL;PF0074040/20X661021;40/2 ELAS RIT PA 66 - FUME;KG;258,280003070831;965,52
CALZIFICIO PUNTO SRL;PF0074040/20X661028;40/2 ELAS RIT PA 66 - VIOLONE;KG;33,9000005722046;406,8
CALZIFICIO PUNTO SRL;PF0074040/20X661031;40/2 ELAS RIT PA 66 - GRIGIO 7;KG;35,5299997329712;414,36
CALZIFICIO PUNTO SRL;PF0074040/20X661046;40/2 ELAS RIT PA 66 - VIOLA 476;KG;57,4399995803833;689,28
CALZIFICIO PUNTO SRL;PF0074040/20X661047;40/2 ELAS RIT PA 66 - AMETISTA;KG;18,210000038147;218,52
CALZIFICIO PUNTO SRL;PF0074040/20X661048;40/2 ELAS RIT PA 66 - TOPO;KG;68,4700000286102;821,64
CALZIFICIO PUNTO SRL;PF0074040/20X661049;40/2 ELAS RIT PA 66 - NAVY;KG;10,0500001907349;120,6
CALZIFICIO PUNTO SRL;PF0074070/20X661004;70/2 ELAS RIT PA 66 - OMBRA;KG;109,420001983643;919,13
CALZIFICIO PUNTO SRL;PF0074070/20X661012;70/2 ELAS RIT PA 66 - BLU;KG;262,379999160767;2203,98
CALZIFICIO PUNTO SRL;PF0074070/20X661019;70/2 ELAS RIT PA 66 - NERO;KG;150,840000629425;1267,06
CALZIFICIO PUNTO SRL;PF0074070/20X661020;70/2 ELAS RIT PA 66 - ANTRACITE;KG;210,360000133514;1767,03
CALZIFICIO PUNTO SRL;PF0074070/20X661021;70/2 ELAS RIT PA 66 - FUME;KG;202,529998779297;1701,26
CALZIFICIO PUNTO SRL;PF0074070/20X661023;70/2 ELAS RIT PA 66 - FUXIA SCURO;KG;60,8600001335144;511,22
CALZIFICIO PUNTO SRL;PF0074070/20X661028;70/2 ELAS RIT PA 66 - VIOLONE;KG;33,2000007629395;278,88
CALZIFICIO PUNTO SRL;PF0074070/20X661047;70/2 ELAS RIT PA 66 - AMETISTA;KG;22,0199995040894;184,96
CALZIFICIO PUNTO SRL;PF0074070/20X661048;70/2 ELAS RIT PA 66 - TOPO;KG;31,1199994087219;261,41
CALZIFICIO PUNTO SRL;PF0074070/20X661050;70/2 ELAS RIT PA 66 - PRUGNA;KG;48,2299995422363;405,13
CALZIFICIO PUNTO SRL;PF0074070/20X661051;70/2 ELAS RIT PA 66 - MILITARE;KG;31,2300000190735;262,33
CALZIFICIO PUNTO SRL;PF0074070/20X661052;70/2 ELAS RIT PA 66 - LICHENO;KG;52,4099998474121;440,24
CALZIFICIO PUNTO SRL;PF0074563410S661001;56/34/1 FLEXY RIT SIN PA 66 - COLLEGE;KG;133,139998435974;1863,96
CALZIFICIO PUNTO SRL;PF0074563410S661002;56/34/1 FLEXY RIT SIN PA 66 - COGNAC;KG;31,8100004196167;445,34
CALZIFICIO PUNTO SRL;PF0074563410S661003;56/34/1 FLEXY RIT SIN PA 66 - PRUGNA;KG;131,010003089905;1834,14
CALZIFICIO PUNTO SRL;PF0074563410S661007;56/34/1 FLEXY RIT SIN PA 66 - VIOLA 668;KG;37,1999999284744;520,8
CALZIFICIO PUNTO SRL;PF0074563410S661008;56/34/1 FLEXY RIT SIN PA 66 - NERO;KG;721,650001049042;10103,1
CALZIFICIO PUNTO SRL;PF0074563410S661009;56/34/1 FLEXY RIT SIN PA 66 - CANDIDO;KG;126,110000371933;1765,54
CALZIFICIO PUNTO SRL;PF0074563410S661010;56/34/1 FLEXY RIT SIN PA 66 - COLLEGE;KG;430,579995155334;6028,12
CALZIFICIO PUNTO SRL;PF0074563410S661011;56/34/1 FLEXY RIT SIN PA 66 - ANTRACITE;KG;265,630002140999;3718,82
CALZIFICIO PUNTO SRL;PF0074563410S661013;56/34/1 FLEXY RIT SIN PA 66 - LAMA;KG;66,4700000286102;930,58
CALZIFICIO PUNTO SRL;PF0074563410S661022;56/34/1 FLEXY RIT SIN PA 66 - MALVA;KG;53,9499988555908;755,3
CALZIFICIO PUNTO SRL;PF0074563410S661024;56/34/1 FLEXY RIT SIN PA 66 - VIOLA 476;KG;49,6199998855591;694,68
CALZIFICIO PUNTO SRL;PF0074563410S661027;56/34/1 FLEXY RIT SIN PA 66 - GIALLO 521;KG;24,4400005340576;342,16
CALZIFICIO PUNTO SRL;PF0074563410S661032;56/34/1 FLEXY RIT SIN PA 66 - MARRONE;KG;53,659999370575;751,24
CALZIFICIO PUNTO SRL;PF0074563410S661033;56/34/1 FLEXY RIT SIN PA 66 - FUME';KG;100,589999198914;1408,26
CALZIFICIO PUNTO SRL;PF0074563410S661034;56/34/1 FLEXY RIT SIN PA 66 - PRINCIPE;KG;31,0700001716614;434,98
CALZIFICIO PUNTO SRL;PF0074563410S661035;56/34/1 FLEXY RIT SIN PA 66 - CASPIO;KG;50,8400011062622;711,76
CALZIFICIO PUNTO SRL;PF0074563410S661040;56/34/1 FLEXY RIT SIN PA 66 - OCEANO;KG;36,6899993419647;513,66
CALZIFICIO PUNTO SRL;PF0074563410S661041;56/34/1 FLEXY RIT SIN PA 66 - FUXIA;KG;33,6400003433228;470,96
CALZIFICIO PUNTO SRL;PF0074563410S661042;56/34/1 FLEXY RIT SIN PA 66 - GENEPI;KG;55,7900004386902;781,06
CALZIFICIO PUNTO SRL;PF0074563410S661043;56/34/1 FLEXY RIT SIN PA 66 - GRIGIO 7;KG;27,0299997329712;378,42
CALZIFICIO PUNTO SRL;PF0074563410S661044;56/34/1 FLEXY RIT SIN PA 66 - JEANS NUOVO;KG;28;392
CALZIFICIO PUNTO SRL;PF0074563410S661045;56/34/1 FLEXY RIT SIN PA 66 - ACCIAIO;KG;27,5799999237061;386,12
CALZIFICIO PUNTO SRL;PF0074563410S661053;56/34/1 FLEXY RIT SIN PA 66 - RUBINO;KG;23,3000001907349;326,2
CALZIFICIO PUNTO SRL;PF0074563410S661055;56/34/1 FLEXY RIT SIN PA 66 - MORO 12;KG;28,4799995422363;398,72
CALZIFICIO PUNTO SRL;PF0074784610XTC1000;78/46/1 ELAS RITORTO - CANDIDO;KG;705,611000299454;9243,53
CALZIFICIO PUNTO SRL;PF0074784610XTC1001;78/46/1 ELAS RIT TACTEL - COLLEGE;KG;1031,75000023842;13516
CALZIFICIO PUNTO SRL;PF0074784610XTC1014;78/46/1 ELAS RITORTO  - NERO;KG;1390,94999742508;18221,56
CALZIFICIO PUNTO SRL;PF0074784610XTC1015;78/46/1 ELAS RIT TACTEL - FUME;KG;276,580001831055;3623,21
CALZIFICIO PUNTO SRL;PF0074784610XTC1016;78/46/1 ELAS RIT TACTEL - MARRONE;KG;194,20999622345;2544,14
CALZIFICIO PUNTO SRL;PF0074784610XTC1017;78/46/1 ELAS RIT TACTEL - ANTRACITE;KG;326,970002293587;4283,34
CALZIFICIO PUNTO SRL;PF0074784610XTC1018;78/46/1 ELAS RIT TACTEL - PINO;KG;28,960000038147;379,38
CALZIFICIO PUNTO SRL;PF0074784610XTC1025;78/46/1 ELAS RIT TACTEL - PRUGNA;KG;109,809997081757;1438,5
CALZIFICIO PUNTO SRL;PF0074784610XTC1026;78/46/1 ELAS RIT TACTEL - GIALLO 521;KG;12,6300001144409;165,45
CALZIFICIO PUNTO SRL;PF0074784610XTC1029;78/46/1 ELAS RIT TACTEL - GHIAIA;KG;311,859998703003;4085,41
CALZIFICIO PUNTO SRL;PF0074784610XTC1030;78/46/1 ELAS RIT TACTEL - CARDINALE;KG;33,789999961853;442,65
CALZIFICIO PUNTO SRL;PF0074784610XTC1034;78/46/1 ELAS RIT TACTEL - PRINCIPE;KG;38,3999996185303;489,95
CALZIFICIO PUNTO SRL;PF0074784610XTC1036;78/46/1 ELAS RIT TACTEL - PRATO;KG;34,4099998474121;450,78
CALZIFICIO PUNTO SRL;PF0074784610XTC1037;78/46/1 ELAS RIT TACTEL - TWIN;KG;32,9099998474121;431,13
CALZIFICIO PUNTO SRL;PF0074784610XTC1038;78/46/1 ELAS RIT TACTEL - VIOLA 668;KG;30,7199993133545;402,43
CALZIFICIO PUNTO SRL;PF0074784610XTC1039;78/46/1 ELAS RIT TACTEL - FIORDO;KG;40,6199998855591;532,13
CALZIFICIO PUNTO SRL;PF0074784610XTC1045;78/46/1 ELAS RIT TACTEL - ACCIAIO;KG;51,3700008392334;672,96
CALZIFICIO PUNTO SRL;PR00740004;;;0;60
CALZITEX SRL;;;;;
CALZITEX SRL;PF007544/340X661000;44/34/2 ELAS RIT PA 66 - E50 LILLA;KG;75,2280006408691;891,59
CALZITEX SRL;PF007544/340X661001;44/34/2 ELAS RIT PA 66 - E51 VIOLA;KG;385,115998506546;4563,66
CALZITEX SRL;PF007544/340X661002;44/34/2 ELAS RIT PA 66 - E1 BIANCO;KG;88,9499988555908;1094,05
CALZITEX SRL;PF007544/340X661003;44/34/2 ELAS RIT PA 66 - E62 PIRITE;KG;502,374003410339;5953,33
CALZITEX SRL;PF007544/340X661004;44/34/2 ELAS RIT PA 66 - E61 ARGENTO;KG;291,780002117157;3457,83
CALZITEX SRL;PF007544/340X661005;44/34/2 ELAS RIT PA 66 - E4 ANTRACITE;KG;248,605000495911;2946,05
CALZITEX SRL;PF007544/340X661006;44/34/2 ELAS RIT PA 66 - E56 MARINA;KG;170,054001808167;2015,32
CALZITEX SRL;PF007544/340X661007;44/34/2 ELAS RIT PA 66 - E53 CICLAMINO;KG;85,3530008792877;1011,64
CALZITEX SRL;PF007544/340X661008;44/34/2 ELAS RIT PA 66 - E14 PRINCIPE;KG;68,3899989128113;810,43
CALZITEX SRL;PF007544/340X661009;44/34/2 ELAS RIT PA 66 - E78 PRUGNA;KG;44,0000009536743;521,4
CALZITEX SRL;PF007544/340X661010;44/34/2 ELAS RIT PA 66 - E47 ROSA;KG;11,3500003814697;134,5
CALZITEX SRL;PF007544/340X661011;44/34/2 ELAS RIT PA 66 - E12 NAVY;KG;27,5799999237061;326,82
CALZITEX SRL;PF007544/340X661012;44/34/2 ELAS RIT PA 66 - E57 - PANSE';KG;9,05000019073486;107,24
CALZITEX SRL;PF007544/340X661013;44/34/2 ELAS RIT PA 66 - E49 FUCSIA;KG;19,3899993896484;229,77
CALZITEX SRL;PF007544/340X661014;44/34/2 ELAS RIT PA 66 - ERBA E55;KG;65,3800001144409;774,75
CALZIFICIO FRANZONI SRL;;;;;
CALZIFICIO FRANZONI SRL;GR0327100/20C66;100/2 ELAS CUC 5000 PA 66;KG;3,29999995231628;49,4
CALZIFICIO FRANZONI SRL;PF0076786820X661000;78/68/2  RIT PA 66 - GRIGIO CHIARO 14-420;KG;60,1350002288818;781,82
CALZIFICIO FRANZONI SRL;PF0076786820X661001;78/68/2  RIT PA 66 - ROSA 12-2906;KG;51,7419996261597;672,75
IL GABBIANO SRL;;;;;
IL GABBIANO SRL;PF0077040/20X661001;40/2 ELAS RIT PA 66 - NERO;KG;81,8899989128113;1023,64
IL GABBIANO SRL;PF0077040/20X661002;40/2 ELAS RIT PA 66 - CANDIDO;KG;234,109996795654;2926,41
IL GABBIANO SRL;PF0077040/20X661004;40/2 ELAS RIT PA 66 - SOGNO R266;KG;136,030001163483;1700,41
IL GABBIANO SRL;PF0077070/20X661000;70/2 ELAS RIT PA 66 - ARANCIO 35;KG;41,3100004196167;355,26
IL GABBIANO SRL;PF0077070/20X661001;70/2 ELAS RIT PA 66 - NERO;KG;41,7599997520447;375,84
IL GABBIANO SRL;PF0077070/20X661002;70/2 ELAS RIT PA 66 - CANDIDO;KG;618,009997844696;5454,39
IL GABBIANO SRL;PF0077070/20X661003;70/2 ELAS RIT PA 66 - PRESO 952;KG;581,519998431206;5081,29
IL GABBIANO SRL;PF0077070/20X661004;70/2 ELAS RIT PA 66 - SOGNO R266;KG;236,890002965927;1394,06
IL GABBIANO SRL;PF0077070/20X661005;70/2 ELAS RIT PA 66 - NAVY;KG;207,679998040199;1836,83
IL GABBIANO SRL;PF0077070/20X661006;70/2 ELAS RIT PA 66 - SLAVO 208;KG;119,559998273849;1044,72
IL GABBIANO SRL;PF0077070/20X661007;70/2 ELAS RIT PA 66 - OCEAN 360;KG;254,390001296997;2239,81
IL GABBIANO SRL;PF0077070/20X661008;70/2 ELAS RIT PA 66 - GRIGIO NEBBIA 723;KG;77,539999961853;683,16
IL GABBIANO SRL;PF0077070/20X661009;70/2 ELAS RIT PA 66 - GRIGIO SCURO 935;KG;43,4099998474121;373,32
IL GABBIANO SRL;PF0077070/20X661010;70/2 ELAS RIT PA 66 - FUXIA 232;KG;84,0300006866455;739,32
IL GABBIANO SRL;PF0077070/20X661011;70/2 ELAS RIT PA 66 - FUMO 98;KG;39,6900005340576;341,33
IL GABBIANO SRL;PF0077070/20X661012;70/2 ELAS RIT PA 66 - BLUETTE 1012;KG;39,7100009918213;341,51
IL GABBIANO SRL;PF0077070/20X661013;70/2 ELAS RIT PA 66 - AZALEA 452;KG;125,579999923706;1114,48
IL GABBIANO SRL;PF0077070/20X661014;70/2 ELAS RIT PA 66 - ZUCCHERO 115;KG;84,3299994468689;758,97
IL GABBIANO SRL;PF0077070/20X661016;70/2 ELAS RIT PA 66 - ADAMO;KG;41,3699994087219;372,33
IL GABBIANO SRL;PF0077070/20X661017;70/2 ELAS RIT PA 66 - RADIOSO 517;KG;40,6400003433228;365,76
IL GABBIANO SRL;PF0077070/20X661018;70/2 ELAS RIT PA 66 - POMME 271;KG;41,8899993896484;377,01
IL GABBIANO SRL;PF0077100/20X661002;100/2 ELAS RIT PA 66 - CANDIDO;KG;100,220001220703;882,67
IL GABBIANO SRL;PF0077100/20X661003;100/2 ELAS RIT PA 66 - PRESO 952;KG;45,1199998855591;383,54
IL GABBIANO SRL;PF0077100/20X661005;100/2 ELAS RIT PA 66 - NAVY;KG;36,6300001144409;311,37
CALZIFICIO PEDACI ANTONIO;;;;;
CALZIFICIO PEDACI ANTONIO;PF0079786820X660001;78/68/2  RIT PA 66 - GREGGIO;KG;147,74000120163;1529,39
CALZIFICIO PEDACI ANTONIO;PF0079786820X661000;78/68/2  RIT PA 66 - NERO;KG;36,539999961853;496,95
CGM SRL;;;;;
CGM SRL;PF0080443410A661001;44/34/1 ELAS APE PA 66 - OLTREMARE;KG;196,470001220703;2363,7
CGM SRL;PF0080443410X661000;44/34/1 ELAS RIT PA 66 - BEIGE;KG;18,2400002479553;310,08
MIVA SRL;;;;;
MIVA SRL;PF0082070/20X660001;70/2 ELAS RIT PA 66 - GREGGIO;KG;43,5799999237061;241,87
MIVA SRL;PF0082070/20X661000;70/2 ELAS RIT PA 66 - BEIGE CAMP;KG;76,1699995994568;676,38
MIVA SRL;PF0082070/20X661001;70/2 ELAS RIT PA 66 - NERO;KG;90,4900002479553;818,93
TOP TECH SNC ;;;;;
TOP TECH SNC ;PF0083001630ILP1003;163 DTX INT. LYCRA+PA 66 - NERO;KG;29,2699997425079;415,63
TOP TECH SNC ;PF0083070/20X661001;70/2 ELAS RIT PA 66 - CELESTE A039 30943;KG;23,8900003433228;195,9
TOP TECH SNC ;PF0083070/20X661002;70/2 ELAS RIT PA 66 - MATTONE 32036 R182;KG;40,9800012111664;336,03
TOP TECH SNC ;PF0083784620XTC1000;78/46/2 ELAS RIT TACTEL - CANDIDO;KG;114,659999132156;1261,26
TOP TECH SNC ;PR00830007;;;0;6,21
TORCITURA QUARENGHI SPA;;;;;
TORCITURA QUARENGHI SPA;FL0327784620BTC;78/46/2 ELAS BINATO TACTEL;KG;577,310009002686;2915,42
TORCITURA QUARENGHI SPA;PF0085040/20X661000;40/2 ELAS RIT PA 66 - GRIGIO CH. PER MELAN;KG;370,590001344681;3409,45
TORCITURA QUARENGHI SPA;PF0085040/20X661002;40/2 ELAS RIT PA 66 - GRIGIO A52;KG;68,4500007629395;629,73
TORCITURA QUARENGHI SPA;PF0085040/20X661004;40/2 ELAS RIT PA 66 - GIALLO;KG;28,0600004196167;258,15
TORCITURA QUARENGHI SPA;PF0085040/20X661005;40/2 ELAS RIT PA 66 - CANDIDO;KG;35,9300003051758;330,56
TORCITURA QUARENGHI SPA;PF0085040/20X661006;40/2 ELAS RIT PA 66 - NERO;KG;33,3299994468689;306,64
TORCITURA QUARENGHI SPA;PF0085070/20X661005;70/2 ELAS RIT PA 66 - CANDIDO;KG;113,070000171661;848,04
TORCITURA QUARENGHI SPA;PF0085070/20X661006;70/2 ELAS RIT PA 66 - NERO;KG;132,07000207901;990,54
TORCITURA QUARENGHI SPA;PF0085070/20X661007;70/2 ELAS RIT PA 66 - ROSSO CAGLIARI;KG;25,0999994277954;188,26
TORCITURA QUARENGHI SPA;PF0085100/10X661001;100/1 ELAS RIT PA 66 - GRIGIO 06;KG;34,050000667572;306,45
TORCITURA QUARENGHI SPA;PF0085100/20X661005;100/2 ELAS RIT PA 66 - CANDIDO;KG;25,289999961853;202,32
TORCITURA QUARENGHI SPA;PF008540/2T0X661011;40/2 TIN + 40/2 TIN RIT PA 66 - GRIGIO MEDIO MELANGE;KG;90,3600006103516;903,6
TORCITURA QUARENGHI SPA;PF0085784620XTC0001;78/46/2 ELAS RIT TACTEL - GREGGIO;KG;110,050003051758;1006,96
TORCITURA QUARENGHI SPA;PF0085784620XTC1003;78/46/2 ELAS RIT TACTEL - CANDIDO;KG;1120,09000086784;10248,81
TORCITURA QUARENGHI SPA;PF0085786820X661006;78/68/2  RIT PA 66 - NERO;KG;38,2000000476837;362,9
TORCITURA QUARENGHI SPA;PF0085786820X661008;78/68/2  RIT PA 66 - MARRONE 0159;KG;59,5799999237061;566,03
TORCITURA QUARENGHI SPA;PF0085786820X661009;78/68/2  RIT PA 66 - NERO 0184;KG;59,810001373291;568,21
TORCITURA QUARENGHI SPA;PF0085786820X661012;78/68/2  RIT PA 66 - BLU LOTTO;KG;47,3700001239777;450,02
MANIFATTURA DI DOMODOSSOLA SPA;;;;;
MANIFATTURA DI DOMODOSSOLA SPA;PF0088LU1400XP61000;140 LUCIDO RIT 200 S PA 6 - NERO;KG;82;1061,08
OVERFLEX SRL;;;;;
OVERFLEX SRL;PF0096070/10A661000;70/1 ELAS APE PA 66 - NERO;KG;42,7199993133545;440,02
Filati  Elastici Maghina Snc di Tomaselli G. e E.;;;;;
Filati  Elastici Maghina Snc di Tomaselli G. e E.;PF0098040/10A661011;40/1 ELAS APE PA 66 - ROSSO 16;KG;200,430000305176;2124,56
Filati  Elastici Maghina Snc di Tomaselli G. e E.;PF0098040/10A661021;40/1 ELAS APE PA 66 - SACCO 2618;KG;49,4499998092651;504,39
Filati  Elastici Maghina Snc di Tomaselli G. e E.;PF0098040/10A661022;40/1 ELAS APE PA 66 - GRIGIO M 2012;KG;100,339998483658;1044,25
Filati  Elastici Maghina Snc di Tomaselli G. e E.;PF0098040/10A661036;40/1 ELAS APE PA 66 - BRUCIATO 60;KG;33,8500008583069;358,81
Filati  Elastici Maghina Snc di Tomaselli G. e E.;PF0098070/10A660001;70/1 ELAS APE PA 66 - GREGGIO;KG;106,529998779297;820,28
Filati  Elastici Maghina Snc di Tomaselli G. e E.;PF0098070/10A661000;70/1 ELAS APE PA 66 - KAKY 66;KG;124,78000164032;935,87
Filati  Elastici Maghina Snc di Tomaselli G. e E.;PF0098070/10A661001;70/1 ELAS APE PA 66 - KAKY 68;KG;129,070000648499;968,05
Filati  Elastici Maghina Snc di Tomaselli G. e E.;PF0098070/10A661002;70/1 ELAS APE PA 66 - 13 MARINA;KG;1644,02999973297;12513,41
Filati  Elastici Maghina Snc di Tomaselli G. e E.;PF0098070/10A661003;70/1 ELAS APE PA 66 - 30 AVIO;KG;120,019999265671;900,17
Filati  Elastici Maghina Snc di Tomaselli G. e E.;PF0098070/10A661004;70/1 ELAS APE PA 66 - VERDE 34;KG;229,690003395081;1772,41
Filati  Elastici Maghina Snc di Tomaselli G. e E.;PF0098070/10A661005;70/1 ELAS APE PA 66 - NERO 07;KG;2850,02000188828;21701,4
Filati  Elastici Maghina Snc di Tomaselli G. e E.;PF0098070/10A661006;70/1 ELAS APE PA 66 - TESTA MORO 28;KG;528,849999666214;4029,78
Filati  Elastici Maghina Snc di Tomaselli G. e E.;PF0098070/10A661008;70/1 ELAS APE PA 66 - 09 CIELO;KG;98,1899995803833;711,44
Filati  Elastici Maghina Snc di Tomaselli G. e E.;PF0098070/10A661009;70/1 ELAS APE PA 66 - ANTRACITE/GRIGIO 06;KG;319,669996261597;2517,72
Filati  Elastici Maghina Snc di Tomaselli G. e E.;PF0098070/10A661011;70/1 ELAS APE PA 66 - ROSSO 16;KG;118,620000839233;937,1
Filati  Elastici Maghina Snc di Tomaselli G. e E.;PF0098070/10A661012;70/1 ELAS APE PA 66 - GRIGIO 03;KG;138,69000005722;1021,17
Filati  Elastici Maghina Snc di Tomaselli G. e E.;PF0098070/10A661014;70/1 ELAS APE PA 66 - 65 BLU CHIARO;KG;457,589999198914;3508,41
Filati  Elastici Maghina Snc di Tomaselli G. e E.;PF0098070/10A661015;70/1 ELAS APE PA 66 - CORDA 20;KG;102,740000724792;770,57
Filati  Elastici Maghina Snc di Tomaselli G. e E.;PF0098070/10A661016;70/1 ELAS APE PA 66 - CORALLO 41;KG;25,2400007247925;176,68
Filati  Elastici Maghina Snc di Tomaselli G. e E.;PF0098070/10A661017;70/1 ELAS APE PA 66 - VERDE 33;KG;64,8500006198883;472,66
Filati  Elastici Maghina Snc di Tomaselli G. e E.;PF0098070/10A661018;70/1 ELAS APE PA 66 - VERDE 31;KG;51,1300001144409;357,91
Filati  Elastici Maghina Snc di Tomaselli G. e E.;PF0098070/10A661019;70/1 ELAS APE PA 66 - ANTRACITE 505;KG;301,930003404617;2304,23
Filati  Elastici Maghina Snc di Tomaselli G. e E.;PF0098070/10A661023;70/1 ELAS APE PA 66 - GRIGIO 04;KG;331,369999408722;2580,9
Filati  Elastici Maghina Snc di Tomaselli G. e E.;PF0098070/10A661024;70/1 ELAS APE PA 66 - 11 AVIO;KG;225,339996337891;1771,65
Filati  Elastici Maghina Snc di Tomaselli G. e E.;PF0098070/10A661026;70/1 ELAS APE PA 66 - NOCE 37;KG;52,3800005912781;413,81
Filati  Elastici Maghina Snc di Tomaselli G. e E.;PF0098070/10A661027;70/1 ELAS APE PA 66 - GRANATA 55;KG;107,650000572205;850,45
Filati  Elastici Maghina Snc di Tomaselli G. e E.;PF0098070/10A661028;70/1 ELAS APE PA 66 - BORDO' 17;KG;117,440000534058;927,79
Filati  Elastici Maghina Snc di Tomaselli G. e E.;PF0098070/10A661029;70/1 ELAS APE PA 66 - 13 BLU;KG;298,420002937317;2357,55
Filati  Elastici Maghina Snc di Tomaselli G. e E.;PF0098070/10A661030;70/1 ELAS APE PA 66 - LILLA 45;KG;49,0100011825562;387,18
Filati  Elastici Maghina Snc di Tomaselli G. e E.;PF0098070/10A661031;70/1 ELAS APE PA 66 - VERDE 35;KG;40,7499990463257;321,94
Filati  Elastici Maghina Snc di Tomaselli G. e E.;PF0098070/10A661032;70/1 ELAS APE PA 66 - FLUORITE 49;KG;49,8999996185303;394,22
Filati  Elastici Maghina Snc di Tomaselli G. e E.;PF0098070/10A661035;70/1 ELAS APE PA 66 - 145/A GEMMA;KG;50,7099993228912;400,62
Filati  Elastici Maghina Snc di Tomaselli G. e E.;PF0098070/10A661037;70/1 ELAS APE PA 66 - VIOLA 47;KG;48,4300003051758;387,44
Filati  Elastici Maghina Snc di Tomaselli G. e E.;PF0098100/10X661002;100/1 ELAS RIT PA 66 - 13 MARINA;KG;631,090001583099;5219,06
Filati  Elastici Maghina Snc di Tomaselli G. e E.;PF0098100/10X661005;100/1 ELAS RIT PA 66 - NERO 07;KG;990,979996919632;8195,8
Filati  Elastici Maghina Snc di Tomaselli G. e E.;PF0098100/10X661006;100/1 ELAS RIT PA 66 - TESTA MORO 28;KG;244,829998970032;2010,93
Filati  Elastici Maghina Snc di Tomaselli G. e E.;PF0098100/10X661007;100/1 ELAS RIT PA 66 - PISTACCHIO 57;KG;118,180000305176;970,94
Filati  Elastici Maghina Snc di Tomaselli G. e E.;PF0098100/10X661008;100/1 ELAS RIT PA 66 - 09 CIELO;KG;221,010001182556;1768,08
Filati  Elastici Maghina Snc di Tomaselli G. e E.;PF0098100/10X661009;100/1 ELAS RIT PA 66 - ANTRACITE/GRIGIO 06;KG;901,8600025177;7493,35
Filati  Elastici Maghina Snc di Tomaselli G. e E.;PF0098100/10X661010;100/1 ELAS RIT PA 66 - 02 CANDIDO;KG;335,690004825592;2749,35
Filati  Elastici Maghina Snc di Tomaselli G. e E.;PF0098100/10X661011;100/1 ELAS RIT PA 66 - ROSSO 16;KG;230,969997406006;1847,76
Filati  Elastici Maghina Snc di Tomaselli G. e E.;PF0098100/10X661012;100/1 ELAS RIT PA 66 - GRIGIO 03;KG;112,279999732971;898,24
Filati  Elastici Maghina Snc di Tomaselli G. e E.;PF0098100/10X661013;100/1 ELAS RIT PA 66 - ROSA BABY 23;KG;255,730000495911;2101,7
Filati  Elastici Maghina Snc di Tomaselli G. e E.;PF0098100/10X661020;100/1 ELAS RIT PA 66 - BORDEAUX 17;KG;129,719998598099;1037,76
Filati  Elastici Maghina Snc di Tomaselli G. e E.;PF0098100/10X661023;100/1 ELAS RIT PA 66 - GRIGIO 04;KG;234,440001487732;1925,26
Filati  Elastici Maghina Snc di Tomaselli G. e E.;PF0098100/10X661024;100/1 ELAS RIT PA 66 - 11 AVIO;KG;37,0699996948242;296,56
Filati  Elastici Maghina Snc di Tomaselli G. e E.;PF0098100/10X661025;100/1 ELAS RIT PA 66 - 19 GIALLO;KG;35,9400005340576;287,52
Filati  Elastici Maghina Snc di Tomaselli G. e E.;PF0098100/10X661026;100/1 ELAS RIT PA 66 - NOCE 37;KG;146,089999675751;1168,72
Filati  Elastici Maghina Snc di Tomaselli G. e E.;PF0098100/10X661033;100/1 ELAS RIT PA 66 - 08 PERVINCA;KG;57,2000007629395;480,48
Filati  Elastici Maghina Snc di Tomaselli G. e E.;PF0098100/10X661034;100/1 ELAS RIT PA 66 - CORDA 21;KG;55,2299988269806;469,46
Filati  Elastici Maghina Snc di Tomaselli G. e E.;PF0098100/10X661039;100/1 ELAS RIT PA 66 - VERDE ACQUA 61;KG;57,2500002384186;486,64
CALZE LORD di Fortini Vittorino;;;;;
CALZE LORD di Fortini Vittorino;PF0100070/20X661000;70/2 ELAS RIT PA 66 - GRIGIO 31047G179;KG;24,3999996185303;202,53
CALZE LORD di Fortini Vittorino;PR01000007;;;0;4,88
MAB SPA;;;;;
MAB SPA;GR0327040/20X66;40/2 ELAS RIT PA 66;KG;2;60
MAB SPA;PF0101040/20X661000;40/2 ELAS RIT PA 66 - ROSSO 133;KG;46,1000003814697;576,26
STORI B. & C. SRL;;;NR;0;0
STORI B. & C. SRL;;;KG;15,3000003099442;-549,53
STORI B. & C. SRL;;;;;
STORI B. & C. SRL;PF0072040/20X661001;40/2 ELAS RIT PA 66 -  ;KG;16,2099990844727;194,52
STORI B. & C. SRL;PF0072040/20X661002;40/2 ELAS RIT PA 66 - BLEU B9;KG;16,4800000190735;197,76
STORI B. & C. SRL;PF0072070/20X661000;70/2 ELAS RIT PA 66 - BIANCO X0;KG;28;242,2
STORI B. & C. SRL;PF0072070/20X661001;70/2 ELAS RIT PA 66 -  ;KG;14,6599998474121;126,81
STORI B. & C. SRL;PF0072070/20X661002;70/2 ELAS RIT PA 66 - BLEU B9;KG;10,25;88,66
STORI B. & C. SRL;PF0072100/20X661002;100/2 ELAS RIT PA 66 - BLEU B9;KG;6,53999996185303;54,94
STORI B. & C. SRL;PF0102040/20X661002;40/2 ELAS RIT PA 66 - BLEU B9;KG;35,2999997138977;508,32
STORI B. & C. SRL;PF0102040/20X661003;40/2 ELAS RIT PA 66 - N9 NERO;KG;70,710000038147;1018,22
STORI B. & C. SRL;PF0102040/20X661008;40/2 ELAS RIT PA 66 - ROSA R0;KG;5,65000009536743;79,1
STORI B. & C. SRL;PF0102040/20X661010;40/2 ELAS RIT PA 66 - CORDA K1;KG;6,53999996185303;94,18
STORI B. & C. SRL;PF0102040/20X661011;40/2 ELAS RIT PA 66 - MORO I6;KG;11,6700000762939;168,05
STORI B. & C. SRL;PF0102040/20X661012;40/2 ELAS RIT PA 66 - GRAFITE N6;KG;34,1000003814697;491,04
STORI B. & C. SRL;PF0102040/20X661013;40/2 ELAS RIT PA 66 - ARACHIDE J9;KG;11,8699998855591;170,93
STORI B. & C. SRL;PF0102040/20X661014;40/2 ELAS RIT PA 66 - PERLA N2;KG;11,0699996948242;159,41
STORI B. & C. SRL;PF0102070/20X660001;70/2 ELAS RIT PA 66 - GREGGIO;KG;11,5200004577637;97,92
STORI B. & C. SRL;PF0102070/20X661000;70/2 ELAS RIT PA 66 - BIANCO X0;KG;28,8400001525879;337,43
STORI B. & C. SRL;PF0102070/20X661002;70/2 ELAS RIT PA 66 - BLEU B9;KG;31,7200002670288;371,12
STORI B. & C. SRL;PF0102070/20X661007;70/2 ELAS RIT PA 66 - NATURALE K0;KG;33,0200004577637;351,66
STORI B. & C. SRL;PF0102070/20X661008;70/2 ELAS RIT PA 66 - ROSA R0;KG;23,4100008010864;264,53
STORI B. & C. SRL;PF0102070/20X661009;70/2 ELAS RIT PA 66 - PIOMBO N8;KG;23,2499995231628;272,02
STORI B. & C. SRL;PF0102070/20X661010;70/2 ELAS RIT PA 66 - CORDA K1;KG;18,4399998188019;215,75
STORI B. & C. SRL;PF0102070/20X661011;70/2 ELAS RIT PA 66 - MORO I6;KG;18,9700002670288;221,95
STORI B. & C. SRL;PF0102070/20X661012;70/2 ELAS RIT PA 66 - GRAFITE N6;KG;24,4099998474121;285,6
STORI B. & C. SRL;PF0102070/20X661013;70/2 ELAS RIT PA 66 - ARACHIDE J9;KG;16,5199997425079;193,28
STORI B. & C. SRL;PF0102070/20X661014;70/2 ELAS RIT PA 66 - PERLA N2;KG;20,5199999809265;240,08
STORI B. & C. SRL;PF0102070/20X661015;70/2 ELAS RIT PA 66 - ARGENTO N4;KG;24,0999994277954;281,97
STORI B. & C. SRL;PF0102070/20X661017;70/2 ELAS RIT PA 66 - ATLANTICO B1;KG;29,8999996185303;349,83
STORI B. & C. SRL;PF0102070/20X661018;70/2 ELAS RIT PA 66 - CIELO A0;KG;29,150000333786;341,06
STORI B. & C. SRL;PF0102100/20X661009;100/2 ELAS RIT PA 66 - PIOMBO N8;KG;7,07000017166138;76,36
STORI B. & C. SRL;PF0102100/20X661010;100/2 ELAS RIT PA 66 - CORDA K1;KG;7,26999998092651;78,52
STORI B. & C. SRL;PF0102100/20X661012;100/2 ELAS RIT PA 66 - GRAFITE N6;KG;6,48999977111816;70,09
STORI B. & C. SRL;PF0102100/20X661013;100/2 ELAS RIT PA 66 - ARACHIDE J9;KG;6,23000001907349;67,28
STORI B. & C. SRL;PF0102100/20X661015;100/2 ELAS RIT PA 66 - ARGENTO N4;KG;6,42999982833862;69,44
STORI B. & C. SRL;PF0102133320APM1003;LY+PAMF (13+033/20 TINTO) 38DTX - N9 NERO;KG;113,770001113415;4497,49
STORI B. & C. SRL;PF0102133320APM1005;LY+PAMF (13+033/20 TINTO) 38DTX - PIOMBO N8;KG;30,3400001525879;1198
STORI B. & C. SRL;PF0102133320APM1006;LY+PAMF (13+033/20 TINTO) 38DTX - GREGGIO XX;KG;60,049999833107;2376,34
STORI B. & C. SRL;PF0102152020X661003;LY+PA66 (15+044/sz TINTO) 50 DTX - N9 NERO;KG;143,679999887943;5039,94
STORI B. & C. SRL;PF0102152020X661004;LY+PA66 (15+044/sz TINTO) 50 DTX - GREGGIO XX;KG;202,049998521805;7078,35
STORI B. & C. SRL;PF0102152020X661009;LY+PA66 (15+044/sz TINTO) 50 DTX - PIOMBO N8;KG;44,710000038147;1561,27
STORI B. & C. SRL;PF0102207010A661003;LY178+PA ( 20+078 TINTO) 86 DTX - N9 NERO;KG;69,3299996852875;1256,27
STORI B. & C. SRL;PF0102207010A661004;LY178+PA ( 20+078 TINTO) 86 DTX - GREGGIO XX;KG;47,0100002288818;851,82
FRA-PRO SRL;;;;;
FRA-PRO SRL;PF0106040/20X661000;40/2 ELAS RIT PA 66 - NOCE;KG;117,569999694824;1457,88
FRA-PRO SRL;PF0106040/20X661002;40/2 ELAS RIT PA 66 - SABBIA;KG;17,8499994277954;221,34
FRA-PRO SRL;PF0106060/20X661000;60/2 ELAS RIT PA 66 - NOCE;KG;288,240001678467;2823,46
FRA-PRO SRL;PF0106060/20X661001;60/2 ELAS RIT PA 66 - FUME' COTONE;KG;41,4300003051758;393,6
FRA-PRO SRL;PF0106060/20X661002;60/2 ELAS RIT PA 66 - SABBIA;KG;16,2100002765656;160,48
FRA-PRO SRL;PF0106060/20X661003;60/2 ELAS RIT PA 66 - CANDIDO;KG;27,3400001525879;270,67
FRA-PRO SRL;PF0106060/20X661004;60/2 ELAS RIT PA 66 - TISTA;KG;25,6999998092651;254,43
FRA-PRO SRL;PF0106060/20X661005;60/2 ELAS RIT PA 66 - NERO;KG;226,210000991821;2239,51
FRA-PRO SRL;PF0106060/20X661006;60/2 ELAS RIT PA 66 - BLEU;KG;140,139998435974;1387,41
FRA-PRO SRL;PF0106060/20X661007;60/2 ELAS RIT PA 66 - VERDONE;KG;31,5700001716614;312,55
FRA-PRO SRL;PF0106100/20X661000;100/2 ELAS RIT PA 66 - NOCE;KG;23,5899996757507;212,31
FRA-PRO SRL;PF0106100/20X661004;100/2 ELAS RIT PA 66 - TISTA;KG;18;162
FRA-PRO SRL;PF0106100/20X661005;100/2 ELAS RIT PA 66 - NERO;KG;11,9499998092651;107,55
FRA-PRO SRL;PF0106100/20X661006;100/2 ELAS RIT PA 66 - BLEU;KG;11,75;105,75
FRA-PRO SRL;PF0106784610XTC1008;78/46/1 ELAS RIT TACTEL - CANDIDO;KG;7,30000019073486;91,25
Conf. Giusy di Bonetti Giuseppina;;;;;
Conf. Giusy di Bonetti Giuseppina;PF0108100/20X660001;100/2 ELAS RIT PA 66 - ;KG;61,1000003814697;507,13
Conf. Giusy di Bonetti Giuseppina;PF0108100/20X661000;100/2 ELAS RIT PA 66 - LATTE;KG;30,1000003814697;249,84
Conf. Giusy di Bonetti Giuseppina;PF0108100/20X661001;100/2 ELAS RIT PA 66 - BRUCIATO 60;KG;62,6599998474121;520,08
Conf. Giusy di Bonetti Giuseppina;PF0108100/20X661002;100/2 ELAS RIT PA 66 - BLU;KG;62,3599996566772;517,58
Conf. Giusy di Bonetti Giuseppina;PF0108100/20X661003;100/2 ELAS RIT PA 66 - NERO;KG;62,9599997997284;522,58
Conf. Giusy di Bonetti Giuseppina;PF0108100/20X661004;100/2 ELAS RIT PA 66 - TESTA DI MORO;KG;36,9500002861023;306,69
La R.T.B. Di Dettali Riccardo ;;;;;
La R.T.B. Di Dettali Riccardo ;FL0327070/20BP6;70/2 ELAS BINATO PA 6;KG;1044,70098876953;3807,97
La R.T.B. Di Dettali Riccardo ;MG1080P069002;CONO 71.5X260 (RTB);NR;7445;1191,2
La R.T.B. Di Dettali Riccardo ;MG1080P069015;CONO 71.5x260 GIALLO 15 (RTB);NR;3555;568,8
La R.T.B. Di Dettali Riccardo ;MGSCATOLAALSAFIL;SCATOLA SIRETESSILE;NR;60;0
La R.T.B. Di Dettali Riccardo ;PF0109070/20X661000;70/2 ELAS RIT PA 66 - NERO;KG;59,3499999046326;439,19
La R.T.B. Di Dettali Riccardo ;PF0109100/20X661000;100/2 ELAS RIT PA 66 - NERO;KG;158;1316,86
CALZIFICIO TELEMACO SRL;;;;;
CALZIFICIO TELEMACO SRL;PF0110784620XTC1000;78/46/2 ELAS RIT TACTEL - GRIGIO G165;KG;32,9800002574921;362,78
CALZIFICIO TELEMACO SRL;PR01100007;;;0;9,89
GIEFFE SRL;;;;;
GIEFFE SRL;PF0112LUC700XP61000;70 LUCIDO RIT PA 6 - NERO;KG;40,3299989700317;564,62
PIEFFE SPORT SNC;;;KG;0;0
PIEFFE SPORT SNC;;;;;
PIEFFE SPORT SNC;PF0113070/20X660001;70/2 ELAS RIT PA 66 - GREGGIO;KG;115,219999313354;132,24
PIEFFE SPORT SNC;PF0113070/20X661000;70/2 ELAS RIT PA 66 - GIALLO;KG;70,7899997234344;552,17
PIEFFE SPORT SNC;PF0113070/20X661001;70/2 ELAS RIT PA 66 - ROYAL;KG;29,3600001335144;229,01
PIEFFE SPORT SNC;PF0113070/20X661002;70/2 ELAS RIT PA 66 - NERO;KG;199,619997024536;1557
PIEFFE SPORT SNC;PF0113070/20X661004;70/2 ELAS RIT PA 66 - AVIO;KG;34,7200002670288;270,81
PIEFFE SPORT SNC;PF0113070/20X661005;70/2 ELAS RIT PA 66 - ROSSO;KG;33,2799997329712;259,58
PIEFFE SPORT SNC;PF0113070/20X661006;70/2 ELAS RIT PA 66 - ANTRACITE;KG;93,6999998092651;730,86
PIEFFE SPORT SNC;PF0113100/20X661002;100/2 ELAS RIT PA 66 - NERO;KG;67,4400000572205;526,03
PIEFFE SPORT SNC;PF0113100/20X661003;100/2 ELAS RIT PA 66 - CANDIDO;KG;96,7600002288818;754,74
PIEFFE SPORT SNC;PF0113100/20X661006;100/2 ELAS RIT PA 66 - ANTRACITE;KG;38,4000005722046;299,51
PIEFFE SPORT SNC;PF0113100/20X661008;100/2 ELAS RIT PA 66 - ARANCIO;KG;36,1600008010864;282,04
PIEFFE SPORT SNC;PF0113784620XTC1007;78/46/2 ELAS RIT TACTEL - NERO;KG;41,480001449585;477,03
DBApparel Italia Srl - Società Unipersonale;;;;;
DBApparel Italia Srl - Società Unipersonale;PF0116100/20C661000;100/2 ELAS CUC 5000 PA 66 - 0030 CANDIDO;KG;7,0200001001358;91,2
DBApparel Italia Srl - Società Unipersonale;PF0116100/20C661001;100/2 ELAS CUC 5000 PA 66 - 0040 NERO;KG;7,42000007629395;91,8
COTTONTEX SRL;;;;;
COTTONTEX SRL;PF0117100/20C661000;100/2 ELAS CUC 5000 PA 66 - BIANCO;KG;4,48000001907349;64
COTTONTEX SRL;PF0117100/20C661001;100/2 ELAS CUC 5000 PA 66 - GRIGIO 856;KG;0,879999995231628;12,8
COTTONTEX SRL;PF0117100/20C661002;100/2 ELAS CUC 5000 PA 66 - GRIGIO 875;KG;0,879999995231628;12,8
COTTONTEX SRL;PF0117100/20C661003;100/2 ELAS CUC 5000 PA 66 - GRIGIO 320;KG;0,879999995231628;12,8
COTTONTEX SRL;PF0117100/20C661004;100/2 ELAS CUC 5000 PA 66 - GRIGIO 1;KG;0,870000004768372;12,8
COTTONTEX SRL;PF0117100/20C661005;100/2 ELAS CUC 5000 PA 66 - ROSA 719;KG;0,879999995231628;12,8
COTTONTEX SRL;PF0117100/20C661006;100/2 ELAS CUC 5000 PA 66 - ROSSO 302;KG;0,850000023841858;12,8
COTTONTEX SRL;PF0117100/20C661007;100/2 ELAS CUC 5000 PA 66 - BLU 613;KG;0,910000026226044;12,8
COTTONTEX SRL;PF0117100/20C661008;100/2 ELAS CUC 5000 PA 66 - NERO;KG;30,8199994564056;441,6
COTTONTEX SRL;PF0117100/20D661000;100/2 ELAS CUC 10000 PA 66 - BIANCO;KG;89,7700004577637;1648,5
COTTONTEX SRL;PF0117100/20D661001;100/2 ELAS CUC 10000 PA 66 - GRIGIO 856;KG;24,6300001144409;262,5
COTTONTEX SRL;PF0117100/20D661006;100/2 ELAS CUC 10000 PA 66 - ROSSO 302;KG;30,9899997711182;560
COTTONTEX SRL;PF0117100/20D661008;100/2 ELAS CUC 10000 PA 66 - NERO;KG;79,4799992442131;1260
COTTONTEX SRL;PF0117100/20D661009;100/2 ELAS CUC 10000 PA 66 - COD. 686 VERDE;KG;4,11999988555908;73,5
COTTONTEX SRL;PF0117100/20D661010;100/2 ELAS CUC 10000 PA 66 - COD. 200 VERDE;KG;3,75;66,5
COTTONTEX SRL;PF0117100/20D661011;100/2 ELAS CUC 10000 PA 66 - COD. 740 VERDINO;KG;4,2299998998642;77
COTTONTEX SRL;PF0117100/20D661012;100/2 ELAS CUC 10000 PA 66 - COD. 737 MARO-GRI;KG;14,9000000953674;269,5
VEROPIZ S.R.L.;;;;;
VEROPIZ S.R.L.;PF0118LU1400AP60001;140 LUCIDO APE PA 6 - ;KG;1008,03999853134;8215,53
VEROPIZ S.R.L.;PF0118LUC700XP61000;70 LUCIDO RIT PA 6 - NERO;KG;152,359999656677;2109,65
ILUNA GROUP SRL;;;;;
ILUNA GROUP SRL;FL03270EPIC0FPO;FILATO EPIC mt 5000 MT POLY;NR;1;30
ILUNA GROUP SRL;PF0119100/20C661000;100/2 ELAS CUC 5000 PA 66 - A107/A50 WHITE;KG;10,4900000095367;143,1
ILUNA GROUP SRL;PF0119100/20C661001;100/2 ELAS CUC 5000 PA 66 - NERO VS CC;KG;6,13000011444092;79,5
ILUNA GROUP SRL;PF0119100/20C661002;100/2 ELAS CUC 5000 PA 66 - CHOCOLAT NOIR VS M28;KG;6,05999994277954;81,09
ILUNA GROUP SRL;PF0119100/20C661003;100/2 ELAS CUC 5000 PA 66 - MACARON VS M283;KG;9,90999984741211;143,76
ILUNA GROUP SRL;PF0119100/20C661004;100/2 ELAS CUC 5000 PA 66 - NUDE N175 D89;KG;0,449999988079071;30
ILUNA GROUP SRL;PF0119100/20C661005;100/2 ELAS CUC 5000 PA 66 - COD.844 N175 NUDE D89;KG;4,48000001907349;72
CALZIFICIO FRANZONI G.MAURO & C. SRL Unipersonale;;;;;
CALZIFICIO FRANZONI G.MAURO & C. SRL Unipersonale;PF0120LU1400XP60001;140 LUCIDO RIT 200 S PA 6 - ;KG;18,5799999237061;170,94
GENESI SRL;;;NR;58;-203
GENESI SRL;;;KG;16,0089998245239;-178,03
GENESI SRL;;;;;
GENESI SRL;PF0121100/20D661000;100/2 ELAS CUC 10000 PA 66 - COD. 613;KG;9,01999998092651;128
GENESI SRL;PF0121100/20D661001;100/2 ELAS CUC 10000 PA 66 - COD. 68;KG;4,48999977111816;64
GENESI SRL;PF0121100/20D661002;100/2 ELAS CUC 10000 PA 66 - COD. 296;KG;4,40000009536743;64
GENESI SRL;PF0121100/20D661003;100/2 ELAS CUC 10000 PA 66 - COD. 328;KG;8,92999982833862;128
GENESI SRL;PF0121100/20D661004;100/2 ELAS CUC 10000 PA 66 - COD. 576 ;KG;8,51999998092651;124,8
GENESI SRL;PF0121100/20D661005;100/2 ELAS CUC 10000 PA 66 - COD. 325;KG;78,0700001716614;1289
GENESI SRL;PF0121100/20D661006;100/2 ELAS CUC 10000 PA 66 - COD. 952;KG;8,84000015258789;128
GENESI SRL;PF0121100/20D661007;100/2 ELAS CUC 10000 PA 66 - COD. 982;KG;8,78000020980835;128
GENESI SRL;PF0121100/20D661008;100/2 ELAS CUC 10000 PA 66 - COD. 98;KG;4,42999982833862;64
GENESI SRL;PF0121100/20D661009;100/2 ELAS CUC 10000 PA 66 - COD. 137 GIALLO;KG;8,72000026702881;128
GENESI SRL;PF0121100/20D661010;100/2 ELAS CUC 10000 PA 66 - COD. 0003 NERO;KG;617,239998191595;9737,1
GENESI SRL;PF0121100/20D661011;100/2 ELAS CUC 10000 PA 66 - 0002 BIANCO CANDIDO OTTICO;KG;116,150001227856;1878,7
GENESI SRL;PF0121100/20D661012;100/2 ELAS CUC 10000 PA 66 - COD. 1166 PINO;KG;43,0700002908707;723
GENESI SRL;PF0121100/20D661013;100/2 ELAS CUC 10000 PA 66 - COD.320;KG;129,300000011921;2186,3
GENESI SRL;PF0121100/20D661014;100/2 ELAS CUC 10000 PA 66 - COD. 832;KG;9,23000001907349;140
GENESI SRL;PF0121100/20D661015;100/2 ELAS CUC 10000 PA 66 - COD. 793;KG;59,1800000667572;945
GENESI SRL;PF0121100/20D661016;100/2 ELAS CUC 10000 PA 66 - COD. 855;KG;17,4299998283386;266
GENESI SRL;PF0121100/20D661017;100/2 ELAS CUC 10000 PA 66 - COD. 866;KG;37,900000333786;595
GENESI SRL;PF0121100/20D661018;100/2 ELAS CUC 10000 PA 66 - COD. 822;KG;43,8400001525879;773,5
GENESI SRL;PF0121100/20D661019;100/2 ELAS CUC 10000 PA 66 - COD. 882;KG;29,4199998378754;483
GENESI SRL;PF0121100/20D661020;100/2 ELAS CUC 10000 PA 66 - COD. 950;KG;7,62000012397766;140
GENESI SRL;PF0121100/20D661021;100/2 ELAS CUC 10000 PA 66 - COD. 1323;KG;4,19999980926514;73,5
GENESI SRL;PF0121100/20D661022;100/2 ELAS CUC 10000 PA 66 - COD. 727;KG;7,76999998092651;140
GENESI SRL;PF0121100/20D661023;100/2 ELAS CUC 10000 PA 66 - COD. 89;KG;9,02999997138977;171,5
GENESI SRL;PF0121100/20D661024;100/2 ELAS CUC 10000 PA 66 - COD. 1323;KG;16,3200001716614;280
GENESI SRL;PF0121100/20D661025;100/2 ELAS CUC 10000 PA 66 - COL.909;KG;12,2199997901917;210
GENESI SRL;PF0121100/20D661026;100/2 ELAS CUC 10000 PA 66 - COD. 921;KG;8,1100001335144;140
GENESI SRL;PF0121100/20D661027;100/2 ELAS CUC 10000 PA 66 - COD. 828 ROSSO;KG;45,6299996376038;847
GENESI SRL;PF0121100/20D661028;100/2 ELAS CUC 10000 PA 66 - BIANCO LATTE;KG;38,2899990081787;633,5
GENESI SRL;PF0121100/20D661029;100/2 ELAS CUC 10000 PA 66 - COD. 322;KG;14,8899998664856;255,5
GENESI SRL;PF0121100/20D661030;100/2 ELAS CUC 10000 PA 66 - COD. 932;KG;20,379999935627;367,5
GENESI SRL;PF0121100/20D661031;100/2 ELAS CUC 10000 PA 66 - COD. 902;KG;4,30000019073486;70
GENESI SRL;PF0121100/20D661032;100/2 ELAS CUC 10000 PA 66 - GRAPHITE GRAY 1195;KG;18,2799997329712;280
GENESI SRL;PF0121100/20D661033;100/2 ELAS CUC 10000 PA 66 - COD. 001;KG;17,8699998855591;280
GENESI SRL;PF0121100/20D661034;100/2 ELAS CUC 10000 PA 66 - COD. 63;KG;3,92000007629395;70
GENESI SRL;PF0121100/20D661035;100/2 ELAS CUC 10000 PA 66 - COD. 82;KG;12,460000038147;217
GENESI SRL;PF0121100/20D661036;100/2 ELAS CUC 10000 PA 66 - NUDO CI;KG;39,5699999332428;661,5
GENESI SRL;PF0121100/20D661037;100/2 ELAS CUC 10000 PA 66 - VERDE DN;KG;20,5799999237061;318,5
GENESI SRL;PF0121100/20D661038;100/2 ELAS CUC 10000 PA 66 - COD. 3031;KG;3,8199999332428;70
GENESI SRL;PF0121100/20D661039;100/2 ELAS CUC 10000 PA 66 - COD. 628;KG;22,5200003385544;402,5
GENESI SRL;PF0121100/20D661040;100/2 ELAS CUC 10000 PA 66 - COD. 695;KG;19,9800000190735;364
GENESI SRL;PF0121100/20D661041;100/2 ELAS CUC 10000 PA 66 - COD. 753;KG;24,8400001525879;437,5
GENESI SRL;PF0121100/20D661042;100/2 ELAS CUC 10000 PA 66 - COD. 710;KG;3,90000009536743;70
GENESI SRL;PF0121100/20D661043;100/2 ELAS CUC 10000 PA 66 - COD. 2063;KG;21,789999961853;343
GENESI SRL;PF0121100/20D661044;100/2 ELAS CUC 10000 PA 66 - COD. 986;KG;20,7800004482269;325,5
GENESI SRL;PF0121100/20D661045;100/2 ELAS CUC 10000 PA 66 - COD. 1197 FUSION PINK;KG;21,6700003147125;343
GENESI SRL;PF0121100/20D661046;100/2 ELAS CUC 10000 PA 66 - COD. 316;KG;8,07000017166138;143,5
GENESI SRL;PF0121100/20D661047;100/2 ELAS CUC 10000 PA 66 - AMARANTO 1165;KG;21,5399999022484;336
GENESI SRL;PF0121100/20D661048;100/2 ELAS CUC 10000 PA 66 - GRAPHITE GRAY MICRO;KG;23,0900001525879;395,5
GENESI SRL;PF0121100/20D661049;100/2 ELAS CUC 10000 PA 66 - COD. 327;KG;8,23000001907349;140
GENESI SRL;PF0121100/20D661050;100/2 ELAS CUC 10000 PA 66 - COD. 872;KG;4,44000005722046;70
GENESI SRL;PF0121100/20D661051;100/2 ELAS CUC 10000 PA 66 - COD. 842;KG;28,6699997782707;507,5
GENESI SRL;PF0121100/20D661052;100/2 ELAS CUC 10000 PA 66 - COD. 1333;KG;20,9500000476837;371
GENESI SRL;PF0121100/20D661053;100/2 ELAS CUC 10000 PA 66 - COD. 821;KG;20,8400003910065;371
GENESI SRL;PF0121100/20D661054;100/2 ELAS CUC 10000 PA 66 - COD. 42;KG;20,5600003004074;367,5
GENESI SRL;PF0121100/20D661055;100/2 ELAS CUC 10000 PA 66 - COD. 5566;KG;20,2300002574921;364
GENESI SRL;PF0121100/20D661056;100/2 ELAS CUC 10000 PA 66 - COD. 3018;KG;5,50999987125397;101,5
GENESI SRL;PF0121100/20D661057;100/2 ELAS CUC 10000 PA 66 - COD. 3030;KG;19,0600000619888;308
GENESI SRL;PF0121100/20D661058;100/2 ELAS CUC 10000 PA 66 - COD. 977;KG;19,4900002479553;353,5
GENESI SRL;PF0121100/20D661059;100/2 ELAS CUC 10000 PA 66 - COD. 957;KG;4,6499999165535;87,5
GENESI SRL;PF0121100/20D661060;100/2 ELAS CUC 10000 PA 66 - COD. 687;KG;12,2300002425909;199,5
GENESI SRL;PF0121100/20D661061;100/2 ELAS CUC 10000 PA 66 - COD. 844;KG;4,1399998664856;70
GENESI SRL;PF0121100/20D661062;100/2 ELAS CUC 10000 PA 66 - COD. 825;KG;15,3100001811981;273
GENESI SRL;PF0121100/20D661063;100/2 ELAS CUC 10000 PA 66 - GIALLO FLUO 1238;KG;1,67999994754791;31,5
GENESI SRL;PR01210004;;;0;60
MANIFATTURA SVIZZERA MAGL. SAS di Canova P. & C.;;;;;
MANIFATTURA SVIZZERA MAGL. SAS di Canova P. & C.;PF0122100/20X661000;100/2 ELAS RIT PA 66 - BEIGE 826;KG;344,329999923706;2979,17
MANIFATTURA SVIZZERA MAGL. SAS di Canova P. & C.;PF0122100/20X661001;100/2 ELAS RIT PA 66 - BIANCO OTTICO;KG;271,849999666214;2372,48
(NON USARE) - MEGADYNE SPA ;;;C;444,799987792969;-177,92
(NON USARE) - MEGADYNE SPA ;;;;;
(NON USARE) - MEGADYNE SPA ;PF0126060/20X661000;60/2 ELAS RIT PA 66 - ARANCIO;KG;501,039999961853;4659,74
(NON USARE) - MEGADYNE SPA ;PF0126100/10A661001;100/1 ELAS APE PA 66 - GREGGIO - S;KG;512,860000610352;2907,94
(NON USARE) - MEGADYNE SPA ;PF0126100/10A661002;100/1 ELAS APE PA 66 - GREGGIO - Z;KG;520,529998779297;2953,72
VALCUVIA SRL;;;C;15;-131,7
VALCUVIA SRL;;;;;
VALCUVIA SRL;PF0127100/20D661006;100/2 ELAS CUC 10000 PA 66 - COD. 1;KG;17,6199998855591;161,76
VALCUVIA SRL;PF0127100/20X661000;100/2 ELAS RIT PA 66 - VIOLA PRISMA 932;KG;2,76999998092651;24,32
VALCUVIA SRL;PF0127100/20X661001;100/2 ELAS RIT PA 66 - NERO;KG;76,4699997901917;671,41
VALCUVIA SRL;PF0127100/20X661002;100/2 ELAS RIT PA 66 - BIANCO;KG;22,1599998474121;194,56
VALCUVIA SRL;PF0127100/20X661003;100/2 ELAS RIT PA 66 - 952 ROSA DISNEY B;KG;49,6039994955063;448,74
VALCUVIA SRL;PF0127100/20X661004;100/2 ELAS RIT PA 66 - COD. 828 ROSSO TANZ.;KG;10,8699998855591;95,44
VALCUVIA SRL;PF0127100/20X661005;100/2 ELAS RIT PA 66 - COL.719;KG;14,9500000476837;131,26
VALCUVIA SRL;PF0127100/20X661006;100/2 ELAS RIT PA 66 - COD. 1;KG;15,8000001907349;145,04
VALCUVIA SRL;PF0127100/20X661007;100/2 ELAS RIT PA 66 - COD. 73 ROSA;KG;52,0199995040894;456,74
VALCUVIA SRL;PF0127100/20X661008;100/2 ELAS RIT PA 66 - COD. 302 ROSSO;KG;16,9199995994568;148,55
VALCUVIA SRL;PF0127100/20X661010;100/2 ELAS RIT PA 66 - ROSSO TANZANIA 828;KG;18,5700001716614;170,48
VALCUVIA SRL;PF0127100/20X661011;100/2 ELAS RIT PA 66 - COD. 889;KG;16,1700005531311;148,44
VALCUVIA SRL;PF0127100/20X661012;100/2 ELAS RIT PA 66 - COL. 807 BLUE-VIOLA ME;KG;15,9700002670288;146,6
VALCUVIA SRL;PR01270009;;;0;0
POMPEA SPA;;;;;
POMPEA SPA;PF0128070/20D661005;70/2 ELAS CUC 10000 PA 66 - COD. 3038 VIOLA;KG;15,2799999713898;206,3
POMPEA SPA;PF0128070/20D661007;70/2 ELAS CUC 10000 PA 66 - COD. 320 MINERAL;KG;19,1100001335144;258
POMPEA SPA;PF0128100/20D661000;100/2 ELAS CUC 10000 PA 66 - CAFFE' COD. 957;KG;9,40999984741211;127,04
POMPEA SPA;PF0128100/20D661001;100/2 ELAS CUC 10000 PA 66 - COD. 882 ;KG;75,8700003623962;1048,27
POMPEA SPA;PF0128100/20D661002;100/2 ELAS CUC 10000 PA 66 - COD. 912 BORDEAUX;KG;18,5999999046326;257,7
POMPEA SPA;PF0128100/20D661003;100/2 ELAS CUC 10000 PA 66 - COD. 917 OTTANIO;KG;18,7299997806549;259,46
POMPEA SPA;PF0128100/20D661004;100/2 ELAS CUC 10000 PA 66 - COD. 322 GRIGIO;KG;6,45000004768372;87,08
POMPEA SPA;PF0128100/20D661006;100/2 ELAS CUC 10000 PA 66 - COD. 866;KG;22,1400003433228;298,89
POMPEA SPA;PF0128100/20D661007;100/2 ELAS CUC 10000 PA 66 - COD. 320 MINERAL;KG;13,4500002861023;186,96
POMPEA SPA;PF0128100/20D661008;100/2 ELAS CUC 10000 PA 66 - COD. 830 DAINO;KG;13,1499998569489;177,54
POMPEA SPA;PF0128100/20D661009;100/2 ELAS CUC 10000 PA 66 - DELFINO;KG;24,2500002384186;327,38
POMPEA SPA;PF0128100/20D661010;100/2 ELAS CUC 10000 PA 66 - BIANCO;KG;75,8100008964539;1036,27
POMPEA SPA;PF0128100/20D661011;100/2 ELAS CUC 10000 PA 66 - COL.793;KG;42,6600005626678;592,98
POMPEA SPA;PF0128100/20D661012;100/2 ELAS CUC 10000 PA 66 - ;KG;14,7299997806549;198,87
POMPEA SPA;PF0128100/20D661014;100/2 ELAS CUC 10000 PA 66 - ;KG;50,9600002765656;708,35
POMPEA SPA;PF0128100/20D661015;100/2 ELAS CUC 10000 PA 66 - COD. 315 VERDE 5725;KG;17,3599998950958;241,3
POMPEA SPA;PF0128100/20D661016;100/2 ELAS CUC 10000 PA 66 - COD. 896 AVIO;KG;17,1500000953674;238,38
POMPEA SPA;PF0128100/20D661017;100/2 ELAS CUC 10000 PA 66 - COD. 3012;KG;84,5700007081032;1175,55
POMPEA SPA;PF0128100/20D661018;100/2 ELAS CUC 10000 PA 66 - NERO;KG;31,4799997806549;437,56
POMPEA SPA;PF0128100/20D661019;100/2 ELAS CUC 10000 PA 66 - COD. 940;KG;7,25000005960464;100,77
POMPEA SPA;PF0128100/20D661020;100/2 ELAS CUC 10000 PA 66 - COD. 63 CICLAMINO;KG;11,7699999809265;163,6
POMPEA SPA;PF0128100/20D661021;100/2 ELAS CUC 10000 PA 66 - COD. 2 BIANCO LATTE;KG;15,5199997425079;215,72
POMPEA SPA;PF0128100/20D661022;100/2 ELAS CUC 10000 PA 66 - COD. 695;KG;22,2900003194809;309,84
POMPEA SPA;PF0128100/20D661023;100/2 ELAS CUC 10000 PA 66 - ROSA 1813;KG;17,8000001907349;247,42
POMPEA SPA;PF0128100/20D661024;100/2 ELAS CUC 10000 PA 66 - LILLA 967;KG;14,0099999904633;194,74
POMPEA SPA;PF0128100/20D661025;100/2 ELAS CUC 10000 PA 66 - COD. 3628 AZALEA;KG;17,0999999046326;237,69
POMPEA SPA;PF0128100/20D661026;100/2 ELAS CUC 10000 PA 66 - COD. 24-3015 ACQUA;KG;23,8200002908707;331,1
POMPEA SPA;PF0128100/20D661027;100/2 ELAS CUC 10000 PA 66 - BS097 - COD. 1333;KG;18,5799997448921;258,26
POMPEA SPA;PF0128100/20D661028;100/2 ELAS CUC 10000 PA 66 - COD. 1332 BLU;KG;1,04999995231628;14,6
POMPEA SPA;PF0128100/20D661029;100/2 ELAS CUC 10000 PA 66 - COD. 20-953 AZZURRO;KG;2,72000002861023;37,81
POMPEA SPA;PF0128100/20D661030;100/2 ELAS CUC 10000 PA 66 - COD. 12-822 GRIGIO;KG;19,8300001621246;275,64
POMPEA SPA;PF0128100/20D661031;100/2 ELAS CUC 10000 PA 66 - COD. 431 MOSTO;KG;1,86000001430511;25,85
POMPEA SPA;PF0128100/20D661032;100/2 ELAS CUC 10000 PA 66 - COD. 327 GRIGIO;KG;0,589999973773956;8,2
POMPEA SPA;PR01280004;;;0;120
I.R.T.E. SRL;;;;;
I.R.T.E. SRL;PF0129V70/20V661000;70/2 VOLUMINIZZATO INTERL. PA 66 - GRIGIO 703;KG;48,6400012969971;437,76
I.R.T.E. SRL;PF0129V70/20V661001;70/2 VOLUMINIZZATO INTERL. PA 66 - BIANCO;KG;109,919999599457;989,28
ALSAFIL SPA;;;NR;0;0
ALSAFIL SPA;;;KG;3075,81996154785;-7697,17
ALSAFIL SPA;;;;;
ALSAFIL SPA;PF0132040/20X661000;40/2 ELAS RIT PA 66 - CANDIDO;KG;51,4400005340576;442,16
ALSAFIL SPA;PF0132040/20X661005;40/2 ELAS RIT PA 66 - NERO;KG;46,1599998474121;401,59
ALSAFIL SPA;PF0132040/20X661008;40/2 ELAS RIT PA 66 - BLU;KG;30,6800003051758;266,92
ALSAFIL SPA;PF0132040/20X661010;40/2 ELAS RIT PA 66 - ANTRACITE;KG;27,9800004959106;237,83
ALSAFIL SPA;PF0132040/20X661012;40/2 ELAS RIT PA 66 - INCHIOSTRO 551;KG;108,880001068115;925,5
ALSAFIL SPA;PF0132040/20X661013;40/2 ELAS RIT PA 66 - PRUGNA 568;KG;110,380001604557;938,25
ALSAFIL SPA;PF0132040/20X661014;40/2 ELAS RIT PA 66 - MARMO ROSA 567;KG;124,040001869202;1054,36
ALSAFIL SPA;PF0132070/20X660001;70/2 ELAS RIT PA 66 - GREGGIO;KG;177,909996986389;824,79
ALSAFIL SPA;PF0132070/20X661000;70/2 ELAS RIT PA 66 - CANDIDO;KG;289,619999885559;1899,56
ALSAFIL SPA;PF0132070/20X661001;70/2 ELAS RIT PA 66 - MORO 1021;KG;43,5200009346008;295,94
ALSAFIL SPA;PF0132070/20X661003;70/2 ELAS RIT PA 66 - BLU E11;KG;256,370002746582;1721,58
ALSAFIL SPA;PF0132070/20X661004;70/2 ELAS RIT PA 66 - ANTRACITE 1007;KG;174,950000762939;1183,18
ALSAFIL SPA;PF0132070/20X661005;70/2 ELAS RIT PA 66 - NERO;KG;464,059999465942;3081,56
ALSAFIL SPA;PF0132070/20X661006;70/2 ELAS RIT PA 66 - CAFFE';KG;79,710000038147;542,02
ALSAFIL SPA;PF0132070/20X661009;70/2 ELAS RIT PA 66 - CORDA 130;KG;80,4899997711182;535,26
ALSAFIL SPA;PF0132070/20X661015;70/2 ELAS RIT PA 66 - TORTORA;KG;49,7399997711182;330,78
ALSAFIL SPA;PF0132070/20X661021;70/2 ELAS RIT PA 66 - VERDE E44;KG;48,6300010681152;323,39
ALSAFIL SPA;PF0132070/20X661022;70/2 ELAS RIT PA 66 - FUXIA E53;KG;34,9800004959106;232,61
ALSAFIL SPA;PF0132070/40X660001;70/4 ELAS RIT PA 66 - GREGGIO;KG;195,129997253418;956,15
ALSAFIL SPA;PF0132070/40X661000;70/4 ELAS RIT PA 66 - CANDIDO;KG;30,3499999046326;235,21
ALSAFIL SPA;PF0132070/40X661005;70/4 ELAS RIT PA 66 - NERO;KG;41,1500012874603;318,91
ALSAFIL SPA;PF0132070/40X661020;70/4 ELAS RIT PA 66 - COBALTO E20;KG;59,2000005245209;458,82
ALSAFIL SPA;PF0132100/20X660001;100/2 ELAS RIT PA 66 - ;KG;1219,52999067307;5853,68
ALSAFIL SPA;PF0132100/20X661002;100/2 ELAS RIT PA 66 - ROYAL 6080;KG;31,539999961853;217,63
ALSAFIL SPA;PF0132100/20X661005;100/2 ELAS RIT PA 66 - NERO;KG;11133,8800058365;75823,8
ALSAFIL SPA;PF0132100/20X661007;100/2 ELAS RIT PA 66 - ARANCIO;KG;32,7999992370605;226,32
ALSAFIL SPA;PF0132100/20X661011;100/2 ELAS RIT PA 66 - BLU ELETTRICO E19;KG;56,4900007247925;389,78
ALSAFIL SPA;PF013260/600X660001;60/60/3 ELAS RIT PA 66 - GREGGIO;KG;23,9500005245209;225,13
ALSAFIL SPA;PF0132606020X660001;60/60/2 ELAS RIT PA 66 - GREGGIO;KG;7,42999982833862;67,61
DE VINCENZO CARMINE Filati e Fibre Sintetiche;;;;;
DE VINCENZO CARMINE Filati e Fibre Sintetiche;PF0136040/20X660001;40/2 ELAS RIT PA 66 - GREGGIO;KG;331,510000228882;2088,52
DE VINCENZO CARMINE Filati e Fibre Sintetiche;PF0136070/20X660001;70/2 ELAS RIT PA 66 - GREGGIO;KG;226,68000125885;1258,07
DE VINCENZO CARMINE Filati e Fibre Sintetiche;PF0136100/20X660001;100/2 ELAS RIT PA 66 - ;KG;499,490000724792;2855,78
VARTES SRL;;;;;
VARTES SRL;PF0137100/20D661000;100/2 ELAS CUC 10000 PA 66 - COD. 876;KG;3,70000004768372;96
VARTES SRL;PF0137100/20D661001;100/2 ELAS CUC 10000 PA 66 - COD. 978;KG;3,42000007629395;96
VARTES SRL;PF0137100/20D661004;100/2 ELAS CUC 10000 PA 66 - COD.3031;KG;4,36999988555908;64
VARTES SRL;PF0137100/20D661005;100/2 ELAS CUC 10000 PA 66 - COD. 3014;KG;3,05999994277954;73,6
VARTES SRL;PF0137100/20D661006;100/2 ELAS CUC 10000 PA 66 - COD. 773;KG;4,08999991416931;108,5
VARTES SRL;PF0137100/20D661007;100/2 ELAS CUC 10000 PA 66 - COD. 001;KG;8,8600001335144;140
VARTES SRL;PF0137100/20X661002;100/2 ELAS RIT PA 66 - BIANCO;KG;24,4200000762939;217,34
VARTES SRL;PF0137100/20X661003;100/2 ELAS RIT PA 66 - NERO;KG;25,4000005722046;226,07
RAZZABONI NELLA E C. S.A.S.;;;;;
RAZZABONI NELLA E C. S.A.S.;PF0139070/20X661000;70/2 ELAS RIT PA 66 - AZZURRO;KG;74,7799997329712;655,34
RAZZABONI NELLA E C. S.A.S.;PF0139070/20X661001;70/2 ELAS RIT PA 66 - ROSSO;KG;42,5300011634827;357,25
RAZZABONI NELLA E C. S.A.S.;PF0139070/20X661002;70/2 ELAS RIT PA 66 - GIALLO;KG;85,539999961853;754,15
RAZZABONI NELLA E C. S.A.S.;PF0139070/20X661003;70/2 ELAS RIT PA 66 - ARANCIO;KG;42,2900004386902;389,07
RAZZABONI NELLA E C. S.A.S.;PF0139070/20X661004;70/2 ELAS RIT PA 66 - BIANCO;KG;37,4200005531311;344,26
RAZZABONI NELLA E C. S.A.S.;PF0139070/20X661005;70/2 ELAS RIT PA 66 - NERO;KG;93,4800007343292;860,03
RAZZABONI NELLA E C. S.A.S.;PF0139070/20X661006;70/2 ELAS RIT PA 66 - CELESTE;KG;31,5500001907349;290,26
RAZZABONI NELLA E C. S.A.S.;PF0139070/20X661007;70/2 ELAS RIT PA 66 - GRANATA;KG;33,2299995422363;305,72
RAZZABONI NELLA E C. S.A.S.;PF0139070/20X661009;70/2 ELAS RIT PA 66 - VERDE;KG;32,8200006484985;301,94
LUIGI DI FOCENZA di Conti Ferdinando;;;;;
LUIGI DI FOCENZA di Conti Ferdinando;PF0142100/20D661000;100/2 ELAS CUC 10000 PA 66 - COD. 613 BLU;KG;2,24000003933907;61,75
LUIGI DI FOCENZA di Conti Ferdinando;PF0142100/20D661001;100/2 ELAS CUC 10000 PA 66 - COD. 39 GIALLO;KG;1,45000004023314;42,25
LUIGI DI FOCENZA di Conti Ferdinando;PF0142100/20D661002;100/2 ELAS CUC 10000 PA 66 - COD. 1333 BLU;KG;1,87000000476837;52
SARAFLEX SRL;;;;;
SARAFLEX SRL;PF0143070/20XP60001;70/2 ELAS RIT PA 6 - ;KG;111,249999523163;628,59
FINOTEX ITALIA SRL;;;;;
FINOTEX ITALIA SRL;PF0145100/20X661000;100/2 ELAS RIT PA 66 - NERO;KG;347,699999094009;2885,95
FINOTEX ITALIA SRL;PF0145100/40X661000;100/4 ELAS RIT PA 66 - NERO;KG;38,2299995422363;344,07
ETTORE NEGRO SAS;;;;;
ETTORE NEGRO SAS;PF0147LU1400XP61000;140 LUCIDO RIT 200 S PA 6 - NERO;KG;1,57000005245209;21,2
ETTORE NEGRO SAS;PR01470004;;;0;47,1
SAFTE S.R.L.;;;NR;0;0
SAFTE S.R.L.;;;KG;150,649997711182;-1318,22
SAFTE S.R.L.;;;;;
SAFTE S.R.L.;PF0148007020X661000;70/2 SUPER ELAS RIT PA 66 - BIANCO;KG;165,319999337196;1495,63
SAFTE S.R.L.;PF0148070/20X661000;70/2 SUPER ELAS RITORTO PA 66 - BIANCO;KG;59,75;493,54
MAGLIFICIO CREAZIONI ALICE SRL;;;;;
MAGLIFICIO CREAZIONI ALICE SRL;PF0150070/10X661000;70/1 ELAS RIT PA 66 - NERO;KG;29,5100002288818;298,06
MAGLIFICIO RIPA SPA;;;KG;0;0
MAGLIFICIO RIPA SPA;;;NR;90;-863,44
MAGLIFICIO RIPA SPA;;;;;
MAGLIFICIO RIPA SPA;PF0151078340X661000;78/34/1 ELAS RIT PA 66 - GRIGIO-BLU;KG;1586,22999477386;12055,38
MAGLIFICIO RIPA SPA;PF0151078340X661001;78/34/1 ELAS RIT PA 66 - MARTINICA;KG;124,379999160767;945,29
MAGLIFICIO RIPA SPA;PF0151078340X661002;78/34/1 ELAS RIT PA 66 - VERDE MILITARE;KG;179,000000238419;588,69
MAGLIFICIO RIPA SPA;PF0151078340X661003;78/34/1 ELAS RIT PA 66 - AVANA;KG;146,280000686646;1111,74
MAGLIFICIO RIPA SPA;PF0151078340X661004;78/34/1 ELAS RIT PA 66 - PRUGNA;KG;142,250001907349;1081,11
MAGLIFICIO RIPA SPA;PF0151078340X661005;78/34/1 ELAS RIT PA 66 - SMERALDO;KG;219,040000677109;1664,72
MAGLIFICIO RIPA SPA;PF0151078340X661006;78/34/1 ELAS RIT PA 66 - BLU;KG;284,409999847412;2161,55
MAGLIFICIO RIPA SPA;PF0151078340X661007;78/34/1 ELAS RIT PA 66 - LAGUNA;KG;138,170000076294;1050,11
MAGLIFICIO RIPA SPA;PF0151078340X661008;78/34/1 ELAS RIT PA 66 - CIOCCOLATO;KG;158,680000782013;1205,99
MAGLIFICIO RIPA SPA;PF0151078340X661009;78/34/1 ELAS RIT PA 66 - AMARENA;KG;145,58000087738;1106,44
MAGLIFICIO RIPA SPA;PF0151078340X661010;78/34/1 ELAS RIT PA 66 - ROSA BABY 5046;KG;189,399999856949;1439,46
MAGLIFICIO RIPA SPA;PF0151078340X661011;78/34/1 ELAS RIT PA 66 - BIANCO OTTICO;KG;67,539999961853;513,3
CALZIFICIO BAGGINI SNC;;;;;
CALZIFICIO BAGGINI SNC;PF0152060/20X661000;60/2 ELAS RIT PA 66 - BLU;KG;32,5700001716614;306,15
CALZIFICIO BAGGINI SNC;PF0152060/20X661001;60/2 ELAS RIT PA 66 - ANTRACITE;KG;33,210000038147;312,17
CALZIFICIO BAGGINI SNC;PF0152070/10X661000;70/1 ELAS RIT PA 66 - BLU;KG;30,6499996185303;291,18
CALZIFICIO BAGGINI SNC;PF0152070/10X661002;70/1 ELAS RIT PA 66 - NERO;KG;27,8499994277954;264,58
CALZIFICIO BAGGINI SNC;PF0152070/10X661003;70/1 ELAS RIT PA 66 - FUMO DI LONDRA;KG;28,5699996948242;271,42
RIBBONTEX SRL UNINOMINALE;;;;;
RIBBONTEX SRL UNINOMINALE;PF0153V70/20V661000;70/2 VOLUMINIZZATO INTERL. PA 66 - COD. 330 ;KG;89,2400012016296;731,76
GIRARDI SRL;;;;;
GIRARDI SRL;PF0155100/20X661000;100/2 ELAS RIT PA 66 - BEIGE;KG;55,3700009584427;465,11
GIRARDI SRL;PF0155100/20X661001;100/2 ELAS RIT PA 66 - CASTORO;KG;55,6500010490417;467,46
GIRARDI SRL;PF0155100/20X661002;100/2 ELAS RIT PA 66 - MARINE;KG;56,6300001144409;475,7
GIRARDI SRL;PF0155100/20X661003;100/2 ELAS RIT PA 66 - FUME';KG;59,9599990844727;503,66
LINEA SPRINT SPA;;;;;
LINEA SPRINT SPA;PF0158100/20D661002;100/2 ELAS CUC 10000 PA 66 - COD. 1333 BLU;KG;9,69000005722046;157,5
LINEA SPRINT SPA;PF0158100/20D661003;100/2 ELAS CUC 10000 PA 66 - COD. 911;KG;19,5300002098083;346,5
LINEA SPRINT SPA;PF0158100/20D661004;100/2 ELAS CUC 10000 PA 66 - COD. 3047;KG;20,7600004673004;371
LINEA SPRINT SPA;PF0158100/20X661000;100/2 ELAS RIT PA 66 - NERO;KG;190,889999389648;1105,96
LINEA SPRINT SPA;PF0158100/20X661001;100/2 ELAS RIT PA 66 - COD. 1332 BLU;KG;59,979998588562;520,62
LINEA SPRINT SPA;PF0158100/20X661002;100/2 ELAS RIT PA 66 - COD. 1333 BLU;KG;53,1500005722046;461,34
LINEA SPRINT SPA;PR01580001;;kg;0;0
LINEA SPRINT SPA;PR01580001;;;0;57,25
CIZETA MEDICALI SPA;;;;;
CIZETA MEDICALI SPA;PF0160070/20X661000;70/2 ELAS RIT PA 66 - FUCSIA - 450;KG;35,7599983215332;328,99
CIZETA MEDICALI SPA;PF0160070/20X661001;70/2 ELAS RIT PA 66 - ORANGE;KG;32,5900001525879;299,82
EMMETEX ITALIA SNC DI MARMO N. & C.;;;;;
EMMETEX ITALIA SNC DI MARMO N. & C.;PF0166100/40X661000;100/4 ELAS RIT PA 66 - CANDIDO;KG;219,849998474121;2022,61
CALZ. DE BERT di Bertoletti Pietro;;;;;
CALZ. DE BERT di Bertoletti Pietro;PF0167020/20X661000;20/2 ELAS RIT PA 66 - NERO 2;KG;24,1800007820129;442,49
CALZ. DE BERT di Bertoletti Pietro;PF0167020/20X661001;20/2 ELAS RIT PA 66 - BLEU 3;KG;23,539999961853;430,78
OFFICINA FILATI S.R.L.;;;;;
OFFICINA FILATI S.R.L.;FL0327100/20B66;100/2 ELAS BINATO PA 66;KG;1800,59798431396;7663,07
CUCIRINI TRE STELLE MANIFATTURA DI SETTALA S.P.A.;;;;;
CUCIRINI TRE STELLE MANIFATTURA DI SETTALA S.P.A.;PF0169100/20D661000;100/2 ELAS CUC 10000 PA 66 - BIANCO;KG;12,7200002670288;203
CUCIRINI TRE STELLE MANIFATTURA DI SETTALA S.P.A.;PF0169100/20D661001;100/2 ELAS CUC 10000 PA 66 - NERO;KG;8,19999980926514;140
DEL BARBA GIANFRANCO;;;;;
DEL BARBA GIANFRANCO;PF0171227010A660001;LYCRA+PA66 (22+ 078 TINTO) 85 DTX- GREGGIO;KG;1,25999999046326;37,8
CAL. DI PARABIAGO M.RE DE PAOLINI SPA;;;;;
CAL. DI PARABIAGO M.RE DE PAOLINI SPA;PF0172100/10X661000;100/1 ELAS RIT PA 66 - 0185 BIANCO;KG;57,8699998855591;503,47
DAVIDE RICUPERATI S.N.C.;;;;;
DAVIDE RICUPERATI S.N.C.;PF0173100/20X660001;100/2 ELAS RIT PA 66 - ;KG;118,290000915527;804,37
MARA DI RIVABEN LUCA & C. S.N.C.;;;;;
MARA DI RIVABEN LUCA & C. S.N.C.;PF0176070/20X661000;70/2 ELAS RIT PA 66 - BEIGE 989;KG;31,9299998283386;287,37
CALZIFICIO GIANFERRARI SRL;;;;;
CALZIFICIO GIANFERRARI SRL;PF0177070/20X661000;70/2 ELAS RIT PA 66 - PALUDE;KG;32,3300004005432;300,67
CALZIFICIO ALESSANDRA S.R.L.;;;;;
CALZIFICIO ALESSANDRA S.R.L.;PF0178100/20D661000;100/2 ELAS CUC 10000 PA 66 - COD. 320;KG;4,44000005722046;70
CALZIFICIO ALESSANDRA S.R.L.;PF0178100/20D661001;100/2 ELAS CUC 10000 PA 66 - COD. 941;KG;3,29999995231628;63
CATEX SRL;;;;;
CATEX SRL;PF0180070/20X661000;70/2 ELAS RIT PA 66 - ARANCIO;KG;41,8900003433228;385,39
CATEX SRL;PF0180070/20X661001;70/2 ELAS RIT PA 66 - GIALLO;KG;30,0999994277954;276,92
CATEX SRL;PF0180070/20X661002;70/2 ELAS RIT PA 66 - GRANATA;KG;31,3200006484985;288,14
CATEX SRL;PF0180070/20X661003;70/2 ELAS RIT PA 66 - NERO;KG;114,380001068115;1052,3
CATEX SRL;PF0180070/20X661004;70/2 ELAS RIT PA 66 - VERDE;KG;29,0200004577637;266,98
CATEX SRL;PF0180070/20X661005;70/2 ELAS RIT PA 66 - VERDE FLUO;KG;28,6700000762939;263,77
CATEX SRL;PF0180070/20X661006;70/2 ELAS RIT PA 66 - CELESTE;KG;31,8200006484985;292,74
CATEX SRL;PF0180070/20X661007;70/2 ELAS RIT PA 66 - BLU;KG;29,1499999761581;268,18
MANIFATTURA DI BREME DI VICTORIA SRL;;;;;
MANIFATTURA DI BREME DI VICTORIA SRL;PF0181070/20X661000;70/2 ELAS RIT PA 66 - GIALLO;KG;30,6900000572205;285,42