nome_cliente_21;codice_articolo_21;articolo_colore_21;unita_di_misura_21;quantita_21;imponibile_21
CIOCCA SPA;;;;;
CIOCCA SPA;PF0008040/20X661037;40/2 ELAS RIT PA 66 - GREGGIO;KG;159,799999713898;1445,69
CIOCCA SPA;PF0008040/20XEX1000;40/2 ELAS RIT FLEXI PA 66 - MORO 81;KG;77,0099992752075;1020,53
CIOCCA SPA;PF0008040/20XEX1001;40/2 ELAS RIT FLEXI PA 66 - NERO 20;KG;591,600000023842;7850,45
CIOCCA SPA;PF0008040/20XEX1002;40/2 ELAS RIT FLEXI PA 66 - BLU NOTTE 85;KG;676,159999847412;9028,33
CIOCCA SPA;PF0008040/20XEX1003;40/2 ELAS RIT FLEXI PA 66 - GRIGIO TOPO 88;KG;114,619999408722;1523,19
CIOCCA SPA;PF0008040/20XEX1004;40/2 ELAS RIT FLEXI PA 66 - ANTRACITE 89;KG;152,250000357628;2025,77
CIOCCA SPA;PF0008040/20XEX1005;40/2 ELAS RIT FLEXI PA 66 - BORDO' 58;KG;71,1299993395805;942,93
CIOCCA SPA;PF0008040/20XEX1007;40/2 ELAS RIT FLEXI PA 66 - BLU NAVY 77;KG;31,0100002288818;413,98
CIOCCA SPA;PF0008040/20XEX1008;40/2 ELAS RIT FLEXI PA 66 - CORDA 06;KG;120,979999303818;1615,09
CIOCCA SPA;PF0008040/20XEX1009;40/2 ELAS RIT FLEXI PA 66 - ARGENTO 36;KG;76,7199997901917;1047,03
CIOCCA SPA;PF0008040/20XEX1016;40/2 ELAS RIT FLEXI PA 66 - SABBIA 03;KG;41,710000038147;556,83
CIOCCA SPA;PF0008040/20XEX1023;40/2 ELAS RIT FLEXI PA 66 - AVIO 712;KG;33,3500003814697;438,54
CIOCCA SPA;PF0008040/20XEX1033;40/2 ELAS RIT FLEXI PA 66 - BEIGE 14;KG;32,9499998092651;433,3
CIOCCA SPA;PF0008040/20XEX1041;40/2 ELAS RIT FLEXI PA 66 - BEIGE 605;KG;33,9300003051758;446,18
CIOCCA SPA;PF0008060/20X661037;60/2 ELAS RIT PA 66 - GREGGIO;KG;377,650001049042;2963,48
CIOCCA SPA;PF0008060/20XEX1001;60/2 ELAS RIT FLEXI PA 66 - NERO 20;KG;489,430003166199;5481,11
CIOCCA SPA;PF0008060/20XEX1002;60/2 ELAS RIT FLEXI PA 66 - BLU NOTTE 85;KG;345,670001268387;3815,51
CIOCCA SPA;PF0008060/20XEX1003;60/2 ELAS RIT FLEXI PA 66 - GRIGIO TOPO 88;KG;42,6999995708466;473,97
CIOCCA SPA;PF0008060/20XEX1004;60/2 ELAS RIT FLEXI PA 66 - ANTRACITE 89;KG;40,3700004220009;448,1
CIOCCA SPA;PF0008060/20XEX1005;60/2 ELAS RIT FLEXI PA 66 - BORDO' 58;KG;41,710000038147;462,98
CIOCCA SPA;PF0008060/20XEX1007;60/2 ELAS RIT FLEXI PA 66 - BLU NAVY 77;KG;39,5799999237061;439,34
CIOCCA SPA;PF0008060/20XEX1008;60/2 ELAS RIT FLEXI PA 66 - CORDA 06;KG;81,2799997329712;927,14
CIOCCA SPA;PF0008060/20XEX1009;60/2 ELAS RIT FLEXI PA 66 - ARGENTO 36;KG;40,5899991989136;450,55
CIOCCA SPA;PF0008060/20XEX1024;60/2 ELAS RIT FLEXI PA 66 - BIANCO 02;KG;268,370000362396;2965,85
CIOCCA SPA;PF0008060/20XEX1030;60/2 ELAS RIT FLEXI PA 66 - AVIO 778;KG;40,5299997329712;449,88
CIOCCA SPA;PF0008060/30IEX1001;60/3 ELAS INTER. FLEXI PA 66 - NERO 20;KG;122,270000934601;1403,46
CIOCCA SPA;PF0008060/30IEX1004;60/3 ELAS INTER. FLEXI PA 66 - ANTRACITE 89;KG;40,9800000190735;473,31
CIOCCA SPA;PF0008060/30IEX1024;60/3 ELAS INTER. FLEXI PA 66 - BIANCO 02;KG;42;485,11
CIOCCA SPA;PF000844/340XTC1010;44/34/2 ELAS RIT TACTEL - NERO 20;KG;77,9500000476837;1197,25
CIOCCA SPA;PF000844/340XTC1011;44/34/2 ELAS RIT TACTEL - BLU NOTTE 85;KG;80,9500007629395;1250,68
CIOCCA SPA;PF000844/340XTC1012;44/34/2 ELAS RIT TACTEL - ANTRACITE 89;KG;34,4400005340576;532,1
CIOCCA SPA;PF000844/340XTC1015;44/34/2 ELAS RIT TACTEL - CORDA 06;KG;34,3299999237061;523,54
CIOCCA SPA;PF000844/340XTC1037;44/34/2 ELAS RIT TACTEL - GREGGIO;KG;67,5300002098083;808,74
DUBLO SRL;;;NR;;520
DUBLO SRL;;;;;
DUBLO SRL;PF001167/200K661000;67/20 LISCIO VOILE RIT 450 GIRI PA 66 - MARRONE 090;KG;89,4700002670288;1333,1
DUBLO SRL;PF001167/200K661001;67/20 LISCIO VOILE RIT 450 GIRI PA 66 - BLEU 051;KG;643,539998888969;9911,08
DUBLO SRL;PF001167/200K661002;67/20 LISCIO VOILE RIT 450 GIRI PA 66 - NERO 002;KG;750,250001907349;10878,75
DUBLO SRL;PF001167/200K661003;67/20 LISCIO VOILE RIT 450 GIRI PA 66 - ANTRACITE 082;KG;245,010001182556;3615,01
DUBLO SRL;PF001167/200K661009;67/20 LISCIO VOILE RIT 450 GIRI PA 66 - BLU CHIARO 056;KG;92,5900001525879;1379,61
DUBLO SRL;PF001167/200K661016;67/20 LISCIO VOILE RIT 450 GIRI PA 66 - GREGGIO;KG;42,2599997520447;549,38
DUBLO SRL;PF001167/200K661018;67/20 LISCIO VOILE RIT 450 GIRI PA 66 - CELESTE 052;KG;34,559999704361;514,94
DUBLO SRL;PF001167/200K661019;67/20 LISCIO VOILE RIT 450 GIRI PA 66 - GIALLO 050;KG;19,5299997329712;291
DUBLO SRL;PF001167/200K661020;67/20 LISCIO VOILE RIT 450 GIRI PA 66 - ARANCIO 141;KG;41,8699994087219;623,87
DUBLO SRL;PF001167/200K661021;67/20 LISCIO VOILE RIT 450 GIRI PA 66 - VERDE MELA 038;KG;37,5100002288818;558,91
DUBLO SRL;PF001167/200K661022;67/20 LISCIO VOILE RIT 450 GIRI PA 66 - ROSSO CILIEGIA 025;KG;52,2200002670288;778,08
DUBLO SRL;PF001167/200K661024;67/20 LISCIO VOILE RIT 450 GIRI PA 66 - OCEANO 062;KG;36,7200002670288;547,12
DUBLO SRL;PF001167/200K661026;67/20 LISCIO VOILE RIT 450 GIRI PA 66 - GRIGIO MEDIO 084/2020;KG;42,0099997520447;625,96
DUBLO SRL;PF0011784620XEX1000;78/46/2 ELAS RIT FLEXI PA 66 - MARRONE 090;KG;34,6300001144409;554,08
DUBLO SRL;PF0011784620XEX1002;78/46/2 ELAS RIT FLEXI PA 66 - NERO 002;KG;37,8800001144409;606,08
DUBLO SRL;PF0011784620XEX1003;78/46/2 ELAS RIT FLEXI PA 66 - ANTRACITE 082;KG;34,789999961853;556,64
DUBLO SRL;PR00110010;;;0;871,29
DUBLO SRL;PR00110019;;;0;7,15
FACI di Falzoni Luigi & C. SNC;;;;;
FACI di Falzoni Luigi & C. SNC;PF0026040/20XFL1024;40/2 ELAS RIT FLEXY PA 6 - POUDRE 2014;KG;78,3099994659424;1006,29
FACI di Falzoni Luigi & C. SNC;PF0026LUC700XP61000;70 LUCIDO RIT PA 6 - CANDIDO;KG;383,34999871254;6065,87
FACI di Falzoni Luigi & C. SNC;PF0026LUC700XP61008;70 LUCIDO RIT PA 6 - NERO;KG;100,520000934601;1608,32
FACI di Falzoni Luigi & C. SNC;PR00260007;;;0;112,42
FILMAR SRL;;;;;
FILMAR SRL;PF0027070/10A661004;70/1 ELAS APE PA 66 - BLU;KG;3,20000004768372;32,64
FILMAR SRL;PF0027070/10A661005;70/1 ELAS APE PA 66 - ROSSO;KG;4,13000011444092;42,13
FILMAR SRL;PF0027070/10A661006;70/1 ELAS APE PA 66 - GRIGIO CHIARO;KG;3,20000004768372;32,64
FILMAR SRL;PF0027441660I661004;44+70/1 ELA INT. PA 66 - BLU;KG;20,4900006055832;358,58
FILMAR SRL;PF0027441660I661005;44+70/1 ELA INT. PA 66 - ROSSO;KG;19,3299998044968;338,28
FILMAR SRL;PF0027441660I661006;44+70/1 ELA INT. PA 66 - GRIGIO CHIARO;KG;20,4899997711182;358,58
FILMAR SRL;PR00270019;;;0;120,62
GEMTEX SRL;;;;;
GEMTEX SRL;PF0028070/20XP61008;70/2 ELAS RIT PA 6 - ROSSO N.32;KG;63,4399995803833;618,54
GEMTEX SRL;PF0028070/20XP61036;70/2 ELAS RIT PA 6 - GRIGIO CHIARO 18;KG;109,839998245239;1070,95
GEMTEX SRL;PF0028070/20XP61038;70/2 ELAS RIT PA 6 - GRIGIO MEDIO 26;KG;114,500000953674;1116,38
GEMTEX SRL;PF0028070/20XP61075;70/2 ELAS RIT PA 6 - BLU PANTONE 534 C;KG;54,2900011539459;529,33
GEMTEX SRL;PF0028070/20XP61077;70/2 ELAS RIT PA 6 - AZZURRO PANTONE 2204 C;KG;52,8300004005432;515,1
GEMTEX SRL;PF0028701TT0I661081;78/2 MELANGE INTERLACCIATO PA 6 - GRIGIO MEL. 7640;KG;61,0999984741211;794,3
GEMTEX SRL;PF0028701TT0I661083;78/2 MELANGE INTERL PA 66 - BLU/AZZURRO MEL;KG;68,7400016784668;921,13
INTERKNIT SRL;;;KG;18,2900009155273;-171,93
INTERKNIT SRL;;;NR;;63
INTERKNIT SRL;;;;0;0
INTERKNIT SRL;PF0032070/10AEX1052;70/1 EL AP FLEXI PA 66 - 37362 GRIGIO CHIARO G396;KG;27,1000003814697;281,84
INTERKNIT SRL;PF0032070/10AEX1108;70/1 EL AP FLEXI PA 66 - 36943 WHISKY M037;KG;37,0799999237061;400,46
INTERKNIT SRL;PF0032070/20XFL1038;70/2 ELAS RIT FLEXY PA 6 - 37243 FATHOM;KG;34,4800004959106;324,11
INTERKNIT SRL;PF0032070/20XFL1058;70/2 ELAS RIT FLEXY PA 6 - 37221 ARANCIO A083 TANGERINE TANGO;KG;39,5600004196167;387,69
INTERKNIT SRL;PF0032070/20XFL1091;70/2 ELAS RIT FLEXY PA 6 - 37047 ABYSS;KG;35,3300001621246;332,1
INTERKNIT SRL;PF0032070/30XFL1019;70/3 ELAS RIT FLEXY PA 6 - 36934 ARANCIO FLUO;KG;98,0899991989136;961,27
INTERKNIT SRL;PF0032070/30XFL1022;70/3 ELAS RIT FLEXY PA 6 - 37014 SCARLATTO NEON;KG;49,4799995422363;484,89
INTERKNIT SRL;PF0032070/30XFL1039;70/3 ELAS RIT FLEXY PA 6 - 36983 PRUGNA 8158 P104;KG;80,4199995994568;755,95
INTERKNIT SRL;PF0032070/30XFL1040;70/3 ELAS RIT FLEXY PA 6 - 37771 SULPHUR SPRING G029;KG;32,5000002384186;305,5
INTERKNIT SRL;PF0032070/30XFL1046;70/3 ELAS RIT FLEXY PA 6 - 37783 VERDE BAIA V112;KG;44,1399998664856;432,57
INTERKNIT SRL;PF0032070/30XFL1053;70/3 ELAS RIT FLEXY PA 6 - 37714 LILLA SILK V012;KG;39,7100002765656;389,15
INTERKNIT SRL;PF0032070/30XFL1064;70/3 ELAS RIT FLEXY PA 6 - 37597 FATHOM J011;KG;33,4199998378754;314,15
INTERKNIT SRL;PF0032070/30XFL1065;70/3 ELAS RIT FLEXY PA 6 - 36854 DIVA PINK FLUO;KG;73,2700004577637;688,73
INTERKNIT SRL;PF0032070/30XFL1073;70/3 ELAS RIT FLEXY PA 6 - 37572 SPORT ORANGE FLUO A082;KG;44,5100002288818;418,4
INTERKNIT SRL;PF0032070/30XFL1076;70/3 ELAS RIT FLEXY PA 6 - 37858 OLIVA KONA V140;KG;37,6099996566772;353,53
INTERKNIT SRL;PF0032070/30XFL1090;70/3 ELAS RIT FLEXY PA 6 - 37568 ROSA CARNE S018;KG;43,5699996948242;409,56
INTERKNIT SRL;PF0032070/30XFL1103;70/3 ELAS RIT FLEXY PA 6 - 38194 WILF ROSE V073;KG;29,0499997138977;273,06
INTERKNIT SRL;PF0032070/30XFL1104;70/3 ELAS RIT FLEXY PA 6 - 36832 ROSSO R055;KG;43,0199999809265;404,4
INTERKNIT SRL;PF0032070/40XFL1105;70/4 ELAS RIT FLEXY PA 6 - 38336 SULPHUR SPRING G029;KG;92,7899990081787;890,79
INTERKNIT SRL;PF00320786A0I661106;78/68/2 AMNI SOUL ECO INT. PA 66 - 39260 GRIGIO ARGENTO G067;KG;35,4499995708466;705,45
INTERKNIT SRL;PF00320786A0I661107;78/68/2 AMNI SOUL ECO INT. PA 66 - 39261 NERO N023;KG;35,6500005722046;709,43
INTERKNIT SRL;PF0032786020LEX1087;78/60/2 QNOVA LEG.INTERL FLEXI GRS 60 PA 66 - 39002 GRS NERO N002;KG;386,470001935959;5577,28
INTERKNIT SRL;PF0032786020LEX1102;78/60/2 QNOVA LEG.INTERL FLEXI GRS 60 PA 66 - 39003 GRS BIANCO B001;KG;242,980000495911;3510,67
INTERKNIT SRL;PF0032786820IHE1095;78/68/2 ELAS INT FLEXY HEAT PA 66 - 37917 NERO;KG;58,129998922348;1278,86
INTERKNIT SRL;PR00320006;;;0;132,69
MICO SPORT SPA;;;KG;2591,48000144958;12671,72
MICO SPORT SPA;;;;0;0
MICO SPORT SPA;PF0034040/10A661006;40/1 ELAS APE PA 66 - FUMO 107;KG;21,0800000429153;252,96
MICO SPORT SPA;PF0034040/10A661020;40/1 ELAS APE PA 66 - GRIGIO PELTRO;KG;21,3299997448921;255,96
MICO SPORT SPA;PF0034040/10A661122;40/1 ELAS APE PA 66 - GRIGIO 1811;KG;4,8600001335144;59,78
MICO SPORT SPA;PF0034040/20XEX1004;40/2 ELAS RIT FLEXI PA 66 - GRAFITE 9240;KG;43,7200005054474;609,89
MICO SPORT SPA;PF0034040/20XEX1006;40/2 ELAS RIT FLEXI PA 66 - FUMO 107;KG;40,9599990844727;595,97
MICO SPORT SPA;PF0034040/20XEX1011;40/2 ELAS RIT FLEXI PA 66 - GRIGIO 2360;KG;45,0699994564056;621,91
MICO SPORT SPA;PF0034040/20XEX1015;40/2 ELAS RIT FLEXI PA 66 - GRIGIO M;KG;113,680000305176;1589,19
MICO SPORT SPA;PF0034040/20XEX1016;40/2 ELAS RIT FLEXI PA 66 - BLU UNIVERSO;KG;61,359999537468;855,97
MICO SPORT SPA;PF0034040/20XEX1020;40/2 ELAS RIT FLEXI PA 66 - GRIGIO PELTRO;KG;72,0000004768372;982,81
MICO SPORT SPA;PF0034040/20XEX1032;40/2 ELAS RIT FLEXI PA 66 - GRIGIO 431/C;KG;157,24000120163;2171,84
MICO SPORT SPA;PF0034040/20XEX1034;40/2 ELAS RIT FLEXI PA 66 - AZZURRO 05;KG;32,9200000762939;449,36
MICO SPORT SPA;PF0034040/20XEX1044;40/2 ELAS RIT FLEXI PA 66 - GIALLO FLUO;KG;166,269998788834;2346,02
MICO SPORT SPA;PF0034040/20XEX1081;40/2 ELAS RIT FLEXI PA 66 - GARDENIA 13;KG;48,1000008583069;674,42
MICO SPORT SPA;PF0034040/20XEX1090;40/2 ELAS RIT FLEXI PA 66 - TURCHESE 15;KG;35,1099996566772;497,35
MICO SPORT SPA;PF0034040/20XEX1107;40/2 ELAS RIT FLEXI PA 66 - BLUETTE 9086;KG;23,1099996566772;322,39
MICO SPORT SPA;PF0034040/20XEX1113;40/2 ELAS RIT FLEXI PA 66 - PRINCESS 18;KG;20,3299999237061;283,61
MICO SPORT SPA;PF0034070/20XEX1004;70/2 ELAS RIT FLEXI PA 66 - GRAFITE 9240;KG;42,2499990463257;437,45
MICO SPORT SPA;PF0034070/20XEX1006;70/2 ELAS RIT FLEXI PA 66 - FUMO 107;KG;121,720000267029;1299,28
MICO SPORT SPA;PF0034070/20XEX1015;70/2 ELAS RIT FLEXI PA 66 - GRIGIO M;KG;194,040002822876;2041,63
MICO SPORT SPA;PF0034070/20XEX1016;70/2 ELAS RIT FLEXI PA 66 - BLU UNIVERSO;KG;46,9100000858307;492,57
MICO SPORT SPA;PF0034070/20XEX1019;70/2 ELAS RIT FLEXI PA 66 - ARGENTO 4;KG;35,2300000190735;359,35
MICO SPORT SPA;PF0034070/20XEX1020;70/2 ELAS RIT FLEXI PA 66 - GRIGIO PELTRO;KG;165,289999961853;1723,31
MICO SPORT SPA;PF0034070/20XEX1033;70/2 ELAS RIT FLEXI PA 66 - VERDE ARMY;KG;159,6999989748;1692,67
MICO SPORT SPA;PF0034070/20XEX1034;70/2 ELAS RIT FLEXI PA 66 - AZZURRO 05;KG;111,610000371933;1171,92
MICO SPORT SPA;PF0034070/20XEX1044;70/2 ELAS RIT FLEXI PA 66 - GIALLO FLUO;KG;146,809998989105;1552,98
MICO SPORT SPA;PF0034070/20XEX1072;70/2 ELAS RIT FLEXI PA 66 - FUXIA FLUO;KG;20,8999996185303;219,45
MICO SPORT SPA;PF0034070/20XEX1081;70/2 ELAS RIT FLEXI PA 66 - GARDENIA 13;KG;150,690000534058;1604,44
MICO SPORT SPA;PF0034070/20XEX1082;70/2 ELAS RIT FLEXI PA 66 - GHIACCIAIO 13;KG;63,809999704361;683,05
MICO SPORT SPA;PF0034070/20XEX1090;70/2 ELAS RIT FLEXI PA 66 - TURCHESE 15;KG;44,0799999237061;470,46
MICO SPORT SPA;PF0034070/20XEX1091;70/2 ELAS RIT FLEXI PA 66 - VERDE 15;KG;75,0100002288818;791,14
MICO SPORT SPA;PF0034070/20XEX1093;70/2 ELAS RIT FLEXI PA 66 - FUXIA 15;KG;73,7400014400482;764,36
MICO SPORT SPA;PF0034070/20XEX1098;70/2 ELAS RIT FLEXI PA 66 - VIOLETTO 16;KG;45,1700000762939;460,74
MICO SPORT SPA;PF0034070/20XEX1107;70/2 ELAS RIT FLEXI PA 66 - BLUETTE 9086;KG;59,7299997806549;613,62
MICO SPORT SPA;PF0034070/20XEX1113;70/2 ELAS RIT FLEXI PA 66 - PRINCESS 18;KG;55,6700000762939;574,17
MICO SPORT SPA;PF0034100/20XEX1004;100/2 ELAS RIT FLEXI PA 66 - GRAFITE 9240;KG;184,379997730255;1975,37
MICO SPORT SPA;PF0034100/20XEX1010;100/2 ELAS RIT FLEXI PA 66 - ROSSO 003;KG;73,7499996423721;796,49
MICO SPORT SPA;PF0034100/20XEX1011;100/2 ELAS RIT FLEXI PA 66 - GRIGIO 2360;KG;139,210000991821;1507,73
MICO SPORT SPA;PF0034100/20XEX1015;100/2 ELAS RIT FLEXI PA 66 - GRIGIO M;KG;244,909999608994;2657,38
MICO SPORT SPA;PF0034100/20XEX1016;100/2 ELAS RIT FLEXI PA 66 - BLU UNIVERSO;KG;20,9700002670288;226,48
MICO SPORT SPA;PF0034100/20XEX1020;100/2 ELAS RIT FLEXI PA 66 - GRIGIO PELTRO;KG;702,080001235008;7443,94
MICO SPORT SPA;PF0034100/20XEX1022;100/2 ELAS RIT FLEXI PA 66 - GRIGIO CAMP;KG;112,290001869202;1223,56
MICO SPORT SPA;PF0034100/20XEX1027;100/2 ELAS RIT FLEXI PA 66 - PAVONE 071;KG;34,0000009536743;357,01
MICO SPORT SPA;PF0034100/20XEX1032;100/2 ELAS RIT FLEXI PA 66 - GRIGIO 431/C;KG;194,5500010252;2068
MICO SPORT SPA;PF0034100/20XEX1044;100/2 ELAS RIT FLEXI PA 66 - GIALLO FLUO;KG;477,430000305176;5201,39
MICO SPORT SPA;PF0034100/20XEX1047;100/2 ELAS RIT FLEXI PA 66 - ARANCIO 10;KG;36,8000005483627;386,41
MICO SPORT SPA;PF0034100/20XEX1072;100/2 ELAS RIT FLEXI PA 66 - FUXIA FLUO;KG;57,1699995994568;639,68
MICO SPORT SPA;PF0034100/20XEX1074;100/2 ELAS RIT FLEXI PA 66 - VERDE FLUO;KG;124,900001525879;1374,54
MICO SPORT SPA;PF0034100/20XEX1082;100/2 ELAS RIT FLEXI PA 66 - GHIACCIAIO 13;KG;22,1800003051758;252,85
MICO SPORT SPA;PF0034100/20XEX1088;100/2 ELAS RIT FLEXI PA 66 - GINGER 14;KG;44,4699993133545;480,27
MICO SPORT SPA;PF0034100/20XEX1090;100/2 ELAS RIT FLEXI PA 66 - TURCHESE 15;KG;80,6900000572205;860,51
MICO SPORT SPA;PF0034100/20XEX1091;100/2 ELAS RIT FLEXI PA 66 - VERDE 15;KG;20,789999961853;224,53
MICO SPORT SPA;PF0034100/20XEX1093;100/2 ELAS RIT FLEXI PA 66 - FUXIA 15;KG;79,3599994182587;881,1
MICO SPORT SPA;PF0034100/20XEX1104;100/2 ELAS RIT FLEXI PA 66 - ARANCIO 16;KG;71,2400010824203;758,28
MICO SPORT SPA;PF0034100/20XEX1107;100/2 ELAS RIT FLEXI PA 66 - BLUETTE 9086;KG;41,7899994850159;451,33
MICO SPORT SPA;PF0034100/20XEX1114;100/2 ELAS RIT FLEXI PA 66 - DEEP WATER BLUE;KG;41,4200000762939;447,33
MICO SPORT SPA;PF0034100/20XEX1119;100/2 ELAS RIT FLEXI PA 66 - HIBISKUS PINK 18-1762;KG;40,6800003051758;439,35
MICO SPORT SPA;PF0034100/20XEX1123;100/2 ELAS RIT FLEXI PA 66 - BLU 2922;KG;40,3400011062622;435,67
MICO SPORT SPA;PF0034227010A661033;LYCRA+PA66 (22+ 078 TINTO) 85 DTX - VERDE ARMY;KG;42,059999704361;771,38
MICO SPORT SPA;PF0034444020IEX1001;44/40/2 QNOVA GRS 60 INT. FLEXI PA 66 - NERO;KG;3,54999995231628;74,55
MICO SPORT SPA;PF0034444020IEX1017;44/40/2 QNOVA GRS 60 INT. FLEXI PA 66 - CANDIDO;KG;2,5699999332428;53,97
MICO SPORT SPA;PF0034782AQ0IEX1000;78/68/2 ELAS AQUARIUS INT. FLEXI PA 66 - NERO;KG;1,22000002861023;24,4
MICO SPORT SPA;PF0034784610XTC1001;78/46/1 ELAS RIT TACTEL - NERO;KG;194,309997320175;2710,65
MICO SPORT SPA;PF0034786020LEX1001;78/60/2 QNOVA LEG.INTERL FLEXI GRS 60 PA 66 - NERO;KG;3,25;58,5
MICO SPORT SPA;PF0034786020LEX1017;78/60/2 QNOVA LEG.INTERL FLEXI GRS 60 PA 66 - CANDIDO;KG;4,17999982833862;75,24
MICO SPORT SPA;PR00340006;;;0;0
MICO SPORT SPA;PR00340019;;;0;84,82
NASTRIFICIO ZINGONIA SRL;;;;;
NASTRIFICIO ZINGONIA SRL;PF00360156T0X661035;156/1 TACTEL RIT PA 66 - ARGENTO;KG;340,870001316071;4721,11
NASTRIFICIO ZINGONIA SRL;PF00360156T0X661036;156/1 TACTEL RIT PA 66 - ORO;KG;637,510000169277;8964,49
NASTRIFICIO ZINGONIA SRL;PF0036030/20X661138;30/2 ELAS RIT PA 66 - GREGGIO;KG;98,9999990463257;1212,75
NASTRIFICIO ZINGONIA SRL;PF0036040/20I661001;40/2 ELAS INT. PA 66 - CANDIDO;KG;133,17000246048;1551,44
NASTRIFICIO ZINGONIA SRL;PF0036040/20I661004;40/2 ELAS INT. PA 66 - NERO;KG;426,529998779297;5061,74
NASTRIFICIO ZINGONIA SRL;PF0036040/20X661020;40/2 ELAS RIT PA 66 - GRIGIO CHIARO;KG;116,72000014782;1359,79
NASTRIFICIO ZINGONIA SRL;PF0036040/20X661112;40/2 ELAS RIT PA 66 - GRIGIO COT;KG;95,9899986982346;1118,29
NASTRIFICIO ZINGONIA SRL;PF0036070/20IP61184;70/2 ELAS INT. PA 6 - BLU PIC;KG;112,450000286102;978,33
NASTRIFICIO ZINGONIA SRL;PF0036070/20IP61185;70/2 ELAS INT. PA 6 - ROSSO PIC;KG;104,590001583099;909,95
NASTRIFICIO ZINGONIA SRL;PF0036070/20X661000;70/2 ELAS RIT PA 66 - BLEU STEINER;KG;95,7699992656708;914,61
NASTRIFICIO ZINGONIA SRL;PF0036070/20X661001;70/2 ELAS RIT PA 66 - CANDIDO;KG;4535,45999485254;41655,43
NASTRIFICIO ZINGONIA SRL;PF0036070/20X661002;70/2 ELAS RIT PA 66 - BLU RANGER;KG;485,32000207901;4440,67
NASTRIFICIO ZINGONIA SRL;PF0036070/20X661004;70/2 ELAS RIT PA 66 - NERO;KG;3555,11999770999;32864,18
NASTRIFICIO ZINGONIA SRL;PF0036070/20X661005;70/2 ELAS RIT PA 66 - GRIGIO MEDIO;KG;365,859998941422;3402,52
NASTRIFICIO ZINGONIA SRL;PF0036070/20X661006;70/2 ELAS RIT PA 66 - ROSSO BRIKO;KG;94,9900007247925;859,66
NASTRIFICIO ZINGONIA SRL;PF0036070/20X661010;70/2 ELAS RIT PA 66 - AZZURRO 7;KG;100,820000648499;912,43
NASTRIFICIO ZINGONIA SRL;PF0036070/20X661015;70/2 ELAS RIT PA 66 - GRIGIO SCURO BRIKO;KG;1549,68000459671;14533,96
NASTRIFICIO ZINGONIA SRL;PF0036070/20X661017;70/2 ELAS RIT PA 66 - ROSSO FUOCO;KG;295,480000019073;2741,97
NASTRIFICIO ZINGONIA SRL;PF0036070/20X661023;70/2 ELAS RIT PA 66 - BLU CATANZARO;KG;6849,81999623775;63802,79
NASTRIFICIO ZINGONIA SRL;PF0036070/20X661024;70/2 ELAS RIT PA 66 - GRIGIO PERLA;KG;772,660002470016;7310,98
NASTRIFICIO ZINGONIA SRL;PF0036070/20X661031;70/2 ELAS RIT PA 66 -  ANTRACITE 132 ;KG;197,129999697208;1809,31
NASTRIFICIO ZINGONIA SRL;PF0036070/20X661040;70/2 ELAS RIT PA 66 - NOCE CHIARO;KG;99,4000005722046;924,41
NASTRIFICIO ZINGONIA SRL;PF0036070/20X661042;70/2 ELAS RIT PA 66 - TIRRENO;KG;97,560001373291;882,91
NASTRIFICIO ZINGONIA SRL;PF0036070/20X661047;70/2 ELAS RIT PA 66 - GRIGIO UOMO;KG;3242,37999689579;30359,3
NASTRIFICIO ZINGONIA SRL;PF0036070/20X661051;70/2 ELAS RIT PA 66 - BLUETTE BRIKO;KG;302,60999917984;2813,71
NASTRIFICIO ZINGONIA SRL;PF0036070/20X661061;70/2 ELAS RIT PA 66 - BLU SPORT;KG;114,699999928474;1066,73
NASTRIFICIO ZINGONIA SRL;PF0036070/20X661065;70/2 ELAS RIT PA 66 - ROSSO SANGUE;KG;634,800000667572;5903,66
NASTRIFICIO ZINGONIA SRL;PF0036070/20X661067;70/2 ELAS RIT PA 66 - GRIGIO MISSONI;KG;91,5300002098083;874,11
NASTRIFICIO ZINGONIA SRL;PF0036070/20X661074;70/2 ELAS RIT PA 66 - BLU NOTTE;KG;1826,6899933815;16927,64
NASTRIFICIO ZINGONIA SRL;PF0036070/20X661077;70/2 ELAS RIT PA 66 - BLU YAM;KG;85,5800006389618;817,3
NASTRIFICIO ZINGONIA SRL;PF0036070/20X661084;70/2 ELAS RIT PA 66 - VERDE FLUO;KG;177,939999103546;1770,51
NASTRIFICIO ZINGONIA SRL;PF0036070/20X661088;70/2 ELAS RIT PA 66 - VERDE BOTTIGLIA;KG;105,809999465942;984,03
NASTRIFICIO ZINGONIA SRL;PF0036070/20X661091;70/2 ELAS RIT PA 66 - ARANCIO SPY;KG;103,139999389648;933,42
NASTRIFICIO ZINGONIA SRL;PF0036070/20X661101;70/2 ELAS RIT PA 66 - BLUETTE UOMO;KG;101,410000801086;917,77
NASTRIFICIO ZINGONIA SRL;PF0036070/20X661103;70/2 ELAS RIT PA 66 - AVIO CARTA DA ZUCCHERO;KG;94,1499996185303;875,6
NASTRIFICIO ZINGONIA SRL;PF0036070/20X661107;70/2 ELAS RIT PA 66 - AVIO SCURO BRIKO;KG;1884,56000185013;17473,95
NASTRIFICIO ZINGONIA SRL;PF0036070/20X661108;70/2 ELAS RIT PA 66 - VERDE F.L. 2;KG;593,38000369072;5445,1
NASTRIFICIO ZINGONIA SRL;PF0036070/20X661116;70/2 ELAS RIT PA 66 - AVIO SCURO QUARENGHI;KG;89,6299993991852;855,97
NASTRIFICIO ZINGONIA SRL;PF0036070/20X661120;70/2 ELAS RIT PA 66 - MAJOLICA BLUE;KG;195,410000801086;1904,99
NASTRIFICIO ZINGONIA SRL;PF0036070/20X661123;70/2 ELAS RIT PA 66 - MARYGOLD;KG;99,5499992370605;900,93
NASTRIFICIO ZINGONIA SRL;PF0036070/20X661128;70/2 ELAS RIT PA 66 - MOSTO;KG;301,850001096725;2807,19
NASTRIFICIO ZINGONIA SRL;PF0036070/20X661133;70/2 ELAS RIT PA 66 - AZZURRO 5;KG;91,2899980545044;826,17
NASTRIFICIO ZINGONIA SRL;PF0036070/20X661138;70/2 ELAS RIT PA 66 - GREGGIO;KG;361,889999389648;2578,45
NASTRIFICIO ZINGONIA SRL;PF0036070/20X661144;70/2 ELAS RIT PA 66 - BORDO' QUARENGHI;KG;100,659999847412;936,14
NASTRIFICIO ZINGONIA SRL;PF0036070/20X661152;70/2 ELAS RIT PA 66 - AZZURRO 609;KG;115,959999084473;1078,43
NASTRIFICIO ZINGONIA SRL;PF0036070/20X661153;70/2 ELAS RIT PA 66 - BRONZO;KG;222,080000400543;2065,36
NASTRIFICIO ZINGONIA SRL;PF0036070/20X661158;70/2 ELAS RIT PA 66 - VERDE SCOTLAND;KG;81,789999961853;834,27
NASTRIFICIO ZINGONIA SRL;PF0036070/20X661172;70/2 ELAS RIT PA 66 - ROSSO MELA;KG;108,340000629425;980,49
NASTRIFICIO ZINGONIA SRL;PF0036070/20X661181;70/2 ELAS RIT PA 66 - GRIGIO NOIR;KG;90,690000295639;866,09
NASTRIFICIO ZINGONIA SRL;PF0036070/20X661189;70/2 ELAS RIT PA 66 - DEEP RED G378;KG;1070,50999712944;9715,21
NASTRIFICIO ZINGONIA SRL;PF0036070/20X661195;70/2 ELAS RIT PA 66 - VERDE AMAZZONIA;KG;107,679998636246;974,51
NASTRIFICIO ZINGONIA SRL;PF0036070/20X661218;70/2 ELAS RIT PA 66 - DEEP BLUE;KG;4118,62999683619;37932,88
NASTRIFICIO ZINGONIA SRL;PF0036070/20X661219;70/2 ELAS RIT PA 66 - GREEN PINE;KG;779,709999322891;7081,75
NASTRIFICIO ZINGONIA SRL;PF0036070/20X661221;70/2 ELAS RIT PA 66 - DEEP PLUM;KG;462,89999961853;4189,25
NASTRIFICIO ZINGONIA SRL;PF0036070/20X661223;70/2 ELAS RIT PA 66 - LIGHT BLU PORTOGALLO;KG;95,9499983787537;868,35
NASTRIFICIO ZINGONIA SRL;PF0036070/20X661229;70/2 ELAS RIT PA 66 - VERDE SMERALDO TEZ;KG;51,4200000762939;465,35
NASTRIFICIO ZINGONIA SRL;PF0036070/20X661232;70/2 ELAS RIT PA 66 - BRUCIATO QUARENGHI;KG;116,570001602173;1054,96
NASTRIFICIO ZINGONIA SRL;PF0036070/20X661233;70/2 ELAS RIT PA 66 - BLU JEANS;KG;463,790000677109;4197,29
NASTRIFICIO ZINGONIA SRL;PF0036070/20X661234;70/2 ELAS RIT PA 66 - GRIGIO REMO';KG;97,5100002288818;882,47
NASTRIFICIO ZINGONIA SRL;PF0036070/20X661235;70/2 ELAS RIT PA 66 - GREEN LAKE;KG;384,760000228882;3578,25
NASTRIFICIO ZINGONIA SRL;PF0036070/20X661236;70/2 ELAS RIT PA 66 - GALAXY BLU;KG;401,659997463226;3735,47
NASTRIFICIO ZINGONIA SRL;PF0036070/20X661238;70/2 ELAS RIT PA 66 - VERDE A CAMPIONE;KG;50,7500004768372;484,66
NASTRIFICIO ZINGONIA SRL;PF0036070/20X661239;70/2 ELAS RIT PA 66 - VERDE UNDERWEAR;KG;90,9800002574921;868,87
NASTRIFICIO ZINGONIA SRL;PF0036070/20X661240;70/2 ELAS RIT PA 66 - ARTIC BLUE;KG;0,700000017881393;6,68
NASTRIFICIO ZINGONIA SRL;PF0036070/20XEX1001;70/2 ELAS RIT FLEXI PA 66 - CANDIDO;KG;119,999998569489;1140,02
NASTRIFICIO ZINGONIA SRL;PF0036070/20XEX1004;70/2 ELAS RIT FLEXI PA 66 - NERO;KG;126,170000553131;1198,64
NASTRIFICIO ZINGONIA SRL;PF0036070/20XEX1237;70/2 ELAS RIT FLEXI PA 66 - BIANCO 1;KG;309,120001792908;3013,98
NASTRIFICIO ZINGONIA SRL;PF0036070/40I661004;70/4 ELAS INT. PA 66 - NERO;KG;6429,82999175787;60888,63
NASTRIFICIO ZINGONIA SRL;PF0036070/40I661138;70/4 ELAS INT. PA 66 - GREGGIO;KG;1304,20999526978;8355,11
NASTRIFICIO ZINGONIA SRL;PF0036160360XL61138;160/36 LUCIDO RIT PARALL LUCIDO PA 6 - GREGGIO;KG;2,85999995470047;29,45
NASTRIFICIO ZINGONIA SRL;PF0036180680-CO1138;DTEX 180/68 - CORDURA PA 66 - GREGGIO;KG;0,600000023841858;9,24
NASTRIFICIO ZINGONIA SRL;PF0036402I+0XNY1013;SPLENDOR DTEX 78/2 NY66 R. - GRIGIO MELANGE;KG;1868,33998441696;24109,24
NASTRIFICIO ZINGONIA SRL;PF0036406400INY1140;SPLENDOR DTEX 78/2 NY66 INTERL. - MELANGE ADM;KG;2291,03000557423;27364,95
NASTRIFICIO ZINGONIA SRL;PF0036701TT0I661062;SPLENDOR DTEX 78/2 NY 66 IN - GRIGIO MEDIO MELANGE;KG;1608,49000346661;19256,14
NASTRIFICIO ZINGONIA SRL;PF0036781820ITP1151;78/18X2 INT. PA6 TINTO PASTA - NERO T.P.;KG;5908,68998718262;33280,41
NASTRIFICIO ZINGONIA SRL;PF0036781820ITP1155;78/18X2 INT. PA6 TINTO PASTA - BIANCO T.P.;KG;11081,8700046539;64358,86
NASTRIFICIO ZINGONIA SRL;PF0036786820ITP1142;78/68/2 ELAS INTERL PA6 TINTO PASTA - BIANCO;KG;349,900003433228;3131,59
REMMERT SPA;;;KG;366,410003662109;1543,59
REMMERT SPA;;;;0;0
REMMERT SPA;PF00370156T0X661013;156/1 TACTEL RIT PA 66 - BIANCO;KG;134,929999798536;2320,78
REMMERT SPA;PF00370156T0X661034;156/1 TACTEL RIT PA 66 - NERO;KG;90,6400012969971;1544,45
REMMERT SPA;PF00370156T0X661133;156/1 TACTEL RIT PA 66 - GREGGIO;KG;62,5799989700317;976,26
REMMERT SPA;PF0037070/10A661133;70/1 ELAS APE PA 66 - GREGGIO;KG;691,97999215126;5711,54
REMMERT SPA;PF0037070/10A661183;70/1 ELAS APE PA 66 - BLU PARALLELO;KG;558,370000362396;6082,12
REMMERT SPA;PF0037070/20IP61133;70/2 ELAS INT. PA 6 - GREGGIO;KG;553,519994258881;3044,42
REMMERT SPA;PF0037070/20XP61008;70/2 ELAS RIT PA 6 - BLU 805;KG;265,080001115799;2750,47
REMMERT SPA;PF0037070/20XP61010;70/2 ELAS RIT PA 6 - ROSSO 237;KG;54,2899997234344;559,19
REMMERT SPA;PF0037070/20XP61016;70/2 ELAS RIT PA 6 - GRIGIO 630;KG;130,670000553131;1378,53
REMMERT SPA;PF0037070/20XP61019;70/2 ELAS RIT PA 6 - BLU 295;KG;125,700002193451;1294,72
REMMERT SPA;PF0037070/20XP61020;70/2 ELAS RIT PA 6 - GRIGIO 749;KG;120,759999275208;1217,21
REMMERT SPA;PF0037070/20XP61022;70/2 ELAS RIT PA 6 - AVORIO 533;KG;50,1400003433228;516,45
REMMERT SPA;PF0037070/20XP61024;70/2 ELAS RIT PA 6 - BLU 701;KG;23,8599996566772;245,76
REMMERT SPA;PF0037070/20XP61032;70/2 ELAS RIT PA 6 - GRIGIO 266;KG;120,879999160767;1245,08
REMMERT SPA;PF0037070/20XP61036;70/2 ELAS RIT PA 6 - GRIGIO 747;KG;110,930000185966;1111,27
REMMERT SPA;PF0037070/20XP61053;70/2 ELAS RIT PA 6 - VIOLA 243;KG;46,1199998855591;475,04
REMMERT SPA;PF0037070/20XP61056;70/2 ELAS RIT PA 6 - BORDEAUX 241;KG;54,2000002861023;558,26
REMMERT SPA;PF0037070/20XP61058;70/2 ELAS RIT PA 6 - AZZURRO 518;KG;56,289999961853;546,02
REMMERT SPA;PF0037070/20XP61061;70/2 ELAS RIT PA 6 - BEIGE 619;KG;55,2400016784668;535,84
REMMERT SPA;PF0037070/20XP61087;70/2 ELAS RIT PA 6 - GRIGIO 508;KG;52,7699998617172;543,53
REMMERT SPA;PF0037070/20XP61120;70/2 ELAS RIT PA 6 - BEIGE 769;KG;119,680000305176;1232,7
REMMERT SPA;PF0037070/20XP61122;70/2 ELAS RIT PA 6 - GRIGIO 730;KG;51,3800001144409;498,39
REMMERT SPA;PF0037070/20XP61123;70/2 ELAS RIT PA 6 - VERDE 275;KG;44,0900001525879;454,13
REMMERT SPA;PF0037070/20XP61158;70/2 ELAS RIT PA 6 - BEIGE 203;KG;23,1599998474121;238,55
REMMERT SPA;PF0037070/20XP61161;70/2 ELAS RIT PA 6 - ROSA 221;KG;24,2200002670288;249,47
REMMERT SPA;PF0037070/20XP61168;70/2 ELAS RIT PA 6 - AZZURRO 503;KG;1,04999995231628;30
REMMERT SPA;PF0037070/20XP61170;70/2 ELAS RIT PA 6 - GRIGIO 625;KG;17,6600003242493;171,3
REMMERT SPA;PF0037070/20XP61191;70/2 ELAS RIT PA 6 - COL. 308;KG;50,4799995422363;489,66
REMMERT SPA;PF0037070/20XP61192;70/2 ELAS RIT PA 6 - COL. 637;KG;51,8599998950958;503,05
REMMERT SPA;PF0037070/20XP61199;70/2 ELAS RIT PA 6 - NUDO 922;KG;36,5999994277954;376,98
REMMERT SPA;PF0037070/20XP61201;70/2 ELAS RIT PA 6 - BEIGE 523;KG;31,1900000572205;302,54
REMMERT SPA;PF0037070/20XP61203;70/2 ELAS RIT PA 6 - LAVANDA 804;KG;28,4899997711182;276,36
REMMERT SPA;PF0037070/20XP61204;70/2 ELAS RIT PA 6 - BLU A CAMP VERSACE;KG;26,5599994659424;257,63
REMMERT SPA;PF0037070/20XP61205;70/2 ELAS RIT PA 6 - PLATINO;KG;16,4700005054474;159,76
REMMERT SPA;PF0037070/20XP61206;70/2 ELAS RIT PA 6 - 16-1406 ATMOSPHERE;KG;13,039999961853;126,49
REMMERT SPA;PF0037070/20XP61207;70/2 ELAS RIT PA 6 - GOLD;KG;14,1800003051758;137,55
REMMERT SPA;PF0037070/20XP61208;70/2 ELAS RIT PA 6 - 18-1022 ERMINE;KG;14,9299997091293;144,82
REMMERT SPA;PF0037070/20XP61209;70/2 ELAS RIT PA 6 - GRIGIO 516;KG;53,7400004863739;542,56
REMMERT SPA;PF0037070/20XP61210;70/2 ELAS RIT PA 6 - VERDE 590 FLUO;KG;40,7499997615814;438,92
REMMERT SPA;PF0037070/20XP61212;70/2 ELAS RIT PA 6 - GRIGIO 744;KG;53,7900004386902;554,04
REMMERT SPA;PF0037070/20XP61213;70/2 ELAS RIT PA 6 - VIOLA 231;KG;23,9099998474121;246,27
REMMERT SPA;PF0037070/20XP61214;70/2 ELAS RIT PA 6 - MARRONE 541;KG;24,8300008773804;255,75
REMMERT SPA;PF0037070/20XP61215;70/2 ELAS RIT PA 6 - ROSA 801;KG;39,710000038147;428,19
REMMERT SPA;PF0037070/20XP61216;70/2 ELAS RIT PA 6 - BLUETTE 304;KG;1,04999995231628;30
REMMERT SPA;PF0037070/20XP61217;70/2 ELAS RIT PA 6 - AZZURRO A CAMPIONE;KG;33,1599998474121;341,55
REMMERT SPA;PF0037070/20XP61218;70/2 ELAS RIT PA 6 - VIOLA 305;KG;46,3299999237061;477,2
REMMERT SPA;PF0037070/20XP61219;70/2 ELAS RIT PA 6 - VERDE 279;KG;51,0199992656708;525,51
REMMERT SPA;PF0037070/20XP61220;70/2 ELAS RIT PA 6 - LILLA 802;KG;45,1100006103516;464,64
REMMERT SPA;PF0037070/30XFL1189;70/3 ELAS RITORTO FLEXY 120 GIRI PA 6 - GRIGIO 877C;KG;53,3599996566772;549,6
REMMERT SPA;PF0037070/40X661211;70/4 ELAS RIT PA 66 - ROSSO A CAMPIONE;KG;1,04999995231628;30
REMMERT SPA;PF0037786820M661000;78/68/2  RIT 200 GIRI PA 66 MICRO - CANDIDO;KG;337,829999685287;5151,09
REMMERT SPA;PF0037786820M661008;78/68/2  RIT 200 GIRI PA 66 MICRO - BLU 805;KG;63,3400001525879;975,44
REMMERT SPA;PF0037786820M661013;78/68/2  RIT 200 GIRI PA 66 MICRO - BIANCO;KG;104,070000648499;1602,67
REMMERT SPA;PF0037786820M661034;78/68/2  RIT 200 GIRI PA 66 MICRO - NERO;KG;107,130000829697;1606,95
REMMERT SPA;PF0037786820M661041;78/68/2  RIT 200 GIRI PA 66 MICRO - GRIGIO 270;KG;58,7799997329712;905,22
REMMERT SPA;PF0037786820M661199;78/68/2  RIT 200 GIRI PA 66 MICRO - NUDO 922;KG;34,960000038147;524,4
REMMERT SPA;PF0037786820M661200;78/68/2  RIT 200 GIRI PA 66 MICRO - OFF WHITE 633;KG;1,04999995231628;30
REMMERT SPA;PR00370001;;;0;447,87
REMMERT SPA;PR00370006;;;0;19,85
REMMERT SPA;PR00370019;;;0;660,24
SARA SPORTLINE SRL;;;;;
SARA SPORTLINE SRL;PF0039070/20X661005;70/2 ELAS RIT PA 66 - GREGGIO;KG;209,629999041557;1739,93
SARA SPORTLINE SRL;PF0039070/20XEX1002;70/2 ELAS RIT FLEXI PA 66 - NERO;KG;2398,10000014305;24199,65
SARA SPORTLINE SRL;PF0039070/20XEX1008;70/2 ELAS RIT FLEXI PA 66 - BIANCO A CAMPIONE;KG;1607,21000039577;16232,85
SARA SPORTLINE SRL;PF0039070/40X661001;70/4 ELAS RIT PA 66 - ROSSO;KG;200,880000829697;2199,65
TONOLI  SRL;;;NR;2;38707,02
TONOLI  SRL;;;;;
TONOLI  SRL;PF0045070/20IP61022;70/2 ELAS INT. PA 6 - GREGGIO;KG;834,379997253418;3003,77
LIABEL SPA;;;;;
LIABEL SPA;PF0070020/10A661000;20/1 ELAS APE PA 66 - BORDO';KG;21,4200004339218;792,54
LIABEL SPA;PR00700019;;;0;42,84
NASTRIFICIO VICTOR SPA;;;;;
NASTRIFICIO VICTOR SPA;PF0071070/20XEX1022;70/2 ELAS RIT FLEXI PA 66 - 551 AQUAGREY;KG;31,3199996948242;310,07
NASTRIFICIO VICTOR SPA;PF0071070/20XEX1023;70/2 ELAS RIT FLEXI PA 66 - 552 ACERO DIOR;KG;31,3800005912781;310,67
NASTRIFICIO VICTOR SPA;PF0071070/20XEX1024;70/2 ELAS RIT FLEXI PA 66 - 553 SENAPE DIOR;KG;30,5100002288818;302,05
TEA SRL;;;;;
TEA SRL;PF0073070/20X661001;70/2 ELAS RIT PA 66 - BEIGE SOLITO;KG;48,6000001430511;515,16
TEA SRL;PF0073070/20X661008;70/2 ELAS RIT PA 66 - MARINA;KG;48,0299997329712;537,93
TEA SRL;PF0073100/20X661006;100/2 ELAS RIT PA 66 - GREGGIO;KG;331,159999370575;2791,33
CALZIFICIO PEDACI ANTONIO;;;KG;910,000007629395;-4802,87
CALZIFICIO PEDACI ANTONIO;;;NR;1;-1000
CALZIFICIO PEDACI ANTONIO;;;;0;0
CALZIFICIO PEDACI ANTONIO;PF0079070/30XFL1001;70/3 ELAS RIT FLEXY PA 6 - NERO;KG;4882,92000049353;45348,38
CALZIFICIO PEDACI ANTONIO;PF0079070/30XFL1003;70/3 ELAS RIT FLEXY PA 6 - ARANCIO EVO;KG;148,66999912262;1397,51
CALZIFICIO PEDACI ANTONIO;PF0079070/30XFL1004;70/3 ELAS RIT FLEXY PA 6 - ARANCIO MAC FLUO;KG;263,2399995327;2437,15
CALZIFICIO PEDACI ANTONIO;PF0079070/30XFL1005;70/3 ELAS RIT FLEXY PA 6 - ROSSO 05;KG;327,469999313354;3041,44
CALZIFICIO PEDACI ANTONIO;PF0079070/30XFL1006;70/3 ELAS RIT FLEXY PA 6 - ROSSO 238;KG;171,339999437332;1574,78
CALZIFICIO PEDACI ANTONIO;PF0079070/30XFL1008;70/3 ELAS RIT FLEXY PA 6 - ROSSO AMSTERDAM;KG;824,399998664856;7642,9
CALZIFICIO PEDACI ANTONIO;PF0079070/30XFL1009;70/3 ELAS RIT FLEXY PA 6 - BIANCO OTTICO;KG;2481,86999225616;23248,94
CALZIFICIO PEDACI ANTONIO;PF0079070/30XFL1011;70/3 ELAS RIT FLEXY PA 6 - YELLOW SPEC;KG;142,929999709129;1359,27
CALZIFICIO PEDACI ANTONIO;PF0079070/30XFL1019;70/3 ELAS RIT FLEXY PA 6 - BLU CLER;KG;50,210000038147;456,91
CALZIFICIO PEDACI ANTONIO;PF0079070/30XFL1030;70/3 ELAS RIT FLEXY PA 6 - BLU MARINO;KG;288,409999847412;2756,93
CALZIFICIO PEDACI ANTONIO;PF0079070/30XFL1032;70/3 ELAS RIT FLEXY PA 6 - AMBRA MAC;KG;146,489998817444;1464,9
CALZIFICIO PEDACI ANTONIO;PF0079070/30XFL1033;70/3 ELAS RIT FLEXY PA 6 - BLU EVO;KG;867,440001487732;8285,72
CALZIFICIO PEDACI ANTONIO;PF0079070/30XFL1034;70/3 ELAS RIT FLEXY PA 6 - ROYAL SPONSOR;KG;147,799997806549;1389,34
CALZIFICIO PEDACI ANTONIO;PF0079070/30XFL1035;70/3 ELAS RIT FLEXY PA 6 - GROC;KG;565,830003261566;5294
CALZIFICIO PEDACI ANTONIO;PF0079070/30XFL1037;70/3 ELAS RIT FLEXY PA 6 - ROYAL KRAK;KG;199,900001525879;1879,08
CALZIFICIO PEDACI ANTONIO;PF0079070/30XFL1039;70/3 ELAS RIT FLEXY PA 6 - GOLD HAJDUK;KG;267,490000247955;2471,25
CALZIFICIO PEDACI ANTONIO;PF0079070/30XFL1041;70/3 ELAS RIT FLEXY PA 6 - BLU LAZIO;KG;348,890001416206;3220,66
CALZIFICIO PEDACI ANTONIO;PF0079070/30XFL1042;70/3 ELAS RIT FLEXY PA 6 - WATER UDI;KG;166,609999656677;1544,06
CALZIFICIO PEDACI ANTONIO;PF0079070/30XFL1043;70/3 ELAS RIT FLEXY PA 6 - ROYAL SAMP;KG;142,150000095367;1293,56
CALZIFICIO PEDACI ANTONIO;PF0079070/30XFL1044;70/3 ELAS RIT FLEXY PA 6 - GIALLO FLUO;KG;772,420001029968;7198,64
CALZIFICIO PEDACI ANTONIO;PF0079070/30XFL1045;70/3 ELAS RIT FLEXY PA 6 - BLU HELLAS;KG;155,880000412464;1418,54
CALZIFICIO PEDACI ANTONIO;PF0079070/30XFL1046;70/3 ELAS RIT FLEXY PA 6 - YORK;KG;35,3900003433228;322,05
CALZIFICIO PEDACI ANTONIO;PF0079070/30XFL1047;70/3 ELAS RIT FLEXY PA 6 - TATOO;KG;54,5600004196167;496,49
CALZIFICIO PEDACI ANTONIO;PF0079070/30XFL1048;70/3 ELAS RIT FLEXY PA 6 - BLU ALB;KG;33,5699996948242;305,49
CALZIFICIO PEDACI ANTONIO;PF0079070/30XFL1049;70/3 ELAS RIT FLEXY PA 6 - ROYAL FIR;KG;143,610000610352;1306,85
CALZIFICIO PEDACI ANTONIO;PF0079070/30XFL1050;70/3 ELAS RIT FLEXY PA 6 - BLU SPAL;KG;147,869999885559;1345,62
CALZIFICIO PEDACI ANTONIO;PF0079070/30XFL1051;70/3 ELAS RIT FLEXY PA 6 - ARANCIO 09;KG;69,5999994277954;633,37
CALZIFICIO PEDACI ANTONIO;PF0079070/30XFL1052;70/3 ELAS RIT FLEXY PA 6 - PETROIL EELS;KG;71,529999256134;650,92
CALZIFICIO PEDACI ANTONIO;PF0079070/30XFL1053;70/3 ELAS RIT FLEXY PA 6 - AZZURRO E 16;KG;146,41999912262;1376,35
CALZIFICIO PEDACI ANTONIO;PF0079070/30XFL1054;70/3 ELAS RIT FLEXY PA 6 - CLEMENTE FLUO;KG;86,2999997138977;811,21
CALZIFICIO PEDACI ANTONIO;PF0079070/30XFL1055;70/3 ELAS RIT FLEXY PA 6 - FUXIA GK;KG;43,3499994277954;407,49
CALZIFICIO PEDACI ANTONIO;PF0079070/30XFL1056;70/3 ELAS RIT FLEXY PA 6 - NOTTE E 11;KG;105,720000267029;993,76
CALZIFICIO PEDACI ANTONIO;PF0079070/30XFL1057;70/3 ELAS RIT FLEXY PA 6 - GIALLO EVO;KG;151,320000171661;1406,65
CALZIFICIO PEDACI ANTONIO;PF0079070/30XFL1058;70/3 ELAS RIT FLEXY PA 6 - PERLA SPAL;KG;146,789999961853;1379,82
CALZIFICIO PEDACI ANTONIO;PF0079070/30XFL1059;70/3 ELAS RIT FLEXY PA 6 - ROSSO ALB;KG;52,6999998092651;495,37
CALZIFICIO PEDACI ANTONIO;PF0079070/30XFL1060;70/3 ELAS RIT FLEXY PA 6 - VERDE WRU;KG;145,959999084473;1372,02
CALZIFICIO PEDACI ANTONIO;PF0079070/30XFL1061;70/3 ELAS RIT FLEXY PA 6 - ROYAL CHIEVO;KG;306,229999065399;2878,56
CALZIFICIO PEDACI ANTONIO;PF0079070/30XFL1062;70/3 ELAS RIT FLEXY PA 6 - ROSSO SCA;KG;37,1899995803833;349,59
CALZIFICIO PEDACI ANTONIO;PF0079070/30XFL1063;70/3 ELAS RIT FLEXY PA 6 - PINK MAC FLUO;KG;43,5999993085861;409,84
CALZIFICIO PEDACI ANTONIO;PF0079070/30XFL1064;70/3 ELAS RIT FLEXY PA 6 - VERDE AX;KG;46,7200000286102;439,17
CALZIFICIO PEDACI ANTONIO;PF0079070/30XFL1065;70/3 ELAS RIT FLEXY PA 6 - VERDE CAST;KG;47,0199999809265;441,98
CALZIFICIO PEDACI ANTONIO;PF0079070/30XFL1066;70/3 ELAS RIT FLEXY PA 6 - VIOLO MOSTO;KG;45,1700003147125;424,6
CALZIFICIO PEDACI ANTONIO;PF0079070/30XFL1067;70/3 ELAS RIT FLEXY PA 6 - GIALLONE;KG;44,2200002670288;415,67
CALZIFICIO PEDACI ANTONIO;PF0079070/30XFL1068;70/3 ELAS RIT FLEXY PA 6 - GIALLO BRILL (15);KG;50,8900003433228;478,36
CALZIFICIO PEDACI ANTONIO;PF0079070/30XFL1069;70/3 ELAS RIT FLEXY PA 6 - VERDE BRILL (16);KG;51,5399994850159;484,48
CALZIFICIO PEDACI ANTONIO;PF0079070/30XFL1071;70/3 ELAS RIT FLEXY PA 6 - BLU SHARK;KG;45,940000295639;431,83
CALZIFICIO PEDACI ANTONIO;PF0079070/30XFL1072;70/3 ELAS RIT FLEXY PA 6 - ORO ARTHUR;KG;59,5099997520447;559,39
CALZIFICIO PEDACI ANTONIO;PF0079070/30XFL1073;70/3 ELAS RIT FLEXY PA 6 - ELETTRICO;KG;356,2399995327;3374,81
CALZIFICIO PEDACI ANTONIO;PF0079070/30XFL1074;70/3 ELAS RIT FLEXY PA 6 - PRATO 190;KG;45,4299998283386;427,04
CALZIFICIO PEDACI ANTONIO;PF0079070/30XFL1075;70/3 ELAS RIT FLEXY PA 6 - GAROFANO FLUO;KG;141,129998207092;1326,61
CALZIFICIO PEDACI ANTONIO;PF0079070/30XFL1076;70/3 ELAS RIT FLEXY PA 6 - BLU LIGHT;KG;140,699999570847;1322,57
CALZIFICIO PEDACI ANTONIO;PF0079070/30XFL1077;70/3 ELAS RIT FLEXY PA 6 - GK GREY;KG;30,8400001525879;289,9
CALZIFICIO PEDACI ANTONIO;PF0079070/30XFL1079;70/3 ELAS RIT FLEXY PA 6 - GRIGIO GOLD;KG;45,4300003051758;454,3
CALZIFICIO PEDACI ANTONIO;PF0079070/30XFL1080;70/3 ELAS RIT FLEXY PA 6 - VERDE SANTI;KG;41,3000001907349;413
CALZIFICIO PEDACI ANTONIO;PF0079070/30XFL1082;70/3 ELAS RIT FLEXY PA 6 - 8145 MANDARINO;KG;43,0700006484985;430,7
CALZIFICIO PEDACI ANTONIO;PF0079070/30XRF1001;70/3 EL RIT RENYCLE 100 GRS FLEXY PA 6 - NERO;KG;3430,63000297546;35004,52
CALZIFICIO PEDACI ANTONIO;PF0079070/30XRF1005;70/3 ELAS RIT RENYCLE 100% GRS FLEXY PA 6 - ROSSO 05;KG;151,060001373291;1510,6
CALZIFICIO PEDACI ANTONIO;PF0079070/30XRF1008;70/3 ELAS RIT RENYCLE 100% GRS FLEXY PA 6 - ROSSO AMSTERDAM;KG;157,209999084473;1572,1
CALZIFICIO PEDACI ANTONIO;PF0079070/30XRF1009;70/3 ELAS RIT RENYCLE 100% GRS FLEXY PA 6 - BIANCO OTTICO;KG;442,620000362396;4426,2
CALZIFICIO PEDACI ANTONIO;PF0079070/30XRF1033;70/3 ELAS RIT RENYCLE 100% GRS FLEXY PA 6 - BLU EVO;KG;152,999999046326;1530
CALZIFICIO PEDACI ANTONIO;PF0079070/30XRF1042;70/3 ELAS RIT RENYCLE 100% GRS FLEXY PA 6 - WATER UDI;KG;61,0700006484985;610,7
CALZIFICIO PEDACI ANTONIO;PF0079070/30XRF1078;70/3 ELAS RIT RENYCLE 100% GRS FLEXY PA 6 - ROSSO ESP;KG;31,7100009918213;317,1
CALZIFICIO PEDACI ANTONIO;PR00790006;;;0;653,39
NEW KOKO'S  SRL;;;;;
NEW KOKO'S  SRL;PF0084070/10AEX1121;70/1 EL AP FLEXI PA 66 - 37282 FATHOM J011;KG;44,3099989891052;478,54
NEW KOKO'S  SRL;PF0084070/20XFL1036;70/2 ELAS RIT FLEXY PA 6 - 31322 BLU B051;KG;75,5399999022484;722,14
NEW KOKO'S  SRL;PF0084070/20XFL1063;70/2 ELAS RIT FLEXY PA 6 - 37059 SULPHUR SPRING;KG;35,900000333786;337,46
NEW KOKO'S  SRL;PF0084070/20XFL1073;70/2 ELAS RIT FLEXY PA 6 - 37243 FATHOM;KG;15,8900003433228;155,72
NEW KOKO'S  SRL;PF0084070/20XFL1118;70/2 ELAS RIT FLEXY PA 6 - 34792 ROSA HORTENSIA 8124 R046;KG;56,7300004959106;533,27
NEW KOKO'S  SRL;PF0084070/30XFL1022;70/3 ELAS RIT FLEXY PA 6 - 37221 ARANCIO A083 TANGERINE TANGO;KG;43,7200002670288;410,98
NEW KOKO'S  SRL;PF0084070/30XFL1037;70/3 ELAS RIT FLEXY PA 6 - 36759 NERO;KG;170,670001983643;1695,93
NEW KOKO'S  SRL;PF0084070/30XFL1043;70/3 ELAS RIT FLEXY PA 6 - 36758 BIANCO E1;KG;127,119999349117;1260,68
NEW KOKO'S  SRL;PF0084070/30XFL1050;70/3 ELAS RIT FLEXY PA 6 - 37771 SULPHUR SPRING G029;KG;33,9700002670288;319,31
NEW KOKO'S  SRL;PF0084070/30XFL1080;70/3 ELAS RIT FLEXY PA 6 - 37778 BLU B051;KG;45,1200003623962;424,13
NEW KOKO'S  SRL;PF0084070/30XFL1087;70/3 ELAS RIT FLEXY PA 6 - 36983 PRUGNA 8158 P104;KG;36,4799995422363;342,91
NEW KOKO'S  SRL;PF0084070/30XFL1117;70/3 ELAS RIT FLEXY PA 6 - 37597 FATHOM J011;KG;317,54000222683;3085,04
NEW KOKO'S  SRL;PF0084070/30XFL1122;70/3 ELAS RIT FLEXY PA 6 - BLU B045;KG;45,5900011062622;455,9
NEW KOKO'S  SRL;PF0084070/40XFL1030;70/4 ELAS RIT FLEXY PA 6 - 37741 GRIGIO G901;KG;168,650000572205;1582,25
NEW KOKO'S  SRL;PF0084070/40XFL1103;70/4 ELAS RIT FLEXY PA 6 - 35189 ROSSO R103;KG;140,639999389648;1350,15
NEW KOKO'S  SRL;PF00847866Q0XEX1043;78/68/2 QSKIN RIT FLEXI PA 66 - 36758 BIANCO E1;KG;22,8300004005432;376,7
NEW KOKO'S  SRL;PF0084786820IEX1119;78/68/2 ELAS INTER. FLEXI PA 66 - 37109 NERO;KG;65,5600004196167;819,51
NEW KOKO'S  SRL;PF0084786820IHE1120;78/68/2 ELAS INT FLEXY HEAT PA 66 - 37917 NERO;KG;29,5100002288818;602
NEW KOKO'S  SRL;PR00840019;;;0;45,66
STORI B. & C. SRL;;;;;
STORI B. & C. SRL;PF0102030/20X661040;30/2 ELAS RIT PA 66 - AVIO;KG;1,04999995231628;50
STORI B. & C. SRL;PF0102030/20X661044;30/2 ELAS RIT PA 66 - D9 ROSA POLVERE;KG;3,33999991416931;60,79
STORI B. & C. SRL;PF0102040/20XEX1007;40/2 ELAS RIT FLEXI PA 66 - NATURALE K0;KG;8,42000007629395;139,77
STORI B. & C. SRL;PF0102040/20XEX1009;40/2 ELAS RIT FLEXI PA 66 - PIOMBO N8;KG;6,07000017166138;110,47
STORI B. & C. SRL;PF0102040/20XEX1029;40/2 ELAS RIT FLEXI PA 66 - B8 OCEANO;KG;15,5700001716614;258,46
STORI B. & C. SRL;PF0102040/20XEX1041;40/2 ELAS RIT FLEXI PA 66 - 2P ARDESIA;KG;1,19000005722046;50
STORI B. & C. SRL;PF0102040/20XEX1044;40/2 ELAS RIT FLEXI PA 66 - D9 ROSA POLVERE;KG;10,6899995803833;194,56
STORI B. & C. SRL;PF0102070/20XEX1007;70/2 ELAS RIT FLEXI PA 66 - NATURALE K0;KG;21,7600002288818;302,47
STORI B. & C. SRL;PF0102070/20XEX1029;70/2 ELAS RIT FLEXI PA 66 - B8 OCEANO;KG;20,0700001716614;278,97
STORI B. & C. SRL;PF0102070/20XEX1042;70/2 ELAS RIT FLEXI PA 66 - D11;KG;1,04999995231628;50
STORI B. & C. SRL;PF0102070/20XEX1043;70/2 ELAS RIT FLEXI PA 66 - HA SALMONE;KG;1,04999995231628;50
STORI B. & C. SRL;PF0102070/20XEX1044;70/2 ELAS RIT FLEXI PA 66 - D9 ROSA POLVERE;KG;23,8499994277954;369,68
STORI B. & C. SRL;PF0102100/20XEX1000;100/2 ELAS RIT FLEXI PA 66 - BIANCO X0;KG;11,5900001525879;168,06
STORI B. & C. SRL;PF0102100/20XEX1003;100/2 ELAS RIT FLEXI PA 66 - N9 NERO;KG;15,0799999237061;209,61
STORI B. & C. SRL;PF0102100/20XEX1007;100/2 ELAS RIT FLEXI PA 66 - NATURALE K0;KG;8,06999969482422;112,17
STORI B. & C. SRL;PF0102100/20XEX1009;100/2 ELAS RIT FLEXI PA 66 - PIOMBO N8;KG;13,3199996948242;193,14
STORI B. & C. SRL;PF0102100/20XEX1028;100/2 ELAS RIT FLEXI PA 66 - P1 GRIGIO CHIARO;KG;5,92000007629395;82,29
STORI B. & C. SRL;PF0102443410I661000;44/34/1 ELAS INT. PA 66 - BIANCO X0;KG;144,879999399185;2138,62
STORI B. & C. SRL;PF0102443410I661003;44/34/1 ELAS INT. PA 66 - N9 NERO;KG;128,729998350143;1873,02
STORI B. & C. SRL;PF0102443410I661009;44/34/1 ELAS INT. PA 66 - PIOMBO N8;KG;22,7200002670288;344,21
STORI B. & C. SRL;PF0102443410I661028;44/34/1 ELAS INT. PA 66 - P1 GRIGIO CHIARO;KG;22,1999998092651;323,01
La R.T.B. Di Dettali Riccardo ;;;;;
La R.T.B. Di Dettali Riccardo ;PF0109070/20X661001;70/2 ELAS RIT PA 66 - GREGGIO;KG;332,339996337891;1628,47
La R.T.B. Di Dettali Riccardo ;PF0109070/40XFL1001;70/4 ELAS RIT FLEXY PA 6 - GREGGIO;KG;46,3600006103516;278,16
CALZIFICIO TELEMACO SRL;;;kg;62,7599983215332;-897,47
CALZIFICIO TELEMACO SRL;;;;0;0
CALZIFICIO TELEMACO SRL;PF0110070/30XFL1002;70/3 ELAS RIT FLEXY PA 6 - 37059 SULPHUR SPRING;KG;40,289999961853;386,79
CALZIFICIO TELEMACO SRL;PF0110070/30XFL1023;70/3 ELAS RIT FLEXY PA 6 - 36938 VIOLA;KG;42,1599998474121;404,74
CALZIFICIO TELEMACO SRL;PF0110070/30XFL1036;70/3 ELAS RIT FLEXY PA 6 - 37771 SULPHUR SPRING G029;KG;80,1299996376038;772,1
CALZIFICIO TELEMACO SRL;PF0110070/30XFL1049;70/3 ELAS RIT FLEXY PA 6 - BIANCO;KG;337,909998655319;3219,8
CALZIFICIO TELEMACO SRL;PF0110070/30XFL1050;70/3 ELAS RIT FLEXY PA 6 - NERO;KG;332,519998788834;3171,22
CALZIFICIO TELEMACO SRL;PF0110070/30XFL1055;70/3 ELAS RIT FLEXY PA 6 - 38106 ROYAL 6080;KG;20,2699999809265;198,65
CALZIFICIO TELEMACO SRL;PF0110786020LEX1006;78/60/2 QNOVA LEG.INTERL FLEXI GRS 60 PA 66 - 37109 NERO N002;KG;343,339999437332;4909,76
CALZIFICIO TELEMACO SRL;PF0110786020LEX1026;78/60/2 QNOVA LEG.INTERL FLEXI GRS 60 PA 66 - CANDIDO;KG;188,659997463226;2697,83
CALZIFICIO TELEMACO SRL;PF0110786020LEX1031;78/60/2 QNOVA LEG.INTERL FLEXI GRS 60 PA 66 - 39015 GRS SAFETY YELLOW FLUO G006;KG;91,5199999809265;1308,72
CALZIFICIO TELEMACO SRL;PF0110786020LEX1052;78/60/2 QNOVA LEG.INTERL FLEXI GRS 60 PA 66 - 39002 GRS NERO N002;KG;136,7399995327;1955,39
CALZIFICIO TELEMACO SRL;PF0110786820(RE1026;78/68/2  INT.SD RENYCLE 100% GRS PA 6 - CANDIDO;KG;663,789998531342;9553,46
CALZIFICIO TELEMACO SRL;PF0110786820(RE1056;78/68/2  INT.SD RENYCLE 100% GRS PA 6 - NERO;KG;670,990001678467;9595,18
CALZIFICIO TELEMACO SRL;PF011078SQS0I661053;78/68/2 QSKIN INT. PA 66 - 39804 MELANZANA CANADA M202;KG;71,1800003051758;1192,09
CALZIFICIO TELEMACO SRL;PF011078SQS0I661054;78/68/2 QSKIN INT. PA 66 - 38620 GRIGIO ACCIAIO G180;KG;74,5299997329712;1245,79
CALZIFICIO TELEMACO SRL;PR01100006;;;0;45,76
CALZIFICIO TELEMACO SRL;PR01100019;;;0;40,54
VEROPIZ S.R.L.;;;KG;459,740005493164;-4188,47
VEROPIZ S.R.L.;;;;0;0
VEROPIZ S.R.L.;PF0118070/108661097;70/1 ELAS INT. NYFIL PA 66 - DEEP BLUE;KG;59,3800010681152;629,43
VEROPIZ S.R.L.;PF0118070/10A661002;70/1 ELAS APE PA 66 - BIANCO;KG;1,38999998569489;14,73
VEROPIZ S.R.L.;PF0118070/10A661097;70/1 ELAS APE PA 66 - DEEP BLUE;KG;239,899997472763;2533,66
VEROPIZ S.R.L.;PF0118070/10A661132;70/1 ELAS APE PA 66 - PINK 14-2311 TPG;KG;0,980000019073486;10,39
VEROPIZ S.R.L.;PF0118070/10A661142;70/1 ELAS APE PA 66 - SOFT GREY;KG;0,899999976158142;9,54
VEROPIZ S.R.L.;PF0118070/10A661150;70/1 ELAS APE PA 66 - PINK CLAY;KG;0,540000021457672;5,81
VEROPIZ S.R.L.;PF0118070/20X661002;70/2 ELAS RIT PA 66 - BIANCO;KG;272,659999251366;2781,12
VEROPIZ S.R.L.;PF0118070/20X661003;70/2 ELAS RIT PA 66 - NERO;KG;8991,0399941206;86038,9
VEROPIZ S.R.L.;PF0118070/20X661024;70/2 ELAS RIT PA 66 - DEEP RED G378 /PR.1;KG;489,150001525879;4662,95
VEROPIZ S.R.L.;PF0118070/20X661031;70/2 ELAS RIT PA 66 - ANTRACITE SOLIDO;KG;921,730001688004;8937,95
VEROPIZ S.R.L.;PF0118070/20X661057;70/2 ELAS RIT PA 66 - APPLE GREEN;KG;573,490000486374;5419,53
VEROPIZ S.R.L.;PF0118070/20X661061;70/2 ELAS RIT PA 66 - GREGGIO;KG;168,490000844002;1263,72
VEROPIZ S.R.L.;PF0118070/20X661076;70/2 ELAS RIT PA 66 - GIALLO SIRIO C.11971;KG;507,729999542236;4916,29
VEROPIZ S.R.L.;PF0118070/20X661090;70/2 ELAS RIT PA 66 - PHARD 1905;KG;1,23000001907349;11,62
VEROPIZ S.R.L.;PF0118070/20X661096;70/2 ELAS RIT PA 66 - DEEP PLUM;KG;110,399998664856;1043,27
VEROPIZ S.R.L.;PF0118070/20X661097;70/2 ELAS RIT PA 66 - DEEP BLUE;KG;4691,05999791622;45227,85
VEROPIZ S.R.L.;PF0118070/20X661098;70/2 ELAS RIT PA 66 - GREEN PINE;KG;810,889994442463;7705,22
VEROPIZ S.R.L.;PF0118070/20X661117;70/2 ELAS RIT PA 66 - LATTE 1903;KG;20,7300004959106;203,16
VEROPIZ S.R.L.;PF0118070/20X661118;70/2 ELAS RIT PA 66 - PURPLE WINE;KG;60,9699993133545;576,18
VEROPIZ S.R.L.;PF0118070/20X661119;70/2 ELAS RIT PA 66 - BLU LAKE;KG;116,39999961853;1099,97
VEROPIZ S.R.L.;PF0118070/20X661122;70/2 ELAS RIT PA 66 - BLU JEANS;KG;229,080000638962;2164,83
VEROPIZ S.R.L.;PF0118070/20X661123;70/2 ELAS RIT PA 66 - ROSE BROWN;KG;443,48999941349;4190,98
VEROPIZ S.R.L.;PF0118070/20X661125;70/2 ELAS RIT PA 66 - BLUETTE;KG;624,670000314713;5903,15
VEROPIZ S.R.L.;PF0118070/20X661127;70/2 ELAS RIT PA 66 - DARK BLUSH;KG;445,030001878738;4205,54
VEROPIZ S.R.L.;PF0118070/20X661128;70/2 ELAS RIT PA 66 - MOKA 2021;KG;24,4899997711182;231,44
VEROPIZ S.R.L.;PF0118070/20X661130;70/2 ELAS RIT PA 66 - DEEP GREEN;KG;461,070000290871;4378,94
VEROPIZ S.R.L.;PF0118070/20X661131;70/2 ELAS RIT PA 66 - BLUETTENERO;KG;211,960000693798;2003,03
VEROPIZ S.R.L.;PF0118070/20X661132;70/2 ELAS RIT PA 66 - PINK 14-2311 TPG;KG;3,83999997377396;36,46
VEROPIZ S.R.L.;PF0118070/20X661135;70/2 ELAS RIT PA 66 - BLU GREY DARK;KG;514,120001077652;5094,57
VEROPIZ S.R.L.;PF0118070/20X661136;70/2 ELAS RIT PA 66 - GREEN OIL;KG;0,819999992847443;7,91
VEROPIZ S.R.L.;PF0118070/20X661137;70/2 ELAS RIT PA 66 - DARK ORANGE;KG;0,920000016689301;8,88
VEROPIZ S.R.L.;PF0118070/20X661138;70/2 ELAS RIT PA 66 - SALVIA GREEN;KG;0,899999976158142;8,69
VEROPIZ S.R.L.;PF0118070/20X661139;70/2 ELAS RIT PA 66 - DARK SALVIA;KG;0,939999997615814;9,07
VEROPIZ S.R.L.;PF0118070/20X661140;70/2 ELAS RIT PA 66 - GALAXY BLU;KG;316,540001213551;3054,62
VEROPIZ S.R.L.;PF0118070/20X661141;70/2 ELAS RIT PA 66 - GREEN LAKE;KG;154,859998822212;1500,07
VEROPIZ S.R.L.;PF0118070/20X661142;70/2 ELAS RIT PA 66 - SOFT GREY;KG;0,980000019073486;9,46
VEROPIZ S.R.L.;PF0118070/20X661143;70/2 ELAS RIT PA 66 - BASIC GREY;KG;0,430000007152557;4,15
VEROPIZ S.R.L.;PF0118070/20X661144;70/2 ELAS RIT PA 66 - GREEN ARMY;KG;713,369999527931;6951,08
VEROPIZ S.R.L.;PF0118070/20X661145;70/2 ELAS RIT PA 66 - BLU PACIFICO;KG;922,449999630451;8958,41
VEROPIZ S.R.L.;PF0118070/20X661146;70/2 ELAS RIT PA 66 - AZZURRO SKY;KG;396,090002954006;3892,04
VEROPIZ S.R.L.;PF0118070/20X661148;70/2 ELAS RIT PA 66 - PINK CAMPIONE TESSUTO;KG;477,049999892712;4674,77
VEROPIZ S.R.L.;PF0118070/20X661150;70/2 ELAS RIT PA 66 - PINK CLAY;KG;2,82999992370605;27,73
VEROPIZ S.R.L.;PF0118070/20X661151;70/2 ELAS RIT PA 66 - DREAM ROSE;KG;0,939999997615814;9,21
VEROPIZ S.R.L.;PF0118070/20X661152;70/2 ELAS RIT PA 66 - MEDIUM GREY;KG;1,62999999523163;15,97
VEROPIZ S.R.L.;PF0118070/20X661153;70/2 ELAS RIT PA 66 - ROSA NUVOLA;KG;189,820001482964;1860,24
VEROPIZ S.R.L.;PF0118070/20X661154;70/2 ELAS RIT PA 66 - DARK LILLA;KG;1,03999996185303;10,19
VEROPIZ S.R.L.;PF0118070/20X661155;70/2 ELAS RIT PA 66 - AZZURRO IRIS;KG;1,86000001430511;18,23
VEROPIZ S.R.L.;PF0118070/20X661156;70/2 ELAS RIT PA 66 - LOLLIPOP PINK;KG;1,80000001192093;17,64
VEROPIZ S.R.L.;PF0118070/20X661157;70/2 ELAS RIT PA 66 - RED SUMMER;KG;91,5699996948242;897,39
VEROPIZ S.R.L.;PF0118070/20X661158;70/2 ELAS RIT PA 66 - ARTIC BLUE;KG;315,810000538826;3135,35
VEROPIZ S.R.L.;PF0118070/20X661159;70/2 ELAS RIT PA 66 - VERDE OFF FLUO;KG;1,08000004291534;10,58
VEROPIZ S.R.L.;PF0118070/20X661160;70/2 ELAS RIT PA 66 - VERDE TITANIO;KG;0,759999990463257;7,45
VEROPIZ S.R.L.;PF0118070/20X661161;70/2 ELAS RIT PA 66 - GRIGIO AZZURRO;KG;229,600000083447;2340,92
VEROPIZ S.R.L.;PF0118070/20X661162;70/2 ELAS RIT PA 66 - WINTER GREEN;KG;205,10000038147;2009,98
VEROPIZ S.R.L.;PF0118070/20XEX1002;70/2 ELAS RIT FLEXI PA 66 - BIANCO;KG;250,530001163483;2437,3
VEROPIZ S.R.L.;PF0118070400I661039;SPLENDOR DTEX 78/2 NY66 INTERL - DARK GREY MEL;KG;2421,04998779297;31249,56
VEROPIZ S.R.L.;PF0118156/103661112;156/1  RIT 300 S PA 66 - NERO LUCIDO;KG;85,2300004959106;1254,18
VEROPIZ S.R.L.;PF0118156/103661152;156/1  RIT 300 S PA 66 - MEDIUM GREY;KG;1,10000002384186;16,11
VEROPIZ S.R.L.;PF0118156/103661153;156/1  RIT 300 S PA 66 - ROSA NUVOLA;KG;0,879999995231628;12,89
VEROPIZ S.R.L.;PF0118402700INY1100;78/2 MELANGE INTERL - GRIGIO MEL. 031;KG;582,380001068115;7483,61
VEROPIZ S.R.L.;PF0118402700INY1129;SPLENDOR DTEX 78/2 NY66 INTERL. - GRIGIO MEL TEZ;KG;225,739999771118;3070,05
VEROPIZ S.R.L.;PF0118786820M661002;78/68/2  RIT 200 GIRI PA 66 - BIANCO;KG;54,7099995613098;656,52
VEROPIZ S.R.L.;PF0118LUC700XP61000;70 LUCIDO RIT PA 6 - NERO;KG;265,270000457764;4136,07
VEROPIZ S.R.L.;PF0118LUC700XP61132;70 LUCIDO RIT PA 6 - PINK 14-2311 TPG;KG;0,519999980926514;8,11
VEROPIZ S.R.L.;PF0118LUC700XP61142;70 LUCIDO RIT PA 6 - SOFT GREY;KG;0,809999972581863;12,63
VEROPIZ S.R.L.;PF0118LUC700XP61147;70 LUCIDO RIT PA 6 - ORO;KG;0,439999997615814;6,86
VEROPIZ S.R.L.;PR01180001;;;0;47,11
VEROPIZ S.R.L.;PR01180006;;;0;0,86
VEROPIZ S.R.L.;PR01180019;;;0;90,4
GENESI SRL;;;;;
GENESI SRL;PF0121100/20D661013;100/2 ELAS CUC 10000 PA 66 - COD.320;KG;24,5300004482269;401,8
GENESI SRL;PF0121100/20D661024;100/2 ELAS CUC 10000 PA 66 - COD. 1323;KG;61,8400017023087;1171
GENESI SRL;PF0121100/20D661052;100/2 ELAS CUC 10000 PA 66 - COD. 1333;KG;24,5400006771088;438,7
GENESI SRL;PF0121100/20D661065;100/2 ELAS CUC 10000 PA 66 - COD. 1332 BLU;KG;20,6500005722046;369
GENESI SRL;PF0121100/20D661087;100/2 ELAS CUC 10000 PA 66 - COD. 320;KG;21,1799998283386;372
GENESI SRL;PF0121100/20D661088;100/2 ELAS CUC 10000 PA 66 - COD. 327 GENESI;KG;19,2899994850159;336
GENESI SRL;PF0121100/20D661101;100/2 ELAS CUC 10000 PA 66 - TROPICO COD. 1352;KG;19,08999979496;328
GENESI SRL;PF0121100/20D661122;100/2 ELAS CUC 10000 PA 66 - COD. 917;KG;19,5200004577637;352
GENESI SRL;PF0121100/20D661128;100/2 ELAS CUC 10000 PA 66 - COD. 816;KG;19,75;344
GENESI SRL;PF0121100/20D661135;100/2 ELAS CUC 10000 PA 66 - COSMIC BLUE COD. 1428;KG;29,6300003528595;500,2
GENESI SRL;PF0121100/20D661144;100/2 ELAS CUC 10000 PA 66 - COD. 230;KG;19,8899998664856;340
GENESI SRL;PF0121100/20D661153;100/2 ELAS CUC 10000 PA 66 - FLUO PINK;KG;19,6499998569489;336
GENESI SRL;PF0121100/20D661159;100/2 ELAS CUC 10000 PA 66 - 935 ARMY;KG;20,7600002288818;356,7
GENESI SRL;PR01210006;;;0;15,72
(NON USARE) - MEGADYNE SPA ;;;;;
(NON USARE) - MEGADYNE SPA ;PF0126060/20XEX1000;60/2 ELAS RIT FLEXI PA 66 - ARANCIO;KG;436,370001494884;5061,88
VALCUVIA SRL;;;NR;;30
VALCUVIA SRL;;;;;
VALCUVIA SRL;PF0127100/20XEX1025;100/2 ELAS RIT FLEXI PA 66 - BEIGE A CAMPIONE;KG;24,6800001263618;271,48
VALCUVIA SRL;PF0127100/20XEX1026;100/2 ELAS RIT FLEXI PA 66 - FUXIA A CAMPIONE;KG;24,1999998092651;266,2
VALCUVIA SRL;PR01270019;;;0;97,76
POMPEA SPA;;;;;
POMPEA SPA;PF0128100/20D661001;100/2 ELAS CUC 10000 PA 66 - COD. 882 ;KG;19,8800001144409;320,08
POMPEA SPA;PF0128100/20D661021;100/2 ELAS CUC 10000 PA 66 - COD. 2 BIANCO LATTE;KG;63,779999434948;1001,38
POMPEA SPA;PF0128100/20D661028;100/2 ELAS CUC 10000 PA 66 - COD. 1332 BLU;KG;145,360001802444;2313,55
POMPEA SPA;PF0128100/20D661030;100/2 ELAS CUC 10000 PA 66 - COD. 12-822 GRIGIO;KG;1,00999999046326;50
POMPEA SPA;PF0128100/20D661034;100/2 ELAS CUC 10000 PA 66 - COD. 876;KG;19,3500001430511;303,8
POMPEA SPA;PF0128100/20D661035;100/2 ELAS CUC 10000 PA 66 - COD. 61 AZZURRO;KG;79,7100013494492;1291,3
POMPEA SPA;PF0128100/20D661048;100/2 ELAS CUC 10000 PA 66 - COD. 302 ROSSO;KG;17,8800005912781;287,88
POMPEA SPA;PF0128100/20D661049;100/2 ELAS CUC 10000 PA 66 - COD. 977 LILLA;KG;26,0199997425079;423,04
POMPEA SPA;PF0128100/20D661067;100/2 ELAS CUC 10000 PA 66 - COD. 816;KG;1,00999999046326;50
POMPEA SPA;PF0128100/20D661092;100/2 ELAS CUC 10000 PA 66 - COD. 73;KG;67,9300011396408;1093,69
POMPEA SPA;PF0128100/20D661135;100/2 ELAS CUC 10000 PA 66 - COD 879 ROSA SOGNO;KG;20,0300002098083;322,49
POMPEA SPA;PF0128100/20D661137;100/2 ELAS CUC 10000 PA 66 - COD. 75 ACQUA;KG;20,4399999380112;329,09
POMPEA SPA;PF0128100/20D661141;100/2 ELAS CUC 10000 PA 66 - COD. 328 AZZURRO;KG;18,7499994039536;294,38
POMPEA SPA;PF0128100/20D661144;100/2 ELAS CUC 10000 PA 66 - COD. 855;KG;39,5300002098083;620,62
POMPEA SPA;PF0128100/20D661149;100/2 ELAS CUC 10000 PA 66 - ROSA MATTONE 958;KG;39,6900000572205;623,16
POMPEA SPA;PF0128100/20D661153;100/2 ELAS CUC 10000 PA 66 - GENZIANA 21;KG;19,67999958992;308,97
POMPEA SPA;PF0128100/20D661154;100/2 ELAS CUC 10000 PA 66 - 331 SKIN 21;KG;740,740007817745;11942,11
POMPEA SPA;PF0128100/20D661155;100/2 ELAS CUC 10000 PA 66 - COD. 937 PETROLIO;KG;20,1700003445148;316,68
POMPEA SPA;PF0128100/20D661156;100/2 ELAS CUC 10000 PA 66 - MALVA;KG;163,200001701713;2619,64
POMPEA SPA;PF0128100/20D661157;100/2 ELAS CUC 10000 PA 66 - COD. 889 AZZURRO;KG;19,9399998188019;333,01
I.R.T.E. SRL;;;KG;661,790000915527;-3322,48
I.R.T.E. SRL;;;;0;0
I.R.T.E. SRL;PF0129040/10A661064;40/1 ELAS APE PA 66 - NERO 0006;KG;179,579998254776;2514,12
I.R.T.E. SRL;PF0129040/10A661140;40/1 ELAS APE PA 66 - GREGGIO;KG;193,789999008179;1550,32
I.R.T.E. SRL;PF0129040/20XEX1253;40/2 ELAS RIT FLEXI PA 66 - SILVERED GREEN;KG;34,0799998044968;408,96
I.R.T.E. SRL;PF0129040/20XEX1257;40/2 ELAS RIT FLEXI PA 66 - LILLA 8061;KG;35,7599992752075;429,12
I.R.T.E. SRL;PF0129040/20XEX1258;40/2 ELAS RIT FLEXI PA 66 - ORANGE 8079;KG;52,0100002288818;631,65
I.R.T.E. SRL;PF0129040/20XEX1262;40/2 ELAS RIT FLEXI PA 66 - BEIGE C;KG;19,0800004005432;228,96
I.R.T.E. SRL;PF0129040/20XEX1268;40/2 ELAS RIT FLEXI PA 66 - ICE MINT;KG;57,3699998855591;688,44
I.R.T.E. SRL;PF0129070/10A661276;70/1 ELAS APE PA 66 - BEIGE MB399;KG;1;30
I.R.T.E. SRL;PF0129070/20IYG1281;70/2 ELAS INT YESS GREEN GRS 100 PA 6 - BLU 956;KG;100,790000915527;1562,27
I.R.T.E. SRL;PF0129070/20X661145;70/2 ELAS RIT PA 66 - GRIGIO CHIARO 653;KG;150,809999465942;1440,82
I.R.T.E. SRL;PF0129070/20X661146;70/2 ELAS RIT PA 66 - GRIGIO SCURO 4104;KG;153,430000126362;1465,67
I.R.T.E. SRL;PF0129070/20X661235;70/2 ELAS RIT PA 66 - NERO 951/2020;KG;3187,46999573708;30862,58
I.R.T.E. SRL;PF0129070/20X661262;70/2 ELAS RIT PA 66 - BEIGE C;KG;48,1600003242493;455,11
I.R.T.E. SRL;PF0129156/103661015;156/1  RIT 300 S PA 66 - NERO;KG;1;30
I.R.T.E. SRL;PF0129402700INY1172;78/2 MELANGE INTERL - GRIGIO MEL. 031 ;KG;3352,56999319792;43432,96
I.R.T.E. SRL;PF01294434S0IEX1140;44/34/2 ELAS INTER. FLEXI PA 66 - GREGGIO;KG;21,7799994945526;217,8
I.R.T.E. SRL;PF01294434S0IEX1282;44/34/2 ELAS INTER. FLEXI PA 66 - BEIGE A CAMPIONE;KG;23,2299995422363;348,45
I.R.T.E. SRL;PF0129701TP0ATP1089;78/18 APE PA6 TINTO PASTA - NERO TINTO PASTA;KG;2432,2600030899;14715,2
I.R.T.E. SRL;PF0129701TP0ATP1095;78/18 APE PA6 TINTO PASTA - BIANCO OTTICO TINTO PASTA;KG;216,51000213623;1407,36
I.R.T.E. SRL;PF0129701TT0I661100;78/2 MELANGE INTER PA 66 - BLU INK MEL;KG;421,439997553825;5465,46
I.R.T.E. SRL;PF0129701TT0I661169;78/2 MELANGE INTER PA 66 - BLU MELANGE 1811;KG;1299,52999806404;16931,26
I.R.T.E. SRL;PF0129786820M661002;78/68/2  RIT 200 GIRI PA 66 - BIANCO;KG;5507,5499958992;78685,74
I.R.T.E. SRL;PF0129786820M661152;78/68/2  RIT 200 GIRI PA 66 - BLU MOON;KG;57,1799993515015;811,97
I.R.T.E. SRL;PF0129786820M661250;78/68/2  RIT 200 GIRI PA 66 - GIALLO BANANA;KG;410,570000767708;5866,3
I.R.T.E. SRL;PF0129786820M661273;78/68/2  RIT 200 GIRI PA 66 - ARANCIO A CAMPIONE;KG;112,360001564026;1655,87
I.R.T.E. SRL;PF0129786820M661274;78/68/2  RIT 200 GIRI PA 66 - AZZURRO 15-4225 TCX;KG;1;30
I.R.T.E. SRL;PF0129786820M661275;78/68/2  RIT 200 GIRI PA 66 - GIALLO 13-0758 TCX;KG;1;30
I.R.T.E. SRL;PF0129786820M661277;78/68/2  RIT 200 GIRI PA 66 - ARANCIO 17-1462 TPX;KG;1;30
I.R.T.E. SRL;PF0129LUC700XP61157;70 LUCIDO RIT PA 6 - NERO;KG;1;30
I.R.T.E. SRL;PF0129V70/20V661019;70/2 VOLUMINIZZATO INTERL. PA 66 - BLU 8100;KG;823,81999951601;8076,99
I.R.T.E. SRL;PF0129V70/20V661194;70/2 VOLUMINIZZATO INTERL. PA 66 - SILVER 1021;KG;1352,8600012064;12890,5
I.R.T.E. SRL;PF0129V70/20V661232;70/2 VOLUMINIZZATO INTERL. PA 66 - HARBOR MIST 14-4202;KG;75,9999990463257;703
I.R.T.E. SRL;PF0129V70/20V661243;70/2 VOLUMINIZZATO INTERL. PA 66 - DEEP BLUE;KG;5548,69998753071;51587,8
I.R.T.E. SRL;PF0129V70/20V661249;70/2 VOLUMINIZZATO INTERL. PA 66 - NERO 641 TEZ;KG;1458,7000041008;13858,23
I.R.T.E. SRL;PF0129V70/20V661255;70/2 VOLUMINIZZATO INTERL. PA 66 - BARK 16-1506 TCX;KG;22,039999961853;208,28
I.R.T.E. SRL;PF0129V70/20V661269;70/2 VOLUMINIZZATO INTERL. PA 66 - ROSSO 1220;KG;74,7700004577637;691,62
I.R.T.E. SRL;PF0129V70/20V661270;70/2 VOLUMINIZZATO INTERL. PA 66 - AMBER BROWN TPG 17-1147;KG;1;30
I.R.T.E. SRL;PF0129V70/20V661271;70/2 VOLUMINIZZATO INTERL. PA 66 - ROSSO MATTONE 18-1340 TCX;KG;146,460001707077;1448,24
I.R.T.E. SRL;PF0129V70/20V661272;70/2 VOLUMINIZZATO INTERL. PA 66 - BLACK BLUE;KG;153,379997730255;1538,57
I.R.T.E. SRL;PF0129V70/20V661278;70/2 VOLUMINIZZATO INTERL. PA 66 - GREEN ARMY;KG;750,04000043869;7422,56
I.R.T.E. SRL;PF0129V70/20V661279;70/2 VOLUMINIZZATO INTERL. PA 66 - WINTER GREEN;KG;456,440002441406;4538,88
I.R.T.E. SRL;PF0129V70/20V661281;70/2 VOLUMINIZZATO INTERL. PA 66 - BLU 956;KG;157,019999980927;1554,51
I.R.T.E. SRL;PF0129V70/20V661283;70/2 VOLUMINIZZATO INTERL. PA 66 - AZZURRO GENIO;KG;77,7399994134903;769,62
I.R.T.E. SRL;PF0129V70/20V661284;70/2 VOLUMINIZZATO INTERL. PA 66 - NIGHT GREEN;KG;1;30
I.R.T.E. SRL;PF0129V70/20V661285;70/2 VOLUMINIZZATO INTERL. PA 66 - VERDE TITANIO;KG;1;30
I.R.T.E. SRL;PF0129V70/20V661286;70/2 VOLUMINIZZATO INTERL. PA 66 - GRIGIO ANTRACITE;KG;305,079998970032;3040,41
I.R.T.E. SRL;PF0129V70/20V661287;70/2 VOLUMINIZZATO INTERL. PA 66 - SOLID BLUE;KG;160,170000553131;1605,8
I.R.T.E. SRL;PF0129V70/20V661288;70/2 VOLUMINIZZATO INTERL. PA 66 - BARBADOS CHERRY;KG;20,4200000762939;202,16
I.R.T.E. SRL;PR01290001;;;0;295,2
I.R.T.E. SRL;PR01290019;;;0;166,32
SAFTE S.R.L.;;;;;
SAFTE S.R.L.;PF0148070/20XEX1000;70/2 ELAS RIT FLEXI PA 66 - BIANCO;KG;2331,7900031209;23908,36
SAFTE S.R.L.;PF0148070/20XEX1001;70/2 ELAS RIT FLEXI PA 66 - NUDO;KG;249,899998664856;2499
SAFTE S.R.L.;PF0148070/20XEX1003;70/2 ELAS RIT FLEXI PA 66 - GRIGIO 1002;KG;1447,50000429153;14855,68
SAFTE S.R.L.;PF0148070/20XEX1004;70/2 ELAS RIT FLEXI PA 66 - ANTRACITE A CAMP.;KG;102,830000519753;1079,74
SAFTE S.R.L.;PF0148070/20XEX1005;70/2 ELAS RIT FLEXI PA 66 - PANNA/MEL;KG;105,210000038147;1167,85
SAFTE S.R.L.;PF0148100/20XEX1003;100/2 ELAS RIT FLEXI PA 66 - GRIGIO 1002;KG;520,930002570152;5209,3
RIBBONTEX SRL UNINOMINALE;;;;;
RIBBONTEX SRL UNINOMINALE;PF0153070/20X661001;70/2 ELAS RIT PA 66 - NERO A CAMPIONE;KG;1,0900000333786;10,36
RIBBONTEX SRL UNINOMINALE;PF0153070/20X661002;70/2 ELAS RIT PA 66 - BIANCO;KG;0,870000004768372;8,27
RIBBONTEX SRL UNINOMINALE;PF0153070/20XP61001;70/2 ELAS RIT PA 6 - NERO A CAMPIONE;KG;41,7999992370605;397,1
RIBBONTEX SRL UNINOMINALE;PF0153070/20XP61002;70/2 ELAS RIT PA 6 - BIANCO;KG;51,1299996972084;485,75
RIBBONTEX SRL UNINOMINALE;PR01530007;;;0;142,35
CIZETA MEDICALI SPA;;;;;
CIZETA MEDICALI SPA;PF0160070/20XEX1010;70/2 ELAS RIT FLEXI PA 66 - 020 CELESTE;KG;49,8400011062622;533,29
EMMETEX ITALIA SNC DI MARMO N. & C.;;;;;
EMMETEX ITALIA SNC DI MARMO N. & C.;PF0166070/20XP61014;70/2 ELAS RIT PA 6 - NAVY E 12;KG;21,7300000190735;202,09
EMMETEX ITALIA SNC DI MARMO N. & C.;PF0166070/20XP61041;70/2 ELAS RIT PA 6 - E 65 BURRASCA;KG;28,6600008010864;240,75
EMMETEX ITALIA SNC DI MARMO N. & C.;PF0166070/20XP61049;70/2 ELAS RIT PA 6 - E 80 CHERRY;KG;25,539999961853;214,53
EMMETEX ITALIA SNC DI MARMO N. & C.;PF0166070/20XP61058;70/2 ELAS RIT PA 6 - E 66 ROYAL;KG;44,0599994659424;370,11
EMMETEX ITALIA SNC DI MARMO N. & C.;PF0166070/20XP61067;70/2 ELAS RIT PA 6 - E 64 REGATA;KG;27,5200004577637;231,17
EMMETEX ITALIA SNC DI MARMO N. & C.;PF0166070/20XP61069;70/2 ELAS RIT PA 6 - E 20 COBALTO;KG;32,2299995422363;270,73
EMMETEX ITALIA SNC DI MARMO N. & C.;PF0166070/20XP61073;70/2 ELAS RIT PA 6 - E 19 BLUETTE;KG;25,5900001525879;214,96
EMMETEX ITALIA SNC DI MARMO N. & C.;PF0166070/20XP61074;70/2 ELAS RIT PA 6 - ROSSO ERMAN;KG;285,23000395298;2395,95
EMMETEX ITALIA SNC DI MARMO N. & C.;PF0166070/20XP61084;70/2 ELAS RIT PA 6 - VERDE FLUO E 98;KG;31,8599996566772;267,63
EMMETEX ITALIA SNC DI MARMO N. & C.;PF0166070/20XP61094;70/2 ELAS RIT PA 6 - ARANCIO FLUO E 100;KG;19,9099998474121;167,25
EMMETEX ITALIA SNC DI MARMO N. & C.;PF0166070/20XP61096;70/2 ELAS RIT PA 6 - MARGHERITA E 52;KG;28,7799997329712;241,76
EMMETEX ITALIA SNC DI MARMO N. & C.;PF0166070/20XP61101;70/2 ELAS RIT PA 6 - BOTTIGLIA E 41;KG;41,5300006866455;348,86
EMMETEX ITALIA SNC DI MARMO N. & C.;PF0166701TT0I661068;78/2 MELANGE INTERLACCIATO PA 66 - MELANGE ERMAN;KG;60,4200000762939;700,87
EMMETEX ITALIA SNC DI MARMO N. & C.;PR01660001;;;0;24,92
EMMETEX ITALIA SNC DI MARMO N. & C.;PR01660019;;;0;43,46
MARA DI RIVABEN LUCA & C. S.N.C.;;;;;
MARA DI RIVABEN LUCA & C. S.N.C.;PF0176070/20X661000;70/2 ELAS RIT PA 66 - BEIGE 989;KG;42,9199994802475;431,34
CATEX SRL;;;KG;208,199996948242;-2982,39
CATEX SRL;;;;261,409999847412;-3921,15
CATEX SRL;PF0180070/20IYG1124;70/2 ELAS INT YESS GREEN GRS 100 PA 6 - 13129 NERO GRS 100;KG;123,979999542236;1909,3
CATEX SRL;PF0180706820IYG1124;70/68/2 ELAS INT YESS GREEN GRS 100 PA 6 - 13129 NERO GRS 100;KG;5,57000017166138;88,01
CATEX SRL;PF0180782EC0I661022;78/68/2 EL ECOCARE INT. PA 66 - 13129 NERO;KG;194,660000324249;2725,24
CATEX SRL;PF0180782EC0I661063;78/68/2 EL ECOCARE INT. PA 66 - 13101 BIANCO;KG;213,919999599457;2994,88
CATEX SRL;PF0180782EC0I661065;78/68/2 EL ECOCARE INT. PA 66 - 13196 CIOCCOLATA;KG;284,420001029968;3981,88
CATEX SRL;PF0180786810A661067;78/68/1 ELAS APE PA 66 - 13181 ARANCIO FLUO;KG;87,5000004768372;1181,26
CATEX SRL;PF0180786820(RE1015;78/68/2  INT.SD RENYCLE 100% GRS PA 6 - 13143 ROSSO;KG;30,2599997520447;453,9
CATEX SRL;PF0180786820(RE1020;78/68/2  INT.SD RENYCLE 100% GRS PA 6 - GREGGIO;KG;45,4099996089935;436,96
CATEX SRL;PF0180786820(RE1049;78/68/2  INT.SD RENYCLE 100% GRS PA 6 - 13167 PASTELLO;KG;29,4099999666214;441,15
CATEX SRL;PF0180786820(RE1053;78/68/2  INT.SD RENYCLE 100% GRS PA 6 - 13177 SOLE;KG;275,630000829697;4134,45
CATEX SRL;PF0180786820(RE1061;78/68/2  INT.SD RENYCLE 100% GRS PA 6 - 13193 PETALO;KG;181,029998779297;2715,45
CATEX SRL;PF0180786820(RE1063;78/68/2  INT.SD RENYCLE 100% GRS PA 6 - 13101 BIANCO;KG;218,770001173019;3281,55
CATEX SRL;PF0180786820(RE1087;78/68/2  INT.SD RENYCLE 100% GRS PA 6 - 13100 GREZZO;KG;44,25;663,75
CATEX SRL;PF0180786820(RE1098;78/68/2  INT.SD RENYCLE 100% GRS PA 6 - 13187 ACQUAZZONE;KG;105,680000305176;1585,2
CATEX SRL;PF0180786820(RE1124;78/68/2  INT.SD RENYCLE 100% GRS PA 6 - 13129 NERO GRS 100;KG;1797,34999758005;26960,25
CATEX SRL;PF0180786820(RE1127;78/68/2  INT.SD RENYCLE 100% GRS PA 6 - 13236 NOCE;KG;457,379999279976;6895,55
CATEX SRL;PF0180786820(RE1128;78/68/2  INT.SD RENYCLE 100% GRS PA 6 - 13237 CIELO;KG;193,740001410246;2940,95
CATEX SRL;PF0180786820(RE1129;78/68/2  INT.SD RENYCLE 100% GRS PA 6 - COL. 001/AC BLEU VIOLET;KG;1,00999999046326;50
CATEX SRL;PF0180786820(RE1130;78/68/2  INT.SD RENYCLE 100% GRS PA 6 - 13239 VINACCIA;KG;1,00999999046326;50
CATEX SRL;PF0180786820X661012;78/68/2  RIT PA 66 - 13101 BIANCO;KG;128,019999265671;1536,24
CATEX SRL;PF0180786820X661014;78/68/2  RIT PA 66 - 13138 NOTTE;KG;52;624
CATEX SRL;PF0180786820X661018;78/68/2  RIT PA 66 - 13126 FUMO;KG;114,200001239777;1370,4
CATEX SRL;PF0180786820X661020;78/68/2  RIT PA 66 - GREGGIO;KG;1,00999999046326;12,12
CATEX SRL;PF0180786820X661022;78/68/2  RIT PA 66 - 13129 NERO;KG;2283,1399974823;27519,83
CATEX SRL;PF0180786820X661036;78/68/2  RIT PA 66 - 13133 ROYAL;KG;25,0200004577637;300,24
CATEX SRL;PF0180786820X661052;78/68/2  RIT PA 66 - 13172 SOTTOBOSCO;KG;146,609998703003;1759,32
CATEX SRL;PF0180786820X661065;78/68/2  RIT PA 66 - 13196 CIOCCOLATA;KG;580,580003738403;6995,77
CATEX SRL;PF0180786820X661081;78/68/2  RIT PA 66 - 13135 CINA;KG;34,5600004196167;414,72
CATEX SRL;PF0180786820X661095;78/68/2  RIT PA 66 - 13124 ASFALTO;KG;29,4300003051758;361,99
CATEX SRL;PF0180786820X661125;78/68/2  RIT PA 66 - BORDEAUX A/C;KG;1,00999999046326;50
CATEX SRL;PF0180786820X661126;78/68/2  RIT PA 66 - GRIGIO SCURO;KG;1,00999999046326;50
CATEX SRL;PR01800006;;;0;43,76
CATEX SRL;PR01800007;;;0;56,81
CATEX SRL;PR01800019;;;0;34,56
TRERE' INNOVATION S.R.L.;;;NR;1;285,24
TRERE' INNOVATION S.R.L.;;;KG;788,160003662109;-7433,98
TRERE' INNOVATION S.R.L.;;;;15,8400001525879;-148,9
TRERE' INNOVATION S.R.L.;PF0309040/20XEX1141;40/2 ELAS RIT FLEXI PA 66 - ORANGE SUNSHINE FLUO;KG;100,089999854565;1198,66
TRERE' INNOVATION S.R.L.;PF0309040/20XEX1142;40/2 ELAS RIT FLEXI PA 66 - PACIFIC 0068;KG;19,0799999237061;202,24
TRERE' INNOVATION S.R.L.;PF0309040/20XEX1153;40/2 ELAS RIT FLEXI PA 66 - GREEN DKT G24A;KG;19,6900000572205;244,15
TRERE' INNOVATION S.R.L.;PF0309040/20XEX1154;40/2 ELAS RIT FLEXI PA 66 - METALLIC 8118;KG;19,1700000762939;237,71
TRERE' INNOVATION S.R.L.;PF0309040/20XEX1156;40/2 ELAS RIT FLEXI PA 66 - SHADOW GOLD S01;KG;19,5;246,68
TRERE' INNOVATION S.R.L.;PF0309040/20XEX1157;40/2 ELAS RIT FLEXI PA 66 - BLUE INSIGNA E07;KG;18,289999961853;231,37
TRERE' INNOVATION S.R.L.;PF0309040/20XEX1158;40/2 ELAS RIT FLEXI PA 66 - LODEN E29;KG;20,6100001335144;260,72
TRERE' INNOVATION S.R.L.;PF0309070/20XFL1008;70/2 ELAS RIT FLEXY PA 6 - BIANCO;KG;227,770000457764;2239,76
TRERE' INNOVATION S.R.L.;PF0309070/20XFL1099;70/2 ELAS RIT FLEXY PA 6 - MAZARINE BLUE 19-3864;KG;20,7399995923042;224,43
TRERE' INNOVATION S.R.L.;PF0309070/20XFL1120;70/2 ELAS RIT FLEXY PA 6 - NERO;KG;521,530002593994;5111,12
TRERE' INNOVATION S.R.L.;PF0309070/20XFL1132;70/2 ELAS RIT FLEXY PA 6 - ACID LIME 14-0340 TCX;KG;1,00999999046326;30
TRERE' INNOVATION S.R.L.;PF0309070/20XFL1136;70/2 ELAS RIT FLEXY PA 6 - WINE 5663;KG;41,2699995040894;359,05
TRERE' INNOVATION S.R.L.;PF0309070/20XFL1137;70/2 ELAS RIT FLEXY PA 6 - ALGERIS BLUE 17-4728;KG;36,350001335144;181,75
TRERE' INNOVATION S.R.L.;PF0309070/20XFL1148;70/2 ELAS RIT FLEXY PA 6 - 18-1756 TPX TEABERRY;KG;1,00999999046326;30
TRERE' INNOVATION S.R.L.;PF0309070/20XFL1150;70/2 ELAS RIT FLEXY PA 6 - MIDNIGHT BLU;KG;19,0699996948242;184,98
TRERE' INNOVATION S.R.L.;PF0309070/30XFL1008;70/3 ELAS RIT FLEXY PA 6 - BIANCO;KG;306,769999027252;3057,3
TRERE' INNOVATION S.R.L.;PF0309070/30XFL1035;70/3 ELAS RIT FLEXY PA 6 - DIVA BLUE;KG;55,2099997997284;554,85
TRERE' INNOVATION S.R.L.;PF0309070/30XFL1085;70/3 ELAS RIT FLEXY PA 6 - SULPHUR SPRING 13-0650;KG;37,8400001525879;380,29
TRERE' INNOVATION S.R.L.;PF0309070/30XFL1120;70/3 ELAS RIT FLEXY PA 6 - NERO;KG;607,529996991158;5862,01
TRERE' INNOVATION S.R.L.;PF0309070/30XFL1123;70/3 ELAS RIT FLEXY PA 6 - FLUO BORGINI RED;KG;287,929997205734;2802,82
TRERE' INNOVATION S.R.L.;PF0309070/30XFL1135;70/3 ELAS RIT FLEXY PA 6 - BLACK 1008;KG;1203,30999803543;11873,9
TRERE' INNOVATION S.R.L.;PF0309070/30XFL1136;70/3 ELAS RIT FLEXY PA 6 - WINE 5663;KG;98,3499999046326;902,51
TRERE' INNOVATION S.R.L.;PF0309070/30XFL1137;70/3 ELAS RIT FLEXY PA 6 - ALGERIS BLUE 17-4728;KG;34,2999992370605;171,5
TRERE' INNOVATION S.R.L.;PF0309070/30XFL1138;70/3 ELAS RIT FLEXY PA 6 - TURTLEDOVE 405;KG;727,030002117157;6440,6
TRERE' INNOVATION S.R.L.;PF0309070/30XFL1139;70/3 ELAS RIT FLEXY PA 6 - VELVET;KG;684,469998240471;6024,05
TRERE' INNOVATION S.R.L.;PF0309070/30XFL1140;70/3 ELAS RIT FLEXY PA 6 - LODEN 142;KG;1005,88000178337;8996,09
TRERE' INNOVATION S.R.L.;PF0309070/30XFL1148;70/3 ELAS RIT FLEXY PA 6 - 18-1756 TPX TEABERRY;KG;1,00999999046326;30
TRERE' INNOVATION S.R.L.;PF0309070/30XFL1160;70/3 ELAS RIT FLEXY PA 6 - GIALLO G003;KG;1,05999994277954;10,65
TRERE' INNOVATION S.R.L.;PF0309070/30XFL1161;70/3 ELAS RIT FLEXY PA 6 - HOLLY BERRY 17-1633;KG;0,590000003576279;5,93
TRERE' INNOVATION S.R.L.;PF0309070/30XFL1164;70/3 ELAS RIT FLEXY PA 6 - OLIVE 8121;KG;36,3500001914799;365,32
TRERE' INNOVATION S.R.L.;PF0309070/40XFL1008;70/4 ELAS RIT FLEXY PA 6 - BIANCO;KG;903,780002832413;9105,09
TRERE' INNOVATION S.R.L.;PF0309070/40XFL1020;70/4 ELAS RIT FLEXY PA 6 - MEDIUM GREY 3003;KG;99,6800003051758;1006,84
TRERE' INNOVATION S.R.L.;PF0309070/40XFL1040;70/4 ELAS RIT FLEXY PA 6 - RASPBERRY PINK FLUO;KG;452,799999237061;4528
TRERE' INNOVATION S.R.L.;PF0309070/40XFL1062;70/4 ELAS RIT FLEXY PA 6 - SUPER PINK 17-2625;KG;44,5400004386902;445,4
TRERE' INNOVATION S.R.L.;PF0309070/40XFL1083;70/4 ELAS RIT FLEXY PA 6 - FIERY RED 18-1664;KG;464,639998674393;4646,4
TRERE' INNOVATION S.R.L.;PF0309070/40XFL1085;70/4 ELAS RIT FLEXY PA 6 - SULPHUR SPRING 13-0650;KG;704,810000181198;7048,1
TRERE' INNOVATION S.R.L.;PF0309070/40XFL1087;70/4 ELAS RIT FLEXY PA 6 - SULPHUR 14-0755;KG;306,409999370575;3064,1
TRERE' INNOVATION S.R.L.;PF0309070/40XFL1120;70/4 ELAS RIT FLEXY PA 6 - NERO;KG;446,889998912811;5882,05
TRERE' INNOVATION S.R.L.;PF0309070/40XFL1130;70/4 ELAS RIT FLEXY PA 6 - RED 133;KG;443,820000052452;4438,2
TRERE' INNOVATION S.R.L.;PF0309070/40XFL1135;70/4 ELAS RIT FLEXY PA 6 - BLACK 1008;KG;865,380002915859;8527,45
TRERE' INNOVATION S.R.L.;PF0309070/40XFL1142;70/4 ELAS RIT FLEXY PA 6 - PACIFIC 0068;KG;19,8200006484985;188,3
TRERE' INNOVATION S.R.L.;PF0309070/40XFL1145;70/4 ELAS RIT FLEXY PA 6 - PEARL GREY;KG;1984,73999845982;19872,35
TRERE' INNOVATION S.R.L.;PF0309070/40XFL1146;70/4 ELAS RIT FLEXY PA 6 - COBALT 120;KG;705,750000357628;7057,5
TRERE' INNOVATION S.R.L.;PF0309070/40XFL1151;70/4 ELAS RIT FLEXY PA 6 - SALVIA 2021;KG;2,01999998092651;60
TRERE' INNOVATION S.R.L.;PF0309070/40XFL1152;70/4 ELAS RIT FLEXY PA 6 - BLUE DKT-G17C;KG;451,580001354218;4648,4
TRERE' INNOVATION S.R.L.;PF0309180680-CO1149;DTEX 180/68 - CORDURA PA 66 - BLACK;KG;322,189999818802;7126,45
TRERE' INNOVATION S.R.L.;PF0309180680-CO1155;DTEX 180/68 - CORDURA PA 66 - WHITE (BASE PES) - TROPPO BIANCO;KG;1,00999999046326;30
TRERE' INNOVATION S.R.L.;PF0309180680-CO1159;DTEX 180/68 - CORDURA PA 66 - WHITE (BASE PES);KG;106,290000677109;2372,48
TRERE' INNOVATION S.R.L.;PF0309443410LEP1097;44/34/1 ELAS LEG.INTERL PA EVO FLEXY - MAUVE MIST 15-3207;KG;0,0700000002980232;2,7
TRERE' INNOVATION S.R.L.;PF0309443410LEP1135;44/34/1 ELAS LEG.INTERL PA EVO FLEXY - BLACK 1008;KG;211,239999771118;8132,77
TRERE' INNOVATION S.R.L.;PF0309443410LEP1162;44/34/1 ELAS LEG.INTERL PA EVO FLEXY - COVERT GREEN 18-0617;KG;0,0900000035762787;3,47
TRERE' INNOVATION S.R.L.;PF0309443410LEP1163;44/34/1 ELAS LEG.INTERL PA EVO FLEXY - VERY GRAPE 18-3220;KG;0,189999997615814;7,32
TRERE' INNOVATION S.R.L.;PF03094434B0IEX1135;44/34/1 ELAS BIOCARE  INT. FLEXI PA 66 - BLACK 1008;KG;2,01999998092651;60
TRERE' INNOVATION S.R.L.;PF03094434S0IEP1135;44/34/2 ELAS INTER. PA EVO FLEXY - BLACK ;KG;529,140002727509;19578,18
TRERE' INNOVATION S.R.L.;PF0309782BF0IEX1071;78/68/2 ELAS BODYFRESCH INT. FLEXI PA 66 - CANDIDO;KG;21,6899998188019;366,05
TRERE' INNOVATION S.R.L.;PF0309782BF0IEX1120;78/68/2 ELAS BODYFRESCH INT. FLEXI PA 66 - NERO;KG;29,2000005245209;488,09
TRERE' INNOVATION S.R.L.;PF0309786810AEX1147;78/68/1 ELAS APE FLEXI PA 66 - BLU CORAL 19-4526;KG;1,00999999046326;30
TRERE' INNOVATION S.R.L.;PF0309786820IEX1127;78/68/2 ELAS INTER. FLEXI PA 66 - NEON RED FLUO;KG;1,00999999046326;30
TRERE' INNOVATION S.R.L.;PF0309786820IEX1143;78/68/2 ELAS INTER. FLEXI PA 66 - DRESS BLUES 19-4024 TCX;KG;1,00999999046326;30
TRERE' INNOVATION S.R.L.;PF0309786820IEX1144;78/68/2 ELAS INTER. FLEXI PA 66 - FIERY CORAL 15-1456 TN FLUO;KG;1,00999999046326;30
TRERE' INNOVATION S.R.L.;PF03097868B0IEX1120;78/68/2 ELAS BIOCARE INT. FLEXI PA 66 - NERO;KG;1,00999999046326;30
TRERE' INNOVATION S.R.L.;PR03090006;;;0;924,91
TRERE' INNOVATION S.R.L.;PR03090019;;;0;780,9
TRE EFFE MANIFATTURA di Bergamini e Rubes Snc;;;KG;8102,14990234375;810,22
NYFIL S.R.L.;;;;;
NYFIL S.R.L.;PF0327040/20XEX1000;40/2 ELAS RIT FLEXI PA 66 - NERO;KG;36,4700002670288;401,17
NYFIL S.R.L.;PF0327040/20XEX1365;40/2 ELAS RIT FLEXI PA 66 - 111 BLU NOTTE;KG;37,4800004959106;412,28
NYFIL S.R.L.;PF0327070/20X661279;70/2 ELAS RIT PA 66 - GREGGIO;KG;2269,79999953508;13950,89
NYFIL S.R.L.;PF0327070/20XEX1000;70/2 ELAS RIT FLEXI PA 66 - NERO;KG;12,789999961853;121,51
NYFIL S.R.L.;PF0327070/20XP61279;70/2 ELAS RIT PA 6 - GREGGIO;KG;265,630001068115;1566,24
CAGE s.a.s. di De Biase Alessia & C.;;;;;
CAGE s.a.s. di De Biase Alessia & C.;PF0334070/10A661000;70/1 ELAS APE PA 66 - GREGGIO;KG;66,3600006103516;490,94
CAGE s.a.s. di De Biase Alessia & C.;PF0334070/20X661000;70/2 ELAS RIT PA 66 - GREGGIO;KG;69,9600009918213;433,75
CAGE s.a.s. di De Biase Alessia & C.;PF0334070/40XEX1002;70/4 ELAS RIT FLEXI PA 66 - NERO;KG;49,4099988937378;526,08
CAGE s.a.s. di De Biase Alessia & C.;PF0334070/40XEX1005;70/4 ELAS RIT FLEXI PA 66 - BIANCO;KG;23,289999961853;251,9
CAGE s.a.s. di De Biase Alessia & C.;PF0334100/20XEX1002;100/2 ELAS RIT FLEXI PA 66 - NERO;KG;83,8700003623962;863,21
CAGE s.a.s. di De Biase Alessia & C.;PF0334100/20XEX1003;100/2 ELAS RIT FLEXI PA 66 - VERDE A CAMPIONE;KG;20,550000667572;209,61
CAGE s.a.s. di De Biase Alessia & C.;PF0334100/20XEX1004;100/2 ELAS RIT FLEXI PA 66 - VERDE A CAMPIONE 04/2021;KG;70,6799997091293;731,54
CAGE s.a.s. di De Biase Alessia & C.;PF0334100/20XEX1005;100/2 ELAS RIT FLEXI PA 66 - BIANCO;KG;61,4600005149841;636,11
CAGE s.a.s. di De Biase Alessia & C.;PR03340019;;;0;41,1
NASTROTEX CUFRA SPA;;;NR;;45
NASTROTEX CUFRA SPA;;;;;
NASTROTEX CUFRA SPA;PF0336070/20X661067;70/2 ELAS RIT PA 66 - BIANCO;KG;40,1899995803833;401,9
NASTROTEX CUFRA SPA;PF03364434S0IEP1015;44/34/2 ELAS INTER. PA EVO FLEXY - 806 ROSSO;KG;90,5599999427795;769,79
CALZIFICIO PEZZINI SRL;;;;;
CALZIFICIO PEZZINI SRL;PF0341040/20XFL1000;40/2 ELAS RIT FLEXY PA 6 - E03 NERO;KG;506,539999365807;4812,22
CALZIFICIO PEZZINI SRL;PF0341040/20XFL1003;40/2 ELAS RIT FLEXY PA 6 - E01 BIANCO;KG;731,629999160767;6950,62
CALZIFICIO PEZZINI SRL;PF0341040/20XFL1006;40/2 ELAS RIT FLEXY PA 6 - E 63 GRIGIO;KG;45,1399998664856;428,84
CALZIFICIO PEZZINI SRL;PF0341040/20XFL1020;40/2 ELAS RIT FLEXY PA 6 - GREGGIO TINTO;KG;93,6200008392334;889,41
CALZIFICIO PEZZINI SRL;PF0341070/20XFL1030;70/2 ELAS RIT FLEXY PA 6 - CAMELIA;KG;36,2000002861023;343,91
CALZIFICIO PEZZINI SRL;PF0341070/20XFL1038;70/2 ELAS RIT FLEXY PA 6 - CICLAMINO/2020;KG;35,739999294281;339,53
CALZIFICIO PEZZINI SRL;PF0341070/20XFL1047;70/2 ELAS RIT FLEXY PA 6 - E818 HENNE' A CAMP.;KG;35,9599995613098;341,63
CALZIFICIO PEZZINI SRL;PF0341070/20XFL1048;70/2 ELAS RIT FLEXY PA 6 - E822 CABERNET A CAMP.;KG;243,840000152588;2316,54
CALZIFICIO PEZZINI SRL;PF0341070/20XFL1049;70/2 ELAS RIT FLEXY PA 6 - E819 GUMDROP 18-3012 TCX;KG;34,4899997711182;327,66
CALZIFICIO PEZZINI SRL;PF0341070/20XFL1050;70/2 ELAS RIT FLEXY PA 6 - E820 DEEP TEAL 19-4914 TCX;KG;34,5399994850159;328,14
CALZIFICIO PEZZINI SRL;PF0341070/20XFL1051;70/2 ELAS RIT FLEXY PA 6 - E821 BRIDAL ROSE 15-1611 TCX;KG;79,9800000190735;759,82
CALZIFICIO COCCIA ANGELO & C. SNC;;;;;
CALZIFICIO COCCIA ANGELO & C. SNC;PF0342070/20XEX1001;70/2 ELAS RIT FLEXI PA 66 - BEIGE K072;KG;129,130001544952;1304,23
(NON USARE) - REAL KNITTING DOO;;;;;
(NON USARE) - REAL KNITTING DOO;PF0345060/20X661000;60/2 ELAS RIT PA 66 - GREGGIO;KG;1387,6500005722;11729,13
CALZE HORUS di Paiano Quintino;;;;;
CALZE HORUS di Paiano Quintino;PF0349040/20XEX1000;40/2 ELAS RIT FLEXI PA 66 - BLU MIDNIGHT 87298/111;KG;39,2199993133545;451,04
CALZE HORUS di Paiano Quintino;PF0349040/20XEX1002;40/2 ELAS RIT FLEXI PA 66 - NERO;KG;40,9599997997284;471,05
CALZIFICIO ANSON SNC di Verardi Vito, Anna e Sonia;;;NR;2;16,5
CALZIFICIO ANSON SNC di Verardi Vito, Anna e Sonia;;;;0;0
CALZIFICIO ANSON SNC di Verardi Vito, Anna e Sonia;PF0352030/20XEX1021;30/2 ELAS RIT FLEXI PA 66 - DARK NAVY 19-4010 TCX;KG;2,30999994277954;37,54
CALZIFICIO ANSON SNC di Verardi Vito, Anna e Sonia;PF0352030/20XEX1022;30/2 ELAS RIT FLEXI PA 66 - PHANTOM 19-4205 TCX;KG;2,30999994277954;37,54
CALZIFICIO ANSON SNC di Verardi Vito, Anna e Sonia;PF0352030/20XEX1023;30/2 ELAS RIT FLEXI PA 66 - ROSSO 18-1664 TCX;KG;2,09999990463257;34,13
CALZIFICIO ANSON SNC di Verardi Vito, Anna e Sonia;PF0352070/20XFL1000;70/2 ELAS RIT FLEXY PA 6 - NERO;KG;153,969999313354;1447,33
CALZIFICIO ANSON SNC di Verardi Vito, Anna e Sonia;PF0352070/20XFL1002;70/2 ELAS RIT FLEXY PA 6 - CANDIDO;KG;613,480001688004;5766,69
CALZIFICIO ANSON SNC di Verardi Vito, Anna e Sonia;PF0352070/20XFL1021;70/2 ELAS RIT FLEXY PA 6 - DARK NAVY 19-4010 TCX;KG;363,269999980927;3401,53
CALZIFICIO ANSON SNC di Verardi Vito, Anna e Sonia;PF0352070/20XFL1022;70/2 ELAS RIT FLEXY PA 6 - PHANTOM 19-4205 TCX;KG;246,990000724792;2321,71
CALZIFICIO ANSON SNC di Verardi Vito, Anna e Sonia;PF0352070/20XFL1023;70/2 ELAS RIT FLEXY PA 6 - ROSSO 18-1664 TCX;KG;60,0099992752075;564,1
CALZIFICIO ANSON SNC di Verardi Vito, Anna e Sonia;PF0352070/20XFL1024;70/2 ELAS RIT FLEXY PA 6 - RHUBARB RED 19-1652;KG;34,0599994659424;309,94
CALZIFICIO ANSON SNC di Verardi Vito, Anna e Sonia;PF0352070/20XFL1030;70/2 ELAS RIT FLEXY PA 6 - DARK NAVY 19-3924 TCX;KG;188,460000514984;1771,54
CALZIFICIO ANSON SNC di Verardi Vito, Anna e Sonia;PF0352070/20XFL1031;70/2 ELAS RIT FLEXY PA 6 - SV YELLOW 13-0859 TCX;KG;103,889998435974;976,55
CALZIFICIO ANSON SNC di Verardi Vito, Anna e Sonia;PF0352070/20XFL1033;70/2 ELAS RIT FLEXY PA 6 - ROSSO VERMILLION 19-1664 TCX;KG;149,559999465942;1405,87
CALZIFICIO ANSON SNC di Verardi Vito, Anna e Sonia;PF0352070/20XFL1034;70/2 ELAS RIT FLEXY PA 6 - TW ROYAL 19-4050 TCX;KG;100,399998664856;943,75
CALZIFICIO ANSON SNC di Verardi Vito, Anna e Sonia;PF0352070/30XFL1023;70/3 ELAS RIT FLEXY PA 6 - ROSSO 18-1664 TCX;KG;35,539999961853;323,41
CALZIFICIO ANSON SNC di Verardi Vito, Anna e Sonia;PF0352070/30XFL1025;70/3 ELAS RIT FLEXY PA 6 - ESTATE BLUE 19-4027;KG;31,3899993896484;285,64
CALZIFICIO ANSON SNC di Verardi Vito, Anna e Sonia;PF0352070/30XFL1029;70/3 ELAS RIT FLEXY PA 6 - PANTONE 15-1262 TCX;KG;2;70
CALZIFICIO ANSON SNC di Verardi Vito, Anna e Sonia;PF03522216R0AP61026;ELASTO+PA6 (22+ 078 RICICLATO) 85 DTX - GREGGIO;KG;1;30
CALZIFICIO ANSON SNC di Verardi Vito, Anna e Sonia;PF0352227010A661021;LYCRA+PA66 (22+ 078 TINTO) 85 DTX - DARK NAVY 19-4010 TCX;KG;126,869999170303;2410,53
CALZIFICIO ANSON SNC di Verardi Vito, Anna e Sonia;PF0352227010A661022;LYCRA+PA66 (22+ 078 TINTO) 85 DTX - PHANTOM 19-4205 TCX;KG;85,389999628067;1622,41
CALZIFICIO ANSON SNC di Verardi Vito, Anna e Sonia;PF0352227010A661023;LYCRA+PA66 (22+ 078 TINTO) 85 DTX - ROSSO 18-1664 TCX;KG;22,0500001907349;418,95
CALZIFICIO ANSON SNC di Verardi Vito, Anna e Sonia;PF0352227010A661035;EL+PA66 (22+ 078 TINTO) 85 DTX - ROYAL;KG;8,59000015258789;163,21
CALZIFICIO ANSON SNC di Verardi Vito, Anna e Sonia;PF0352227010AP61026;LYCRA+PA6 (22+ 078 TINTO) 85 DTX - GREGGIO;KG;135,740000724792;1628,88
CALZIFICIO ANSON SNC di Verardi Vito, Anna e Sonia;PF0352227020IET1000;ELA 162 (22+ 70/2 PA 6 TP) - NERO;KG;101,35000038147;942,56
CALZIFICIO ANSON SNC di Verardi Vito, Anna e Sonia;PF0352227020ILT1000;ELA 162 (LYCRA 22+ 70/2 PA 6 TINTO) - NERO;KG;28,4800000190735;307,59
CALZIFICIO ANSON SNC di Verardi Vito, Anna e Sonia;PF0352227020ILT1021;ELA 162 (22+ 70/2 PA 6 TINTO)  - DARK NAVY 19-4010 TCX;KG;31,5499999523163;599,45
CALZIFICIO ANSON SNC di Verardi Vito, Anna e Sonia;PF0352227020ILT1028;ELA 162 (22+ 70/2 PA 6 TP) - GRIGIO TOPO TP;KG;110,739999294281;2104,06
CALZIFICIO ANSON SNC di Verardi Vito, Anna e Sonia;PF0352701TP0ATP1036;78/18 APE PA6 TINTO PASTA - SILVER 1021 TP;KG;22,1900005340576;147,56
DAC SRL;;;;;
DAC SRL;PF0354040/20XEX1000;40/2 ELAS RIT FLEXI PA 66 - NERO 103;KG;63,9300003051758;703,23
DAC SRL;PF0354040/20XEX1004;40/2 ELAS RIT FLEXI PA 66 - BEIGE 605;KG;48,7499996423721;536,25
DAC SRL;PF0354040/20XEX1005;40/2 ELAS RIT FLEXI PA 66 - ARGENTO 417;KG;39,6900005340576;436,59
DAC SRL;PF0354040/20XEX1006;40/2 ELAS RIT FLEXI PA 66 - NUVOLA 402;KG;36,4800004959106;401,28
DAC SRL;PF0354070/20IP61007;70/2 ELAS INT. PA 6 - GREGGIO;KG;7,96999979019165;44,63
(NON USARE) CALZIFICIO CHIARA di Giannelli Marco;;;KG;72,9300003051758;-700,13
(NON USARE) CALZIFICIO CHIARA di Giannelli Marco;;;;0;20,49
(NON USARE) CALZIFICIO CHIARA di Giannelli Marco;PF0359070/20XFL1001;70/2 ELAS RIT FLEXY PA 6 - NERO;KG;111,419999480247;1069,63
(NON USARE) CALZIFICIO CHIARA di Giannelli Marco;PF0359070/20XFL1017;70/2 ELAS RIT FLEXY PA 6 - 5261 ROSA FLUO;KG;50,449999332428;454,05
(NON USARE) CALZIFICIO CHIARA di Giannelli Marco;PF0359070/20XFL1018;70/2 ELAS RIT FLEXY PA 6 - 5263 SUGAR FLUO;KG;40,9900007247925;368,91
(NON USARE) CALZIFICIO CHIARA di Giannelli Marco;PF0359070/30XFL1001;70/3 ELAS RIT FLEXY PA 6 - NERO;KG;482,259998202324;4670,17
(NON USARE) CALZIFICIO CHIARA di Giannelli Marco;PF0359070/30XFL1004;70/3 ELAS RIT FLEXY PA 6 - E 33 ROSSO;KG;141,189999580383;1402,45
(NON USARE) CALZIFICIO CHIARA di Giannelli Marco;PF0359070/30XFL1010;70/3 ELAS RIT FLEXY PA 6 - E 62 PIRITE;KG;160,950000226498;1594,51
(NON USARE) CALZIFICIO CHIARA di Giannelli Marco;PF0359070/30XFL1024;70/3 ELAS RIT FLEXY PA 6 - OLIVA 8121 LEFERON;KG;72,9299993515015;700,13
(NON USARE) CALZIFICIO CHIARA di Giannelli Marco;PF0359070/30XFL1025;70/3 ELAS RIT FLEXY PA 6 - E 28 SABBIA;KG;38,4799995422363;369,41
(NON USARE) CALZIFICIO CHIARA di Giannelli Marco;PF0359070/60XP61004;70/6 ELAS RIT PA 6 - E 33 ROSSO;KG;39,3699998855591;472,44
(NON USARE) CALZIFICIO CHIARA di Giannelli Marco;PF0359781820ITP1019;78/18X2 INT. PA6 TINTO PASTA - CARBONE 1030;KG;23,3400001525879;161,05
(NON USARE) CALZIFICIO CHIARA di Giannelli Marco;PF0359781820ITP1020;78/18X2 INT. PA6 TINTO PASTA - ARDESIA 1038;KG;22,6399993896484;156,22
(NON USARE) CALZIFICIO CHIARA di Giannelli Marco;PF0359781820ITP1021;78/18X2 INT. PA6 TINTO PASTA - SILVER 1021 ;KG;15,2700004577637;100,78
(NON USARE) CALZIFICIO CHIARA di Giannelli Marco;PF0359781820ITP1022;78/18X2 INT. PA6 TINTO PASTA - ROSSO 1005;KG;20,6700000762939;169,49
(NON USARE) CALZIFICIO CHIARA di Giannelli Marco;PF0359781820ITP1023;78/18X2 INT. PA6 TINTO PASTA - CIELO 1025;KG;22,6200008392334;149,29
(NON USARE) CALZIFICIO CHIARA di Giannelli Marco;PR03590006;;;0;25,23
DEA DI GRAZIELLA FRANCIOSO;;;;;
DEA DI GRAZIELLA FRANCIOSO;PF0376070/20IP61000;70/2 ELAS INT. PA 6 - GREGGIO;KG;2216,0499997139;11096,38
CALZIFICIO REBORN;;;;;
CALZIFICIO REBORN;PF0383070/20IP61001;70/2 ELAS INT. PA 6 - GREGGIO;KG;168,270000457764;639,42
INTERSOCKS S.R.L. a Socio Unico;;;;;
INTERSOCKS S.R.L. a Socio Unico;PF038800CAM0-TI1106;CAMPIONATURA - TINTO - EXTRIME ;KG;1,00999999046326;100
INTERSOCKS S.R.L. a Socio Unico;PF0388070/10AEX1023;70/1 EL AP FLEXI PA 66 -  VINTAGE RED R385;KG;1,00999999046326;10,5
INTERSOCKS S.R.L. a Socio Unico;PF0388070/20XFL1007;70/2 ELAS RIT FLEXY PA 6 - 31319 LILLA SILK V012;KG;20,7400002479553;194,95
INTERSOCKS S.R.L. a Socio Unico;PF0388070/20XFL1023;70/2 ELAS RIT FLEXY PA 6 - 37658 VINTAGE RED R385;KG;36,4500008821487;342,63
INTERSOCKS S.R.L. a Socio Unico;PF0388070/20XFL1105;70/2 ELAS RIT FLEXY PA 6 - 37214 SALMON ROSE R016;KG;35,210000038147;330,98
INTERSOCKS S.R.L. a Socio Unico;PF0388070/20XFL1107;70/2 ELAS RIT FLEXY PA 6 - 31012 BLUE BIRD V112;KG;20,9599995613098;205,41
INTERSOCKS S.R.L. a Socio Unico;PF0388070/30XFL1109;70/3 ELAS RIT FLEXY PA 6 - 37492 NAVY 1010 B544;KG;22,3699998855591;223,7
INTERSOCKS S.R.L. a Socio Unico;PF0388078240IRF1108;78/24/1  INT. RENYCLE 100% GRS FLEXY PA 6 - 40510 CACTUS FLOWER F326;KG;17,1999996900558;266,6
INTERSOCKS S.R.L. a Socio Unico;PF0388786020LEX1092;78/60/2 QNOVA LEG.INTERL FLEXI GRS 60 PA 66 - 39002 GRS NERO N002;KG;33,0599999427795;439,7
INTERSOCKS S.R.L. a Socio Unico;PR03880010;;;0;15
INTERSOCKS S.R.L. a Socio Unico;PR03880019;;;0;162,54
GEVAERT BANDWEVERIJ NV;;;;;
GEVAERT BANDWEVERIJ NV;PF0420070/20X661000;70/2 ELAS RIT PA 66 - DONKERGRIJS 241;KG;847,010001420975;7927,93
GEVAERT BANDWEVERIJ NV;PF0420070/20X661008;70/2 ELAS RIT PA 66 - NAVY 242;KG;725,300002098083;6890,46
GEVAERT BANDWEVERIJ NV;PF0420070/20X661016;70/2 ELAS RIT PA 66 - LICHTGRIJS 239;KG;94,0899996757507;893,88
GEVAERT BANDWEVERIJ NV;PF0420070/20X661017;70/2 ELAS RIT PA 66 - ANTRACIET 357;KG;117,800001144409;1119,13
GEVAERT BANDWEVERIJ NV;PF0420070/20X661019;70/2 ELAS RIT PA 66 - HAVANNA 222;KG;94,8099999427795;900,71
GEVAERT BANDWEVERIJ NV;PF0420070/20X661020;70/2 ELAS RIT PA 66 - BLAUW 314;KG;577,380000114441;5416,39
GEVAERT BANDWEVERIJ NV;PF0420070/20X661022;70/2 ELAS RIT PA 66 - FEL ORANJE 384 ;KG;101,079999923706;960,27
GEVAERT BANDWEVERIJ NV;PF0420070/20X661024;70/2 ELAS RIT PA 66 - SEVILLA 359;KG;122,300000667572;1161,86
GEVAERT BANDWEVERIJ NV;PF0420070/20X661025;70/2 ELAS RIT PA 66 - BEIGE 293;KG;196,809998512268;1810,66
GEVAERT BANDWEVERIJ NV;PF0420070/20X661028;70/2 ELAS RIT PA 66 - CARBON 400;KG;321,800003290176;3024,61
GEVAERT BANDWEVERIJ NV;PF0420070/20X661032;70/2 ELAS RIT PA 66 - BLUE 598 19-4033 TCX;KG;93,0199995040894;883,72
GEVAERT BANDWEVERIJ NV;PR04200006;;;0;70,76
GEVAERT BANDWEVERIJ NV;PR04200010;;;0;2895,54
CALZIFICIO PRISCO SRL;;;KG;408,979988098145;-245,39
CALZIFICIO PRISCO SRL;;;;0;0
CALZIFICIO PRISCO SRL;PF0424040/20XEX1000;40/2 ELAS RIT FLEXI PA 66 - BLU;KG;103,08000087738;1432,82
CALZIFICIO PRISCO SRL;PF0424040/20XEX1004;40/2 ELAS RIT FLEXI PA 66 - CASPIO;KG;37,8599996566772;526,26
CALZIFICIO PRISCO SRL;PF0424040/20XEX1012;40/2 ELAS RIT FLEXI PA 66 - NERO;KG;64,0500001311302;890,3
CALZIFICIO PRISCO SRL;PF0424040/20XEX1019;40/2 ELAS RIT FLEXI PA 66 - ANTRACITE;KG;38,0700006484985;529,18
CALZIFICIO PRISCO SRL;PF0424040/20XEX1028;40/2 ELAS RIT FLEXI PA 66 - FUME';KG;37,289999961853;518,33
CALZIFICIO PRISCO SRL;PF0424040/20XEX1044;40/2 ELAS RIT FLEXI PA 66 - CANDIDO;KG;45,1999998092651;628,28
CALZIFICIO PRISCO SRL;PF0424040/20XEX1066;40/2 ELAS RIT FLEXI PA 66 - PERLA 3063;KG;40,9399993419647;642,77
CALZIFICIO PRISCO SRL;PF0424040/20XEX1100;40/2 ELAS RIT FLEXI PA 66 - COMO;KG;18,2799997329712;248,61
CALZIFICIO PRISCO SRL;PF0424040/20XEX1102;40/2 ELAS RIT FLEXI PA 66 - MARINE;KG;19,6599998474121;267,38
CALZIFICIO PRISCO SRL;PF0424040/20XEX1105;40/2 ELAS RIT FLEXI PA 66 - VERDE ERBA;KG;19,789999961853;275,09
CALZIFICIO PRISCO SRL;PF0424070/10AEX1000;70/1 EL AP FLEXI PA 66 - BLU;KG;39,059999704361;414,04
CALZIFICIO PRISCO SRL;PF0424070/10AEX1012;70/1 EL AP FLEXI PA 66 - NERO;KG;114,390000104904;1202,29
CALZIFICIO PRISCO SRL;PF0424070/10AEX1027;70/1 EL AP FLEXI PA 66 - OMBRA;KG;31,0599994659424;329,24
CALZIFICIO PRISCO SRL;PF0424070/10AEX1031;70/1 EL AP FLEXI PA 66 - TOPO;KG;38,3800003528595;406,82
CALZIFICIO PRISCO SRL;PF0424070/10AEX1044;70/1 EL APERTO FLEXI PA 66 - E1 BIANCO;KG;265,209999203682;2766,59
CALZIFICIO PRISCO SRL;PF0424070/10AEX1094;70/1 EL AP FLEXI PA 66 - NOCCIOLA;KG;28,0400002002716;314,04
CALZIFICIO PRISCO SRL;PF0424070/10AEX1097;70/1 EL AP FLEXI PA 66 - NOCCIOLA 2006;KG;11,3500003814697;120,31
CALZIFICIO PRISCO SRL;PF0424070/10AEX1099;70/1 EL AP FLEXI PA 66 - FUMO 28;KG;31,0099999904633;319,4
CALZIFICIO PRISCO SRL;PF0424070/10AEX1106;70/1 EL AP FLEXI PA 66 - ASTRO 7046;KG;10,1199998855591;107,27
CALZIFICIO PRISCO SRL;PF0424070/20XEX1000;70/2 ELAS RIT FLEXI PA 66 - BLU;KG;260,809999704361;2687,25
CALZIFICIO PRISCO SRL;PF0424070/20XEX1004;70/2 ELAS RIT FLEXI PA 66 - CASPIO;KG;41,7500009536743;427,95
CALZIFICIO PRISCO SRL;PF0424070/20XEX1012;70/2 ELAS RIT FLEXI PA 66 - NERO;KG;425,919997692108;4319,51
CALZIFICIO PRISCO SRL;PF0424070/20XEX1019;70/2 ELAS RIT FLEXI PA 66 - ANTRACITE;KG;42,5600004196167;436,25
CALZIFICIO PRISCO SRL;PF0424070/20XEX1020;70/2 ELAS RIT FLEXI PA 66 - NAVY;KG;78,8500003814697;784,56
CALZIFICIO PRISCO SRL;PF0424070/20XEX1027;70/2 ELAS RIT FLEXI PA 66 - OMBRA;KG;49,9100008010864;496,61
CALZIFICIO PRISCO SRL;PF0424070/20XEX1028;70/2 ELAS RIT FLEXI PA 66 - FUME';KG;41,8699998855591;429,17
CALZIFICIO PRISCO SRL;PF0424070/20XEX1031;70/2 ELAS RIT FLEXI PA 66 - TOPO;KG;43,2699999809265;443,51
CALZIFICIO PRISCO SRL;PF0424070/20XEX1039;70/2 ELAS RIT FLEXI PA 66 - MARINS;KG;42,5499997138977;436,14
CALZIFICIO PRISCO SRL;PF0424070/20XEX1044;70/2 ELAS RIT FLEXI PA 66 - CANDIDO;KG;270,030002117157;2829,65
CALZIFICIO PRISCO SRL;PF0424070/20XEX1066;70/2 ELAS RIT FLEXI PA 66 - PERLA 3063;KG;35,0600004196167;348,85
CALZIFICIO PRISCO SRL;PF0424070/20XEX1072;70/2 ELAS RIT FLEXI PA 66 - SABBIA 13;KG;42,3099987506866;433,69
CALZIFICIO PRISCO SRL;PF0424070/20XEX1089;70/2 ELAS RIT FLEXI PA 66 - BORDEAUX 800;KG;42,1399989128113;431,95
CALZIFICIO PRISCO SRL;PF0424070/20XEX1094;70/2 ELAS RIT FLEXI PA 66 - NOCCIOLA;KG;10,6999998092651;116,1
CALZIFICIO PRISCO SRL;PF0424070/20XEX1097;70/2 ELAS RIT FLEXI PA 66 - NOCCIOLA 2006;KG;25,8599996566772;265,07
CALZIFICIO PRISCO SRL;PF0424070/20XEX1099;70/2 ELAS RIT FLEXI PA 66 - FUMO 28;KG;39,8900003433228;408,87
CALZIFICIO PRISCO SRL;PF0424070/20XEX1100;70/2 ELAS RIT FLEXI PA 66 - COMO;KG;9,90999984741211;98,6
CALZIFICIO PRISCO SRL;PF0424070/20XEX1101;70/2 ELAS RIT FLEXI PA 66 - SENAPE 1/32;KG;36,2200002670288;360,39
CALZIFICIO PRISCO SRL;PF0424070/20XEX1102;70/2 ELAS RIT FLEXI PA 66 - MARINE;KG;21,3000001907349;211,93
CALZIFICIO PRISCO SRL;PF0424070/20XEX1103;70/2 ELAS RIT FLEXI PA 66 - GRIGIO 1045;KG;41,9200010299683;429,69
CALZIFICIO PRISCO SRL;PF0424070/20XEX1104;70/2 ELAS RIT FLEXI PA 66 - PANNA 4700;KG;43,1200003623962;441,98
CALZIFICIO PRISCO SRL;PF0424070/20XEX1106;70/2 ELAS RIT FLEXI PA 66 - ASTRO 7046;KG;30,9800004959106;317,54
CALZIFICIO PRISCO SRL;PF0424563410S661008;56/34/1 FLEXY RIT SIN PA 66 - COLLEGE;KG;30,5499997138977;436,86
CALZIFICIO PRISCO SRL;PF0424563410S661017;56/34/1 FLEXY RIT SIN PA 66 - FUME';KG;29,2500009536743;418,27
CALZIFICIO PRISCO SRL;PF0424563410S661030;56/34/1 FLEXY RIT SIN PA 66 - CASPIO;KG;28,4100008010864;406,27
CALZIFICIO PRISCO SRL;PF0424784620XTC1012;78/46/2 ELAS RIT TACTEL - NERO;KG;32,9500007629395;184,53
CALZIFICIO PRISCO SRL;PF0424851TA0IEX1002;85/92/1 TACTEL INT. FLEXI PA 66 - CANDIDO;KG;112,479999303818;1674,32
CALZIFICIO PRISCO SRL;PF0424851TA0IEX1008;85/92/1 TACTEL INT. FLEXI PA 66 - COLLEGE;KG;152,290001869202;2346,19
CALZIFICIO PRISCO SRL;PF0424851TA0IEX1013;85/92/1 TACTEL INT. FLEXI PA 66 - NERO;KG;291,089998960495;4365,61
CALZIFICIO PRISCO SRL;PF0424851TA0IEX1014;85/92/1 TACTEL INT. FLEXI PA 66 - FUME';KG;41,8299986124039;631,64
CALZIFICIO PRISCO SRL;PF0424851TA0IEX1024;85/92/1 TACTEL INT. FLEXI PA 66 - ANTRACITE;KG;38,3499999046326;579,09
CALZIFICIO PRISCO SRL;PR04240019;;;0;39,58
BVBA BEERNAERT;;;;;
BVBA BEERNAERT;PF0435070/20XEX1000;70/2 ELAS RIT FLEXI PA 66 - BLACK;KG;887,319996356964;8429,71
BVBA BEERNAERT;PF0435070/20XEX1001;70/2 ELAS RIT FLEXI PA 66 - GREEN DERBY B.P.82779/730249;KG;256,269999980927;2434,63
BVBA BEERNAERT;PF0435070/20XEX1002;70/2 ELAS RIT FLEXI PA 66 - MATELOT B.P. 99229/721001;KG;134,900000572205;1281,56
BVBA BEERNAERT;PF0435070/20XEX1003;70/2 ELAS RIT FLEXI PA 66 - GRIS CLAIR B.P. 82419/720301;KG;20,7899994850159;197,51
BVBA BEERNAERT;PF0435070/20XEX1004;70/2 ELAS RIT FLEXI PA 66 - WHITE;KG;83,1999995708466;790,41
BVBA BEERNAERT;PF0435070/20XEX1007;70/2 ELAS RIT FLEXI PA 66 - ANTHRACITE 707401;KG;99,4599986076355;944,9
BVBA BEERNAERT;PF0435070/20XEX1011;70/2 ELAS RIT FLEXI PA 66 - MITTELGRAU;KG;50,9999990463257;484,51
BVBA BEERNAERT;PF0435070/20XEX1015;70/2 ELAS RIT FLEXI PA 66 - DARKGREEN 78;KG;20,8800001144409;198,37
BVBA BEERNAERT;PR04350019;;;0;83,34
INSOCKS SRL;;;;;
INSOCKS SRL;PF0448070/10AEX1048;70/1 EL AP FLEXI PA 66 - 40005 VINTAGE RED R385;KG;47,4500007629395;512,46
INSOCKS SRL;PF0448070/10AEX1092;70/1 EL AP FLEXI PA 66 - 38096 PRUGNA 8158 P104;KG;34,5500001907349;373,14
INSOCKS SRL;PF0448070/10AEX1094;70/1 EL AP FLEXI PA 66 - 39198 SUEDE R089;KG;8,31999969482422;86,53
INSOCKS SRL;PF0448070/10AEX1111;70/1 EL AP FLEXI PA 66 - 37388 OLIVA KONA V140;KG;29,7500004768372;309,4
INSOCKS SRL;PF0448070/20XFL1037;70/2 ELAS RIT FLEXY PA 6 - 31695 OLIVA KONA V140;KG;66,0599998235703;620,96
INSOCKS SRL;PF0448070/20XFL1048;70/2 ELAS RIT FLEXY PA 6 - 37658 VINTAGE RED R385;KG;59,9099988937378;587,13
INSOCKS SRL;PF0448070/20XFL1066;70/2 ELAS RIT FLEXY PA 6 - 38866 HYDRO V121;KG;32,8900003433228;309,16
INSOCKS SRL;PF0448070/20XFL1067;70/2 ELAS RIT FLEXY PA 6 - 38865 SKY A101;KG;36,0299997329712;338,69
INSOCKS SRL;PF0448070/20XFL1093;70/2 ELAS RIT FLEXY PA 6 - 39018 SUEDE R089;KG;30,6499996185303;288,11
INSOCKS SRL;PF0448070/30XFL1030;70/3 ELAS RIT FLEXY PA 6 - 36983 PRUGNA 8158 P104;KG;44,7900004386902;438,94
INSOCKS SRL;PF0448070/30XFL1039;70/3 ELAS RIT FLEXY PA 6 - 36854 DIVA PINK FLUO;KG;132,200001239777;1263,19
INSOCKS SRL;PF0448070/30XFL1044;70/3 ELAS RIT FLEXY PA 6 - 37771 SULPHUR SPRING G029;KG;77,3800003528595;746,08
INSOCKS SRL;PF0448070/30XFL1057;70/3 ELAS RIT FLEXY PA 6 - 38887 PIETRA M102;KG;44,7699999809265;420,83
INSOCKS SRL;PF0448070/30XFL1069;70/3 ELAS RIT FLEXY PA 6 - 36935 AZZURRO TURCHESE A106;KG;47,6499996185303;466,97
INSOCKS SRL;PF0448070/30XFL1101;70/3 ELAS RIT FLEXY PA 6 - 37566 ROSA HORTENSIA 8124 R046;KG;47,0599999427795;461,19
INSOCKS SRL;PF0448070/30XFL1110;70/3 ELAS RIT FLEXY PA 6 - 39647 SUEDE R089;KG;30,8899993896484;290,36
INSOCKS SRL;PF0448070/30XFL1112;70/3 ELAS RIT FLEXY PA 6 - 39648 CLAY V760;KG;34,6800003051758;326
INSOCKS SRL;PF0448070/30XFL1113;70/3 ELAS RIT FLEXY PA 6 - 38039 SALMONE FLUO S024;KG;40,4400000572205;404,4
INSOCKS SRL;PF0448786020LEX1087;78/60/2 QNOVA LEG.INTERL FLEXI GRS 60 PA 66 - 39003 BIANCO B001;KG;46,9400014877319;690,02
INSOCKS SRL;PF0448786020LEX1107;78/60/2 QNOVA LEG.INTERL FLEXI GRS 60 PA 66 - 39314 GRS GRIGIO METALIC G119;KG;69,909999370575;965,17
INSOCKS SRL;PF0448786020LEX1108;78/60/2 QNOVA LEG.INTERL FLEXI GRS 60 PA 66 - 39744 GRS AURA SPECIAL V007;KG;31,5900001525879;420,15
INSOCKS SRL;PF0448786020LEX1109;78/60/2 QNOVA LEG.INTERL FLEXI GRS 60 PA 66 - 39837 GRS FLUO GREEN V116;KG;30,5000002384186;405,66
INSOCKS SRL;PR04480006;;;0;101,58
NY - NEW YARN SRL;;;KG;285,910001277924;-2937,95
NY - NEW YARN SRL;;;;0;0
NY - NEW YARN SRL;PF0457040/10A661003;40/1 ELAS APE PA 66 - GRIGIO MEDIO 7717 ;KG;62,3400001525879;716,92
NY - NEW YARN SRL;PF0457040/10A661008;40/1 ELAS APE PA 66 - 1028 INDACO;KG;39,5099992752075;470,16
NY - NEW YARN SRL;PF0457040/10A661009;40/1 ELAS APE PA 66 - 1038 ARDESIA;KG;59,9899998903275;689,91
NY - NEW YARN SRL;PF0457040/10A661014;40/1 ELAS APE PA 66 - C900 JEANS;KG;26,1099998056889;300,28
NY - NEW YARN SRL;PF0457040/10A661015;40/1 ELAS APE PA 66 - BLU EMME;KG;40,779999256134;468,98
NY - NEW YARN SRL;PF0457040/20X661005;40/2 ELAS RIT PA 66 - 400 GHISA;KG;1118,88000190258;11748,44
NY - NEW YARN SRL;PF0457040/20X661006;40/2 ELAS RIT PA 66 - 2223 OLTREMARE;KG;27,5900001525879;289,71
NY - NEW YARN SRL;PF0457040/20X661012;40/2 ELAS RIT PA 66 - 417 ARGENTO - TONO NUOVO;KG;196,5;2063,3
NY - NEW YARN SRL;PF0457040/20X661016;40/2 ELAS RIT PA 66 - GRAFITE 9240;KG;107,749999821186;1131,39
NY - NEW YARN SRL;PF0457040/20X661019;40/2 ELAS RIT PA 66 - 2710 FUXIA;KG;25,4600001573563;267,34
NY - NEW YARN SRL;PF0457040/20X661037;40/2 ELAS RIT PA 66 - GRIGIO EMME;KG;73,8200001716614;775,13
NY - NEW YARN SRL;PF0457040/20X661060;40/2 ELAS RIT PA 66 - ROSSO 2043;KG;26,2200002670288;275,31
NY - NEW YARN SRL;PF0457040/20XEX1003;40/2 ELAS RIT FLEXI PA 66 - GRIGIO MEDIO 7717 ;KG;81,8199999332428;900,02
NY - NEW YARN SRL;PF0457040/20XEX1015;40/2 ELAS RIT FLEXI PA 66 - BLU EMME;KG;96,0499997138977;1056,55
NY - NEW YARN SRL;PF0457040/20XEX1016;40/2 ELAS RIT FLEXI PA 66 - GRAFITE 9240;KG;97,1899983882904;1069,09
NY - NEW YARN SRL;PF0457040/20XEX1017;40/2 ELAS RIT FLEXI PA 66 - AZZURRO 99;KG;40,1600003242493;441,76
NY - NEW YARN SRL;PF0457040/20XEX1019;40/2 ELAS RIT FLEXI PA 66 - 2710 FUXIA;KG;49,6000003814697;575,36
NY - NEW YARN SRL;PF0457040/20XEX1037;40/2 ELAS RIT FLEXI PA 66 - GRIGIO EMME;KG;37,3200006484985;410,52
NY - NEW YARN SRL;PF0457040/20XEX1043;40/2 ELAS RIT FLEXI PA 66 - FUCSIA SCURO F002;KG;40,8400001525879;473,75
NY - NEW YARN SRL;PF0457070/10A661045;70/1 ELAS APE PA 66 - VERDE ARMY;KG;42,1799998283386;404,93
NY - NEW YARN SRL;PF0457070/10A661065;70/1 ELAS APE PA 66 - CRUISE T001 PETROLIO - TON;KG;17,2700004577637;165,79
NY - NEW YARN SRL;PF0457070/10A661066;70/1 ELAS APE PA 66 - BLU;KG;16,3000002503395;163
NY - NEW YARN SRL;PF0457070/10A661067;70/1 ELAS APE PA 66 - ROSSO;KG;17,249999165535;172,5
NY - NEW YARN SRL;PF0457070/10A661068;70/1 ELAS APE PA 66 - GRIGIO CHIARO;KG;16,4800000190735;164,8
NY - NEW YARN SRL;PF0457070/10AEX1032;70/1 EL AP FLEXI PA 66 - ROSSO 18-1664 TCX;KG;19,5;195
NY - NEW YARN SRL;PF0457070/10AEX1033;70/1 EL AP FLEXI PA 66 - DARK NAVY 19-4010 TCX;KG;101,050002098083;1010,5
NY - NEW YARN SRL;PF0457070/10AEX1034;70/1 EL AP FLEXI PA 66 - PHANTOM 19-4205 TCX;KG;73,2299995422363;732,3
NY - NEW YARN SRL;PF0457070/10XEX1016;70/1 ELAS RIT FLEXI PA 66 - GRAFITE 9240;KG;23,5500001907349;249,63
NY - NEW YARN SRL;PF0457070/10XEX1033;70/1 ELAS RIT FLEXI PA 66 - DARK NAVY 19-4010 TCX;KG;87,7599992752075;930,26
NY - NEW YARN SRL;PF0457070/20X661063;70/2 ELAS RIT PA 66 - NERO;KG;38,3199996948242;367,87
NY - NEW YARN SRL;PF0457070/20X661071;70/2 ELAS RIT PA 66 - DONKERERGRIJS 241 (GHISA);KG;38,4300003051758;368,93
NY - NEW YARN SRL;PF0457070/20XEX1002;70/2 ELAS RIT FLEXI PA 66 - GRIGIO 431/C;KG;101,410000801086;983,69
NY - NEW YARN SRL;PF0457070/20XEX1046;70/2 ELAS RIT FLEXI PA 66 - NERO 999;KG;92,9200000762939;901,32
NY - NEW YARN SRL;PF0457070/20XFL1033;70/2 ELAS RIT FLEXY PA 6 - DARK NAVY 19-4010 TCX;KG;31,6300003528595;287,84
NY - NEW YARN SRL;PF0457078240IRF1001;78/24/1  INT. RENYCLE 100% GRS FLEXY PA 6 - 2012 GRIGIO MEDIO ;KG;53,0500004291534;689,65
NY - NEW YARN SRL;PF0457078240IRF1063;78/24/1  INT. RENYCLE 100% GRS FLEXY PA 6 - NERO;KG;21,8699998855591;284,31
NY - NEW YARN SRL;PF0457078240IRF1064;78/24/1  INT. RENYCLE 100% GRS FLEXY PA 6 - ANTRACITE 2010;KG;215,560000419617;2859,33
NY - NEW YARN SRL;PF0457078240IRF1069;78/24/1  INT. RENYCLE 100% GRS FLEXY PA 6 - 2017 ARGENTO;KG;49,0399992465973;637,52
NY - NEW YARN SRL;PF0457078240IRF1070;78/24/1  INT. RENYCLE 100% GRS FLEXY PA 6 - GRIGIO TOPO 2011;KG;51,5899996757507;670,67
NY - NEW YARN SRL;PR04570019;;;0;38,88
Winsocks srl;;;KG;255,810005187988;-1909,73
Winsocks srl;;;;0;0
Winsocks srl;PF0463070/30XFL1002;70/3 ELAS RIT FLEXY PA 6 - E 3 NERO;KG;440,739999651909;3948,09
Winsocks srl;PF0463070/30XFL1004;70/3 ELAS RIT FLEXY PA 6 - ROSSO E33;KG;152,499999046326;1324,85
Winsocks srl;PF0463070/30XFL1005;70/3 ELAS RIT FLEXY PA 6 - ANTRACITE E4;KG;655,349998474121;5722,73
Winsocks srl;PF0463070/30XFL1006;70/3 ELAS RIT FLEXY PA 6 - ARANCIO E 35;KG;195,059998273849;1685,45
Winsocks srl;PF0463070/30XFL1007;70/3 ELAS RIT FLEXY PA 6 - ROYAL 6080;KG;180,190000534058;1626,16
Winsocks srl;PF0463070/30XFL1008;70/3 ELAS RIT FLEXY PA 6 - E 1 CANDIDO;KG;153,080001831055;1332,7
Winsocks srl;PF0463070/30XFL1009;70/3 ELAS RIT FLEXY PA 6 - E 80 CHERRY;KG;281,930000424385;2474,49
Winsocks srl;PF0463070/30XFL1011;70/3 ELAS RIT FLEXY PA 6 - GIALLO FLUO E 99;KG;45,0800004005432;383,19
Winsocks srl;PF0463070/30XFL1013;70/3 ELAS RIT FLEXY PA 6 - E 53 CICLAMINO;KG;81,1600005626678;713,02
Winsocks srl;PF0463070/30XFL1014;70/3 ELAS RIT FLEXY PA 6 - E 12 NAVY;KG;372,819999933243;3310,18
Winsocks srl;PF0463070/30XFL1015;70/3 ELAS RIT FLEXY PA 6 - E 24 CORTECCIA;KG;44,0599999427795;374,51
Winsocks srl;PF0463070/30XFL1016;70/3 ELAS RIT FLEXY PA 6 - NARANAIA FLUOR 8142;KG;80,7700009346008;735,02
Winsocks srl;PF0463070/30XFL1017;70/3 ELAS RIT FLEXY PA 6 - E 74 AMBRA;KG;47,1599998474121;429,15
Winsocks srl;PF0463070/30XFL1018;70/3 ELAS RIT FLEXY PA 6 - E 67 KAKI;KG;42,3600001335144;398,18
Winsocks srl;PF0463070/30XFL1019;70/3 ELAS RIT FLEXY PA 6 - OLIVA 8121 LEFERON;KG;77,460000038147;684,29
Winsocks srl;PF0463070/30XFL1020;70/3 ELAS RIT FLEXY PA 6 - PINO E 42;KG;445,919999599457;3879,71
Winsocks srl;PF0463070/30XFL1022;70/3 ELAS RIT FLEXY PA 6 - TURQUESA 4562;KG;201,219999313354;1760,45
Winsocks srl;PF0463070/30XFL1023;70/3 ELAS RIT FLEXY PA 6 - E 91 MARMO;KG;87,6799998283386;770,91
Winsocks srl;PF0463070/30XFL1025;70/3 ELAS RIT FLEXY PA 6 - METALLIC 8118;KG;464,140001296997;4095,18
Winsocks srl;PF0463070/30XFL1026;70/3 ELAS RIT FLEXY PA 6 - ELEFANTE 8111;KG;125,759999752045;1068,99
Winsocks srl;PF0463070/30XFL1027;70/3 ELAS RIT FLEXY PA 6 - MARRON 1231;KG;72,669998884201;643,12
Winsocks srl;PF0463070/30XFL1028;70/3 ELAS RIT FLEXY PA 6 - MARGHERITA E 52;KG;111,829999446869;1017,65
Winsocks srl;PF0463070/30XFL1029;70/3 ELAS RIT FLEXY PA 6 - TIROL 4559;KG;41,8099989891052;355,39
Winsocks srl;PF0463070/30XFL1031;70/3 ELAS RIT FLEXY PA 6 - AZAFATA 0890 ;KG;259,840001583099;2327,31
Winsocks srl;PF0463070/30XFL1032;70/3 ELAS RIT FLEXY PA 6 - VERDE MELA 425;KG;207,29000043869;1835,24
Winsocks srl;PF0463070/30XFL1033;70/3 ELAS RIT FLEXY PA 6 - E 63 ACCIAIO;KG;91,0800015926361;801,18
Winsocks srl;PF0463070/30XFL1034;70/3 ELAS RIT FLEXY PA 6 - E 56 MARINA;KG;85,3899993896484;763,45
Winsocks srl;PF0463070/30XFL1035;70/3 ELAS RIT FLEXY PA 6 - AMARILLO FLUO 8141;KG;44,5599999427795;378,77
Winsocks srl;PF0463070/30XFL1037;70/3 ELAS RIT FLEXY PA 6 - ROSA 1411 ;KG;40,9899997711182;385,3
Winsocks srl;PF0463070/40I6P1036;78/4 MELANGE INT PA 66 - MELANGE NERO;KG;407,279997348785;4409,28
Winsocks srl;PR04630006;;;0;59,38
ATHENA CALZE SRL;;;;;
ATHENA CALZE SRL;PF0465443QG0IEX1016;44/40/3 QNOVA GRS 60 INT. FLEXI PA 66 - NERO;KG;50,6600008010864;840,95
SC CALZE SRL;;;KG;25,8799991607666;-292,44
SC CALZE SRL;;;;0;0
SC CALZE SRL;PF0470040/20X661011;40/2 ELAS RIT PA 66 - GREGGIO;KG;20,2300000190735;182,07
SC CALZE SRL;PF0470040/20XEX1017;40/2 ELAS RIT FLEXI PA 66 - NERO GS005;KG;382,159999251366;4090,27
SC CALZE SRL;PF0470040/20XEX1018;40/2 ELAS RIT FLEXI PA 66 - BLU NOTTE 111;KG;281,740000724792;2785,41
SC CALZE SRL;PF0470040/20XEX1019;40/2 ELAS RIT FLEXI PA 66 - BEIGE 605;KG;47,7799997329712;390,66
SC CALZE SRL;PF0470040/20XEX1020;40/2 ELAS RIT FLEXI PA 66 - BIANCO CA010;KG;248,3399990201;2597,86
SC CALZE SRL;PF0470040/20XEX1036;40/2 ELAS RIT FLEXI PA 66 PRIMETTA- AVIO 114;KG;19,6700000762939;216,37
SC CALZE SRL;PF0470040/20XEX1039;40/2 ELAS RIT FLEXI PA 66 - 130 CORDA;KG;22,9899997711182;252,89
SC CALZE SRL;PF0470040/20XEX1041;40/2 ELAS RIT FLEXI PA 66 - GRIGIO TOPO 105;KG;49,0300002098083;418,76
SC CALZE SRL;PF0470040/20XEX1042;40/2 ELAS RIT FLEXI PA 66 - E 93 ELEFANTE;KG;45,6199998855591;495,34
SC CALZE SRL;PF0470040/20XEX1043;40/2 ELAS RIT FLEXI PA 66 - BORDO 131 ;KG;21,0200004577637;231,22
SC CALZE SRL;PF0470040/20XEX1045;40/2 ELAS RIT FLEXI PA 66 - BS239;KG;41,210000038147;473,93
SC CALZE SRL;PF0470070/40XFL1017;70/4 ELAS RIT FLEXY PA 6 - NERO GS005;KG;199,510001063347;1993,39
SC CALZE SRL;PF0470070/40XFL1020;70/4 ELAS RIT FLEXY PA 6 - BIANCO 101;KG;105,199998855591;1044,16
SC CALZE SRL;PF0470070/40XFL1044;70/4 ELAS RIT FLEXY PA 6 - GIALLO FLUO G112;KG;25,8800001144409;266,57
SC CALZE SRL;PF0470070/40XFL1046;70/4 ELAS RIT FLEXY PA 6 - ROSSO R030;KG;21,6900005340576;223,41
SC CALZE SRL;PF0470070/40XFL1047;70/4 ELAS RIT FLEXY PA 6 - GIALLO G003;KG;21,5799999237061;222,27
SC CALZE SRL;PF0470070/40XFL1048;70/4 ELAS RIT FLEXY PA 6 - CANDIDO CA010;KG;52,0099992752075;535,7
SC CALZE SRL;PR04700006;;;0;25,88
ONEBUSINESS SRL;;;;;
ONEBUSINESS SRL;PF0483070/20XP61020;70/2 ELAS RIT PA 6 - E 13 INDACO;KG;107,799999237061;894,75
ONEBUSINESS SRL;PF0483070/20XP61026;70/2 ELAS RIT PA 6 - E 66 ROYAL;KG;60,9799995422363;506,13
ONEBUSINESS SRL;PF0483070/20XP61030;70/2 ELAS RIT PA 6 - GRIGIO MEDIO A CAMPIONE;KG;231,56000161171;1921,98
ONEBUSINESS SRL;PF0483070/20XP61031;70/2 ELAS RIT PA 6 - BLU JEANS A CAMPIONE 2021;KG;132,439999818802;1099,27
ONEBUSINESS SRL;PF0483070/20XP61032;70/2 ELAS RIT PA 6 - MARGHERITA E 52;KG;64,6199994087219;536,36
GIANTEX SRL;;;;;
GIANTEX SRL;PF0484070/10A661010;70/1 ELAS APE PA 66 - FUXIA FLUO;KG;441,959999322891;4203,84
GIANTEX SRL;PR04840006;;;0;220,99
FILATI ELASTICI MAGHINA SRL;;;;;
FILATI ELASTICI MAGHINA SRL;PF0489040/10A661003;40/1 ELAS APE PA 66 - 65 BLU CHIARO;KG;171,280000686646;1911,82
FILATI ELASTICI MAGHINA SRL;PF0489040/10A661004;40/1 ELAS APE PA 66 - 2017 ARGENTO;KG;352,379997491837;3965,15
FILATI ELASTICI MAGHINA SRL;PF0489040/10A661011;40/1 ELAS APE PA 66 - 17 BORDO';KG;64,2000012397766;728,67
FILATI ELASTICI MAGHINA SRL;PF0489040/10A661016;40/1 ELAS APE PA 66 - 2012 GRIGIO MEDIO;KG;471,989999711514;5288,32
FILATI ELASTICI MAGHINA SRL;PF0489040/10A661023;40/1 ELAS APE PA 66 - 16 ROSSO;KG;123,160000801086;1360,93
FILATI ELASTICI MAGHINA SRL;PF0489040/10A661034;40/1 ELAS APE PA 66 - 13 MARINA;KG;124,310000419617;1373,64
FILATI ELASTICI MAGHINA SRL;PF0489040/10A661037;40/1 ELAS APE PA 66 - 11 AVIO;KG;51,2499995231628;566,32
FILATI ELASTICI MAGHINA SRL;PF0489040/10A661039;40/1 ELAS APE PA 66 - PERVINCA 08;KG;66,3200011253357;752,73
FILATI ELASTICI MAGHINA SRL;PF0489040/10A661048;40/1 ELAS APE PA 66 - SACCO 2618;KG;179,429999828339;2001,71
FILATI ELASTICI MAGHINA SRL;PF0489040/10A661050;40/1 ELAS APE PA 66 - 2710 FUXIA;KG;121,940001249313;1384,02
FILATI ELASTICI MAGHINA SRL;PF0489040/10A661065;40/1 ELAS APE PA 66 - T.MORO 2332;KG;64,5400009155273;732,53
FILATI ELASTICI MAGHINA SRL;PF0489040/10A661076;40/1 ELAS APE PA 66 - 2223 OLTREMARE;KG;120,619999408722;1332,87
FILATI ELASTICI MAGHINA SRL;PF0489040/10A661077;40/1 ELAS APE PA 66 - BRUNO 2319;KG;15,5300000905991;176,27
FILATI ELASTICI MAGHINA SRL;PF0489040/10A661078;40/1 ELAS APE PA 66 - GRIGIO TOPO 2011;KG;122,819998264313;1394,03
FILATI ELASTICI MAGHINA SRL;PF0489070/10A661001;70/1 ELAS APE PA 66 - 71 ROSA CONFETTO;KG;113,650000572205;1085,37
FILATI ELASTICI MAGHINA SRL;PF0489070/10A661003;70/1 ELAS APE PA 66 - 65 BLU CHIARO;KG;342,250000953674;3303,18
FILATI ELASTICI MAGHINA SRL;PF0489070/10A661006;70/1 ELAS APE PA 66 - 67 BLUETTE;KG;151,119998216629;1485,12
FILATI ELASTICI MAGHINA SRL;PF0489070/10A661007;70/1 ELAS APE PA 66 - 12 ROYAL;KG;59,3899998664856;584,99
FILATI ELASTICI MAGHINA SRL;PF0489070/10A661008;70/1 ELAS APE PA 66 - 55 GRANATA;KG;118,279999732971;1147,08
FILATI ELASTICI MAGHINA SRL;PF0489070/10A661009;70/1 ELAS APE PA 66 - 21 CORDA;KG;447,799998283386;4310,84
FILATI ELASTICI MAGHINA SRL;PF0489070/10A661010;70/1 ELAS APE PA 66 - 15 ARANCIO;KG;59,2300000190735;607,11
FILATI ELASTICI MAGHINA SRL;PF0489070/10A661011;70/1 ELAS APE PA 66 - 17 BORDO';KG;174,660000801086;1668,01
FILATI ELASTICI MAGHINA SRL;PF0489070/10A661012;70/1 ELAS APE PA 66 - 03 GRIGIO PERLA;KG;174,410000801086;1764,15
FILATI ELASTICI MAGHINA SRL;PF0489070/10A661014;70/1 ELAS APE PA 66 - 70 V. INGLESE;KG;58,980001449585;580,96
FILATI ELASTICI MAGHINA SRL;PF0489070/10A661017;70/1 ELAS APE PA 66 - 30 AVIAZIONE;KG;59,7399997711182;570,52
FILATI ELASTICI MAGHINA SRL;PF0489070/10A661018;70/1 ELAS APE PA 66 - 40 FUXIA;KG;33,2300004959106;317,35
FILATI ELASTICI MAGHINA SRL;PF0489070/10A661019;70/1 ELAS APE PA 66 - 31 VERDE;KG;59,9699988365173;572,7
FILATI ELASTICI MAGHINA SRL;PF0489070/10A661021;70/1 ELAS APE PA 66 - 19 GIALLONE;KG;60,3800001144409;618,9
FILATI ELASTICI MAGHINA SRL;PF0489070/10A661022;70/1 ELAS APE PA 66 - 04 GRIGIO MEDIO;KG;226,410001277924;2196,26
FILATI ELASTICI MAGHINA SRL;PF0489070/10A661023;70/1 ELAS APE PA 66 - 16 ROSSO;KG;118,619999408722;1150,73
FILATI ELASTICI MAGHINA SRL;PF0489070/10A661024;70/1 ELAS APE PA 66 - 24 SABBIA;KG;57,7100009918213;568,44
FILATI ELASTICI MAGHINA SRL;PF0489070/10A661026;70/1 ELAS APE PA 66 - 25 AVANA;KG;112,209998607635;1105,29
FILATI ELASTICI MAGHINA SRL;PF0489070/10A661031;70/1 ELAS APE PA 66 - 07 NERO;KG;118,420001268387;1174,26
FILATI ELASTICI MAGHINA SRL;PF0489070/10A661034;70/1 ELAS APE PA 66 - 13 MARINA;KG;119,769998788834;1184,38
FILATI ELASTICI MAGHINA SRL;PF0489070/10A661037;70/1 ELAS APE PA 66 - 11 AVIO;KG;59,7300004959106;570,42
FILATI ELASTICI MAGHINA SRL;PF0489070/10A661038;70/1 ELAS APE PA 66 - 53 OCEANO;KG;57,9299998283386;593,78
FILATI ELASTICI MAGHINA SRL;PF0489070/10A661042;70/1 ELAS APE PA 66 - VERDE 33;KG;119,890000343323;1163,18
FILATI ELASTICI MAGHINA SRL;PF0489070/10A661043;70/1 ELAS APE PA 66 - 59 SENAPE;KG;59,0199993848801;581,35
FILATI ELASTICI MAGHINA SRL;PF0489070/10A661044;70/1 ELAS APE PA 66 - 34 VERDE;KG;118,019999980927;1127,1
FILATI ELASTICI MAGHINA SRL;PF0489070/10A661053;70/1 ELAS APE PA 66 - 09 CIELO;KG;59,4500002861023;585,58
FILATI ELASTICI MAGHINA SRL;PF0489070/10A661055;70/1 ELAS APE PA 66 - CRUISE T001 PETROLIO - TON;KG;200,829999923706;1970,81
FILATI ELASTICI MAGHINA SRL;PF0489070/10A661056;70/1 ELAS APE PA 66 - CORDA 20;KG;111,650000095367;1066,26
FILATI ELASTICI MAGHINA SRL;PF0489070/10A661062;70/1 ELAS APE PA 66 - 23 ROSA BABY;KG;45,2600002288818;432,23
FILATI ELASTICI MAGHINA SRL;PF0489070/10A661063;70/1 ELAS APE PA 66 - GIALLO FLUORESCENTE 62;KG;228,630001306534;2183,43
FILATI ELASTICI MAGHINA SRL;PF0489070/10A661064;70/1 ELAS APE PA 66 - VERDE 43;KG;59,3599996566772;566,89
FILATI ELASTICI MAGHINA SRL;PF0489070/10A661080;70/1 ELAS APE PA 66 - 42 SALMONE;KG;36;369
FILATI ELASTICI MAGHINA SRL;PF0489078240IRE1031;78/24/1  INT. RENYCLE 100% GRS PA 6 - 07 NERO;KG;45,5799999237061;592,54
FILATI ELASTICI MAGHINA SRL;PF0489078240IRE1079;78/24/1  INT. RENYCLE 100% GRS PA 6 - ANTRACITE 2010;KG;197,710000038147;2570,23
FILATI ELASTICI MAGHINA SRL;PF0489078240IRF1031;78/24/1  INT. RENYCLE 100% GRS FLEXY PA 6 - 07 NERO;KG;171,160000145435;2225,08
FILATI ELASTICI MAGHINA SRL;PF0489100/10A661002;100/1 ELAS APE PA 66 - NOCE 37;KG;181,379998207092;1753,73
FILATI ELASTICI MAGHINA SRL;PF0489100/10A661009;100/1 ELAS APE PA 66 - 21 CORDA;KG;67,1600017547607;654,81
FILATI ELASTICI MAGHINA SRL;PF0489100/10A661010;100/1 ELAS APE PA 66 - 15 ARANCIO;KG;68,0199990272522;642,79
FILATI ELASTICI MAGHINA SRL;PF0489100/10A661012;100/1 ELAS APE PA 66 - 03 GRIGIO PERLA;KG;113,319999694824;1119,06
FILATI ELASTICI MAGHINA SRL;PF0489100/10A661015;100/1 ELAS APE PA 66 - 06 ANTRACITE;KG;403,210001468658;3945,96
FILATI ELASTICI MAGHINA SRL;PF0489100/10A661017;100/1 ELAS APE PA 66 - 30 AVIAZIONE;KG;69,0099997520447;652,15
FILATI ELASTICI MAGHINA SRL;PF0489100/10A661022;100/1 ELAS APE PA 66 - 04 GRIGIO MEDIO;KG;331,100001215935;3282,27
FILATI ELASTICI MAGHINA SRL;PF0489100/10A661023;100/1 ELAS APE PA 66 - 16 ROSSO;KG;123,999998092651;1225,86
FILATI ELASTICI MAGHINA SRL;PF0489100/10A661024;100/1 ELAS APE PA 66 - 24 SABBIA;KG;63,4800000190735;599,88
FILATI ELASTICI MAGHINA SRL;PF0489100/10A661031;100/1 ELAS APE PA 66 - 07 NERO;KG;483,759999275208;4609,47
FILATI ELASTICI MAGHINA SRL;PF0489100/10A661034;100/1 ELAS APE PA 66 - 13 MARINA;KG;138,019998550415;1352,9
FILATI ELASTICI MAGHINA SRL;PF0489100/10A661035;100/1 ELAS APE PA 66 - 02 CANDIDO;KG;102,810000419617;991,03
FILATI ELASTICI MAGHINA SRL;PF0489100/10A661037;100/1 ELAS APE PA 66 - 11 AVIO;KG;69,7899994850159;708,38
FILATI ELASTICI MAGHINA SRL;PF0489100/10A661038;100/1 ELAS APE PA 66 - 53 OCEANO;KG;68,8300004005432;698,62
FILATI ELASTICI MAGHINA SRL;PF0489100/10A661039;100/1 ELAS APE PA 66 - PERVINCA 08;KG;66,6800022125244;650,14
FILATI ELASTICI MAGHINA SRL;PF0489100/10A661040;100/1 ELAS APE PA 66 - TESTA MORO 28;KG;66,6499996185303;629,84
FILATI ELASTICI MAGHINA SRL;PF0489100/10A661041;100/1 ELAS APE PA 66 - 14 ROSA CARICO;KG;59,2600002884865;560
FILATI ELASTICI MAGHINA SRL;PF0489100/10A661052;100/1 ELAS APE PA 66 - 44 FUXIA;KG;19,8099994659424;187,21
FILATI ELASTICI MAGHINA SRL;PF0489100/10A661061;100/1 ELAS APE PA 66 - PISTACCHIO 57;KG;67,6399993896484;639,21
FILATI ELASTICI MAGHINA SRL;PF0489100/10A661062;100/1 ELAS APE PA 66 - 23 ROSA BABY;KG;68,7199997901917;649,41
FILATI ELASTICI MAGHINA SRL;PR04890006;;;0;171,48
NASTRITESSUTI SRL;;;;;
NASTRITESSUTI SRL;PF0490070/20XP61001;70/2 ELAS RIT PA 6 - 5573 PANNA;KG;26,1700000762939;353,3
NASTRITESSUTI SRL;PF0490070/20XP61015;70/2 ELAS RIT PA 6 - ROSA 5731;KG;20,8099999427795;280,94
NASTRITESSUTI SRL;PF0490070/20XP61016;70/2 ELAS RIT PA 6 - AZZURRO 5732;KG;20,0599999427795;270,82
NASTRITESSUTI SRL;PF0490070/20XP61017;70/2 ELAS RIT PA 6 - ROSA SCURO 5745;KG;22,1999998092651;299,7
NASTRITESSUTI SRL;PF0490070/20XP61018;70/2 ELAS RIT PA 6 - PINK 5815 FLUO;KG;20,7699999809265;280,4
NASTRITESSUTI SRL;PR04900006;;;0;20,77
NASTRITESSUTI SRL;PR04900019;;;0;188,49
AGAV SRL;;;;;
AGAV SRL;PF0496070/10A661021;70/1 ELAS APE PA 66 - 8115 ROSA CLARO;KG;15,0199997425079;150,2
AGAV SRL;PF0496070/10A661022;70/1 ELAS APE PA 66 - 8053 ORSETO;KG;32,9800001382828;329,8
AGAV SRL;PF0496070/10A661023;70/1 ELAS APE PA 66 - FOREST SJF;KG;21,8200006484985;218,2
AGAV SRL;PF0496070/10A661025;70/1 ELAS APE PA 66 - IBIZA PTV;KG;21,4200000762939;214,2
AGAV SRL;PF0496078240IRF1021;78/24/1  INT. RENYCLE 100% GRS FLEXY PA 6 - 8115 ROSA CLARO;KG;321,520003497601;3954,7
AGAV SRL;PF0496078240IRF1022;78/24/1  INT. RENYCLE 100% GRS FLEXY PA 6 - 8053 ORSETO;KG;297,709999084473;3661,84
AGAV SRL;PR04960019;;;0;86,48
ACHILLE VALERA LISSONI s.r.l.;;;;;
ACHILLE VALERA LISSONI s.r.l.;PF0504112240XTR1000;112/24 LUCIDO RIT TRILOBATO PA 6 - GREGGIO;KG;1;10,5
CALZIFICIO M BRESCIANI SRL;;;;;
CALZIFICIO M BRESCIANI SRL;PF0507017LY0ELY1026;17 DTX ELASTOMERO LYCRA - GREGGIO;KG;29,7000007629395;801,9
CALZIFICIO M BRESCIANI SRL;PF0507040/10A661000;40/1 ELAS APE PA 66 - Z0052 AMETISTA;KG;1,00999999046326;35
CALZIFICIO M BRESCIANI SRL;PF0507040/10A661009;40/1 ELAS APE PA 66 - 007 BIANCO;KG;19,8100004196167;356,58
CALZIFICIO M BRESCIANI SRL;PF0507040/10A661010;40/1 ELAS APE PA 66 - CINA NL015;KG;14,6300003528595;263,34
CALZIFICIO M BRESCIANI SRL;PF0507040/10A661011;40/1 ELAS APE PA 66 - E 66 ROYAL A CAMPIONE;KG;16,659999370575;299,88
CALZIFICIO M BRESCIANI SRL;PF0507040/10A661013;40/1 ELAS APE PA 66 - BLU 691;KG;24,2099996805191;450,3
CALZIFICIO M BRESCIANI SRL;PF0507040/10A661015;40/1 ELAS APE PA 66 - 014 NERO;KG;49,539999961853;891,72
CALZIFICIO M BRESCIANI SRL;PF0507040/10A661016;40/1 ELAS APE PA 66 - 501 MORO;KG;13,6500000953674;245,7
CALZIFICIO M BRESCIANI SRL;PF0507040/10A661018;40/1 ELAS APE PA 66 - 047 FIORDALISO 119;KG;13,1600000858307;236,88
CALZIFICIO M BRESCIANI SRL;PF0507040/10A661021;40/1 ELAS APE PA 66 - 154 ARGILLA;KG;13,3200000822544;239,76
CALZIFICIO M BRESCIANI SRL;PF0507040/10A661024;40/1 ELAS APE PA 66 - 018 BLUETTE A CAMPIONE;KG;13,309999704361;239,58
CALZIFICIO M BRESCIANI SRL;PF0507040/10A661057;40/1 ELAS APE PA 66 - 803 FUXIA A CAMPIONE;KG;11,4799997806549;206,64
CALZIFICIO M BRESCIANI SRL;PF0507040/10A661058;40/1 ELAS APE PA 66 - 021 BANDIERA A CAMPIONE;KG;1,00999999046326;35
CALZIFICIO M BRESCIANI SRL;PF0507040/10A661070;40/1 ELAS APE PA 66 - E73 ROSA A CAMPIONE;KG;12,7000002861023;245,42
CALZIFICIO M BRESCIANI SRL;PF0507040/10A661077;40/1 ELAS APE PA 66 - 093 SILVER;KG;1,00999999046326;35
CALZIFICIO M BRESCIANI SRL;PF0507040/10A661078;40/1 ELAS APE PA 66 - 071 ACIDO;KG;14,4700002670288;260,46
CALZIFICIO M BRESCIANI SRL;PF0507040/10A661080;40/1 ELAS APE PA 66 - LM100 SALVIA A CAMP;KG;12,9700003862381;233,46
CALZIFICIO M BRESCIANI SRL;PF0507040/10A661083;40/1 ELAS APE PA 66 - 004 ANTRACITE A CAMPIONE;KG;20,789999961853;374,22
CALZIFICIO M BRESCIANI SRL;PF0507040/10A661084;40/1 ELAS APE PA 66 - 9585 BASILICO;KG;1,00999999046326;35
CALZIFICIO M BRESCIANI SRL;PF0507040/10A661085;40/1 ELAS APE PA 66 - 084 CELESTE A CAMPIONE;KG;1,00999999046326;35
CALZIFICIO M BRESCIANI SRL;PF0507040/10A661086;40/1 ELAS APE PA 66 - 131 CUOIO A CAMP;KG;1,00999999046326;35
CALZIFICIO M BRESCIANI SRL;PF0507040/10A661087;40/1 ELAS APE PA 66 - NL039 FELCE A CAMP;KG;1,00999999046326;35
CALZIFICIO M BRESCIANI SRL;PF0507040/10A661089;40/1 ELAS APE PA 66 - NL044 BRUCIATO;KG;1,00999999046326;35
CALZIFICIO M BRESCIANI SRL;PF0507040/10A661090;40/1 ELAS APE PA 66 - 028 FAIDA A CAMPIONE;KG;12,82000041008;230,76
CALZIFICIO M BRESCIANI SRL;PF0507040/10A661091;40/1 ELAS APE PA 66 - 180 PINO A CAMPIONE;KG;13,3000000715256;239,4
CALZIFICIO M BRESCIANI SRL;PF0507040/10A661094;40/1 ELAS APE PA 66 - NL024 NUOVO;KG;1,00999999046326;35
CALZIFICIO M BRESCIANI SRL;PF0507040/10A661095;40/1 ELAS APE PA 66 - 011 AZZURRO NUOVO;KG;13,4800004959106;242,64
CALZIFICIO M BRESCIANI SRL;PF0507040/10A661096;40/1 ELAS APE PA 66 - 217 FRAGOLA NUOVO;KG;13,5000004768372;243
CALZIFICIO M BRESCIANI SRL;PF0507040/10A661097;40/1 ELAS APE PA 66 - E46 ANICE NUOVO;KG;1,00999999046326;35
CALZIFICIO M BRESCIANI SRL;PF0507040/20XEX1013;40/2 ELAS RIT FLEXI PA 66 - BLU 691;KG;24,5900004506111;347,95
CALZIFICIO M BRESCIANI SRL;PF0507040/20XEX1033;40/2 ELAS RIT FLEXI PA 66 - 003 MORO;KG;10,6700000166893;150,98
CALZIFICIO M BRESCIANI SRL;PF0507040/20XEX1093;40/2 ELAS RIT FLEXI PA 66 - 915 GRIGIO A CAMPIONE;KG;9,66000008583069;136,69
CALZIFICIO M BRESCIANI SRL;PF0507060/20XEX1015;60/2 ELAS RIT FLEXI PA 66 - 014 NERO;KG;1,00999999046326;35
CALZIFICIO M BRESCIANI SRL;PF0507060/20XEX1023;60/2 ELAS RIT FLEXI PA 66 - E84 CIPOLLA;KG;2,01999998092651;70
CALZIFICIO M BRESCIANI SRL;PF0507060/20XEX1024;60/2 ELAS RIT FLEXI PA 66 - 018 BLUETTE A CAMPIONE;KG;2,01999998092651;70
CALZIFICIO M BRESCIANI SRL;PF0507060/20XEX1025;60/2 ELAS RIT FLEXI PA 66 - 019 AVIO;KG;1,00999999046326;35
CALZIFICIO M BRESCIANI SRL;PF0507060/20XEX1033;60/2 ELAS RIT FLEXI PA 66 - 003 MORO;KG;2,01999998092651;70
CALZIFICIO M BRESCIANI SRL;PF0507060/20XEX1036;60/2 ELAS RIT FLEXI PA 66 - 025 MARRONE;KG;2,01999998092651;70
CALZIFICIO M BRESCIANI SRL;PF0507060/20XEX1061;60/2 ELAS RIT FLEXI PA 66 - 704 ASFALTO;KG;2,01999998092651;70
CALZIFICIO M BRESCIANI SRL;PF0507060/20XEX1065;60/2 ELAS RIT FLEXI PA 66 - 105 SABBIA A CAMPIONE;KG;1,00999999046326;35
CALZIFICIO M BRESCIANI SRL;PF0507060/20XEX1080;60/2 ELAS RIT FLEXI PA 66 - LM100 SALVIA A CAMP;KG;2,01999998092651;70
CALZIFICIO M BRESCIANI SRL;PF0507060/20XEX1081;60/2 ELAS RIT FLEXI PA 66 - 030 ERBA A CAMP;KG;2,01999998092651;70
CALZIFICIO M BRESCIANI SRL;PF0507060/20XEX1082;60/2 ELAS RIT FLEXI PA 66 - 026 ARANCIO A CAMP;KG;1,00999999046326;35
CALZIFICIO M BRESCIANI SRL;PF0507070/20XEX1092;70/2 ELAS RIT FLEXI PA 66 - 822 CANNELLA;KG;1,00999999046326;35
CALZIFICIO M BRESCIANI SRL;PF0507441010IRF1088;44/10/1 INT. RENYCLE 100% GRS FLEXY PA 6 - BLU NOTTE;KG;1,00999999046326;35
CALZIFICIO M BRESCIANI SRL;PR05070001;;;0;173,99
CALZIFICIO M BRESCIANI SRL;PR05070019;;;0;695,42
ARTEMISIA SRL;;;;;
ARTEMISIA SRL;PF0530844810ÌP61038;84/48/1 S BECOOL FLEXY PA 6 - GREGGIO;KG;3,73000001907349;55,95
ARTEMISIA SRL;PF05308448Z0ÌP61038;84/48/1 Z BECOOL FLEXY PA 6 - GREGGIO;KG;4,01000022888184;60,15
STRUMPF DIRKS GmbH;;;NR;;370
STRUMPF DIRKS GmbH;;;;;
STRUMPF DIRKS GmbH;PF0545020/10A661001;20/1 ELAS APE PA 66 - M101 NERO;KG;62,9000000953674;1698,3
STRUMPF DIRKS GmbH;PF0545020/10A661002;20/1 ELAS APE PA 66 - S011 SIRO;KG;35,3699989318848;954,99
STRUMPF DIRKS GmbH;PF0545020/10A661003;20/1 ELAS APE PA 66 - D115 MOSCA;KG;35,960000038147;970,92
STRUMPF DIRKS GmbH;PF0545020/10A661004;20/1 ELAS APE PA 66 - D113 COMPASSO;KG;36,3000001907349;980,1
STRUMPF DIRKS GmbH;PF0545020/10A661005;20/1 ELAS APE PA 66 - T045 GRANATA;KG;34,9199995994568;942,84
STRUMPF DIRKS GmbH;PF0545020/10A661006;20/1 ELAS APE PA 66 - C101 ORIONE;KG;34,7299995422363;937,71
STRUMPF DIRKS GmbH;PF0545020/10A661007;20/1 ELAS APE PA 66 - A101 POLARE;KG;34,5099997520447;931,77
STRUMPF DIRKS GmbH;PF0545030/10A661001;30/1 ELAS APE PA 66 - M101 NERO;KG;33,7700004577637;776,71
STRUMPF DIRKS GmbH;PF0545030/10A661002;30/1 ELAS APE PA 66 - S011 SIRO;KG;45,1999998092651;1039,6
STRUMPF DIRKS GmbH;PF0545030/10A661003;30/1 ELAS APE PA 66 - D115 MOSCA;KG;44,8100004196167;1030,63
STRUMPF DIRKS GmbH;PF0545030/10A661004;30/1 ELAS APE PA 66 - D113 COMPASSO;KG;45,1400012969971;1038,22
STRUMPF DIRKS GmbH;PF0545030/10A661005;30/1 ELAS APE PA 66 - T045 GRANATA;KG;44,9200000762939;1033,16
STRUMPF DIRKS GmbH;PF0545030/10A661006;30/1 ELAS APE PA 66 - C101 ORIONE;KG;42,8400001525879;985,32
STRUMPF DIRKS GmbH;PF0545030/10A661007;30/1 ELAS APE PA 66 - A101 POLARE;KG;44,8900003433228;1032,47
Calzificio Braga Srl;;;;;
Calzificio Braga Srl;PF055378QSK0IEX1004;78/68/2 QSKIN INT. FLEXI PA 66 - 39804 MELANZANA CANADA M202;KG;45,8900003433228;775,54
Calzificio Braga Srl;PF055378QSK0IEX1005;78/68/2 QSKIN INT. FLEXI PA 66 - 38620 GRIGIO ACCIAIO G180;KG;40,6600008010864;687,16
Calzificio Braga Srl;PF055378QSK0IEX1006;78/68/2 QSKIN INT. FLEXI PA 66 - 39602 BLU SCURO B207;KG;58,4200000762939;987,3
CALZIFICIO BIASCO SRL;;;;;
CALZIFICIO BIASCO SRL;PF0566070/20XFL1004;70/2 ELAS RIT FLEXY PA 6 - E 63 A CAMPIONE;KG;113,029999673367;1085,08
FILMAR SPA;;;KG;50;-813,06
FILMAR SPA;;;;0;0
FILMAR SPA;PF0570402EC0I661000;40/20/2 ELAS ECOCARE INT. PA 66 - TC017-Z0115;KG;5,84999990463257;40,95
FILMAR SPA;PF0570402EC0I661002;40/20/2 ELAS ECOCARE INT. PA 66 - TC001-Z0001;KG;56,4900002479553;395,43
FILMAR SPA;PF0570402EC0I661007;40/20/2 ELAS ECOCARE INT. PA 66 - TC006-Z0077;KG;26,0299997329712;182,21
FILMAR SPA;PF0570402EC0I661009;40/20/2 ELAS ECOCARE INT. PA 66 - TC008-Z0217;KG;26,2399997711182;183,68
FILMAR SPA;PF0570402EC0I661012;40/20/2 ELAS ECOCARE INT. PA 66 - TC011-Z0063;KG;27,6200001239777;193,34
FILMAR SPA;PF0570402EC0I661017;40/20/2 ELAS ECOCARE INT. PA 66 - TC021-Z0049;KG;20,9800004959106;146,86
FILMAR SPA;PF0570402EC0I661027;40/20/2 ELAS ECOCARE INT. PA 66 - A0182 ROSSO;KG;24,8899993896484;174,23
FILMAR SPA;PF0570402EC0I661028;40/20/2 ELAS ECOCARE INT. PA 66 - LIMONE GIALLO;KG;20,2699999809265;141,89
FILMAR SPA;PF0570402EC0I661029;40/20/2 ELAS ECOCARE INT. PA 66 - ROYAL BLU;KG;20,2300000190735;141,61
FILMAR SPA;PF0570402EC0I661030;40/20/2 ELAS ECOCARE INT. PA 66 - VERDE ACQUA;KG;20,3699998855591;142,59
FILMAR SPA;PF0570442EG0IEX1000;44/34/2 EL ECOCARE GRS 65  INT. FLEXI PA 66 - TC017-Z0115;KG;30,8599996566772;216,02
FILMAR SPA;PF0570442EG0IEX1002;44/34/2 EL ECOCARE GRS 65  INT. FLEXI PA 66 - TC001-Z0001;KG;513,620004892349;7817,03
FILMAR SPA;PF0570442EG0IEX1003;44/34/2 EL ECOCARE GRS 65  INT. FLEXI PA 66 - TC002-Z0169;KG;81,5699998140335;1078,41
FILMAR SPA;PF0570442EG0IEX1005;44/34/2 EL ECOCARE GRS 65  INT. FLEXI PA 66 - TC004-Z0030;KG;30,3499994277954;212,45
FILMAR SPA;PF0570442EG0IEX1008;44/34/2 EL ECOCARE GRS 65  INT. FLEXI PA 66 - TC007-Z0048;KG;291,129999697208;2508,2
FILMAR SPA;PF0570442EG0IEX1010;44/34/2 EL ECOCARE GRS 65  INT. FLEXI PA 66 - TC009-Z0057;KG;49,4700002260506;813,79
FILMAR SPA;PF0570442EG0IEX1012;44/34/2 EL ECOCARE GRS 65  INT. FLEXI PA 66 - TC011-Z0063;KG;529,180000782013;8350,92
FILMAR SPA;PF0570442EG0IEX1013;44/34/2 EL ECOCARE GRS 65  INT. FLEXI PA 66 - TC014-Z0131;KG;59,7799994945526;983,38
FILMAR SPA;PF0570442EG0IEX1017;44/34/2 EL ECOCARE GRS 65  INT. FLEXI PA 66 - TC021-Z0049;KG;34,5699996948242;568,68
FILMAR SPA;PF0570442EG0IEX1018;44/34/2 EL ECOCARE GRS 65  INT. FLEXI PA 66 - TC022-Z0072;KG;30,789999961853;498,8
FILMAR SPA;PF0570442EG0IEX1020;44/34/2 EL ECOCARE GRS 65  INT. FLEXI PA 66 - TC015-Z0207;KG;30,9099998474121;216,37
FILMAR SPA;PF0570442EG0IEX1022;44/34/2 EL ECOCARE GRS 65  INT. FLEXI PA 66 - TC013-Z0042;KG;32,4200000762939;525,2
FILMAR SPA;PF0570442EG0IEX1028;44/34/2 EL ECOCARE GRS 65  INT. FLEXI PA 66 - LIMONE GIALLO;KG;17,6999998092651;286,74
FILMAR SPA;PF0570442EG0IEX1029;44/34/2 EL ECOCARE GRS 65  INT. FLEXI PA 66 - ROYAL BLU;KG;65,9899997711182;1077,76
FILMAR SPA;PF0570442EG0IEX1030;44/34/2 EL ECOCARE GRS 65  INT. FLEXI PA 66 - VERDE ACQUA;KG;42,4499998092651;693,02
FILMAR SPA;PF0570442EG0IEX1031;44/34/2 EL ECOCARE GRS 65  INT. FLEXI PA 66 - FUXIA;KG;31,6700005531311;221,69
FILMAR SPA;PF0570442EG0IEX1032;44/34/2 EL ECOCARE GRS 65  INT. FLEXI PA 66 - GRIGIO;KG;30,5099997520447;213,57
FILMAR SPA;PF0570442EG0IEX1033;44/34/2 EL ECOCARE GRS 65  INT. FLEXI PA 66 - V0020;KG;138,650001049042;2246,12
FILMAR SPA;PF0570442EG0IEX1034;44/34/2 EL ECOCARE GRS 65  INT. FLEXI PA 66 - A0039;KG;54,5099997520447;893,48
FILMAR SPA;PF0570442EG0IEX1035;44/34/2 EL ECOCARE GRS 65  INT. FLEXI PA 66 - 8097;KG;26,6800000071526;438,89
FILMAR SPA;PF0570442EG0IEX1036;44/34/2 EL ECOCARE GRS 65  INT. FLEXI PA 66 - 7385;KG;26,8400001525879;441,52
FILMAR SPA;PF0570442FD0IEX1008;44/34/2 EL FD ECOCARE GRS 65  INT. FLEXI PA 66 - TC007-Z0048;KG;48,7800004482269;790,24
FILMAR SPA;PF0570442FD0IEX1030;44/34/2 EL FD ECOCARE GRS 65  INT. FLEXI PA 66 - VERDE ACQUA;KG;1,89999997615814;30,78
FILMAR SPA;PF05704431B0IEX1002;44/34/2 ELAS BIOCARE  INT. FLEXI PA 66 - TC001-Z0001;KG;21,3200006484985;342,18
FILMAR SPA;PF05704431B0IEX1008;44/34/2 ELAS BIOCARE  INT. FLEXI PA 66 - TC007-Z0048;KG;1,20000004768372;18,96
FILMAR SPA;PF05704431B0IEX1030;44/34/2 ELAS BIOCARE  INT. FLEXI PA 66 - VERDE ACQUA;KG;2,78999996185303;44,08
FILMAR SPA;PF05704431B0IEX1037;44/34/2 ELAS BIOCARE  INT. FLEXI PA 66 - TC031;KG;22,7899995818734;365,78
FILMAR SPA;PF05704431B0IEX1038;44/34/2 ELAS BIOCARE  INT. FLEXI PA 66 - TC032;KG;23,0400001183152;369,79
FILMAR SPA;PF05704431B0IEX1039;44/34/2 ELAS BIOCARE  INT. FLEXI PA 66 - TC033;KG;47,5899997316301;763,82
FILMAR SPA;PF05704431B0IEX1040;44/34/2 ELAS BIOCARE  INT. FLEXI PA 66 - TC034;KG;22,5600004941225;362,09
FILMAR SPA;PF05704431B0IEX1041;44/34/2 ELAS BIOCARE  INT. FLEXI PA 66 - TC035;KG;22,3400001898408;358,56
FILMAR SPA;PF05704431B0IEX1042;44/34/2 ELAS BIOCARE  INT. FLEXI PA 66 - TC037;KG;23,1900005340576;372,2
FILMAR SPA;PF05704431B0IEX1043;44/34/2 ELAS BIOCARE  INT. FLEXI PA 66 - TC038;KG;24,3499994650483;390,81
FILMAR SPA;PF05704431B0IEX1044;44/34/2 ELAS BIOCARE  INT. FLEXI PA 66 - TC039;KG;23,2699995413423;373,49
FILMAR SPA;PF05704431B0IEX1045;44/34/2 ELAS BIOCARE  INT. FLEXI PA 66 - TC040;KG;23,2099999859929;372,52
FILMAR SPA;PF05704431B0IEX1046;44/34/2 ELAS BIOCARE  INT. FLEXI PA 66 - TC041;KG;22,949999846518;368,34
FILMAR SPA;PF05704431B0IEX1047;44/34/2 ELAS BIOCARE  INT. FLEXI PA 66 - TC042;KG;27,7300002798438;445,07
FILMAR SPA;PF05704431B0IEX1048;44/34/2 ELAS BIOCARE  INT. FLEXI PA 66 - TC043;KG;29,0899994932115;466,89
FILMAR SPA;PR05700019;;;0;857,46
(NON USARE) - CALZIFICIO POTENZA SRL;;;;;
(NON USARE) - CALZIFICIO POTENZA SRL;PF0579040/20X661005;40/2 ELAS RIT PA 66 - AZZURRO AT322;KG;13,4499998092651;156,02
(NON USARE) - CALZIFICIO POTENZA SRL;PF0579786820L661004;78/68/2  LEG.INTERL PA 66 - GREGGIO;KG;1273,87000274658;9808,84
M&G Calzificio di MACRI' GINO & C. (NON USARE);;;;;
M&G Calzificio di MACRI' GINO & C. (NON USARE);PF0581040/20XEX1000;40/2 ELAS RIT FLEXI PA 66 - BIANCO 101;KG;38,4499995708466;396,04
M&G Calzificio di MACRI' GINO & C. (NON USARE);PF0581070/20XFL1004;70/2 ELAS RIT FLEXY PA 6 - GREGGIO;KG;9,68000030517578;62,92
M&G Calzificio di MACRI' GINO & C. (NON USARE);PF0581070/30XFL1008;70/3 ELAS RIT FLEXY PA 6 - GRIGIO CHIARO A CAMPIONE;KG;10,5699996948242;96,19
DISTRETTO73 SRL;;;;;
DISTRETTO73 SRL;PF0582040/20XEX1000;40/2 ELAS RIT FLEXI PA 66 - ANTRACITE 104;KG;34,039999961853;398,28
DISTRETTO73 SRL;PF0582040/20XEX1001;40/2 ELAS RIT FLEXI PA 66 - BLU NOTTE 111;KG;40,9799995422363;479,46
ZADEIRO SRL;;;;;
ZADEIRO SRL;PF0583040/10A661000;40/1 ELAS APE PA 66 - 2294 CARTA DA ZUCCHERO;KG;73,3800020217896;807,18
ZADEIRO SRL;PF0583040/10A661003;40/1 ELAS APE PA 66 - 2223 OLTREMARE;KG;73,5800004005432;809,38
INTERSOCKS D.O.O.;;;;;
INTERSOCKS D.O.O.;PF0585070/20XFL1024;70/2 ELAS RIT FLEXY PA 6 - 38864 COVE B903;KG;75,9200000762939;730,12
INTERSOCKS D.O.O.;PF0585070/20XFL1025;70/2 ELAS RIT FLEXY PA 6 - 34171 SALMON ROSE R016;KG;34,849999666214;327,59
INTERSOCKS D.O.O.;PF0585070/20XFL1028;70/2 ELAS RIT FLEXY PA 6 - 37479 DIRECT BLUE;KG;61,6199998855591;603,88
INTERSOCKS D.O.O.;PF0585070/30XFL1018;70/3 ELAS RIT FLEXY PA 6 - 37771 SULPHUR SPRING G029;KG;35,5100002288818;333,8
INTERSOCKS D.O.O.;PF0585070/30XFL1031;70/3 ELAS RIT FLEXY PA 6 - 37029 RUGINE CORTESA;KG;41,5099992752075;415,1
INTERSOCKS D.O.O.;PF0585786020LEX1004;78/60/2 QNOVA LEG.INTERL FLEXI GRS 60 PA 66 - 39049 FUXIA BRILLANTE V009;KG;28,8500006198883;424,09
INTERSOCKS D.O.O.;PF0585786020LEX1006;78/60/2 QNOVA LEG.INTERL FLEXI GRS 60 PA 66 - 39046 BLU SCURO B207;KG;25,9000005722046;380,73
INTERSOCKS D.O.O.;PF0585786020LEX1008;78/60/2 QNOVA LEG.INTERL FLEXI GRS 60 PA 66 - 39002 NERO N002;KG;290,769998550415;4274,33
INTERSOCKS D.O.O.;PF0585786020LEX1009;78/60/2 QNOVA LEG.INTERL FLEXI GRS 60 PA 66 - 39003 BIANCO;KG;269,909998893738;3967,71
INTERSOCKS D.O.O.;PF0585786020LEX1012;78/60/2 QNOVA LEG.INTERL FLEXI GRS 60 PA 66 - 39048 DEEP BLUE B045;KG;29,9299998283386;439,97
INTERSOCKS D.O.O.;PF0585786020LEX1020;78/60/2 QNOVA LEG.INTERL FLEXI GRS 60 PA 66 - 39561 VERDINO V400;KG;36,8399991989136;541,55
INTERSOCKS D.O.O.;PF0585786020LEX1023;78/60/2 QNOVA LEG.INTERL FLEXI GRS 60 PA 66 - 39050 GRS VERDE ATOLLO V733;KG;29,5099997520447;433,8
INTERSOCKS D.O.O.;PF0585786020LEX1026;78/60/2 QNOVA LEG.INTERL FLEXI GRS 60 PA 66 - 39199 GRS TECHNO CYAN A121;KG;77,9200005531311;1145,43
INTERSOCKS D.O.O.;PF0585786020LEX1027;78/60/2 QNOVA LEG.INTERL FLEXI GRS 60 PA 66 - 39314 GRS GRIGIO METALLIC G119;KG;34,5600004196167;508,03
INTERSOCKS D.O.O.;PF0585786020LEX1029;78/60/2 QNOVA LEG.INTERL FLEXI GRS 60 PA 66 - 39006 B 103 COBALTO;KG;40,3200006484985;592,7
INTERSOCKS D.O.O.;PF0585786020LEX1030;78/60/2 QNOVA LEG.INTERL FLEXI GRS 60 PA 66 - 39013 CACTUS FLOWER F326;KG;40,7800006866455;599,47
INTERSOCKS D.O.O.;PR05850019;;;0;228,38
MARCEL LIEBAERT NV;;;NR;;92
MARCEL LIEBAERT NV;;;;;
MARCEL LIEBAERT NV;PF0598040/20XEX1010;40/2 ELAS RIT FLEXI PA 66 - M228 MOROCCAN BLUE;KG;46,1699991226196;563,27
MARCEL LIEBAERT NV;PF0598070/20X661006;70/2 ELAS RIT PA 66 - BLUE SHADOW M189;KG;78,1300001144409;742,26
MARCEL LIEBAERT NV;PF0598070/20XEX1000;70/2 ELAS RIT FLEXI PA 66 - M237 EBONY;KG;144,999998569489;1377,54
MARCEL LIEBAERT NV;PF0598070/20XEX1011;70/2 ELAS RIT FLEXI PA 66 - M183 NEA D GRIJS;KG;1,00999999046326;60
MARCEL LIEBAERT NV;PF0598070/20XEX1012;70/2 ELAS RIT FLEXI PA 66 - M934 AUBERGINE;KG;1,00999999046326;60
MARCEL LIEBAERT NV;PF0598070/20XEX1013;70/2 ELAS RIT FLEXI PA 66 - M644 JAFFA;KG;43,3899993896484;412,22
MARCEL LIEBAERT NV;PF0598070/20XEX1014;70/2 ELAS RIT FLEXI PA 66 - M292 HIGHT BLUE;KG;39,4199991226196;374,5
MARCEL LIEBAERT NV;PF05984434S0IEX1009;44/34/2 ELAS INTER. FLEXI PA 66 - MARINE M284;KG;156,969999074936;2393,8
MARCEL LIEBAERT NV;PR05980010;;;0;920,91
FLEX TEX SRL;;;NR;;1057,73
FLEX TEX SRL;;;;;
FLEX TEX SRL;PF0607070/20X661001;70/2 ELAS RIT PA 66 - ROSA 221 B;KG;49,4200005531311;469,5
FLEX TEX SRL;PF0607070/20X661012;70/2 ELAS RIT PA 66 - BURRO 6;KG;788,539997041225;7649,61
FLEX TEX SRL;PF0607070/20X661016;70/2 ELAS RIT PA 66 - PANNA 41D;KG;310,560002446175;2990,25
FLEX TEX SRL;PF0607070/20X661021;70/2 ELAS RIT PA 66 - BIANCO DIOR NEW;KG;112,970000267029;1073,25
FLEX TEX SRL;PF0607070/20X661022;70/2 ELAS RIT PA 66 - EMERALD;KG;49,0199999809265;509,82
FLEX TEX SRL;PF0607070/20X661023;70/2 ELAS RIT PA 66 - PURPLE;KG;52,1000003814697;510,58
FLEX TEX SRL;PF0607070/20X661031;70/2 ELAS RIT PA 66 - 208 FUXIA;KG;46,9900002479553;460,51
FLEX TEX SRL;PF0607070/20X661032;70/2 ELAS RIT PA 66 - RUBINO E 80;KG;21,1000003814697;206,78
FLEX TEX SRL;PF0607070/20X661034;70/2 ELAS RIT PA 66 - 390C KIWI;KG;26,539999961853;260,09
FLEX TEX SRL;PF0607070/20X661035;70/2 ELAS RIT PA 66 - 151C;KG;26,2200002670288;256,96
FLEX TEX SRL;PF0607070/20X661036;70/2 ELAS RIT PA 66 - 200C ;KG;27,1799998283386;266,36
FLEX TEX SRL;PF0607070/20X661037;70/2 ELAS RIT PA 66 - 2426C;KG;26;254,8
FLEX TEX SRL;PF0607070/20X661038;70/2 ELAS RIT PA 66 - TANGERINE;KG;27,4200000762939;268,72
FLEX TEX SRL;PF0607070/30XFL1007;70/3 ELAS RIT FLEXY PA 6 - NERO;KG;98,5300002098083;965,6
FLEX TEX SRL;PF0607070/30XFL1034;70/3 ELAS RIT FLEXY PA 6 - 390C KIWI;KG;21,6099996566772;211,78
FLEX TEX SRL;PF0607070/30XFL1038;70/3 ELAS RIT FLEXY PA 6 - TANGERINE;KG;20,6800003051758;202,66
FLEX TEX SRL;PF0607070/30XFL1039;70/3 ELAS RIT FLEXY PA 6 - NUDO E260;KG;23,710000038147;232,36
FLEX TEX SRL;PF0607070/30XFL1040;70/3 ELAS RIT FLEXY PA 6 - KIWI W03;KG;322,840002536774;3357,51
FLEX TEX SRL;PF0607070/30XFL1041;70/3 ELAS RIT FLEXY PA 6 - PINK;KG;19,3000001907349;200,72
FLEX TEX SRL;PF0607070/30XFL1042;70/3 ELAS RIT FLEXY PA 6 - RED;KG;20,25;210,6
FLEX TEX SRL;PF0607070/30XFL1043;70/3 ELAS RIT FLEXY PA 6 - PARAKEET;KG;19,5900001525879;203,73
FLEX TEX SRL;PF0607100/20X661034;100/2 ELAS RIT PA 66 - 390C KIWI;KG;15,4300003051758;157,39
FLEX TEX SRL;PF0607100/20X661035;100/2 ELAS RIT PA 66 - 151C;KG;15,0899996757507;153,91
FLEX TEX SRL;PF0607100/20X661036;100/2 ELAS RIT PA 66 - 200C ;KG;16,1100001335144;164,32
FLEX TEX SRL;PF0607100/20X661037;100/2 ELAS RIT PA 66 - 2426C;KG;17,4499995708466;177,99
FLEX TEX SRL;PF0607100/20X661038;100/2 ELAS RIT PA 66 - TANGERINE;KG;3,20000004768372;32,64
FLEX TEX SRL;PF0607167480APF1040;167/48 SO APE PES - KIWI W03;KG;42,9000005722046;278,85
FLEX TEX SRL;PR06070019;;;0;207,9
SOX2SOX B.V.;;;;;
SOX2SOX B.V.;PF0611070/20XEX1017;70/2 ELAS RIT FLEXI PA 66 - GREGGIO;KG;105,650000572205;739,55
SOX2SOX B.V.;PF0611070/20XFL1004;70/2 ELAS RIT FLEXY PA 6 - WHITE;KG;71,5099999904633;643,59
SOX2SOX B.V.;PF0611070/30XFL1003;70/3 ELAS RIT FLEXY PA 6 - 730186 GIALLO FLUO;KG;39,3499993085861;369,89
SOX2SOX B.V.;PF0611070/30XFL1004;70/3 ELAS RIT FLEXY PA 6 - WHITE;KG;208,840001106262;1963,1
SOX2SOX B.V.;PF0611070/30XFL1006;70/3 ELAS RIT FLEXY PA 6 - 781801 ROSE FLUO;KG;41,3599996566772;372,24
SOX2SOX B.V.;PF0611070/30XFL1008;70/3 ELAS RIT FLEXY PA 6 - 685801 MARINE L. NAVY;KG;34,7799997329712;313,02
SOX2SOX B.V.;PF0611070/30XFL1009;70/3 ELAS RIT FLEXY PA 6 - 731233 TURKIS;KG;103,869999885559;934,83
SOX2SOX B.V.;PF0611070/30XFL1010;70/3 ELAS RIT FLEXY PA 6 - RED SPECIAL FLUO;KG;99,5699996948242;935,96
SOX2SOX B.V.;PF0611070/30XFL1011;70/3 ELAS RIT FLEXY PA 6 - YELLOW;KG;43,0699999332428;404,85
SOX2SOX B.V.;PF0611070/30XFL1012;70/3 ELAS RIT FLEXY PA 6 - ORANGE;KG;41,8299999237061;393,2
SOX2SOX B.V.;PF0611070/30XFL1013;70/3 ELAS RIT FLEXY PA 6 - GREEN FLUO;KG;44,2599992752075;416,04
SOX2SOX B.V.;PF0611070/30XFL1015;70/3 ELAS RIT FLEXY PA 6 - 7408 C;KG;37,9099988937378;356,36
SOX2SOX B.V.;PF0611070/30XFL1016;70/3 ELAS RIT FLEXY PA 6 - VERDE A CAMPIONE;KG;39,5600004196167;371,86
SOX2SOX B.V.;PF0611070/30XFL1018;70/3 ELAS RIT FLEXY PA 6 - G126 ;KG;39,1699987649918;368,2
SOX2SOX B.V.;PF0611070/40I6P1014;78/4 MELANGE INT. PA 66 + PA 66 - ROSSO 1807C + ROSSO 1787C;KG;40,8399996757507;530,92
SOX2SOX B.V.;PR06110006;;;0;112,28
SOX2SOX B.V.;PR06110010;;;0;1174
ALPIN CORAP SAN. TIC. A.S.;;;KG;7;14
ALPIN CORAP SAN. TIC. A.S.;;;;0;0
(NON USARE) - ANTORAF SRL Società Unipersonale;;;;;
(NON USARE) - ANTORAF SRL Società Unipersonale;PF0621070/20XRF1000;70/2 ELAS RIT RENYCLE 100% GRS FLEXY PA 6 - NERO;KG;40,1999998092651;643,2
(NON USARE) - ANTORAF SRL Società Unipersonale;PF0621070/20XRF1001;70/2 ELAS RIT RENYCLE 100% GRS FLEXY PA 6 - VERDE FLUO;KG;31,5999999046326;505,6
(NON USARE) - ANTORAF SRL Società Unipersonale;PF0621070/20XRF1002;70/2 ELAS RIT RENYCLE 100% GRS FLEXY PA 6 - CICLAMINO;KG;20,3299999237061;325,28
(NON USARE) - ANTORAF SRL Società Unipersonale;PF0621070/20XRF1003;70/2 ELAS RIT RENYCLE 100% GRS FLEXY PA 6 - GIALLO FLUO;KG;22,0499997138977;352,8
(NON USARE) - ANTORAF SRL Società Unipersonale;PR06210006;;;0;26,83
(NON USARE) - ANTORAF SRL Società Unipersonale;PR06210019;;;0;228,36
PIROLA PASSAMANERIE SRL;;;;;
PIROLA PASSAMANERIE SRL;PF0626070/20X661000;70/2 ELAS RIT PA 66 - NERO;KG;50,7200012207031;481,85
PIROLA PASSAMANERIE SRL;PF0626070/20X661001;70/2 ELAS RIT PA 66 - VERDE VIVO 16-6340 TP;KG;28,6700000762939;301,04
PIROLA PASSAMANERIE SRL;PR06260019;;;0;57,34
FEETNESS SRL;;;NR;6;0
FEETNESS SRL;;;;0;0
FEETNESS SRL;PF0632070/20X661024;70/2 ELAS RIT PA 66 - GREGGIO;KG;68,6700005531311;446,38
FEETNESS SRL;PF0632070/20XEX1001;70/2 ELAS RIT FLEXI PA 66 - NERO 999;KG;762,230001449585;7725,88
FEETNESS SRL;PF0632070/20XEX1002;70/2 ELAS RIT FLEXI PA 66 - GRIGIO 981/A;KG;72,140000462532;741,89
FEETNESS SRL;PF0632070/20XEX1004;70/2 ELAS RIT FLEXI PA 66 - FUXIA 340;KG;28,789999961853;279,27
FEETNESS SRL;PF0632070/20XEX1006;70/2 ELAS RIT FLEXI PA 66 - ARANCIO 351 FLUO ;KG;88,3899984359741;892,74
FEETNESS SRL;PF0632070/20XEX1007;70/2 ELAS RIT FLEXI PA 66 - GRIGIO 819;KG;34,8800005912781;338,33
FEETNESS SRL;PF0632070/20XEX1009;70/2 ELAS RIT FLEXI PA 66 - FUXIA NEON 380 FLUO;KG;41,2599992752075;416,73
FEETNESS SRL;PF0632070/20XEX1010;70/2 ELAS RIT FLEXI PA 66 - BLU 628/98;KG;72,8700008392334;744,81
FEETNESS SRL;PF0632070/20XEX1015;70/2 ELAS RIT FLEXI PA 66 - GRIGIO 801;KG;82,2299990653992;797,64
FEETNESS SRL;PF0632070/20XEX1016;70/2 ELAS RIT FLEXI PA 66 - GLICINE 714;KG;20,3600006103516;197,5
FEETNESS SRL;PF0632070/20XEX1018;70/2 ELAS RIT FLEXI PA 66 - ROSA 309;KG;57,9299988746643;561,92
FEETNESS SRL;PF0632070/20XEX1019;70/2 ELAS RIT FLEXI PA 66 - GRIGIO 807;KG;31,2500009536743;303,13
FEETNESS SRL;PF0632070/20XEX1020;70/2 ELAS RIT FLEXI PA 66 - GIALLO 103;KG;35,25;341,93
FEETNESS SRL;PF0632070/20XEX1021;70/2 ELAS RIT FLEXI PA 66 - VERDE 450;KG;34,659999370575;336,21
FEETNESS SRL;PF0632070/20XEX1026;70/2 ELAS RIT FLEXI PA 66 - ARANCIO 352;KG;5,51999998092651;55,75
FEETNESS SRL;PF0632070/20XEX1027;70/2 ELAS RIT FLEXI PA 66 - CICLAMINO 349;KG;5,32000017166138;53,73
FEETNESS SRL;PF0632070/20XEX1028;70/2 ELAS RIT FLEXI PA 66 - GIALLO 121;KG;5,36999988555908;54,24
FEETNESS SRL;PF0632070/20XEX1029;70/2 ELAS RIT FLEXI PA 66 - ROSA 322;KG;5,57999992370605;56,36
FEETNESS SRL;PF0632070/20XEX1030;70/2 ELAS RIT FLEXI PA 66 - AZZURRO 502;KG;4,76999998092651;48,18
FEETNESS SRL;PF0632070/20XEX1031;70/2 ELAS RIT FLEXI PA 66 - AZZURRO 622;KG;40,9700002670288;413,8
FEETNESS SRL;PF0632070/30XFL1000;70/3 ELAS RIT FLEXY PA 6 - BIANCO;KG;51,949999332428;498,71
FEETNESS SRL;PF0632070/30XFL1006;70/3 ELAS RIT FLEXY PA 6 - ARANCIO 351 FLUO ;KG;6,36999988555908;59,24
FEETNESS SRL;PF0632070/40XFL1000;70/4 ELAS RIT FLEXY PA 6 - BIANCO;KG;102,840000152588;1048,96
FEETNESS SRL;PF0632070/40XFL1001;70/4 ELAS RIT FLEXY PA 6 - NERO 999;KG;37,5599994659424;383,11
FEETNESS SRL;PF0632070/40XFL1007;70/4 ELAS RIT FLEXY PA 6 - GRIGIO 819;KG;32,8699998855591;335,28
FEETNESS SRL;PF0632070/40XFL1009;70/4 ELAS RIT FLEXY PA 6 - FUXIA NEON 380 FLUO;KG;39,140000462532;399,23
FEETNESS SRL;PF0632070/40XFL1026;70/4 ELAS RIT FLEXY PA 6 - ARANCIO 352;KG;24,5800008773804;250,71
FEETNESS SRL;PF0632070/40XFL1027;70/4 ELAS RIT FLEXY PA 6 - CICLAMINO 349;KG;19,710000038147;201,05
FEETNESS SRL;PF0632070/40XFL1028;70/4 ELAS RIT FLEXY PA 6 - GIALLO 121;KG;19,8099999427795;202,06
FEETNESS SRL;PF0632070/40XFL1029;70/4 ELAS RIT FLEXY PA 6 - ROSA 322;KG;19,7199997901917;201,14
FEETNESS SRL;PF0632070/40XFL1030;70/4 ELAS RIT FLEXY PA 6 - AZZURRO 502;KG;19,6900000572205;200,84
FEETNESS SRL;PF0632070/60XP61000;70/6 ELAS RIT PA 6 - BIANCO;KG;44,7299993038177;536,76
FEETNESS SRL;PF0632100/20XEX1001;100/2 ELAS RIT FLEXI PA 66 - NERO 999;KG;34,4899997711182;351,79
FEETNESS SRL;PF0632100/20XEX1025;100/2 ELAS RIT FLEXI PA 66 - GIALLO FLUO E 99;KG;32,220000743866;328,64
FEETNESS SRL;PF0632100/20XEX1032;100/2 ELAS RIT FLEXI PA 66 - ROSSO 355;KG;39,760000705719;405,55
FEETNESS SRL;PF0632100/20XEX1033;100/2 ELAS RIT FLEXI PA 66 - AZZURRO 418;KG;40,5099995136261;413,2
FEETNESS SRL;PF0632781820ITP1022;78/18X2 INT. PA6 TINTO PASTA - GRIGIO MEDIO 1022;KG;1,57000005245209;10,99
FEETNESS SRL;PF0632781820ITP1023;78/18X2 INT. PA6 TINTO PASTA - CARBONE 1030;KG;1,12999999523163;7,91
FEETNESS SRL;PF0632783QS0IEX1000;78/68/3 ELAS QSKIN INT. FLEXI PA 66 - BIANCO;KG;33,1000001430511;581,36
FEETNESS SRL;PF0632783QS0IEX1001;78/68/3 ELAS QSKIN INT. FLEXI PA 66 - NERO 999;KG;33,6200006008148;590,4
FEETNESS SRL;PF0632783QS0IEX1006;78/68/3 ELAS QSKIN INT. FLEXI PA 66 - ARANCIO 351 FLUO ;KG;12,4399995803833;223,92
FEETNESS SRL;PF0632783QS0IEX1025;78/68/3 ELAS QSKIN INT. FLEXI PA 66 - GIALLO FLUO E 99;KG;26,9299994111061;471,28
FEETNESS SRL;PF0632786830I661005;78/68/3 ELAS INT. PA 66 - GRIGIO 806;KG;32,0900001525879;433,22
FEETNESS SRL;PF0632786830I661017;78/68/3 ELAS INT. PA 66 - GRIGIO 422/C;KG;31,2899992465973;422,42
FEETNESS SRL;PF0632786830I661018;78/68/3 ELAS INT. PA 66 - ROSA 309;KG;37,7999992370605;510,31
FEETNESS SRL;PF063278QSK0IEX1001;78/68/2 QSKIN INT. FLEXI PA 66 - NERO 999;KG;43,1300001144409;728,91
FEETNESS SRL;PR06320006;;;0;123,39
FEETNESS SRL;PR06320019;;;0;78
CALZIFICIO DANY SRL;;;;;
CALZIFICIO DANY SRL;PF0633070/30XFL1002;70/3 ELAS RIT FLEXY PA 6 - GIALLO FLUO E 99 TECNOYARN;KG;142,68000125885;1398,25
CALZIFICIO DANY SRL;PF0633070/30XFL1003;70/3 ELAS RIT FLEXY PA 6 - BLU E 12;KG;162,979999542236;1548,33
CALZIFICIO DANY SRL;PF0633070/30XFL1005;70/3 ELAS RIT FLEXY PA 6 - TURCHESE E 18;KG;54,2400007247925;531,55
CALZIFICIO DANY SRL;PF0633070/30XFL1012;70/3 ELAS RIT FLEXY PA 6 - METALLIC;KG;52,4600005149841;514,11
CALZIFICIO DANY SRL;PF0633070/30XFL1013;70/3 ELAS RIT FLEXY PA 6 - ROYAL E 66;KG;53,1700000762939;521,06
CALZIFICIO DANY SRL;PF0633070/30XFL1014;70/3 ELAS RIT FLEXY PA 6 - ARANCIO FLUO;KG;103,719999313354;1016,46
CALZIFICIO DANY SRL;PF0633070/30XFL1015;70/3 ELAS RIT FLEXY PA 6 - FUXIA FLUO E 672;KG;53,2800002098083;522,15
CALZIFICIO DANY SRL;PF0633070/30XFL1016;70/3 ELAS RIT FLEXY PA 6 - GIALLO MACRON;KG;114,44000005722;1121,51
CALZIFICIO DANY SRL;PF0633070/30XFL1017;70/3 ELAS RIT FLEXY PA 6 - VERDE FLUO E 98;KG;100,2399995327;982,35
CALZIFICIO DANY SRL;PF063378QSK0IEX1002;78/68/2 QSKIN INT. FLEXI PA 66 - GIALLO FLUO E 99 TECNOYARN;KG;49,2100005149841;738,15
CALZIFICIO DANY SRL;PF063378QSK0IEX1009;78/68/2 QSKIN INT. FLEXI PA 66 - BLUE JEWEL 190;KG;52,0700006484985;781,05
CALZIFICIO DANY SRL;PF063378QSK0IEX1010;78/68/2 QSKIN INT. FLEXI PA 66 - ARANCIO FLUO E 100;KG;50,3199996948242;754,8
CALZIFICIO DANY SRL;PF063378QSK0IEX1011;78/68/2 QSKIN INT. FLEXI PA 66 - ROSSO E 33;KG;51,1300010681152;766,95
CALZIFICIO DANY SRL;PR06330006;;;0;249,74
NORMAN SRL;;;;;
NORMAN SRL;PF0649070/20XEX1002;70/2 ELAS RIT FLEXI PA 66 - E 66 ROYAL;KG;96,6799983978271;918,48
NORMAN SRL;PF0649070/20XEX1006;70/2 ELAS RIT FLEXI PA 66 - F0311 BEIGE;KG;148,630000114441;1412,01
NORMAN SRL;PF0649070/20XEX1008;70/2 ELAS RIT FLEXI PA 66 - 05433 ULTRABLACK PES N06 GREY;KG;152,779999256134;1451,45
NORMAN SRL;PF0649070/20XEX1015;70/2 ELAS RIT FLEXI PA 66 - 05641 HERON 2018 DNN;KG;76,4200000762939;726,01
NORMAN SRL;PF0649070/20XEX1018;70/2 ELAS RIT FLEXI PA 66 - E 11 NOTTE;KG;133,889999866486;1271,98
NORMAN SRL;PF0649070/20XEX1024;70/2 ELAS RIT FLEXI PA 66 - 05370 BLUE#016;KG;3,80999994277954;36,2
NORMAN SRL;PF0649070/20XEX1026;70/2 ELAS RIT FLEXI PA 66 - E 12 NAVY;KG;133,430002450943;1267,62
NORMAN SRL;PF0649070/20XEX1027;70/2 ELAS RIT FLEXI PA 66 - 3358 SAMBUCO;KG;123,790000200272;1176,02
NORMAN SRL;PF0649070/20XEX1028;70/2 ELAS RIT FLEXI PA 66 - 05377 BOYSENBERRY;KG;120,960000991821;1149,15
NORMAN SRL;PF0649070/20XEX1029;70/2 ELAS RIT FLEXI PA 66 - F0447 VERDE;KG;148,629998922348;1412,03
NORMAN SRL;PF0649070/20XEX1030;70/2 ELAS RIT FLEXI PA 66 - 05099 BRIGHT CORAL FLUO;KG;119,17999958992;1132,22
NORMAN SRL;PF0649070/20XEX1031;70/2 ELAS RIT FLEXI PA 66 - 06040 OCEAN CARRF;KG;149,070000648499;1416,19
NORMAN SRL;PF0649070/20XEX1032;70/2 ELAS RIT FLEXI PA 66 - 05374 WINTER BLOOM;KG;142,649998784065;1355,22
NORMAN SRL;PF0649070/20XEX1033;70/2 ELAS RIT FLEXI PA 66 - 04432 NUDE BASICO;KG;145,339999675751;1380,76
NORMAN SRL;PF0649070/20XEX1034;70/2 ELAS RIT FLEXI PA 66 - 05535 VELVET MORNING;KG;139,149998664856;1321,94
NORMAN SRL;PF0649070/20XEX1035;70/2 ELAS RIT FLEXI PA 66 - 06181 BLACK PLUM CZS;KG;35,3799991607666;336,12
NORMAN SRL;PF0649070/20XEX1036;70/2 ELAS RIT FLEXI PA 66 - F0476 GIALLO;KG;143,120000362396;1359,66
NORMAN SRL;PF0649070/20XEX1037;70/2 ELAS RIT FLEXI PA 66 - 06147 H10A PINK WO-PA/PPL NERO;KG;51,2599992752075;486,99
NORMAN SRL;PF0649070/20XEX1038;70/2 ELAS RIT FLEXI PA 66 - 2165 SOFT MAUVE;KG;119,660000801086;1136,8
NORMAN SRL;PF0649070/20XEX1039;70/2 ELAS RIT FLEXI PA 66 - 05699 KHAKI 2019;KG;122,009999752045;1159,12
NORMAN SRL;PF0649070/20XEX1040;70/2 ELAS RIT FLEXI PA 66 - 03595 PEWTER GREY;KG;120,739999771118;1147,05
NORMAN SRL;PF0649070/20XEX1043;70/2 ELAS RIT FLEXI PA 66 - 06245 DISCREET BROWN C&A;KG;146,220000267029;1389,11
NORMAN SRL;PF0649070/20XEX1047;70/2 ELAS RIT FLEXI PA 66 - 05366 NOMAD 1K3 1212;KG;142,059999227524;1349,59
NORMAN SRL;PR06490001;;;0;1900,41
NORMAN SRL;PR06490006;;;0;119,18
ALBERTO BARDAZZI SPA;;;;;
ALBERTO BARDAZZI SPA;PF0655782420XEN1010;78/24/2 ELAS RIT 100% PA ECONYL - ROYAL A. C.;KG;34,8400005102158;231,69
ALBERTO BARDAZZI SPA;PF0655782420XEN1011;78/24/2 ELAS RIT 100% PA ECONYL - NAVY A. C.;KG;33,3299998044968;221,65
RADICI YARN SPA;;;KG;134,380001068115;-1345,06
RADICI YARN SPA;;;;0;0
RADICI YARN SPA;PF0660786820IM61003;78/68/2  INT. MICRO FLEXY PA 6 - RN11553 BLUE GREY G19A;KG;1,00999999046326;50
RADICI YARN SPA;PF0660786820IMP1000;78/68/2 EL INT MI PA 6 - RN11481 DKT K20B GREY;KG;1062,37000489235;10861,61
RADICI YARN SPA;PF0660786820IMP1002;78/68/2 EL INT MI PA 6 - RN11484 DKT D09A RED;KG;136,710001945496;1348,02
RADICI YARN SPA;PF0660786820IMP1003;78/68/2 EL INT MI PA 6 - RN11553  BLUE GREY G19A;KG;3072,93000292778;31057,11
RADICI YARN SPA;PF0660786820IMP1006;78/68/2 EL INT MI PA 6 - RN 11692 G26A KHAKI TK;KG;1,00999999046326;50
RADICI YARN SPA;PF0660786820IMP1007;78/68/2 EL INT MI PA 6 - RN11693 BEET RED TK;KG;1,00999999046326;50
RADICI YARN SPA;PF0660786820IMP1008;78/68/2 EL INT MI PA 6 - RN11694 H17B TK;KG;799,350002765656;8475,2
FILARTEX SPA;;;;;
FILARTEX SPA;PF0670070/30IVF1001;70/3 EL INT VENERE GRS 100 FLEXY PA 6 - PANORAMA;KG;43,8300004005432;438,3
FILARTEX SPA;PF0670070/30IVF1002;70/3 EL INT VENERE GRS 100 FLEXY PA 6 - CALCE;KG;40,4099998474121;404,1
FILARTEX SPA;PF0670070/30IVF1003;70/3 EL INT VENERE GRS 100 FLEXY PA 6 - CREMA;KG;36,3000001907349;363
FILARTEX SPA;PF0670070/30IVF1004;70/3 EL INT VENERE GRS 100 FLEXY PA 6 - FUX FLUO;KG;36,3199996948242;363,2
FILARTEX SPA;PF0670070/30IVF1006;70/3 EL INT VENERE GRS 100 FLEXY PA 6 - ALIZE GRS;KG;43,7100009918213;437,1
FILARTEX SPA;PF0670070/30IVF1007;70/3 EL INT VENERE GRS 100 FLEXY PA 6 - BALMORE;KG;45,2999997138977;475,66
FILARTEX SPA;PF0670070/30XFL1000;70/3 ELAS RIT FLEXY PA 6 - NIGHT BLUE;KG;16,4199995994568;164,2
FILARTEX SPA;PR06700006;;;0;36,32
FILARTEX SPA;PR06700019;;;0;32,84
CALZIFICIO M&G S.R.L.;;;;;
CALZIFICIO M&G S.R.L.;PF0673040/20XEX1002;40/2 ELAS RIT FLEXI PA 66 - BLU NAVY 112;KG;37,4999995231628;412,5
CALZIFICIO M&G S.R.L.;PF0673040/20XEX1008;40/2 ELAS RIT FLEXI PA 66 - NERO;KG;108,859999656677;1197,46
CALZIFICIO M&G S.R.L.;PF0673040/20XEX1009;40/2 ELAS RIT FLEXI PA 66 - CANDIDO;KG;98,0999984741211;1079,1
CALZIFICIO M&G S.R.L.;PF0673040/20XEX1010;40/2 ELAS RIT FLEXI PA 66 - ABISSO 262 T&T;KG;35,4899997711182;390,39
CALZIFICIO M&G S.R.L.;PF0673040/20XEX1011;40/2 ELAS RIT FLEXI PA 66 - BLU NOTTE 111;KG;106,270000457764;1168,97
CALZIFICIO M&G S.R.L.;PF0673040/20XEX1012;40/2 ELAS RIT FLEXI PA 66 - GREGGIO;KG;30,8199996948242;246,56
CALZIFICIO M&G S.R.L.;PF0673070/20XFL1000;70/2 ELAS RIT FLEXY PA 6 - ARGENTO 417;KG;22,6199998855591;209,93
CALZIFICIO M&G S.R.L.;PF0673070/20XFL1001;70/2 ELAS RIT FLEXY PA 6 - ROSA 148;KG;24,710000038147;230,71
CALZIFICIO M&G S.R.L.;PF0673070/20XFL1002;70/2 ELAS RIT FLEXY PA 6 - BLU NAVY 112;KG;25,3299999237061;236,03
CALZIFICIO M&G S.R.L.;PF0673070/20XFL1008;70/2 ELAS RIT FLEXY PA 6 - NERO;KG;12,2799997329712;117,89
CALZIFICIO M&G S.R.L.;PF0673070/20XFL1009;70/2 ELAS RIT FLEXY PA 6 - CANDIDO;KG;16,8400001525879;161,66
CALZIFICIO M&G S.R.L.;PF0673070/20XFL1010;70/2 ELAS RIT FLEXY PA 6 - ABISSO 262 T&T;KG;21,6499996185303;207,84
CALZIFICIO M&G S.R.L.;PF0673070/20XFL1011;70/2 ELAS RIT FLEXY PA 6 - BLU NOTTE 111;KG;18;172,8
CALZIFICIO M&G S.R.L.;PF0673070/20XFL1012;70/2 ELAS RIT FLEXY PA 6 - GREGGIO;KG;11;72,6
CALZIFICIO M&G S.R.L.;PF0673070/30XFL1002;70/3 ELAS RIT FLEXY PA 6 - BLU NAVY 112;KG;40,9099998474121;379,97
CALZIFICIO M&G S.R.L.;PF0673070/30XFL1003;70/3 ELAS RIT FLEXY PA 6 - GRIGIO CHIARO 106;KG;26,5199995040894;246,05
CALZIFICIO M&G S.R.L.;PF0673070/30XFL1004;70/3 ELAS RIT FLEXY PA 6 - ANTRACITE 104;KG;59,3499994277954;581,5
CALZIFICIO M&G S.R.L.;PF0673070/30XFL1005;70/3 ELAS RIT FLEXY PA 6 - GHISA 400;KG;25,210000038147;234,66
CALZIFICIO M&G S.R.L.;PF0673070/30XFL1006;70/3 ELAS RIT FLEXY PA 6 - GRIGIO CHIARO A CAMPIONE;KG;39,970000743866;371,22
CALZIFICIO M&G S.R.L.;PF0673070/30XFL1007;70/3 ELAS RIT FLEXY PA 6 - OCRA 1027;KG;18,8299999237061;174,74
CALZIFICIO M&G S.R.L.;PF0673070/30XFL1008;70/3 ELAS RIT FLEXY PA 6 - NERO;KG;11,0699996948242;99,63
CALZIFICIO M&G S.R.L.;PF0673070/30XFL1009;70/3 ELAS RIT FLEXY PA 6 - CANDIDO;KG;10,5699996948242;95,13
CALZIFICIO M&G S.R.L.;PF0673070/30XFL1010;70/3 ELAS RIT FLEXY PA 6 - ABISSO 262 T&T;KG;22,4200000762939;208,66
CALZIFICIO M&G S.R.L.;PF0673070/30XFL1013;70/3 ELAS RIT FLEXY PA 6 - CARTELLA RV888;KG;0,910000026226044;8,74
CALZIFICIO M&G S.R.L.;PF0673070/30XFL1014;70/3 ELAS RIT FLEXY PA 6 - CARTELLA RV887;KG;6,48000001907349;66,1
CALZIFICIO M&G S.R.L.;PF0673070/30XFL1015;70/3 ELAS RIT FLEXY PA 6 - FUXIA 1023;KG;20,9300003051758;213,48
CALZIFICIO M&G S.R.L.;PR06730010;;;0;14
CALZIFICIO M&G S.R.L.;PR06730019;;;0;41,86
(NON USARE) DE IACO RITA Calzificio;;;;;
(NON USARE) DE IACO RITA Calzificio;PF0676070/30XFL1000;70/3 ELAS RIT FLEXY PA 6 - E 33 ROSSO;KG;43,1800003051758;414,53
(NON USARE) DE IACO RITA Calzificio;PF0676070/30XFL1001;70/3 ELAS RIT FLEXY PA 6 - E 36 LIMONE;KG;46,0999989509583;442,56
(NON USARE) DE IACO RITA Calzificio;PF0676070/30XFL1002;70/3 ELAS RIT FLEXY PA 6 - E 35 ARANCIO;KG;46,4999990463257;446,4
(NON USARE) DE IACO RITA Calzificio;PF0676070/30XFL1003;70/3 ELAS RIT FLEXY PA 6 - E 32 VINO;KG;45,5799999237061;437,56
(NON USARE) DE IACO RITA Calzificio;PF0676070/30XFL1004;70/3 ELAS RIT FLEXY PA 6 - E 16 AZZURRO;KG;44,1000003814697;423,37
(NON USARE) DE IACO RITA Calzificio;PF0676070/30XFL1005;70/3 ELAS RIT FLEXY PA 6 - E 6 TUBO;KG;44,1099996566772;423,45
(NON USARE) DE IACO RITA Calzificio;PF0676070/30XFL1006;70/3 ELAS RIT FLEXY PA 6 - E 65 BURRASCA;KG;44,5699998736382;427,87
(NON USARE) DE IACO RITA Calzificio;PF0676070/30XFL1007;70/3 ELAS RIT FLEXY PA 6 - NERO;KG;24,8200006484985;238,27
(NON USARE) DE IACO RITA Calzificio;PF0676070/30XFL1008;70/3 ELAS RIT FLEXY PA 6 - BIANCO;KG;24,1399993896484;231,75
2M SRL;;;KG;77,4400024414063;-882,82
2M SRL;;;;0;0
2M SRL;PF0679FILPA0IEX1000;FILPA0120 78/68/3 INT. FLEXI PA 66 - BL0536 BLU PETROLIO;KG;552,419999599457;6297,61
2M SRL;PF0679FILPA0IEX1001;FILPA0120 78/68/3 INT. FLEXI PA 66 - RO0422 ROSA ANTICO;KG;609,040000379086;6943,06
2M SRL;PF0679FILPA0IEX1002;FILPA0120 78/68/3 INT. FLEXI PA 66 - BL0535 BLU NOTTE;KG;606,519998431206;6914,33
CALZIFICIO PM SNC;;;;;
CALZIFICIO PM SNC;PF0680070/30XFL1000;70/3 ELAS RIT FLEXY PA 6 - ANTRACITE PORTIERI;KG;412,3000010252;3998,09
CALZIFICIO PM SNC;PF0680070/30XFL1001;70/3 ELAS RIT FLEXY PA 6 - NERO;KG;562,420000433922;5511,73
CALZIFICIO PM SNC;PF0680070/30XFL1002;70/3 ELAS RIT FLEXY PA 6 - E 33 ROSSO;KG;353,829998493195;3467,51
CALZIFICIO PM SNC;PF0680100/20XFL1000;100/2 ELAS RIT FLEXY PA 6 - ANTRACITE PORTIERI;KG;398,000000476837;4099,46
ALMA SRL;;;NR;;16
ALMA SRL;;;;;
ALMA SRL;PF0683070/20XP61000;70/2 ELAS RIT PA 6 - ANTRACITE E 4;KG;221,289998054504;1969,49
ALMA SRL;PF0683070/20XP61002;70/2 ELAS RIT PA 6 - E 13 INDACO;KG;54,989999294281;489,41
ALMA SRL;PF0683070/20XP61003;70/2 ELAS RIT PA 6 - BLU JEANS CAMPIONE 09_21;KG;89,5600004196167;797,09
ALMA SRL;PF0683070/20XP61004;70/2 ELAS RIT PA 6 - VERDE FLUO E 98;KG;46,1999998092651;411,18
ALMA SRL;PF0683070400I661007;78/2 MELANGE INTER PA 66 - DARK GREY MELANGE ME002;KG;1,02999997138977;13,39
ALMA SRL;PF0683701TT0I661008;78/2 MELANGE INTER PA 66 - GR MEDIO MELANGE M003;KG;0,629999995231628;6,93
ALMA SRL;PF0683701TT0I661009;78/2 MELANGE INTER PA 66 - BLU MELANGE ME004;KG;1,20000004768372;15,6
ALMA SRL;PF0683LU1400XP61006;140 LUCIDO RIT 200 S PA 6 - NERO LUCIDO GS836;KG;1,8400000333786;36,8
ALMA SRL;PF0683LU1400XP61010;140 LUCIDO RIT 200 S PA 6 - CANDIDO LUCIDO;KG;1,53999996185303;30,8
ALMA SRL;PR06830006;;;0;36,96
MANIFATTURA MARIS SRL ;;;;;
MANIFATTURA MARIS SRL ;PF0685070/20XFL1001;70/2 ELAS RIT FLEXY PA 6 - CARBON GREY N06A;KG;0,620000004768372;6,08
MANIFATTURA MARIS SRL ;PF0685070/20XFL1008;70/2 ELAS RIT FLEXY PA 6 - BL087 NYFIL;KG;0,819999992847443;8,04
MANIFATTURA MARIS SRL ;PF0685070/30XFL1000;70/3 ELAS RIT FLEXY PA 6 - GRIGIO TOPO GM327;KG;3,99000000953674;39,1
MANIFATTURA MARIS SRL ;PF0685070/30XFL1001;70/3 ELAS RIT FLEXY PA 6 - CARBON GREY N06A;KG;0,850000023841858;8,33
MANIFATTURA MARIS SRL ;PF0685070/30XFL1002;70/3 ELAS RIT FLEXY PA 6 - N05B FORGED IRON;KG;0,970000028610229;9,51
MANIFATTURA MARIS SRL ;PF0685070/30XFL1004;70/3 ELAS RIT FLEXY PA 6 - ARGENTO GC101;KG;1;9,8
MANIFATTURA MARIS SRL ;PF0685070/30XFL1006;70/3 ELAS RIT FLEXY PA 6 - GRIGIO N03A;KG;0,970000028610229;9,51
MANIFATTURA MARIS SRL ;PF0685070/30XFL1007;70/3 ELAS RIT FLEXY PA 6 - ROSE OF SHARON 17-1635 H09C;KG;1,76999998092651;17,34
MANIFATTURA MARIS SRL ;PF0685786830I661003;78/68/3 ELAS INT. PA 66 - BORDO' E 31;KG;0,810000002384186;9,32
MANIFATTURA MARIS SRL ;PF0685786830IEX1003;78/68/3 ELAS INT. FLEXI PA 66 - BORDO' E 31;KG;88,9899997711182;1147,97
MANIFATTURA MARIS SRL ;PF0685786830IEX1005;78/68/3 ELAS INT. FLEXI PA 66 - BISCAY BAY;KG;48,8400001525879;630,04
MANIFATTURA CANTU' EGIZIO SNC;;;;;
MANIFATTURA CANTU' EGIZIO SNC;PF0686040/20XEX1001;40/2 ELAS RIT FLEXI PA 66 - BEIGE 001;KG;23,210000038147;293,61
MANIFATTURA CANTU' EGIZIO SNC;PF0686070/20XFL1001;70/2 ELAS RIT FLEXY PA 6 - BEIGE 001;KG;143,229999542236;1425,15
MANIFATTURA CANTU' EGIZIO SNC;PF0686070/40XFL1000;70/4 ELAS RIT FLEXY PA 6 - CARNE 6052;KG;87,1300001144409;893,08
MANIFATTURA CANTU' EGIZIO SNC;PF0686070/40XFL1001;70/4 ELAS RIT FLEXY PA 6 - BEIGE 001;KG;145,570001602173;1492,11
MANIFATTURA CANTU' EGIZIO SNC;PF0686070/40XFL1002;70/4 ELAS RIT FLEXY PA 6 - MARENGO 5688;KG;579,030001163483;5935,08
MANIFATTURA CANTU' EGIZIO SNC;PF0686070/40XFL1003;70/4 ELAS RIT FLEXY PA 6 - NERO;KG;326,709998369217;3348,79
MANIFATTURA CANTU' EGIZIO SNC;PF0686070/40XFL1004;70/4 ELAS RIT FLEXY PA 6 - CANDIDO ;KG;205,489999115467;2106,29
MANIFATTURA CANTU' EGIZIO SNC;PR06860019;;;0;46,42
SARL ZIG ZAG;;;;;
SARL ZIG ZAG;PF0691070/20XFL1000;70/2 ELAS RIT FLEXY PA 6 - BLANC CA010;KG;21,9800000190735;223,1
SARL ZIG ZAG;PF0691070/20XFL1001;70/2 ELAS RIT FLEXY PA 6 - NOIR GS005;KG;19,8299999237061;201,27
SARL ZIG ZAG;PF0691070/30XFL1000;70/3 ELAS RIT FLEXY PA 6 - BLANC CA010;KG;32,710000038147;332,01
SARL ZIG ZAG;PF0691070/30XFL1001;70/3 ELAS RIT FLEXY PA 6 - NOIR GS005;KG;31,1199998855591;315,87
SARL ZIG ZAG;PF0691070/30XFL1002;70/3 ELAS RIT FLEXY PA 6 - ROSE RV885;KG;19,8699998855591;201,68
SARL ZIG ZAG;PF0691070/30XFL1003;70/3 ELAS RIT FLEXY PA 6 - CHAIR FONCE' MB402;KG;20,539999961853;208,48
SARL ZIG ZAG;PF0691070/30XFL1004;70/3 ELAS RIT FLEXY PA 6 - BLUE MARINE BS267;KG;22,0799999237061;224,11
SARL ZIG ZAG;PF0691070/30XFL1005;70/3 ELAS RIT FLEXY PA 6 - BLEU CIEL AT421;KG;19,1200008392334;194,07
SARL ZIG ZAG;PF0691070/40XFL1000;70/4 ELAS RIT FLEXY PA 6 - BLANC CA010;KG;15,8000001907349;169,85
SARL ZIG ZAG;PF0691070/40XFL1001;70/4 ELAS RIT FLEXY PA 6 - NOIR GS005;KG;27,0800004005432;291,11
SARL ZIG ZAG;PR06910010;;;0;295
AMBROFIBRE 97 SRL;;;KG;132,800003051758;-969,44
AMBROFIBRE 97 SRL;;;;0;0
AMBROFIBRE 97 SRL;PF0692403420)YG1000;40/34/2 ELAS RIT 300 Z Y.E.S.S. GREEN PA 6 - AM 044;KG;45,3499994277954;648,51
AMBROFIBRE 97 SRL;PF0692403420)YG1001;40/34/2 ELAS RIT 300 Z Y.E.S.S. GREEN PA 6 - AM 057;KG;44,8900003433228;641,93
AMBROFIBRE 97 SRL;PF0692403420)YG1002;40/34/2 ELAS RIT 300 Z Y.E.S.S. GREEN PA 6 - AM 060;KG;42,5700006484985;608,76
SERVICEPLUS SRL ;;;;;
SERVICEPLUS SRL ;PF0693040/20XEX1000;40/2 ELAS RIT FLEXI PA 66 - CANDIDO CA010;KG;20,6000003814697;226,6
SERVICEPLUS SRL ;PF0693040/20XEX1001;40/2 ELAS RIT FLEXI PA 66 - NERO GS005;KG;136,559999227524;1502,16
SERVICEPLUS SRL ;PF0693040/20XEX1002;40/2 ELAS RIT FLEXI PA 66 - 014 BLU NOTTE E 11;KG;292,089997768402;3212,99
SERVICEPLUS SRL ;PF0693040/20XEX1003;40/2 ELAS RIT FLEXI PA 66 - 030 ARGENTO E 61;KG;32,0100002288818;352,11
MARIFLOS S.R.L.;;;;;
MARIFLOS S.R.L.;PF0694070/20X661000;70/2 ELAS RIT PA 66 - BEIGE 989;KG;14,3900003433228;158,29
NYTEX SRL;;;;;
NYTEX SRL;PFD041070/10A661027;70/1 ELAS APE PA 66 - LAMPONE 0506;KG;98,57000041008;946,27
NYTEX SRL;PFD041070/10AP61021;70/1 ELAS APE PA 6 - 300 GIALLO FLUO;KG;53,5700006484985;535,7
NYTEX SRL;PRD0410006;;;0;40,18