nome_cliente_18;codice_articolo_18;articolo_colore_18;unita_di_misura_18;quantita_18;imponibile_18
CIOCCA SPA;;;KG;148,990001916885;-1952,1
CIOCCA SPA;;;;;
CIOCCA SPA;PF0008040/20X661004;40/2 ELAS RIT PA 66 - ANTRACITE 89;KG;85,3299999237061;1122,09
CIOCCA SPA;PF0008040/20X661005;40/2 ELAS RIT PA 66 - BORDO' 58;KG;13,3500003814697;175,55
CIOCCA SPA;PF0008040/20X661037;40/2 ELAS RIT PA 66 - GREGGIO;KG;185,050000786781;1656,2
CIOCCA SPA;PF0008040/20XEX1000;40/2 ELAS RIT FLEXI PA 66 - MORO 81;KG;64,9000008106232;853,43
CIOCCA SPA;PF0008040/20XEX1001;40/2 ELAS RIT FLEXI PA 66 - NERO 20;KG;354,129999279976;4656,82
CIOCCA SPA;PF0008040/20XEX1002;40/2 ELAS RIT FLEXI PA 66 - BLU NOTTE 85;KG;298,720000505447;3928,2
CIOCCA SPA;PF0008040/20XEX1003;40/2 ELAS RIT FLEXI PA 66 - GRIGIO TOPO 88;KG;49,6799998283386;653,3
CIOCCA SPA;PF0008040/20XEX1004;40/2 ELAS RIT FLEXI PA 66 - ANTRACITE 89;KG;102,009999275208;1341,41
CIOCCA SPA;PF0008040/20XEX1005;40/2 ELAS RIT FLEXI PA 66 - BORDO' 58;KG;20,0299997329712;263,4
CIOCCA SPA;PF0008040/20XEX1007;40/2 ELAS RIT FLEXI PA 66 - BLU NAVY 77;KG;29,75;391,21
CIOCCA SPA;PF0008040/20XEX1008;40/2 ELAS RIT FLEXI PA 66 - CORDA 06;KG;34,6300005912781;455,4
CIOCCA SPA;PF0008040/20XEX1009;40/2 ELAS RIT FLEXI PA 66 - ARGENTO 36;KG;15,5900001525879;205,01
CIOCCA SPA;PF0008040/20XEX1016;40/2 ELAS RIT FLEXI PA 66 - SABBIA 03;KG;48,9300003051758;643,43
CIOCCA SPA;PF0008040/20XEX1026;40/2 ELAS RIT FLEXI PA 66 - BEIGE 111;KG;10,7700004577637;141,63
CIOCCA SPA;PF0008040/20XEX1030;40/2 ELAS RIT FLEXI PA 66 - AVIO 778;KG;16,2199997901917;213,29
CIOCCA SPA;PF0008040/20XEX1033;40/2 ELAS RIT FLEXI PA 66 - BEIGE 14;KG;19,0700001716614;250,77
CIOCCA SPA;PF0008060/20X661000;60/2 ELAS RIT PA 66 - MORO 81;KG;20,0599999427795;218,66
CIOCCA SPA;PF0008060/20X661001;60/2 ELAS RIT PA 66 - NERO 20;KG;109,009999513626;1188,21
CIOCCA SPA;PF0008060/20X661002;60/2 ELAS RIT PA 66 - BLU NOTTE 85;KG;116,190001010895;1266,47
CIOCCA SPA;PF0008060/20X661004;60/2 ELAS RIT PA 66 - ANTRACITE 89;KG;30,4499998092651;331,9
CIOCCA SPA;PF0008060/20X661024;60/2 ELAS RIT PA 66 - BIANCO 02;KG;69,4800002574921;757,33
CIOCCA SPA;PF0008060/20X661030;60/2 ELAS RIT PA 66 - AVIO 778;KG;11,4499998092651;124,8
CIOCCA SPA;PF0008060/20X661037;60/2 ELAS RIT PA 66 - GREGGIO;KG;18,6500000953674;141,74
CIOCCA SPA;PF0008060/20XEX1000;60/2 ELAS RIT FLEXI PA 66 - MORO 81;KG;18,5299997329712;201,98
CIOCCA SPA;PF0008060/20XEX1001;60/2 ELAS RIT FLEXI PA 66 - NERO 20;KG;112,329999685287;1224,4
CIOCCA SPA;PF0008060/20XEX1002;60/2 ELAS RIT FLEXI PA 66 - BLU NOTTE 85;KG;113,780000209808;1240,22
CIOCCA SPA;PF0008060/20XEX1003;60/2 ELAS RIT FLEXI PA 66 - GRIGIO TOPO 88;KG;37,3700001239777;407,34
CIOCCA SPA;PF0008060/20XEX1004;60/2 ELAS RIT FLEXI PA 66 - ANTRACITE 89;KG;56,3100004196167;613,79
CIOCCA SPA;PF0008060/20XEX1005;60/2 ELAS RIT FLEXI PA 66 - BORDO' 58;KG;16,7099990844727;182,14
CIOCCA SPA;PF0008060/20XEX1007;60/2 ELAS RIT FLEXI PA 66 - BLU NAVY 77;KG;59,6700004339218;650,41
CIOCCA SPA;PF0008060/20XEX1008;60/2 ELAS RIT FLEXI PA 66 - CORDA 06;KG;19,0799999237061;207,97
CIOCCA SPA;PF0008060/20XEX1009;60/2 ELAS RIT FLEXI PA 66 - ARGENTO 36;KG;18,0100002288818;196,31
CIOCCA SPA;PF0008060/20XEX1024;60/2 ELAS RIT FLEXI PA 66 - BIANCO 02;KG;43,6199998855591;475,46
CIOCCA SPA;PF0008060/20XEX1026;60/2 ELAS RIT FLEXI PA 66 - BEIGE 111;KG;18,8299996852875;205,25
CIOCCA SPA;PF0008060/20XEX1030;60/2 ELAS RIT FLEXI PA 66 - AVIO 778;KG;18,4699993133545;201,32
CIOCCA SPA;PF0008060/20XEX1031;60/2 ELAS RIT FLEXI PA 66 - GHISA 87;KG;18,7900002002716;204,81
CIOCCA SPA;PF0008060/20XEX1033;60/2 ELAS RIT FLEXI PA 66 - BEIGE 14;KG;19,2599997520447;209,94
CIOCCA SPA;PF0008060/30X661000;60/3 ELAS RIT PA 66 - MORO 81;KG;9,53999996185303;108,28
CIOCCA SPA;PF0008060/30X661001;60/3 ELAS RIT PA 66 - NERO 20;KG;50,9800000190735;578,63
CIOCCA SPA;PF0008060/30X661002;60/3 ELAS RIT PA 66 - BLU NOTTE 85;KG;16,5500001907349;187,85
CIOCCA SPA;PF0008060/30X661003;60/3 ELAS RIT PA 66 - GRIGIO TOPO 88;KG;13,2499997615814;150,39
CIOCCA SPA;PF0008060/30X661024;60/3 ELAS RIT PA 66 - BIANCO 02;KG;32,8500003814697;372,84
CIOCCA SPA;PF000844/340XTC1010;44/34/2 ELAS RIT TACTEL - NERO 20;KG;90,729998588562;1383,64
CIOCCA SPA;PF000844/340XTC1011;44/34/2 ELAS RIT TACTEL - BLU NOTTE 85;KG;105,479999810457;1608,59
CIOCCA SPA;PF000844/340XTC1012;44/34/2 ELAS RIT TACTEL - ANTRACITE 89;KG;48,679999768734;742,38
CIOCCA SPA;PF000844/340XTC1037;44/34/2 ELAS RIT TACTEL - GREGGIO;KG;11,4499995708466;131,11
DUBLO SRL;;;;;
DUBLO SRL;PF001167/200K661000;67/20 LISCIO VOILE RIT 450 GIRI PA 66 - MARRONE 090;KG;115,30999994278;1672,02
DUBLO SRL;PF001167/200K661001;67/20 LISCIO VOILE RIT 450 GIRI PA 66 - BLEU 051;KG;869,239998042583;12562,93
DUBLO SRL;PF001167/200K661002;67/20 LISCIO VOILE RIT 450 GIRI PA 66 - NERO 002;KG;600,880001246929;8673,24
DUBLO SRL;PF001167/200K661003;67/20 LISCIO VOILE RIT 450 GIRI PA 66 - ANTRACITE 082;KG;600,420001268387;8648,63
DUBLO SRL;PF001167/200K661004;67/20 LISCIO VOILE RIT 450 GIRI PA 66 - SABBIA 030;KG;65,8100003004074;954,26
DUBLO SRL;PF001167/200K661005;67/20 LISCIO VOILE RIT 450 GIRI PA 66 - GRIGIO MEDIO 084;KG;41,2800002098083;598,57
DUBLO SRL;PF001167/200K661007;67/20 LISCIO VOILE RIT 450 GIRI PA 66 - CASTORO 016;KG;29,9599992632866;434,43
DUBLO SRL;PF001167/200K661011;67/20 LISCIO VOILE RIT 450 GIRI PA 66 - BORDO' 064;KG;65,1399993896484;928,22
DUBLO SRL;PF0011784620XTC1001;78/46/2 ELAS RIT TACTEL - BLEU 051;KG;26,0599999427795;330,96
DUBLO SRL;PR00110010;;;0;965,65
FACI di Falzoni Luigi & C. SNC;;;;;
FACI di Falzoni Luigi & C. SNC;PF0026020/20X661027;20/2 ELAS RIT PA 66 - NUDO 2018 ANGELICA;KG;19,3899998664856;513,84
FACI di Falzoni Luigi & C. SNC;PF0026040/20X661009;40/2 ELAS RIT PA 66 - ROSA BABY 22 GS;KG;14,0499999523163;174,22
FACI di Falzoni Luigi & C. SNC;PF0026040/20XP61024;40/2 ELAS RIT PA 6 - POUDRE 2014;KG;173,360000133514;2063,02
FACI di Falzoni Luigi & C. SNC;PF0026070/20XP61024;70/2 ELAS RIT PA 6 - POUDRE 2014;KG;115,690000712872;1018,08
FACI di Falzoni Luigi & C. SNC;PF0026LUC700XP61000;70 LUCIDO RIT PA 6 - CANDIDO;KG;348,890001893044;5372,88
FACI di Falzoni Luigi & C. SNC;PF0026LUC700XP61008;70 LUCIDO RIT PA 6 - NERO;KG;106,78000164032;1644,43
FACI di Falzoni Luigi & C. SNC;PR00260001;;;0;454,68
FACI di Falzoni Luigi & C. SNC;PR00260007;;;0;155,63
GEMTEX SRL;;;KG;277,789993286133;-1033,89
GEMTEX SRL;;;;;
GEMTEX SRL;PF0028070/20XP61002;70/2 ELAS RIT PA 6 - ARANCIO 62;KG;51,5000009536743;484,09
GEMTEX SRL;PF0028070/20XP61008;70/2 ELAS RIT PA 6 - ROSSO N.32;KG;53,5800008773804;503,65
GEMTEX SRL;PF0028070/20XP61017;70/2 ELAS RIT PA 6 - CANDIDO;KG;101,550000786781;954,57
GEMTEX SRL;PF0028070/20XP61018;70/2 ELAS RIT PA 6 - NERO A CAMPIONE;KG;199,260000705719;1873,05
GEMTEX SRL;PF0028070/20XP61019;70/2 ELAS RIT PA 6 - GRIGIO 149;KG;580,340001106262;5455,21
GEMTEX SRL;PF0028070/20XP61036;70/2 ELAS RIT PA 6 - GRIGIO CHIARO 18;KG;72,3000011444092;679,63
GEMTEX SRL;PF0028070/20XP61038;70/2 ELAS RIT PA 6 - GRIGIO MEDIO 26;KG;105,799999713898;994,51
GEMTEX SRL;PF0028070/20XP61066;70/2 ELAS RIT PA 6 - GRIGIO JOLIDON 168;KG;56,3000001907349;529,22
GEMTEX SRL;PF0028070/20XP61068;70/2 ELAS RIT PA 6 - BLU COOP 2016;KG;639,189997553825;6008,39
INTERKNIT SRL;;;;;
INTERKNIT SRL;FL0327070/20IP6;70/2 ELAS INTERLACCIATO PA 6;KG;173,089996337891;4327,25
INTERKNIT SRL;PF0032070/10A661071;70/1 ELAS APE PA 66 - 37387 PIETRA M102;KG;17,889999628067;178,9
INTERKNIT SRL;PF0032070/20IFL1063;78/2 NANOGLIDE INTERL FLEXY PA 6 - NERO TP;KG;22,5499992370605;721,6
INTERKNIT SRL;PF0032070/20XFL1028;70/2 ELAS RIT FLEXY PA 6 - 36854 DIVA PINK FLUO;KG;29,3900003433228;261,57
INTERKNIT SRL;PF0032070/20XFL1062;70/2 ELAS RIT FLEXY PA 6 - 38138 DIRECT BLUE B222;KG;14,3500003814697;127,72
INTERKNIT SRL;PF0032070/20XFL1067;70/2 ELAS RIT FLEXY PA 6 - 31012 BLUE BIRD V112;KG;17,5300006866455;156,02
INTERKNIT SRL;PF0032070/30XFL1019;70/3 ELAS RIT FLEXY PA 6 - 36934 ARANCIO FLUO;KG;63,1299998760223;555,55
INTERKNIT SRL;PF0032070/30XFL1025;70/3 ELAS RIT FLEXY PA 6 - 36759 NERO;KG;443,480001688004;3902,63
INTERKNIT SRL;PF0032070/30XFL1032;70/3 ELAS RIT FLEXY PA 6 - 36763 FUXIA BRILLANTE;KG;48,239999294281;424,51
INTERKNIT SRL;PF0032070/30XFL1040;70/3 ELAS RIT FLEXY PA 6 - 37771 SULPHUR SPRING G029;KG;139,749999523163;1229,81
INTERKNIT SRL;PF0032070/30XFL1041;70/3 ELAS RIT FLEXY PA 6 - 36827 MATTONE TEJA R158;KG;18,5199997425079;162,98
INTERKNIT SRL;PF0032070/30XFL1049;70/3 ELAS RIT FLEXY PA 6 - 36935 AZZURRO TURCHESE A106;KG;83,7299990653992;736,82
INTERKNIT SRL;PF0032070/30XFL1053;70/3 ELAS RIT FLEXY PA 6 - 37714 LILLA SILK V012;KG;71,9999995231628;633,6
INTERKNIT SRL;PF0032070/30XFL1054;70/3 ELAS RIT FLEXY PA 6 - 36936 GIALLO G002;KG;15,7299995422363;138,42
INTERKNIT SRL;PF0032070/30XFL1055;70/3 ELAS RIT FLEXY PA 6 - 36762 COBALTO ROYAL E20 B540 ;KG;200,29000043869;1762,56
INTERKNIT SRL;PF0032070/30XFL1056;70/3 ELAS RIT FLEXY PA 6 - 36764 PISTACCHIO E55 P040;KG;285,100000858307;2508,9
INTERKNIT SRL;PF0032070/30XFL1058;70/3 ELAS RIT FLEXY PA 6 - 37221 ARANCIO A083 TANGERINE TANGO;KG;30,7899990081787;270,95
INTERKNIT SRL;PF0032070/30XFL1059;70/3 ELAS RIT FLEXY PA 6 - 38027 SCARLET R210;KG;29,3800001144409;258,54
INTERKNIT SRL;PF0032070/30XFL1060;70/3 ELAS RIT FLEXY PA 6 - BL201 - 36833 BLU ROYAL;KG;13,7600002288818;121,09
INTERKNIT SRL;PF0032070/30XFL1062;70/3 ELAS RIT FLEXY PA 6 - 38138 DIRECT BLUE B222;KG;30,1199998855591;265,05
INTERKNIT SRL;PF0032070/30XFL1064;70/3 ELAS RIT FLEXY PA 6 - 37597 FATHOM J011;KG;25,8599996566772;227,56
INTERKNIT SRL;PF0032070/30XFL1065;70/3 ELAS RIT FLEXY PA 6 - 36854 DIVA PINK FLUO;KG;28,4099998474121;250
INTERKNIT SRL;PF0032070/30XFL1066;70/3 ELAS RIT FLEXY PA 6 - 38095 FUCSIA SCURO F004;KG;28,2000007629395;248,16
INTERKNIT SRL;PF0032070/30XFL1069;70/3 ELAS RIT FLEXY PA 6 - 38349 CRUISE T001;KG;18,3699996471405;161,65
INTERKNIT SRL;PF0032070/30XFL1070;70/3 ELAS RIT FLEXY PA 6 - 38534 VIOLA AMARANTO V016;KG;18,4499998092651;162,36
INTERKNIT SRL;PF0032070/30XFL1072;70/3 ELAS RIT FLEXY PA 6 - 38887 PIETRA M102;KG;19,5100002288818;171,69
INTERKNIT SRL;PF0032070/30XFL1073;70/3 ELAS RIT FLEXY PA 6 - 37572 SPORT ORANGE FLUO A082;KG;19,1599998474121;168,6
INTERKNIT SRL;PF0032784620XTC1002;78/46/2 ELAS RIT TACTEL - 30389 NERO;KG;23,1800003051758;294,39
INTERKNIT SRL;PF0032784620XTC1024;78/46/2 ELAS RIT TACTEL - 36192 NEON GIALLO;KG;54,789999961853;695,84
INTERKNIT SRL;PF0032784620XTC1037;78/46/2 ELAS RIT TACTEL - 30380 BIANCO;KG;57,0200004577637;724,16
INTERKNIT SRL;PF0032786820X661043;78/68/2  RIT PA 66 - 35208 BIANCO B001;KG;142,880001544952;1686
INTERKNIT SRL;PF0032786820X661044;78/68/2  RIT PA 66 - 37109 NERO N002;KG;237,660001039505;2804,39
INTERKNIT SRL;PF0032786820X661061;78/68/2  RIT PA 66 - 38940 ROSSO R103;KG;135,349999904633;1597,14
INTERKNIT SRL;PR00320006;;;0;97,46
MICO SPORT SPA;;;KG;15,789999961853;-161,06
MICO SPORT SPA;;;;;
MICO SPORT SPA;PF0034040/20X661006;40/2 ELAS RIT PA 66 - FUMO 107;KG;37,1099996566772;506,56
MICO SPORT SPA;PF0034040/20X661010;40/2 ELAS RIT PA 66 - ROSSO 003;KG;22,0200004577637;300,58
MICO SPORT SPA;PF0034040/20X661015;40/2 ELAS RIT PA 66 - GRIGIO M;KG;22,4799995422363;306,85
MICO SPORT SPA;PF0034040/20X661032;40/2 ELAS RIT PA 66 - GRIGIO 431/C;KG;43,4799995422363;593,51
MICO SPORT SPA;PF0034040/20X661034;40/2 ELAS RIT PA 66 - AZZURRO 05;KG;42,2399997711182;570,25
MICO SPORT SPA;PF0034040/20X661088;40/2 ELAS RIT PA 66 - GINGER 14;KG;40,4599997997284;552,28
MICO SPORT SPA;PF0034040/20X661093;40/2 ELAS RIT PA 66 - FUXIA 15;KG;22,4399995803833;306,3
MICO SPORT SPA;PF0034040/20X661107;40/2 ELAS RIT PA 66 - BLUETTE 9086;KG;20,3499999046326;277,78
MICO SPORT SPA;PF0034040/20X661114;40/2 ELAS RIT PA 66 - DEEP WATER BLUE;KG;11,25;153,56
MICO SPORT SPA;PF0034040/20X661115;40/2 ELAS RIT PA 66 - GRIGIO 18 15-4306TCX;KG;10,5200004577637;143,6
MICO SPORT SPA;PF0034040/20X661116;40/2 ELAS RIT PA 66 - ACIDO 18 13-0550TCX;KG;9,85000038146973;134,45
MICO SPORT SPA;PF0034040/20XEX1010;40/2 ELAS RIT FLEXI PA 66 - ROSSO 003;KG;19,5900001525879;267,41
MICO SPORT SPA;PF0034040/20XEX1015;40/2 ELAS RIT FLEXI PA 66 - GRIGIO M;KG;73,2600011825562;1000
MICO SPORT SPA;PF0034040/20XEX1034;40/2 ELAS RIT FLEXI PA 66 - AZZURRO 05;KG;76,3699998855591;1042,44
MICO SPORT SPA;PF0034040/20XEX1081;40/2 ELAS RIT FLEXI PA 66 - GARDENIA 13;KG;27,7500009536743;378,79
MICO SPORT SPA;PF0034040/20XEX1093;40/2 ELAS RIT FLEXI PA 66 - FUXIA 15;KG;18,4400004148483;251,7
MICO SPORT SPA;PF0034040/20XEX1113;40/2 ELAS RIT FLEXI PA 66 - PRINCESS 18;KG;29,3000001907349;399,95
MICO SPORT SPA;PF0034040/20XEX1114;40/2 ELAS RIT FLEXI PA 66 - DEEP WATER BLUE;KG;19,1000003814697;260,72
MICO SPORT SPA;PF0034040/20XEX1117;40/2 ELAS RIT FLEXI PA 66 - BLUETTE 19-3864;KG;20,2799994945526;276,82
MICO SPORT SPA;PF0034040/20XEX1118;40/2 ELAS RIT FLEXI PA 66 - VIOLA 19-3622;KG;18,6399993896484;254,44
MICO SPORT SPA;PF0034070/20X661004;70/2 ELAS RIT PA 66 - GRAFITE 9240;KG;38,5899998545647;387,82
MICO SPORT SPA;PF0034070/20X661006;70/2 ELAS RIT PA 66 - FUMO 107;KG;77,7399997711182;792,95
MICO SPORT SPA;PF0034070/20X661010;70/2 ELAS RIT PA 66 - ROSSO 003;KG;21,9400005340576;223,79
MICO SPORT SPA;PF0034070/20X661015;70/2 ELAS RIT PA 66 - GRIGIO M;KG;96,4199999570847;983,47
MICO SPORT SPA;PF0034070/20X661016;70/2 ELAS RIT PA 66 - BLU UNIVERSO;KG;36,3599996566772;370,88
MICO SPORT SPA;PF0034070/20X661020;70/2 ELAS RIT PA 66 - GRIGIO PELTRO;KG;226,669999718666;2306,89
MICO SPORT SPA;PF0034070/20X661033;70/2 ELAS RIT PA 66 - VERDE ARMY;KG;152,870000600815;1559,28
MICO SPORT SPA;PF0034070/20X661034;70/2 ELAS RIT PA 66 - AZZURRO 05;KG;128,260000348091;1308,25
MICO SPORT SPA;PF0034070/20X661044;70/2 ELAS RIT PA 66 - GIALLO FLUO;KG;37,2300000190735;379,75
MICO SPORT SPA;PF0034070/20X661072;70/2 ELAS RIT PA 66 - FUXIA FLUO;KG;75,9600005149841;774,8
MICO SPORT SPA;PF0034070/20X661074;70/2 ELAS RIT PA 66 - VERDE FLUO;KG;40,7499997615814;415,65
MICO SPORT SPA;PF0034070/20X661081;70/2 ELAS RIT PA 66 - GARDENIA 13;KG;100,079999923706;1020,82
MICO SPORT SPA;PF0034070/20X661082;70/2 ELAS RIT PA 66 - GHIACCIAIO 13;KG;40,3699993491173;411,64
MICO SPORT SPA;PF0034070/20X661088;70/2 ELAS RIT PA 66 - GINGER 14;KG;41,3099992275238;421,36
MICO SPORT SPA;PF0034070/20X661093;70/2 ELAS RIT PA 66 - FUXIA 15;KG;34,4799997806549;351,7
MICO SPORT SPA;PF0034070/20X661099;70/2 ELAS RIT PA 66 - AZZURRO 16;KG;79,8099999427795;814,05
MICO SPORT SPA;PF0034070/20X661104;70/2 ELAS RIT PA 66 - ARANCIO 16;KG;10,0900001525879;102,92
MICO SPORT SPA;PF0034070/20X661107;70/2 ELAS RIT PA 66 - BLUETTE 9086;KG;36,9000005722046;376,38
MICO SPORT SPA;PF0034070/20X661113;70/2 ELAS RIT PA 66 - PRINCESS 18;KG;95,7400007247925;976,54
MICO SPORT SPA;PF0034070/20X661114;70/2 ELAS RIT PA 66 - DEEP WATER BLUE;KG;11,9499998092651;121,89
MICO SPORT SPA;PF0034070/20X661115;70/2 ELAS RIT PA 66 - GRIGIO 18 15-4306TCX;KG;9,35999965667725;95,47
MICO SPORT SPA;PF0034070/20X661116;70/2 ELAS RIT PA 66 - ACIDO 18 13-0550TCX;KG;9,0600004196167;92,41
MICO SPORT SPA;PF0034070/20X661117;70/2 ELAS RIT PA 66 - BLUETTE 19-3864;KG;19,5499992370605;199,41
MICO SPORT SPA;PF0034070/20X661118;70/2 ELAS RIT PA 66 - VIOLA 19-3622;KG;20,1899998188019;205,94
MICO SPORT SPA;PF0034100/20X661004;100/2 ELAS RIT PA 66 - GRAFITE 9240;KG;84,8199995756149;890,63
MICO SPORT SPA;PF0034100/20X661010;100/2 ELAS RIT PA 66 - ROSSO 003;KG;229,810000419617;2413,06
MICO SPORT SPA;PF0034100/20X661011;100/2 ELAS RIT PA 66 - GRIGIO 2360;KG;41,799999833107;438,71
MICO SPORT SPA;PF0034100/20X661015;100/2 ELAS RIT PA 66 - GRIGIO M;KG;289,289997816086;3037,6
MICO SPORT SPA;PF0034100/20X661020;100/2 ELAS RIT PA 66 - GRIGIO PELTRO;KG;203,50999969244;2136,71
MICO SPORT SPA;PF0034100/20X661022;100/2 ELAS RIT PA 66 - GRIGIO CAMP;KG;80,5900011062622;846,22
MICO SPORT SPA;PF0034100/20X661027;100/2 ELAS RIT PA 66 - PAVONE 071;KG;38,8599996566772;408,04
MICO SPORT SPA;PF0034100/20X661032;100/2 ELAS RIT PA 66 - GRIGIO 431/C;KG;329,170000076294;3456,36
MICO SPORT SPA;PF0034100/20X661044;100/2 ELAS RIT PA 66 - GIALLO FLUO;KG;328,960000753403;3447,82
MICO SPORT SPA;PF0034100/20X661053;100/2 ELAS RIT PA 66 - AZZURRO 04 AS87;KG;41,1300001144409;431,88
MICO SPORT SPA;PF0034100/20X661074;100/2 ELAS RIT PA 66 - VERDE FLUO;KG;206,539999067783;2168,7
MICO SPORT SPA;PF0034100/20X661086;100/2 ELAS RIT PA 66 - MILITARE 14;KG;43,5900001525879;457,7
MICO SPORT SPA;PF0034100/20X661088;100/2 ELAS RIT PA 66 - GINGER 14;KG;81,2300009727478;852,93
MICO SPORT SPA;PF0034100/20X661090;100/2 ELAS RIT PA 66 - TURCHESE 15;KG;46,0700006484985;483,75
MICO SPORT SPA;PF0034100/20X661093;100/2 ELAS RIT PA 66 - FUXIA 15;KG;157,630000174046;1655,14
MICO SPORT SPA;PF0034100/20X661104;100/2 ELAS RIT PA 66 - ARANCIO 16;KG;72,8000001907349;764,41
MICO SPORT SPA;PF0034100/20X661107;100/2 ELAS RIT PA 66 - BLUETTE 9086;KG;20,2099995613098;212,2
MICO SPORT SPA;PF0034100/20X661110;100/2 ELAS RIT PA 66 - CORDA 17 ;KG;41,7399990558624;438,29
MICO SPORT SPA;PF0034100/20X661114;100/2 ELAS RIT PA 66 - DEEP WATER BLUE;KG;84,349999666214;885,69
MICO SPORT SPA;PF0034100/20X661115;100/2 ELAS RIT PA 66 - GRIGIO 18 15-4306TCX;KG;18,2700004577637;191,84
MICO SPORT SPA;PF0034100/20X661116;100/2 ELAS RIT PA 66 - ACIDO 18 13-0550TCX;KG;21,6200003623962;227,02
MICO SPORT SPA;PF0034224410A661086;LYCRA+PA66 (22+044 TINTO) 51 DTX  - MILITARE 14;KG;25,7599995136261;533,48
MICO SPORT SPA;PF0034227010A661033;LYCRA+PA66 (22+ 078 TINTO) 85 DTX - VERDE ARMY;KG;48,470000743866;888,94
MICO SPORT SPA;PF0034227010A661072;LYCRA+PA66 (22+ 078 TINTO) 85 DTX - FUXIA FLUO;KG;36,5500001907349;670,33
MICO SPORT SPA;PF0034227010A661081;LYCRA+PA66 (22+ 078 TINTO) 85 DTX  - GARDENIA 13;KG;38,9200000762939;713,79
MICO SPORT SPA;PF0034227010A661117;LYCRA+PA66 (22+ 078 TINTO) 85 DTX - BLUETTE 19-3864;KG;26,2200002670288;480,88
MICO SPORT SPA;PF0034227010A661118;LYCRA+PA66 (22+ 078 TINTO) 85 DTX - VIOLA 19-3622;KG;25,0699996948242;459,78
MICO SPORT SPA;PF0034784610XTC1001;78/46/1 ELAS RIT TACTEL - NERO;KG;86,1799989938736;1176,35
MICO SPORT SPA;PF0034784610XTC1014;78/46/1 ELAS RIT TACTEL - BLU NOTTE 4;KG;50,1699995994568;684,81
MICO SPORT SPA;PF0034784620XTC1021;78/46/2 ELAS RIT TACTEL - ANTRACITE 4;KG;26,4100008010864;339,37
NASTRIFICIO ZINGONIA SRL;;;KG;14,8000001907349;-2124,89
NASTRIFICIO ZINGONIA SRL;;;kg;32;-377,6
NASTRIFICIO ZINGONIA SRL;;;;;
NASTRIFICIO ZINGONIA SRL;PF00360156T0X661035;156/1 TACTEL RIT PA 66 - ARGENTO;KG;95,0699996948242;1316,72
NASTRIFICIO ZINGONIA SRL;PF00360156T0X661036;156/1 TACTEL RIT PA 66 - ORO;KG;89,5599994659424;1240,41
NASTRIFICIO ZINGONIA SRL;PF00360156T0X661081;156/1 TACTEL RIT PA 66 - GRIGIO 58;KG;392,78999876976;5440,17
NASTRIFICIO ZINGONIA SRL;PF0036040/20I661001;40/2 ELAS INT. PA 66 - CANDIDO;KG;217,399997711182;2532,71
NASTRIFICIO ZINGONIA SRL;PF0036040/20I661004;40/2 ELAS INT. PA 66 - NERO;KG;374,139997839928;4358,71
NASTRIFICIO ZINGONIA SRL;PF0036040/20X661001;40/2 ELAS RIT PA 66 - CANDIDO;KG;112,180000305176;1306,9
NASTRIFICIO ZINGONIA SRL;PF0036040/20X661004;40/2 ELAS RIT PA 66 - NERO;KG;69,3799991607666;808,28
NASTRIFICIO ZINGONIA SRL;PF0036040/20X661020;40/2 ELAS RIT PA 66 - GRIGIO CHIARO;KG;122,220000267029;1423,87
NASTRIFICIO ZINGONIA SRL;PF0036040/20X661105;40/2 ELAS RIT PA 66 - BLU 193928;KG;83,5100011825562;972,89
NASTRIFICIO ZINGONIA SRL;PF0036070/20IP61184;70/2 ELAS INT. PA 6 - BLU PIC;KG;213,899999439716;1847,37
NASTRIFICIO ZINGONIA SRL;PF0036070/20IP61185;70/2 ELAS INT. PA 6 - ROSSO PIC;KG;211,269999720156;1829,38
NASTRIFICIO ZINGONIA SRL;PF0036070/20X661001;70/2 ELAS RIT PA 66 - CANDIDO;KG;4799,44999703765;43435,05
NASTRIFICIO ZINGONIA SRL;PF0036070/20X661002;70/2 ELAS RIT PA 66 - BLU RANGER;KG;90,6199998855591;820,12
NASTRIFICIO ZINGONIA SRL;PF0036070/20X661004;70/2 ELAS RIT PA 66 - NERO;KG;5575,89999932051;50462
NASTRIFICIO ZINGONIA SRL;PF0036070/20X661005;70/2 ELAS RIT PA 66 - GRIGIO MEDIO;KG;389,409999608994;3524,15
NASTRIFICIO ZINGONIA SRL;PF0036070/20X661006;70/2 ELAS RIT PA 66 - ROSSO BRIKO;KG;202,709999084473;1834,54
NASTRIFICIO ZINGONIA SRL;PF0036070/20X661007;70/2 ELAS RIT PA 66 - PISTACCHIO;KG;768,920001745224;6958,75
NASTRIFICIO ZINGONIA SRL;PF0036070/20X661010;70/2 ELAS RIT PA 66 - AZZURRO 7;KG;297,280001163483;2690,39
NASTRIFICIO ZINGONIA SRL;PF0036070/20X661015;70/2 ELAS RIT PA 66 - GRIGIO SCURO BRIKO;KG;989,530002862215;8955,25
NASTRIFICIO ZINGONIA SRL;PF0036070/20X661016;70/2 ELAS RIT PA 66 - ROYAL;KG;569,570000886917;5154,58
NASTRIFICIO ZINGONIA SRL;PF0036070/20X661017;70/2 ELAS RIT PA 66 - ROSSO FUOCO;KG;517,330003261566;4681,83
NASTRIFICIO ZINGONIA SRL;PF0036070/20X661023;70/2 ELAS RIT PA 66 - BLU CATANZARO;KG;5741,54999500513;51961,09
NASTRIFICIO ZINGONIA SRL;PF0036070/20X661024;70/2 ELAS RIT PA 66 - GRIGIO PERLA;KG;590,189997315407;5341,22
NASTRIFICIO ZINGONIA SRL;PF0036070/20X661026;70/2 ELAS RIT PA 66 - BLU MANTRA;KG;88,1000008583069;797,31
NASTRIFICIO ZINGONIA SRL;PF0036070/20X661033;70/2 ELAS RIT PA 66 - CARGO;KG;266,999998569489;2416,36
NASTRIFICIO ZINGONIA SRL;PF0036070/20X661043;70/2 ELAS RIT PA 66 - OLTREMARE;KG;99,5899996757507;901,29
NASTRIFICIO ZINGONIA SRL;PF0036070/20X661047;70/2 ELAS RIT PA 66 - GRIGIO UOMO;KG;1544,02999782562;13973,52
NASTRIFICIO ZINGONIA SRL;PF0036070/20X661051;70/2 ELAS RIT PA 66 - BLUETTE BRIKO;KG;296,849999904633;2686,52
NASTRIFICIO ZINGONIA SRL;PF0036070/20X661065;70/2 ELAS RIT PA 66 - ROSSO SANGUE;KG;2054,93999803066;18597,22
NASTRIFICIO ZINGONIA SRL;PF0036070/20X661066;70/2 ELAS RIT PA 66 - BORDEAUX CHIARO;KG;1681,57000306249;15218,21
NASTRIFICIO ZINGONIA SRL;PF0036070/20X661074;70/2 ELAS RIT PA 66 - BLU NOTTE;KG;1445,45999914408;13081,48
NASTRIFICIO ZINGONIA SRL;PF0036070/20X661076;70/2 ELAS RIT PA 66 - FUMO DI LONDRA;KG;85,2000007629395;771,06
NASTRIFICIO ZINGONIA SRL;PF0036070/20X661077;70/2 ELAS RIT PA 66 - BLU YAM;KG;1057,43000090122;9569,79
NASTRIFICIO ZINGONIA SRL;PF0036070/20X661080;70/2 ELAS RIT PA 66 - BLUETTE EMINENCE;KG;111,310000419617;1007,36
NASTRIFICIO ZINGONIA SRL;PF0036070/20X661084;70/2 ELAS RIT PA 66 - VERDE FLUO;KG;282,779999732971;2559,14
NASTRIFICIO ZINGONIA SRL;PF0036070/20X661091;70/2 ELAS RIT PA 66 - ARANCIO SPY;KG;474,729996740818;4296,31
NASTRIFICIO ZINGONIA SRL;PF0036070/20X661101;70/2 ELAS RIT PA 66 - BLUETTE UOMO;KG;176,420000314713;1596,62
NASTRIFICIO ZINGONIA SRL;PF0036070/20X661106;70/2 ELAS RIT PA 66 - AZZURRO 6;KG;94,3799986839294;854,14
NASTRIFICIO ZINGONIA SRL;PF0036070/20X661107;70/2 ELAS RIT PA 66 - AVIO SCURO BRIKO;KG;2074,73999893665;18776,47
NASTRIFICIO ZINGONIA SRL;PF0036070/20X661108;70/2 ELAS RIT PA 66 - VERDE F.L. 2;KG;183,130000114441;1657,33
NASTRIFICIO ZINGONIA SRL;PF0036070/20X661109;70/2 ELAS RIT PA 66 - GIALLO FLUORESCENTE;KG;84,9400000572205;768,71
NASTRIFICIO ZINGONIA SRL;PF0036070/20X661113;70/2 ELAS RIT PA 66 - GRIGIO NIKE;KG;95,4999997615814;864,27
NASTRIFICIO ZINGONIA SRL;PF0036070/20X661116;70/2 ELAS RIT PA 66 - AVIO SCURO QUARENGHI;KG;199,059999465942;1801,49
NASTRIFICIO ZINGONIA SRL;PF0036070/20X661120;70/2 ELAS RIT PA 66 - MAJOLICA BLUE;KG;102,960000395775;931,8
NASTRIFICIO ZINGONIA SRL;PF0036070/20X661125;70/2 ELAS RIT PA 66 - BERYL GREEN;KG;93,5100004673004;846,27
NASTRIFICIO ZINGONIA SRL;PF0036070/20X661128;70/2 ELAS RIT PA 66 - MOSTO;KG;92,7300009727478;839,19
NASTRIFICIO ZINGONIA SRL;PF0036070/20X661138;70/2 ELAS RIT PA 66 - GREGGIO;KG;310,699998855591;2050,6
NASTRIFICIO ZINGONIA SRL;PF0036070/20X661143;70/2 ELAS RIT PA 66 - VERDE MILITARE UNDERWEAR;KG;194,969997406006;1764,5
NASTRIFICIO ZINGONIA SRL;PF0036070/20X661146;70/2 ELAS RIT PA 66 - GRIGIO COT 70/2;KG;199,269999504089;1803,4
NASTRIFICIO ZINGONIA SRL;PF0036070/20X661147;70/2 ELAS RIT PA 66 - GIALLINO 100/C;KG;96,2699999809265;871,25
NASTRIFICIO ZINGONIA SRL;PF0036070/20X661153;70/2 ELAS RIT PA 66 - BRONZO;KG;179,800000190735;1627,2
NASTRIFICIO ZINGONIA SRL;PF0036070/20X661161;70/2 ELAS RIT PA 66 - BORDEAUX 7421;KG;108,019999504089;977,59
NASTRIFICIO ZINGONIA SRL;PF0036070/20X661163;70/2 ELAS RIT PA 66 - FUXIA SCURO;KG;109,249999046326;988,72
NASTRIFICIO ZINGONIA SRL;PF0036070/20X661164;70/2 ELAS RIT PA 66 - GIALLO BAZ;KG;103,760000228882;939,03
NASTRIFICIO ZINGONIA SRL;PF0036070/20X661165;70/2 ELAS RIT PA 66 - SMERALDO;KG;87,389999628067;790,89
NASTRIFICIO ZINGONIA SRL;PF0036070/20X661169;70/2 ELAS RIT PA 66 - NERO 0006;KG;218,250001072884;1975,19
NASTRIFICIO ZINGONIA SRL;PF0036070/20X661171;70/2 ELAS RIT PA 66 - BLU CIELO 1757;KG;1624,21999818087;14699,25
NASTRIFICIO ZINGONIA SRL;PF0036070/20X661176;70/2 ELAS RIT PA 66 - GRIGIO 031;KG;106,149999141693;960,66
NASTRIFICIO ZINGONIA SRL;PF0036070/20X661179;70/2 ELAS RIT PA 66 - COLLEGE;KG;797,280001878738;7215,42
NASTRIFICIO ZINGONIA SRL;PF0036070/20X661180;70/2 ELAS RIT PA 66 - GIALLO OCRA;KG;1307,08999800682;11829,2
NASTRIFICIO ZINGONIA SRL;PF0036070/20X661181;70/2 ELAS RIT PA 66 - GRIGIO NOIR;KG;2059,57999634743;18639,26
NASTRIFICIO ZINGONIA SRL;PF0036070/20X661183;70/2 ELAS RIT PA 66 - BLU RIVIERA;KG;280,050002396107;2534,44
NASTRIFICIO ZINGONIA SRL;PF0036070/20X661186;70/2 ELAS RIT PA 66 - MILITARY GREEN;KG;2366,65000039339;21418,28
NASTRIFICIO ZINGONIA SRL;PF0036070/20X661187;70/2 ELAS RIT PA 66 - BLU CIELO 1757/2018;KG;657,26000058651;5948,21
NASTRIFICIO ZINGONIA SRL;PF0036070/20X661189;70/2 ELAS RIT PA 66 - DEEP RED G378;KG;1477,30999898911;13369,73
NASTRIFICIO ZINGONIA SRL;PF0036070/20X661190;70/2 ELAS RIT PA 66 - VERDE CAMO;KG;670,410002291203;6067,21
NASTRIFICIO ZINGONIA SRL;PF0036070/20X661191;70/2 ELAS RIT PA 66 - BLU DARK;KG;3741,55999600887;33861,31
NASTRIFICIO ZINGONIA SRL;PF0036070/20X661192;70/2 ELAS RIT PA 66 - AZZURRO 0513;KG;112,060000419617;1014,16
NASTRIFICIO ZINGONIA SRL;PF0036070/20X661193;70/2 ELAS RIT PA 66 - VERDE MILITARE A CAMPIONE;KG;99,3099992275238;898,76
NASTRIFICIO ZINGONIA SRL;PF0036070/20X661194;70/2 ELAS RIT PA 66 - VERDE CAMO 528;KG;1394,19000154734;12617,39
NASTRIFICIO ZINGONIA SRL;PF0036070/40I661004;70/4 ELAS INT. PA 66 - NERO;KG;4664,35999798775;43145,84
NASTRIFICIO ZINGONIA SRL;PF0036070/40I661138;70/4 ELAS INT. PA 66 - GREGGIO;KG;1579,86998558044;9716,29
NASTRIFICIO ZINGONIA SRL;PF0036070400I661177;SPLENDOR DTEX 78/2 NY66 INTERL - DARK GREY MEL NZ;KG;10089,8900067806;119060,79
NASTRIFICIO ZINGONIA SRL;PF003640/2T0X661062;SPLENDOR DTEX 78/2 NY 66 - GRIGIO MEDIO MELANGE;KG;573,130000829697;6762,93
NASTRIFICIO ZINGONIA SRL;PF003640/2T0X661145;SPLENDOR DTEX 78/2 NY66 R. - BLU SCURO JEANS MELANGE;KG;382,710000276566;4515,99
NASTRIFICIO ZINGONIA SRL;PF0036402700INY1058;SPLENDOR DTEX 78/2 NY66 INTERL - BLU MELANGE ;KG;455,10000038147;5370,15
NASTRIFICIO ZINGONIA SRL;PF0036402700INY1178;SPLENDOR DTEX 78/2 NY66 INTERL. - GRIGIO 031 NZ TONO 6;KG;9406,81000626087;111000,43
NASTRIFICIO ZINGONIA SRL;PF0036402I+0XNY1013;SPLENDOR DTEX 78/2 NY66 R. - GRIGIO MELANGE;KG;4204,22002136707;51711,91
NASTRIFICIO ZINGONIA SRL;PF0036406400INY1140;SPLENDOR DTEX 78/2 NY66 INTERL. - MELANGE ADM;KG;2130,83999633789;25143,91
NASTRIFICIO ZINGONIA SRL;PF0036701TT0I661062;SPLENDOR DTEX 78/2 NY 66 IN - GRIGIO MEDIO MELANGE;KG;1258,98000252247;14855,98
NASTRIFICIO ZINGONIA SRL;PF0036781820ITP1151;78/18X2 INT. PA6 TINTO PASTA - NERO T.P.;KG;5692,81999397278;30741,27
NASTRIFICIO ZINGONIA SRL;PF0036781820ITP1155;78/18X2 INT. PA6 TINTO PASTA - BIANCO T.P.;KG;10508,1600131989;57796,25
NASTRIFICIO ZINGONIA SRL;PF0036786820ITP1142;78/68/2 ELAS INTERL PA6 TINTO PASTA - BIANCO;KG;513,66999912262;4623,03
REMMERT SPA;;;KG;180;-2457
REMMERT SPA;;;;;
REMMERT SPA;PF00370156T0X661013;156/1 TACTEL RIT PA 66 - BIANCO;KG;232,20999956131;3761,8
REMMERT SPA;PF00370156T0X661034;156/1 TACTEL RIT PA 66 - NERO;KG;65,1799993515015;1055,93
REMMERT SPA;PF00370156T0X661133;156/1 TACTEL RIT PA 66 - GREGGIO;KG;101,169998168945;1517,55
REMMERT SPA;PF0037070/20IP61133;70/2 ELAS INT. PA 6 - GREGGIO;KG;502,819999694824;2614,67
REMMERT SPA;PF0037070/20XP61008;70/2 ELAS RIT PA 6 - BLU 805;KG;101,1499979496;950,8
REMMERT SPA;PF0037070/20XP61010;70/2 ELAS RIT PA 6 - ROSSO 237;KG;104,60000038147;983,24
REMMERT SPA;PF0037070/20XP61011;70/2 ELAS RIT PA 6 - FUXIA 837;KG;100,989999771118;949,31
REMMERT SPA;PF0037070/20XP61016;70/2 ELAS RIT PA 6 - GRIGIO 630;KG;91,6099991798401;861,14
REMMERT SPA;PF0037070/20XP61019;70/2 ELAS RIT PA 6 - BLU 295;KG;260,030001282692;2444,29
REMMERT SPA;PF0037070/20XP61032;70/2 ELAS RIT PA 6 - GRIGIO 266;KG;128,989999771118;1212,5
REMMERT SPA;PF0037070/20XP61042;70/2 ELAS RIT PA 6 - BLU 147;KG;100,999999642372;949,4
REMMERT SPA;PF0037070/20XP61061;70/2 ELAS RIT PA 6 - BEIGE 619;KG;46,1600003242493;433,91
REMMERT SPA;PF0037070/20XP61062;70/2 ELAS RIT PA 6 - VERDE 691;KG;57,8099999427795;543,41
REMMERT SPA;PF0037070/20XP61079;70/2 ELAS RIT PA 6 - CELESTE 627;KG;59,8000016212463;562,12
REMMERT SPA;PF0037070/20XP61087;70/2 ELAS RIT PA 6 - GRIGIO 508;KG;54,8599996566772;515,68
REMMERT SPA;PF0037070/20XP61105;70/2 ELAS RIT PA 6 - VERDE 283;KG;50,7500001192093;477,06
REMMERT SPA;PF0037070/20XP61119;70/2 ELAS RIT PA 6 - VERDE 262;KG;51,0500013828278;479,87
REMMERT SPA;PF0037070/20XP61121;70/2 ELAS RIT PA 6 - MARRONE 616;KG;54,4800000190735;512,11
REMMERT SPA;PF0037070/20XP61128;70/2 ELAS RIT PA 6 - ROSSO 238;KG;32,9599997997284;309,82
REMMERT SPA;PF0037070/20XP61133;70/2 ELAS RIT PA 6 - GREGGIO;KG;227,069999694824;1566,78
REMMERT SPA;PF0037070/20XP61135;70/2 ELAS RIT PA 6 - GIALLO 214;KG;95,3999993801117;896,76
REMMERT SPA;PF0037070/20XP61155;70/2 ELAS RIT PA 6 - SENAPE 285;KG;32,5;305,5
REMMERT SPA;PF0037070/20XP61161;70/2 ELAS RIT PA 6 - ROSA 221;KG;31,5500001907349;296,57
REMMERT SPA;PF0037070/20XP61162;70/2 ELAS RIT PA 6 - GIALLO 555;KG;1,04999995231628;30
REMMERT SPA;PF0037070/20XP61164;70/2 ELAS RIT PA 6 - TURCHESE 299;KG;102,449998378754;963,03
REMMERT SPA;PF0037070/20XP61165;70/2 ELAS RIT PA 6 - VERDE 603;KG;148,380000352859;1394,77
REMMERT SPA;PF0037070/20XP61166;70/2 ELAS RIT PA 6 - ARANCIO 807;KG;135,389996767044;1272,67
REMMERT SPA;PF0037070/20XP61167;70/2 ELAS RIT PA 6 - ROSA 223;KG;35,7699995040894;336,24
REMMERT SPA;PF0037070/20XP61168;70/2 ELAS RIT PA 6 - AZZURRO 503;KG;60,150000333786;565,41
REMMERT SPA;PF0037070/20XP61169;70/2 ELAS RIT PA 6 - AZZURRO 273;KG;35,82000041008;356,84
REMMERT SPA;PF0037070/20XP61170;70/2 ELAS RIT PA 6 - GRIGIO 625;KG;55,2799987792969;519,64
REMMERT SPA;PF0037070/20XP61171;70/2 ELAS RIT PA 6 - BEIGE 224;KG;32,3000001907349;303,62
REMMERT SPA;PF0037070/20XP61172;70/2 ELAS RIT PA 6 - GIALLO 868;KG;30,8200001716614;289,7
REMMERT SPA;PF0037070/20XP61173;70/2 ELAS RIT PA 6 - MARRONE 832;KG;53,8799991607666;506,47
REMMERT SPA;PF0037070/20XP61174;70/2 ELAS RIT PA 6 - GRIGIO NASTRO;KG;15,1999998092651;142,88
REMMERT SPA;PF0037786820M661000;78/68/2  RIT 200 GIRI PA 66 MICRO - CANDIDO;KG;437,180004119873;6339,15
REMMERT SPA;PF0037786820M661008;78/68/2  RIT 200 GIRI PA 66 MICRO - BLU 805;KG;105,019999504089;1522,82
REMMERT SPA;PF0037786820M661034;78/68/2  RIT 200 GIRI PA 66 MICRO - NERO;KG;364,999999523163;5292,52
REMMERT SPA;PF0037786820M661041;78/68/2  RIT 200 GIRI PA 66 MICRO - GRIGIO 270;KG;128,560000419617;1864,16
REMMERT SPA;PF0037786820M661091;78/68/2  RIT 200 GIRI PA 66 MICRO - GRIGIO 1000;KG;57,9299993515015;840
REMMERT SPA;PR00370001;;;0;191,55
SARA SPORTLINE SRL;;;;;
SARA SPORTLINE SRL;PF0039070/20X661001;70/2 ELAS RIT PA 66 - ROSSO;KG;339,890001296997;3381,92
SARA SPORTLINE SRL;PF0039070/40X661001;70/4 ELAS RIT PA 66 - ROSSO;KG;404,680000305176;4269,4
LIABEL SPA;;;;;
LIABEL SPA;PF0070020/10A661000;20/1 ELAS APE PA 66 - BORDO';KG;79,1000003814697;2689,4
TEA SRL;;;;;
TEA SRL;PF0073020/20X661002;20/2 ELAS RIT PA 66 - BLUETTE (BLEU SOLITO;KG;38,1499993801117;724,85
TEA SRL;PF0073070/20X661001;70/2 ELAS RIT PA 66 - BEIGE SOLITO;KG;66,979998588562;673,15
TEA SRL;PF0073070/20X661003;70/2 ELAS RIT PA 66 - CANDIDO;KG;74,0600004196167;744,3
TEA SRL;PF0073070/20X661008;70/2 ELAS RIT PA 66 - MARINA;KG;77,710000038147;780,98
TEA SRL;PF0073100/20X661006;100/2 ELAS RIT PA 66 - GREGGIO;KG;83,5499997138977;685,11
TEA SRL;PF0073563420X661009;56/34/2 ELAS RIT PA 66 - BEIGE 100;KG;32,4400000572205;470,39
TEA SRL;PF0073563420X661010;56/34/2 ELAS RIT PA 66 - BEIGE 305;KG;28,7699999809265;417,17
MIVA SRL;;;;;
MIVA SRL;PF0082070/20X661002;70/2 ELAS RIT PA 66 - GREGGIO;KG;43,8000000715256;376,68
NEW KOKO'S  SRL;;;KG;167,659999847412;-1308,44
NEW KOKO'S  SRL;;;kg;18,8199996948242;-167,5
NEW KOKO'S  SRL;;;;;
NEW KOKO'S  SRL;PF0084070/10A661057;70/1 ELAS APE PA 66 - 36578 GRIGIO TOPO 105 T&T;KG;35,2799997329712;335,17
NEW KOKO'S  SRL;PF0084070/10A661074;70/1 ELAS APE PA 66 - 31189 NERO E 3;KG;178,190002202988;1764,09
NEW KOKO'S  SRL;PF0084070/10A661075;70/1 ELAS APE PA 66 - 35020 BIANCO E 1;KG;115,489999294281;1143,34
NEW KOKO'S  SRL;PF0084070/10IFL1032;70/1 ELAS INT. FLEXY PA 6 - 31186 GRIGIO CENERE 403;KG;32,0900001525879;304,86
NEW KOKO'S  SRL;PF0084070/10IFL1034;70/1 ELAS INT. FLEXY PA 6 - 35022 GRIGIO ALLUMINIO 401;KG;64,7600002288818;615,23
NEW KOKO'S  SRL;PF0084070/20XFL1012;70/2 ELAS RIT FLEXY PA 6 - 36193 DIVA PINK FLUO;KG;19,7000002861023;175,33
NEW KOKO'S  SRL;PF0084070/20XFL1041;70/2 ELAS RIT FLEXY PA 6 - 34243 VERDE MAR 4550 LEFERON V300;KG;17,6899995803833;157,44
NEW KOKO'S  SRL;PF0084070/20XFL1045;70/2 ELAS RIT FLEXY PA 6 - 30942 ARANCIO FLUO A004;KG;26,6000003814697;236,74
NEW KOKO'S  SRL;PF0084070/20XFL1052;70/2 ELAS RIT FLEXY PA 6 - 31012 BLUE BIRD V112;KG;18,0699991583824;160,83
NEW KOKO'S  SRL;PF0084070/20XFL1053;70/2 ELAS RIT FLEXY PA 6 - 36862 PRUGNA 8158 P104;KG;26,9200000762939;239,59
NEW KOKO'S  SRL;PF0084070/20XFL1063;70/2 ELAS RIT FLEXY PA 6 - 37059 SULPHUR SPRING;KG;87,8500003814697;781,87
NEW KOKO'S  SRL;PF0084070/20XFL1067;70/2 ELAS RIT FLEXY PA 6 - 34014 VERDE BENETTON;KG;38,0199995040894;338,38
NEW KOKO'S  SRL;PF0084070/20XFL1073;70/2 ELAS RIT FLEXY PA 6 - 37243 FATHOM;KG;67,4600009918213;600,4
NEW KOKO'S  SRL;PF0084070/20XFL1081;70/2 ELAS RIT FLEXY PA 6 - 50725 COKE K100;KG;37,1900001764297;330,99
NEW KOKO'S  SRL;PF0084070/30XFL1002;70/3 ELAS RIT FLEXY PA 6 - 36934 ARANCIO FLUO;KG;36,6200003623962;322,25
NEW KOKO'S  SRL;PF0084070/30XFL1003;70/3 ELAS RIT FLEXY PA 6 - 37489 GIALLO G004;KG;33,4200000762939;294,1
NEW KOKO'S  SRL;PF0084070/30XFL1005;70/3 ELAS RIT FLEXY PA 6 - 36833 BLUETTE;KG;246,099999427795;2165,67
NEW KOKO'S  SRL;PF0084070/30XFL1027;70/3 ELAS RIT FLEXY PA 6 - 36854 DIVA PINK FLUO;KG;29,1800003051758;256,78
NEW KOKO'S  SRL;PF0084070/30XFL1029;70/3 ELAS RIT FLEXY PA 6 - 37310 COL. 1039 GRIGIO MEDIO G172;KG;23,9200000762939;210,49
NEW KOKO'S  SRL;PF0084070/30XFL1035;70/3 ELAS RIT FLEXY PA 6 - 35345 CHARCHOAL;KG;262,759998083115;2312,28
NEW KOKO'S  SRL;PF0084070/30XFL1037;70/3 ELAS RIT FLEXY PA 6 - 36759 NERO;KG;314,10999917984;2764,18
NEW KOKO'S  SRL;PF0084070/30XFL1040;70/3 ELAS RIT FLEXY PA 6 - 34771 ROSA FLUO 8151 ;KG;15,6700000762939;137,9
NEW KOKO'S  SRL;PF0084070/30XFL1050;70/3 ELAS RIT FLEXY PA 6 - 37771 SULPHUR SPRING G029;KG;144,229998588562;1269,23
NEW KOKO'S  SRL;PF0084070/30XFL1054;70/3 ELAS RIT FLEXY PA 6 - 36922 GIALLO G003;KG;33,5800008773804;295,51
NEW KOKO'S  SRL;PF0084070/30XFL1055;70/3 ELAS RIT FLEXY PA 6 - 38084 MEDITERAN BLUE B125;KG;86,3099999427795;759,53
NEW KOKO'S  SRL;PF0084070/30XFL1056;70/3 ELAS RIT FLEXY PA 6 - 36935 AZZURRO TURCHESE A 106;KG;59,9999995231628;527,99
NEW KOKO'S  SRL;PF0084070/30XFL1058;70/3 ELAS RIT FLEXY PA 6 - 38027 SCARLET R210;KG;127,789998531342;1124,55
NEW KOKO'S  SRL;PF0084070/30XFL1059;70/3 ELAS RIT FLEXY PA 6 - 38807 AURA SPECIAL;KG;52,1899995803833;459,26
NEW KOKO'S  SRL;PF0084070/30XFL1060;70/3 ELAS RIT FLEXY PA 6 - 37005 BORDEAUX E 80 B058;KG;272,130000352859;2394,74
NEW KOKO'S  SRL;PF0084070/30XFL1061;70/3 ELAS RIT FLEXY PA 6 - 37120 ROSSO FUOCO E 34 R119;KG;124,150000572205;1092,52
NEW KOKO'S  SRL;PF0084070/30XFL1062;70/3 ELAS RIT FLEXY PA 6 - 37702 CIPRIA E 88 R198;KG;132,900000572205;1169,53
NEW KOKO'S  SRL;PF0084070/30XFL1064;70/3 ELAS RIT FLEXY PA 6 - 36547 GRIGIO G396;KG;79,1400003433228;696,42
NEW KOKO'S  SRL;PF0084070/30XFL1065;70/3 ELAS RIT FLEXY PA 6 - 37413 VERDE V396;KG;60,9100022315979;536,02
NEW KOKO'S  SRL;PF0084070/30XFL1066;70/3 ELAS RIT FLEXY PA 6 - 37694 OTTANIO;KG;73,7399988174438;648,91
NEW KOKO'S  SRL;PF0084070/30XFL1068;70/3 ELAS RIT FLEXY PA 6 - 37572 SPORT ORANGE FLUO A082;KG;43,9799990653992;387,02
NEW KOKO'S  SRL;PF0084070/30XFL1069;70/3 ELAS RIT FLEXY PA 6 - 36829 OTTANIO O013;KG;15,1000003814697;132,88
NEW KOKO'S  SRL;PF0084070/30XFL1071;70/3 ELAS RIT FLEXY PA 6 - 37141 ARANCIO FLUO A004;KG;28,9599990844727;254,84
NEW KOKO'S  SRL;PF0084070/30XFL1076;70/3 ELAS RIT FLEXY PA 6 - 36824 PETROLIO P028;KG;17,2800004482269;152,06
NEW KOKO'S  SRL;PF0084070/30XFL1078;70/3 ELAS RIT FLEXY PA 6 - 37881 VERDE QUADRIFOGLIO V125;KG;28,3500003814697;249,48
NEW KOKO'S  SRL;PF0084070/30XFL1080;70/3 ELAS RIT FLEXY PA 6 - 37778 BLU B051;KG;19,2100005149841;169,05
NEW KOKO'S  SRL;PF0084070/40XFL1030;70/4 ELAS RIT FLEXY PA 6 - 37741 GRIGIO G901;KG;245,910000562668;2213,19
NEW KOKO'S  SRL;PF0084070/40XFL1046;70/4 ELAS RIT FLEXY PA 6 - 36510 ANTRACITE A235;KG;326,159999370575;2935,44
NEW KOKO'S  SRL;PF0084070/40XFL1047;70/4 ELAS RIT FLEXY PA 6 - 35186 GRIGIO CHIARO 106 G142;KG;121,759998559952;1095,84
NEW KOKO'S  SRL;PF0084782SK0IEX1070;78/68/2 SKINLIFE INT. FLEXI PA 66 - 32630 NERO;KG;95,2099995613098;1332,94
NEW KOKO'S  SRL;PF0084782SK0IEX1077;78/68/2 SKINLIFE INT. FLEXI PA 66 - 37895 CHARCOAL G170;KG;17,3399996757507;242,76
NEW KOKO'S  SRL;PF0084784620XTC1008;78/46/2 ELAS RIT TACTEL - 30389 NERO;KG;206,439998626709;2621,81
NEW KOKO'S  SRL;PF0084784620XTC1009;78/46/2 ELAS RIT TACTEL - 36230 ROSSO VINO 5663;KG;37,0900001525879;471,04
NEW KOKO'S  SRL;PF0084784620XTC1028;78/46/2 ELAS RIT TACTEL - 33745 ANTRACITE;KG;40,1599998474121;510,04
NEW KOKO'S  SRL;PF0084784620XTC1072;78/46/2 ELAS RIT TACTEL - 36240 BLU COBALT B103;KG;88,8400003314018;1128,27
NEW KOKO'S  SRL;PF0084784620XTC1079;78/46/2 ELAS RIT TACTEL - 36499 VERDE MAR 4550 LEFERON;KG;25,2700004577637;320,93
NEW KOKO'S  SRL;PR00840006;;;0;100,38
STORI B. & C. SRL;;;;;
STORI B. & C. SRL;PF0102040/20X661000;40/2 ELAS RIT PA 66 - BIANCO X0;KG;11,210000038147;186,09
STORI B. & C. SRL;PF0102040/20X661007;40/2 ELAS RIT PA 66 - NATURALE K0;KG;10,6599998474121;176,96
STORI B. & C. SRL;PF0102040/20X661013;40/2 ELAS RIT PA 66 - ARACHIDE J9;KG;20,4899997711182;340,13
STORI B. & C. SRL;PF0102040/20XEX1004;40/2 ELAS RIT FLEXI PA 66 - GREGGIO XX;KG;8,46000003814697;140,44
STORI B. & C. SRL;PF0102040/20XEX1030;40/2 ELAS RIT FLEXI PA 66 - B7 INCHIOSTRO;KG;15,6800003051758;260,29
STORI B. & C. SRL;PF0102040/20XEX1037;40/2 ELAS RIT FLEXI PA 66 - I6 CIOCCOLATO;KG;10,3000001907349;170,98
STORI B. & C. SRL;PF0102040/20XEX1038;40/2 ELAS RIT FLEXI PA 66 - I3 LONTRA;KG;9,92000007629395;164,67
STORI B. & C. SRL;PF0102070/20X661000;70/2 ELAS RIT PA 66 - BIANCO X0;KG;50,4499998092651;701,26
STORI B. & C. SRL;PF0102070/20X661003;70/2 ELAS RIT PA 66 - N9 NERO;KG;30,5599994659424;424,79
STORI B. & C. SRL;PF0102070/20X661004;70/2 ELAS RIT PA 66 - GREGGIO XX;KG;26,3600000143051;366,4
STORI B. & C. SRL;PF0102070/20X661007;70/2 ELAS RIT PA 66 - NATURALE K0;KG;94,8599987030029;1318,55
STORI B. & C. SRL;PF0102070/20X661013;70/2 ELAS RIT PA 66 - ARACHIDE J9;KG;10,8400001525879;150,68
STORI B. & C. SRL;PF0102070/20X661030;70/2 ELAS RIT PA 66 - B7 INCHIOSTRO;KG;16,7800002098083;233,24
STORI B. & C. SRL;PF0102070/20X661031;70/2 ELAS RIT PA 66 - N7 CANNA DI FUCILE;KG;31,7499990463257;441,32
STORI B. & C. SRL;PF0102070/20X661037;70/2 ELAS RIT PA 66 - I6 CIOCCOLATO;KG;26,1699993610382;363,76
STORI B. & C. SRL;PF0102070/20X661038;70/2 ELAS RIT PA 66 - I3 LONTRA;KG;21,4300003051758;297,88
STORI B. & C. SRL;PF0102100/20X661003;100/2 ELAS RIT PA 66 - N9 NERO;KG;8,93000030517578;124,13
STORI B. & C. SRL;PF0102443410I661000;44/34/1 ELAS INT. PA 66 - BIANCO X0;KG;249,420001864433;3629,06
STORI B. & C. SRL;PF0102443410I661003;44/34/1 ELAS INT. PA 66 - N9 NERO;KG;180,080001831055;2620,17
STORI B. & C. SRL;PF0102443410I661009;44/34/1 ELAS INT. PA 66 - PIOMBO N8;KG;30,5300002098083;444,2
STORI B. & C. SRL;PF0102443410I661021;44/34/1 ELAS INT. PA 66 - ROSSO S0;KG;21,5;312,83
STORI B. & C. SRL;PF0102443410I661025;44/34/1 ELAS INT. PA 66 - S9 BORDEAUX;KG;42,6000003814697;619,83
STORI B. & C. SRL;PF0102443410I661028;44/34/1 ELAS INT. PA 66 - P1 GRIGIO CHIARO;KG;23,1099996566772;336,25
STORI B. & C. SRL;PF0102443410I661035;44/34/1 ELAS INT. PA 66 - INDACO 1C;KG;20,7599997520447;302,05
STORI B. & C. SRL;PF0102443410I661036;44/34/1 ELAS INT. PA 66 - 9J PAPIRO;KG;13,1999998092651;192,06
La R.T.B. Di Dettali Riccardo ;;;;;
La R.T.B. Di Dettali Riccardo ;PF0109070/30XFL1000;70/3 ELAS RIT FLEXY PA 6 - NERO;KG;70,1100006103516;525,83
La R.T.B. Di Dettali Riccardo ;PF0109070/30XP61001;70/3 ELAS RIT PA 6 - GREGGIO;KG;55,939998626709;265,72
La R.T.B. Di Dettali Riccardo ;PF0109070/40XFL1001;70/4 ELAS RIT FLEXY PA 6 - GREGGIO;KG;50,0400009155273;300,24
CALZIFICIO TELEMACO SRL;;;KG;65,1080017089844;-572,95
CALZIFICIO TELEMACO SRL;;;;;
CALZIFICIO TELEMACO SRL;PF0110070/30XFL1009;70/3 ELAS RIT FLEXY PA 6 - 36934 ARANCIO FLUO;KG;19,1900005340576;168,88
CALZIFICIO TELEMACO SRL;PF0110070/30XFL1018;70/3 ELAS RIT FLEXY PA 6 - 38807 AURA SPECIAL;KG;20,0500001907349;176,44
CALZIFICIO TELEMACO SRL;PF0110070/30XFL1021;70/3 ELAS RIT FLEXY PA 6 - 37695 FUCSIA SCURO F002;KG;181,309999465942;1595,53
CALZIFICIO TELEMACO SRL;PF0110070/30XFL1022;70/3 ELAS RIT FLEXY PA 6 - 37597 FATHOM J011;KG;39,8799991607666;350,95
CALZIFICIO TELEMACO SRL;PF0110070/30XFL1023;70/3 ELAS RIT FLEXY PA 6 - 36938 VIOLA;KG;18,1699995994568;159,89
CALZIFICIO TELEMACO SRL;PF0110786820X661006;78/68/2  RIT PA 66 - 37109 NERO N002;KG;75,8299999237061;894,79
CALZIFICIO TELEMACO SRL;PF0110786820X661007;78/68/2  RIT PA 66 - 35208 BIANCO B001;KG;68,2099990844727;804,88
CALZIFICIO TELEMACO SRL;PF0110786820X661019;78/68/2  RIT PA 66 - 38110 IRON CLAD B107;KG;65,0199990272522;767,23
CALZIFICIO TELEMACO SRL;PF0110786820X661020;78/68/2  RIT PA 66 - 38109 CARDVAN B266;KG;137,16999912262;1618,6
CALZIFICIO TELEMACO SRL;PR01100006;;;0;9,6
VEROPIZ S.R.L.;;;KG;139,379999160767;-1315,52
VEROPIZ S.R.L.;;;NR;1;-278,55
VEROPIZ S.R.L.;;;;;
VEROPIZ S.R.L.;PF0118040/20X661002;40/2 ELAS RIT PA 66 - BIANCO;KG;163,77000105381;1768,72
VEROPIZ S.R.L.;PF0118040/20X661003;40/2 ELAS RIT PA 66 - NERO;KG;284,800002574921;3075,85
VEROPIZ S.R.L.;PF0118040/20X661005;40/2 ELAS RIT PA 66 - BLU CIELO 1757;KG;237,129998445511;2561
VEROPIZ S.R.L.;PF0118040/20X661006;40/2 ELAS RIT PA 66 - G031/PR.1;KG;276,130000114441;2982,18
VEROPIZ S.R.L.;PF0118040/20X661011;40/2 ELAS RIT PA 66 - DARK GREY A CAMPIONE/PR.1;KG;215,080000162125;2322,86
VEROPIZ S.R.L.;PF0118040/20X661014;40/2 ELAS RIT PA 66 - ROSSO PORTO;KG;121,539999127388;1312,62
VEROPIZ S.R.L.;PF0118070/20X661002;70/2 ELAS RIT PA 66 - BIANCO;KG;2163,6100025177;20446,13
VEROPIZ S.R.L.;PF0118070/20X661003;70/2 ELAS RIT PA 66 - NERO;KG;15634,6100126505;147747,26
VEROPIZ S.R.L.;PF0118070/20X661005;70/2 ELAS RIT PA 66 - BLU CIELO 1757;KG;2089,72999691963;19747,98
VEROPIZ S.R.L.;PF0118070/20X661006;70/2 ELAS RIT PA 66 - G031/PR.1;KG;1957,75000321865;18500,81
VEROPIZ S.R.L.;PF0118070/20X661011;70/2 ELAS RIT PA 66 - DARK GREY A CAMPIONE/PR.1;KG;1804,52000230551;17052,74
VEROPIZ S.R.L.;PF0118070/20X661013;70/2 ELAS RIT PA 66 - DARK GREY (- GIALLO);KG;266,840000867844;2521,66
VEROPIZ S.R.L.;PF0118070/20X661014;70/2 ELAS RIT PA 66 - ROSSO PORTO;KG;520,159999907017;4915,54
VEROPIZ S.R.L.;PF0118070/20X661015;70/2 ELAS RIT PA 66 - TEMPESTA;KG;77,7199985384941;734,45
VEROPIZ S.R.L.;PF0118070/20X661016;70/2 ELAS RIT PA 66 - RIVIERA;KG;69,1900005340576;653,85
VEROPIZ S.R.L.;PF0118070/20X661017;70/2 ELAS RIT PA 66 - BLU CIELO 1757/2018;KG;9557,68999254704;90320,38
VEROPIZ S.R.L.;PF0118070/20X661018;70/2 ELAS RIT PA 66 - DEEP RED G378;KG;70,7700004577637;668,77
VEROPIZ S.R.L.;PF0118070/20X661019;70/2 ELAS RIT PA 66 - AZZURRO 0513;KG;16,1300001144409;152,43
VEROPIZ S.R.L.;PF0118070/20X661020;70/2 ELAS RIT PA 66 - GIALLO OCRA;KG;104,549999713898;987,99
VEROPIZ S.R.L.;PF0118070/20X661021;70/2 ELAS RIT PA 66 - BLU BRIO D640;KG;1309,02999711037;12370,39
VEROPIZ S.R.L.;PF0118070/20X661022;70/2 ELAS RIT PA 66 - VERDE SCARF;KG;103,149999260902;974,76
VEROPIZ S.R.L.;PF0118070/20X661023;70/2 ELAS RIT PA 66 - MILITARY GREEN;KG;52,3799996376038;495
VEROPIZ S.R.L.;PF0118070/20X661024;70/2 ELAS RIT PA 66 - DEEP RED G378 /PR.1;KG;2236,19999694824;21132,11
VEROPIZ S.R.L.;PF0118070/20X661025;70/2 ELAS RIT PA 66 - LIGHT ORANGE 3/PR.3;KG;1902,33000040054;17976,99
VEROPIZ S.R.L.;PF0118070/20X661026;70/2 ELAS RIT PA 66 - JELLY PINK;KG;16,2899997830391;153,95
VEROPIZ S.R.L.;PF0118070/20X661027;70/2 ELAS RIT PA 66 - GRIGIO ANTRACITE 1498;KG;19,5599994659424;184,84
VEROPIZ S.R.L.;PF0118070/20X661028;70/2 ELAS RIT PA 66 - BLU DARK/PR.1;KG;780,850000143051;7379,06
VEROPIZ S.R.L.;PF0118070/20X661029;70/2 ELAS RIT PA 66 - POISON RED;KG;54,1300003528595;511,52
VEROPIZ S.R.L.;PF0118070/20X661030;70/2 ELAS RIT PA 66 - VERDE CAMO;KG;17,5800004005432;166,14
VEROPIZ S.R.L.;PF0118070/20X661031;70/2 ELAS RIT PA 66 - ANTRACITE SOLIDO;KG;99,9000010490417;944,06
VEROPIZ S.R.L.;PF0118070/20X661032;70/2 ELAS RIT PA 66 - DARK GREY RIGA;KG;0,509999990463257;4,82
VEROPIZ S.R.L.;PF0118070/20X661033;70/2 ELAS RIT PA 66 - BLU DARK - ROSSO;KG;45,200000166893;427,14
VEROPIZ S.R.L.;PF0118070/20X661034;70/2 ELAS RIT PA 66 - AZZURRO 0513/NZ;KG;48,7699995040894;460,88
VEROPIZ S.R.L.;PF0118070/20X661036;70/2 ELAS RIT PA 66 - CARIBE;KG;839,840000331402;7936,46
VEROPIZ S.R.L.;PF0118070/20X661038;70/2 ELAS RIT PA 66 - VERDE CAMO 528;KG;753,999998986721;7125,36
VEROPIZ S.R.L.;PF0118070/20X661040;70/2 ELAS RIT PA 66 - 18-0000 TPX;KG;16,6700005531311;157,53
VEROPIZ S.R.L.;PF0118070/20X661041;70/2 ELAS RIT PA 66 - VERDE AMAZZONIA;KG;0,740000009536743;6,99
VEROPIZ S.R.L.;PF0118070/20X661042;70/2 ELAS RIT PA 66 - G031/PR.1 - ROSSO;KG;0,680000007152557;6,43
VEROPIZ S.R.L.;PF0118070400I661039;SPLENDOR DTEX 78/2 NY66 INTERL - DARK GREY MEL;KG;227,630000114441;2925,05
VEROPIZ S.R.L.;PF0118156/103661025;156/1  RIT 300 S PA 66 - LIGHT ORANGE 3/PR.3;KG;1,5900000333786;25,76
VEROPIZ S.R.L.;PF0118156/103661026;156/1  RIT 300 S PA 66 - JELLY PINK;KG;1,05999994277954;17,17
VEROPIZ S.R.L.;PF0118156/103661028;156/1  RIT 300 S PA 66 - BLU DARK/PR.1;KG;0,509999990463257;8,26
VEROPIZ S.R.L.;PF0118156/103661030;156/1  RIT 300 S PA 66 - VERDE CAMO;KG;0,490000009536743;7,94
VEROPIZ S.R.L.;PF0118402700INY1037;SPLENDOR DTEX 78/2 NY66 INTERL. - GRIGIO 031 NZ TONO 6;KG;2978,66999387741;38275,99
VEROPIZ S.R.L.;PF0118V70/20V661035;70/2 VOLUMINIZZATO INTERL. PA 66 - BLU DARK CHIARO;KG;7,65000009536743;72,3
ILUNA GROUP SRL;;;;;
ILUNA GROUP SRL;PF0119070/30DP61001;70/3 ELAS CUC 10000 PA 6 - NERO VS CC;KG;19,6800000667572;200
ILUNA GROUP SRL;PF0119100/20D661000;100/2 ELAS CUC 10000 PA 66 - A107/A50 WHITE;KG;530,049997240305;9971,5
ILUNA GROUP SRL;PF0119100/20D661001;100/2 ELAS CUC 10000 PA 66 - NERO VS CC;KG;118,079998731613;2215,7
ILUNA GROUP SRL;PF0119100/20D661004;100/2 ELAS CUC 10000 PA 66 - NUDE N175 D89;KG;12,5600000321865;248
ILUNA GROUP SRL;PF0119100/20D661012;100/2 ELAS CUC 10000 PA 66 - SCALLOP PINK S 564;KG;50,7499995231628;988
ILUNA GROUP SRL;PF0119100/20D661024;100/2 ELAS CUC 10000 PA 66 - ROSSO R242;KG;14,639999628067;280,8
ILUNA GROUP SRL;PF0119100/20D661026;100/2 ELAS CUC 10000 PA 66 - BLU ICE 17-3922 TCX;KG;1,00999999046326;30
ILUNA GROUP SRL;PF0119100/20D661027;100/2 ELAS CUC 10000 PA 66 - BLUE B176;KG;280,869997859001;5179,2
ILUNA GROUP SRL;PF0119100/20D661028;100/2 ELAS CUC 10000 PA 66 - BLUE F152 16-3920 TCX;KG;23,4200000762939;427,8
GENESI SRL;;;;;
GENESI SRL;PF0121100/20D661010;100/2 ELAS CUC 10000 PA 66 - COD. 0003 NERO;KG;97,0999993085861;1732
GENESI SRL;PF0121100/20D661024;100/2 ELAS CUC 10000 PA 66 - COD. 1323;KG;14,7199999094009;248
GENESI SRL;PF0121100/20D661044;100/2 ELAS CUC 10000 PA 66 - COD. 986;KG;26,2300000190735;476
GENESI SRL;PF0121100/20D661052;100/2 ELAS CUC 10000 PA 66 - COD. 1333;KG;15,1900005340576;280
GENESI SRL;PF0121100/20D661087;100/2 ELAS CUC 10000 PA 66 - COD. 320;KG;26,9899998903275;512
GENESI SRL;PF0121100/20D661097;100/2 ELAS CUC 10000 PA 66 - COD. 844;KG;26,539999961853;532
GENESI SRL;PF0121100/20D661101;100/2 ELAS CUC 10000 PA 66 - TROPICO COD. 1352;KG;42,7099993228912;772
GENESI SRL;PF0121100/20D661113;100/2 ELAS CUC 10000 PA 66 - COD.902;KG;14,0799999237061;288
GENESI SRL;PF0121100/20D661129;100/2 ELAS CUC 10000 PA 66 - LIME GREEN 1652;KG;12,2399998903275;248
GENESI SRL;PF0121100/20D661135;100/2 ELAS CUC 10000 PA 66 - COSMIC BLUE COD. 1428;KG;29,1700000762939;544
GENESI SRL;PF0121100/20D661152;100/2 ELAS CUC 10000 PA 66 - COD. 3032;KG;13,5799996852875;264
GENESI SRL;PF0121100/20D661153;100/2 ELAS CUC 10000 PA 66 - FLUO PINK;KG;12,8899995684624;252
GENESI SRL;PF0121100/20D661154;100/2 ELAS CUC 10000 PA 66 - FLUO GREEN;KG;13,4499998092651;272
GENESI SRL;PF0121100/20D661155;100/2 ELAS CUC 10000 PA 66 - COD. 722 GRIGIO CH. A CAMPIONE;KG;12,4400000572205;212
GENESI SRL;PR01210006;;;0;13,18
(NON USARE) - MEGADYNE SPA ;;;;;
(NON USARE) - MEGADYNE SPA ;PF0126060/20X661000;60/2 ELAS RIT PA 66 - ARANCIO;KG;472,57000541687;5245,57
VALCUVIA SRL;;;;;
VALCUVIA SRL;PF0127070/20XP61023;70/2 ELAS RIT PA 6 - 5485 LT PINK;KG;38;422,94
VALCUVIA SRL;PF0127070/20XP61024;70/2 ELAS RIT PA 6 - 5484 SKIN 18;KG;39,6899995803833;441,75
POMPEA SPA;;;;;
POMPEA SPA;PF0128070/20X661078;70/2 ELAS RIT PA 66 - COD. 737 NATURALE;KG;33,2599997520447;335,93
POMPEA SPA;PF0128070/20X661080;70/2 ELAS RIT PA 66 - ARENA 157;KG;15,4400000572205;155,95
POMPEA SPA;PF0128070/20X661086;70/2 ELAS RIT PA 66 - COD. 751 ROSE';KG;17,9500002861023;181,29
POMPEA SPA;PF0128070/20X661087;70/2 ELAS RIT PA 66 - COD. 900 CAMMELLO;KG;16,4500002861023;166,14
POMPEA SPA;PF0128070/20X661138;70/2 ELAS RIT PA 66 - COD. 903 VERDE ACQUA;KG;16,710000038147;168,77
POMPEA SPA;PF0128100/20D661021;100/2 ELAS CUC 10000 PA 66 - COD. 2 BIANCO LATTE;KG;62,5099997520447;981,39
POMPEA SPA;PF0128100/20D661023;100/2 ELAS CUC 10000 PA 66 - ROSA 1813;KG;15,2699999809265;239,73
POMPEA SPA;PF0128100/20D661028;100/2 ELAS CUC 10000 PA 66 - COD. 1332 BLU;KG;89,4599993228912;1404,51
POMPEA SPA;PF0128100/20D661039;100/2 ELAS CUC 10000 PA 66 - COD. 613;KG;16,3000001907349;255,9
POMPEA SPA;PF0128100/20D661055;100/2 ELAS CUC 10000 PA 66 - COD. 89 BLU ;KG;32,5;510,24
POMPEA SPA;PF0128100/20D661082;100/2 ELAS CUC 10000 PA 66 - COD. 325;KG;113,309999585152;1778,97
POMPEA SPA;PF0128100/20D661097;100/2 ELAS CUC 10000 PA 66 - COD. 907 AZZURRO FUTURE;KG;24,7099997997284;387,94
POMPEA SPA;PF0128100/20D661101;100/2 ELAS CUC 10000 PA 66 - COD. 927 CORALLO;KG;17,3499999046326;272,4
POMPEA SPA;PF0128100/20D661113;100/2 ELAS CUC 10000 PA 66 - COD. 890 ROSSO GERANIO;KG;15,8600000143051;249
POMPEA SPA;PF0128100/20D661128;100/2 ELAS CUC 10000 PA 66 - COD. 3034 MELOGRANO;KG;19,8000001311302;310,87
POMPEA SPA;PF0128100/20D661130;100/2 ELAS CUC 10000 PA 66 - COD. 239;KG;18,4300003051758;289,35
POMPEA SPA;PF0128100/20D661131;100/2 ELAS CUC 10000 PA 66 - COD. 880;KG;19,7500001192093;310,07
POMPEA SPA;PF0128100/20D661139;100/2 ELAS CUC 10000 PA 66 - COD. 050;KG;16,660000026226;261,56
POMPEA SPA;PF0128100/20D661140;100/2 ELAS CUC 10000 PA 66 - COD. 016 GIALLO;KG;34,0900001525879;535,24
POMPEA SPA;PF0128100/20D661141;100/2 ELAS CUC 10000 PA 66 - COD. 328 AZZURRO;KG;38,699999332428;607,61
POMPEA SPA;PF0128100/20D661142;100/2 ELAS CUC 10000 PA 66 - COD. 825 BLU;KG;19,059999704361;299,25
I.R.T.E. SRL;;;KG;105,290000915527;-1352,98
I.R.T.E. SRL;;;;;
I.R.T.E. SRL;PF0129040/10A661064;40/1 ELAS APE PA 66 - NERO 0006;KG;181,840000033379;2773,09
I.R.T.E. SRL;PF0129040/10A661140;40/1 ELAS APE PA 66 - GREGGIO;KG;275,650000572205;3790,23
I.R.T.E. SRL;PF0129070/20X661145;70/2 ELAS RIT PA 66 - GRIGIO CHIARO 653;KG;145,750000238419;1348,2
I.R.T.E. SRL;PF0129070/20X661146;70/2 ELAS RIT PA 66 - GRIGIO SCURO 4104;KG;142,200000524521;1315,38
I.R.T.E. SRL;PF0129070/20X661155;70/2 ELAS RIT PA 66 - NERO 951;KG;2278,19999623299;21073,53
I.R.T.E. SRL;PF0129070/20X661162;70/2 ELAS RIT PA 66 - 18-0201 TCX;KG;1,15000003576279;10,64
I.R.T.E. SRL;PF0129070/20X661165;70/2 ELAS RIT PA 66 - GIALLO BLAZING 12-0643 TCX;KG;0,660000026226044;6,11
I.R.T.E. SRL;PF0129070/20X661166;70/2 ELAS RIT PA 66 - BLUE STRONG 18-4051 TCX;KG;0,610000014305115;5,64
I.R.T.E. SRL;PF0129402700INY1150;78/2 MELANGE INTER PA 66 - GRAFITE MELANGE 2018;KG;105,290000915527;1352,96
I.R.T.E. SRL;PF0129402700INY1154;78/2 MELANGE INTER PA 66 - GRAFITE MEL 2018 PR. 2;KG;163,780000686646;2104,57
I.R.T.E. SRL;PF0129402700INY1167;SPLENDOR DTEX 78/2 NY66 INTERL - GRIGIO 031 TONO 6 X ME;KG;11,8599996566772;152,4
I.R.T.E. SRL;PF0129701TP0ATP1089;78/18 APE PA6 TINTO PASTA - NERO TINTO PASTA;KG;2004,21999740601;12125,58
I.R.T.E. SRL;PF0129701TP0ATP1095;78/18 APE PA6 TINTO PASTA - BIANCO OTTICO TINTO PASTA;KG;906,029996871948;5572,08
I.R.T.E. SRL;PF0129701TT0I661067;78/2 MELANGE INTER PA 66 - DENIM MELANGE;KG;811,290002584457;10425,08
I.R.T.E. SRL;PF0129701TT0I661092;78/2 MELANGE INTER PA 66 - DARK BLU MELANGE;KG;180,439999103546;2318,66
I.R.T.E. SRL;PF0129701TT0I661114;78/2 MELANGE INTER PA 66 - GRAFITE MEL PR. 2;KG;2868,01000082493;36853,9
I.R.T.E. SRL;PF0129701TT0I661151;78/2 MELANGE INTER PA 66 - OTTANIO MEL PR. 2;KG;440,930000782013;5665,97
I.R.T.E. SRL;PF0129706700INY1141;78/2 MELANGE INTER PA 66 - BLU MELANGE 128 TONO 1/+ CHI;KG;1363,26999896765;17518,05
I.R.T.E. SRL;PF0129781820ITP1163;78/18X2 INT. PA6 TINTO PASTA - SILVER TP;KG;2,01999998092651;11,72
I.R.T.E. SRL;PF0129781820ITP1164;78/18X2 INT. PA6 TINTO PASTA - OCEANO TP;KG;2,82999992370605;17,83
I.R.T.E. SRL;PF0129786820X661002;78/68/2  RIT PA 66 - BIANCO;KG;2363,40999948978;28952,01
I.R.T.E. SRL;PF0129786820X661122;78/68/2  RIT PA 66 - GIALLO AFRICA;KG;779,059997797012;9543,57
I.R.T.E. SRL;PF0129786820X661134;78/68/2  RIT PA 66 - BLU ZAFFIRO;KG;0,790000021457672;9,68
I.R.T.E. SRL;PF0129786820X661136;78/68/2  RIT PA 66 - WINE 2315;KG;0,870000004768372;10,66
I.R.T.E. SRL;PF0129786820X661139;78/68/2  RIT PA 66 - AZZURRO GHIACCIO;KG;764,629998087883;9366,77
I.R.T.E. SRL;PF0129786820X661148;78/68/2  RIT PA 66 - VERDE ERBA;KG;369,420001864433;4525,43
I.R.T.E. SRL;PF0129786820X661149;78/68/2  RIT PA 66 - PEACOCK;KG;525,689998567104;6439,76
I.R.T.E. SRL;PF0129786820X661152;78/68/2  RIT PA 66 - BLU MOON;KG;30,4699989557266;373,26
I.R.T.E. SRL;PF0129786820X661160;78/68/2  RIT PA 66 - ARANCIO MANDARIN;KG;0,720000028610229;8,82
I.R.T.E. SRL;PF0129786820X661161;78/68/2  RIT PA 66 - RED RUBY;KG;0,850000023841858;10,41
I.R.T.E. SRL;PF0129LUC700XP61156;70 LUCIDO RIT PA 6 - CANDIDO;KG;0,620000004768372;9,55
I.R.T.E. SRL;PF0129LUC700XP61157;70 LUCIDO RIT PA 6 - NERO;KG;1,05999994277954;16,32
I.R.T.E. SRL;PF0129V70/20V661062;70/2 VOLUMINIZZATO INTERL. PA 66 - CARBONE D030;KG;343,450000286102;3176,93
I.R.T.E. SRL;PF0129V70/20V661073;70/2 VOLUMINIZZATO INTERL. PA 66 - NIMBUS CLOUD 13-4108;KG;226,990000247955;2099,67
I.R.T.E. SRL;PF0129V70/20V661116;70/2 VOLUMINIZZATO INTERL. PA 66 - BLU J. 117;KG;155,53000164032;1438,68
I.R.T.E. SRL;PF0129V70/20V661118;70/2 VOLUMINIZZATO INTERL. PA 66 - INDACO 1028;KG;1,62000000476837;14,99
I.R.T.E. SRL;PF0129V70/20V661119;70/2 VOLUMINIZZATO INTERL. PA 66 - BLU INTENSO;KG;3456,90999639034;31976,75
I.R.T.E. SRL;PF0129V70/20V661122;70/2 VOLUMINIZZATO INTERL. PA 66 - GIALLO AFRICA;KG;211,5;1956,39
I.R.T.E. SRL;PF0129V70/20V661133;70/2 VOLUMINIZZATO INTERL. PA 66 - WHITE 0001;KG;143,009999275208;1322,84
I.R.T.E. SRL;PF0129V70/20V661134;70/2 VOLUMINIZZATO INTERL. PA 66 - BLU ZAFFIRO;KG;174,819998502731;1617,11
I.R.T.E. SRL;PF0129V70/20V661135;70/2 VOLUMINIZZATO INTERL. PA 66 - OTTANIO;KG;914,660000443459;8460,68
I.R.T.E. SRL;PF0129V70/20V661137;70/2 VOLUMINIZZATO INTERL. PA 66 - GIALLO 0947;KG;44,5799995064735;412,37
I.R.T.E. SRL;PF0129V70/20V661139;70/2 VOLUMINIZZATO INTERL. PA 66 - AZZURRO GHIACCIO;KG;416,62999856472;3853,88
I.R.T.E. SRL;PF0129V70/20V661142;70/2 VOLUMINIZZATO INTERL. PA 66 - OTTANIO 2018;KG;1,45000004768372;13,41
I.R.T.E. SRL;PF0129V70/20V661143;70/2 VOLUMINIZZATO INTERL. PA 66 - AZZURRO TPX 17-4435;KG;426,209999322891;3942,47
I.R.T.E. SRL;PF0129V70/20V661144;70/2 VOLUMINIZZATO INTERL. PA 66 - NERO 800;KG;0,889999985694885;8,23
I.R.T.E. SRL;PF0129V70/20V661145;70/2 VOLUMINIZZATO INTERL. PA 66 - GRIGIO 653;KG;0,930000007152557;8,6
I.R.T.E. SRL;PF0129V70/20V661146;70/2 VOLUMINIZZATO INTERL. PA 66 - GRIGIO SCURO 4104;KG;0,889999985694885;8,23
I.R.T.E. SRL;PF0129V70/20V661147;70/2 VOLUMINIZZATO INTERL. PA 66 - BLU SPOT;KG;700,700001657009;6481,55
I.R.T.E. SRL;PF0129V70/20V661153;70/2 VOLUMINIZZATO INTERL. PA 66 - ARANCIO 17-1562 TPX;KG;0,720000028610229;6,66
I.R.T.E. SRL;PF0129V70/20V661158;70/2 VOLUMINIZZATO INTERL. PA 66 - PAPRIKA;KG;1;9,25
I.R.T.E. SRL;PF0129V70/20V661159;70/2 VOLUMINIZZATO INTERL. PA 66 - DARK SPOT;KG;151,449999570847;1400,93
I.R.T.E. SRL;PF0129V70/20V661160;70/2 VOLUMINIZZATO INTERL. PA 66 - ARANCIO MANDARIN;KG;295,200000226498;2730,62
I.R.T.E. SRL;PR01290001;;;0;62,27
LA FILTOM SRL;;;;;
LA FILTOM SRL;PF0130070/20IP61000;70/2 ELAS INT. PA 6 - GREGGIO;KG;134,579999923706;686,36
VARTES SRL;;;;;
VARTES SRL;PF0137100/20X661019;100/2 ELAS RIT PA 66 - COD. 230;KG;14,990000128746;197,87
VARTES SRL;PF0137100/20X661021;100/2 ELAS RIT PA 66 - ROSA FLUO;KG;16,1700003147125;213,45
VARTES SRL;PF0137100/20X661022;100/2 ELAS RIT PA 66 - ARANCIO FLUO;KG;16,3099999427795;215,29
VARTES SRL;PF0137100/20X661023;100/2 ELAS RIT PA 66 - PETROLIO A CAMPIONE;KG;18,0700001716614;238,53
VARTES SRL;PR01370006;;;0;32,48
FINOTEX ITALIA SRL;;;;;
FINOTEX ITALIA SRL;PF0145100/20X661000;100/2 ELAS RIT PA 66 - NERO;KG;125,660000562668;1300,6
CIZETA MEDICALI SPA;;;;;
CIZETA MEDICALI SPA;PF0160446020ILP1010;EL 44 + NY 66/2 INTERLACCIATO - 020 CELESTE;KG;41,1199997663498;863,52
EMMETEX ITALIA SNC DI MARMO N. & C.;;;KG;0;0
EMMETEX ITALIA SNC DI MARMO N. & C.;;;kg;87,5;-332,5
EMMETEX ITALIA SNC DI MARMO N. & C.;;;;;
EMMETEX ITALIA SNC DI MARMO N. & C.;PF0166070/20IP61000;70/2 ELAS INT. PA 6 - CANDIDO;KG;147,659999608994;1225,59
EMMETEX ITALIA SNC DI MARMO N. & C.;PF0166070/20XP61014;70/2 ELAS RIT PA 6 - NAVY E 12;KG;1541,97000133991;12798,39
EMMETEX ITALIA SNC DI MARMO N. & C.;PF0166070/20XP61022;70/2 ELAS RIT PA 6 - E 60 RUBINO N;KG;27,4300003051758;227,67
EMMETEX ITALIA SNC DI MARMO N. & C.;PF0166070/20XP61023;70/2 ELAS RIT PA 6 - VERDE SALVIA CAMPIONE;KG;32,5599994659424;270,25
EMMETEX ITALIA SNC DI MARMO N. & C.;PF0166070/20XP61041;70/2 ELAS RIT PA 6 - E 65 BURRASCA;KG;198,289998054504;1645,81
EMMETEX ITALIA SNC DI MARMO N. & C.;PF0166070/20XP61046;70/2 ELAS RIT PA 6 - BLEU NOTTE 1510;KG;199,85999917984;1598,88
EMMETEX ITALIA SNC DI MARMO N. & C.;PF0166070/20XP61047;70/2 ELAS RIT PA 6 - BLUETTE 643;KG;326,859999656677;2712,96
EMMETEX ITALIA SNC DI MARMO N. & C.;PF0166070/20XP61049;70/2 ELAS RIT PA 6 - E 80 CHERRY;KG;111,459998607635;925,11
EMMETEX ITALIA SNC DI MARMO N. & C.;PF0166070/20XP61051;70/2 ELAS RIT PA 6 - CICLAMINO E 53;KG;26,6100006103516;220,87
EMMETEX ITALIA SNC DI MARMO N. & C.;PF0166070/20XP61052;70/2 ELAS RIT PA 6 - BLUE PATRIOT;KG;757,500000238419;6287,27
EMMETEX ITALIA SNC DI MARMO N. & C.;PF0166070/20XP61053;70/2 ELAS RIT PA 6 - BLEU E 11;KG;53,9699997901917;447,96
EMMETEX ITALIA SNC DI MARMO N. & C.;PF0166070/20XP61055;70/2 ELAS RIT PA 6 - E 63 ACCIAIO;KG;400,959996938705;3327,98
EMMETEX ITALIA SNC DI MARMO N. & C.;PF0166070/20XP61058;70/2 ELAS RIT PA 6 - E 66 ROYAL;KG;389,920000553131;3236,35
EMMETEX ITALIA SNC DI MARMO N. & C.;PF0166070/20XP61060;70/2 ELAS RIT PA 6 - INDACO DI CHIO;KG;98,5999994277954;818,39
EMMETEX ITALIA SNC DI MARMO N. & C.;PF0166070/20XP61061;70/2 ELAS RIT PA 6 - BLU JEANS DI CHIO;KG;145,019999504089;1203,67
EMMETEX ITALIA SNC DI MARMO N. & C.;PF0166070/20XP61062;70/2 ELAS RIT PA 6 - BORDO' DI CHIO;KG;91,100000500679;756,14
EMMETEX ITALIA SNC DI MARMO N. & C.;PF0166070/20XP61064;70/2 ELAS RIT PA 6 - BLEU 1510 MARCO;KG;1071,50999808311;8893,59
EMMETEX ITALIA SNC DI MARMO N. & C.;PF0166070/20XP61065;70/2 ELAS RIT PA 6 - E 13 INDACO;KG;577,050003767014;4789,54
EMMETEX ITALIA SNC DI MARMO N. & C.;PF0166070/20XP61066;70/2 ELAS RIT PA 6 - E 33 ROSSO;KG;582,940003633499;4838,44
EMMETEX ITALIA SNC DI MARMO N. & C.;PF0166070/20XP61067;70/2 ELAS RIT PA 6 - E 64 REGATA;KG;78,0899995565414;648,15
EMMETEX ITALIA SNC DI MARMO N. & C.;PF0166070/20XP61069;70/2 ELAS RIT PA 6 - E 20 COBALTO;KG;119,799999237061;994,36
EMMETEX ITALIA SNC DI MARMO N. & C.;PF0166070/20XP61070;70/2 ELAS RIT PA 6 - GRIGIO CHIARO 16-3915 TPX;KG;48,4300003051758;401,98
EMMETEX ITALIA SNC DI MARMO N. & C.;PF0166070/20XP61071;70/2 ELAS RIT PA 6 - GRIGIO 17-4014 TPX;KG;44,9499995708466;373,09
EMMETEX ITALIA SNC DI MARMO N. & C.;PF0166070/20XP61073;70/2 ELAS RIT PA 6 - E 19 BLUETTE;KG;66,5400002002716;552,29
EMMETEX ITALIA SNC DI MARMO N. & C.;PF0166070/20XP61074;70/2 ELAS RIT PA 6 - ROSSO ERMAN;KG;378,540002346039;3141,89
EMMETEX ITALIA SNC DI MARMO N. & C.;PF0166070/20XP61075;70/2 ELAS RIT PA 6 - BLEU A CAMPIONE 2018;KG;96,2400000095367;798,79
EMMETEX ITALIA SNC DI MARMO N. & C.;PF0166070/20XP61076;70/2 ELAS RIT PA 6 - VERDE IRLANDA E 70;KG;117,099998354912;971,93
EMMETEX ITALIA SNC DI MARMO N. & C.;PF0166701TT0I661068;78/2 MELANGE INTERLACCIATO PA 66 - MELANGE ERMAN;KG;411,750000238419;4488,12
EMMETEX ITALIA SNC DI MARMO N. & C.;PF0166V70/20V661072;70/2 VOLUMINIZZATO INTERL. PA 66 - NERO;KG;101,549998760223;385,89
EMMETEX ITALIA SNC DI MARMO N. & C.;PR01660007;;;0;51,24
DAVIDE RICUPERATI S.N.C.;;;;;
DAVIDE RICUPERATI S.N.C.;PF0173100/20X661000;100/2 ELAS RIT PA 66 - GREGGIO;KG;115,019998550415;902,92
DAVIDE RICUPERATI S.N.C.;PF0173100/20X661001;100/2 ELAS RIT PA 66 - NERO;KG;201,649999141693;2117,37
MARA DI RIVABEN LUCA & C. S.N.C.;;;;;
MARA DI RIVABEN LUCA & C. S.N.C.;PF0176070/20X661000;70/2 ELAS RIT PA 66 - BEIGE 989;KG;71,6699994802475;720,29
MARA DI RIVABEN LUCA & C. S.N.C.;PF0176070/20X661001;70/2 ELAS RIT PA 66 - BIANCO;KG;82,5899999141693;830,03
MARA DI RIVABEN LUCA & C. S.N.C.;PF0176070/20X661002;70/2 ELAS RIT PA 66 - BLU;KG;29,3999996185303;295,48
CATEX SRL;;;KG;22,1499996185303;-261,37
CATEX SRL;;;;;
CATEX SRL;PF0180786810A661003;78/68/1 ELAS APE PA 66 - NERO;KG;21,9899997711182;296,87
CATEX SRL;PF0180786810A661020;78/68/1 ELAS APE PA 66 - GREGGIO;KG;0,730000019073486;8,83
CATEX SRL;PF0180786810A661022;78/68/1 ELAS APE PA 66 - 13129 NERO;KG;19,9500002861023;269,33
CATEX SRL;PF0180786810A661029;78/68/1 ELAS APE PA 66 - 13113 FANGO;KG;4,28999996185303;57,92
CATEX SRL;PF0180786810A661030;78/68/1 ELAS APE PA 66 - 13116 CAMMELLO;KG;4,76000022888184;64,26
CATEX SRL;PF0180786810A661033;78/68/1 ELAS APE PA 66 - 13122 ARGENTO;KG;4,71000003814697;63,59
CATEX SRL;PF0180786810A661035;78/68/1 ELAS APE PA 66 - 13132 AZZURRO;KG;4,69000005722046;63,32
CATEX SRL;PF0180786810A661036;78/68/1 ELAS APE PA 66 - 13133 ROYAL;KG;4,65000009536743;62,78
CATEX SRL;PF0180786810A661037;78/68/1 ELAS APE PA 66 - 13136 LONDON;KG;5,98999977111816;80,87
CATEX SRL;PF0180786810A661038;78/68/1 ELAS APE PA 66 - 13137 BORA;KG;5,03999996185303;68,04
CATEX SRL;PF0180786810A661039;78/68/1 ELAS APE PA 66 - 13141 ARANCIO;KG;4,8899998664856;66,02
CATEX SRL;PF0180786810A661040;78/68/1 ELAS APE PA 66 - 13142 ROSSO VIVO;KG;17,0800004005432;230,58
CATEX SRL;PF0180786810A661041;78/68/1 ELAS APE PA 66 - 13144 CARDINALE;KG;4,69000005722046;63,32
CATEX SRL;PF0180786810A661042;78/68/1 ELAS APE PA 66 - 13146 GRANATA;KG;4,8899998664856;66,02
CATEX SRL;PF0180786810A661043;78/68/1 ELAS APE PA 66 - 13154 FANGO;KG;4,3899998664856;59,27
CATEX SRL;PF0180786810A661044;78/68/1 ELAS APE PA 66 - 13155 BOTTIGLIA;KG;5,5;74,25
CATEX SRL;PF0180786810A661045;78/68/1 ELAS APE PA 66 - 13157 CHICCO;KG;4,34000015258789;58,59
CATEX SRL;PF0180786810A661046;78/68/1 ELAS APE PA 66 - 13158 ROSA;KG;4,82999992370605;65,21
CATEX SRL;PF0180786810A661047;78/68/1 ELAS APE PA 66 - 13162 CARTA ZUCCHERO;KG;4,76000022888184;64,26
CATEX SRL;PF0180786810A661048;78/68/1 ELAS APE PA 66 - 13164 DROMEDARIO;KG;4,51000022888184;60,89
CATEX SRL;PF0180786810A661049;78/68/1 ELAS APE PA 66 - 13167 PASTELLO;KG;4,6100001335144;62,24
CATEX SRL;PF0180786810A661050;78/68/1 ELAS APE PA 66 - 13168 AMAZZONIA;KG;4,92000007629395;66,42
CATEX SRL;PF0180786810A661051;78/68/1 ELAS APE PA 66 - 13171 MUSCHIO;KG;4,44999980926514;60,08
CATEX SRL;PF0180786810A661052;78/68/1 ELAS APE PA 66 - 13172 SOTTOBOSCO;KG;5,03999996185303;68,04
CATEX SRL;PF0180786810A661053;78/68/1 ELAS APE PA 66 - 13177 SOLE;KG;4,44999980926514;60,08
CATEX SRL;PF0180786810A661054;78/68/1 ELAS APE PA 66 - 13185 RUGGINE;KG;4,30000019073486;58,05
CATEX SRL;PF0180786810A661057;78/68/1 ELAS APE PA 66 - 13194 VINO;KG;4,59000015258789;61,97
CATEX SRL;PF0180786810A661058;78/68/1 ELAS APE PA 66 - 13193 ROSA CLARO;KG;5,67000007629395;76,55
CATEX SRL;PF0180786810A661059;78/68/1 ELAS APE PA 66 - 13192 METALLICO;KG;4,78999996185303;64,67
CATEX SRL;PF0180786810A661060;78/68/1 ELAS APE PA 66 - 13195 MARINO;KG;10,2700004577637;138,65
CATEX SRL;PF0180786810A661063;78/68/1 ELAS APE PA 66 - 13101 BIANCO;KG;4,67000007629395;63,05
CATEX SRL;PF0180786810A661064;78/68/1 ELAS APE PA 66 - 13163 OLIVO;KG;4,61999988555908;62,37
CATEX SRL;PF0180786810A661067;78/68/1 ELAS APE PA 66 - 13181 ARANCIO FLUO;KG;16,3799996376038;221,13
CATEX SRL;PF0180786810A661068;78/68/1 ELAS APE PA 66 - 13198 FUXIA FLUO;KG;18,2900004386902;246,92
CATEX SRL;PF0180786810A661069;78/68/1 ELAS APE PA 66 - 13200 PRATO FLUO;KG;14,4399995803833;194,95
CATEX SRL;PF0180786810A661070;78/68/1 ELAS APE PA 66 - 13199 ROSA FLUO;KG;7,51999998092651;101,52
CATEX SRL;PF0180786810A661071;78/68/1 ELAS APE PA 66 - 13178 GIALLO FLUO;KG;26,6299996376038;359,52
CATEX SRL;PF0180786810A661075;78/68/1 ELAS APE PA 66 - 13182 VERDE FLUO;KG;8,80000019073486;118,8
CATEX SRL;PF0180786820M661074;78/68/2  RIT 200 GIRI PA 66 - GRIGIO 270;KG;1,00999999046326;50
CATEX SRL;PF0180786820X661012;78/68/2  RIT PA 66 - 13101 BIANCO;KG;16;188,8
CATEX SRL;PF0180786820X661013;78/68/2  RIT PA 66 - 13129 NERO;KG;18,7299995422363;221,01
CATEX SRL;PF0180786820X661014;78/68/2  RIT PA 66 - 13138 NOTTE;KG;14,3599996566772;169,45
CATEX SRL;PF0180786820X661015;78/68/2  RIT PA 66 - 13143 ROSSO;KG;48,8100004196167;575,96
CATEX SRL;PF0180786820X661016;78/68/2  RIT PA 66 - 13166 CANARINO;KG;14,599999666214;172,28
CATEX SRL;PF0180786820X661017;78/68/2  RIT PA 66 - 13118 BRUCIATO;KG;16,9200000762939;199,66
CATEX SRL;PF0180786820X661018;78/68/2  RIT PA 66 - 13126 FUMO;KG;15,6600003242493;184,78
CATEX SRL;PF0180786820X661019;78/68/2  RIT PA 66 - 13174 BLU;KG;27,9000000953674;329,22
CATEX SRL;PF0180786820X661020;78/68/2  RIT PA 66 - GREGGIO;KG;66,0900002717972;777,57
CATEX SRL;PF0180786820X661021;78/68/2  RIT PA 66 - 13119 MORO;KG;116,010002613068;1368,91
CATEX SRL;PF0180786820X661022;78/68/2  RIT PA 66 - 13129 NERO;KG;2284,92999494076;26962,14
CATEX SRL;PF0180786820X661023;78/68/2  RIT PA 66 - 13149 VIOLA;KG;48,2000007629395;568,76
CATEX SRL;PF0180786820X661025;78/68/2  RIT PA 66 - 13102 PANNA;KG;15,289999961853;180,42
CATEX SRL;PF0180786820X661026;78/68/2  RIT PA 66 - 13103 CREMA;KG;17,4200004339218;205,56
CATEX SRL;PF0180786820X661027;78/68/2  RIT PA 66 - 13105 NOCCIOLA;KG;15,5600004196167;183,61
CATEX SRL;PF0180786820X661028;78/68/2  RIT PA 66 - 13110 SABBIA;KG;17,2099997997284;203,08
CATEX SRL;PF0180786820X661029;78/68/2  RIT PA 66 - 13113 FANGO;KG;14,4399995803833;170,39
CATEX SRL;PF0180786820X661030;78/68/2  RIT PA 66 - 13116 CAMMELLO;KG;13,4200000762939;158,36
CATEX SRL;PF0180786820X661031;78/68/2  RIT PA 66 - 13117 TERRA;KG;17,0200004577637;200,84
CATEX SRL;PF0180786820X661032;78/68/2  RIT PA 66 - 13121 IRON;KG;17,9699993133545;212,05
CATEX SRL;PF0180786820X661033;78/68/2  RIT PA 66 - 13122 ARGENTO;KG;14,7600002288818;174,17
CATEX SRL;PF0180786820X661034;78/68/2  RIT PA 66 - 13125 ANTRACITE;KG;19,75;233,05
CATEX SRL;PF0180786820X661035;78/68/2  RIT PA 66 - 13132 AZZURRO;KG;14,5600004196167;171,81
CATEX SRL;PF0180786820X661036;78/68/2  RIT PA 66 - 13133 ROYAL;KG;14,92999958992;176,17
CATEX SRL;PF0180786820X661037;78/68/2  RIT PA 66 - 13136 LONDON;KG;14,9499998092651;176,41
CATEX SRL;PF0180786820X661038;78/68/2  RIT PA 66 - 13137 BORA;KG;15,1099996566772;178,3
CATEX SRL;PF0180786820X661039;78/68/2  RIT PA 66 - 13141 ARANCIO;KG;14,7200002670288;173,7
CATEX SRL;PF0180786820X661040;78/68/2  RIT PA 66 - 13142 ROSSO VIVO;KG;15,0100002288818;177,12
CATEX SRL;PF0180786820X661041;78/68/2  RIT PA 66 - 13144 CARDINALE;KG;14,860000371933;175,35
CATEX SRL;PF0180786820X661042;78/68/2  RIT PA 66 - 13146 GRANATA;KG;14,6199998855591;172,52
CATEX SRL;PF0180786820X661043;78/68/2  RIT PA 66 - 13154 FANGO;KG;16,9799996614456;200,37
CATEX SRL;PF0180786820X661044;78/68/2  RIT PA 66 - 13155 BOTTIGLIA;KG;15,2400002479553;179,84
CATEX SRL;PF0180786820X661045;78/68/2  RIT PA 66 - 13157 CHICCO;KG;14,3800001144409;169,68
CATEX SRL;PF0180786820X661046;78/68/2  RIT PA 66 - 13158 ROSA;KG;14,9099998474121;175,94
CATEX SRL;PF0180786820X661047;78/68/2  RIT PA 66 - 13162 CARTA ZUCCHERO;KG;15,3900003433228;181,6
CATEX SRL;PF0180786820X661048;78/68/2  RIT PA 66 - 13164 DROMEDARIO;KG;14,7799997329712;174,4
CATEX SRL;PF0180786820X661049;78/68/2  RIT PA 66 - 13167 PASTELLO;KG;13,6300001144409;160,83
CATEX SRL;PF0180786820X661050;78/68/2  RIT PA 66 - 13168 AMAZZONIA;KG;14,75;174,05
CATEX SRL;PF0180786820X661051;78/68/2  RIT PA 66 - 13171 MUSCHIO;KG;14,5300002098083;171,45
CATEX SRL;PF0180786820X661052;78/68/2  RIT PA 66 - 13172 SOTTOBOSCO;KG;15,3700003027916;181,36
CATEX SRL;PF0180786820X661053;78/68/2  RIT PA 66 - 13177 SOLE;KG;15,4000000953674;181,72
CATEX SRL;PF0180786820X661054;78/68/2  RIT PA 66 - 13185 RUGGINE;KG;13,6899995803833;161,54
CATEX SRL;PF0180786820X661055;78/68/2  RIT PA 66 - 13151 VERDE;KG;49,4300003051758;583,27
CATEX SRL;PF0180786820X661057;78/68/2  RIT PA 66 - 13194 VINO;KG;103,099999904633;1254,67
CATEX SRL;PF0180786820X661058;78/68/2  RIT PA 66 - 13193 ROSA CLARO;KG;13,8200001716614;163,08
CATEX SRL;PF0180786820X661059;78/68/2  RIT PA 66 - 13192 METALLICO;KG;177,820000648499;2136,35
CATEX SRL;PF0180786820X661060;78/68/2  RIT PA 66 - 13195 MARINO;KG;177,360000610352;2130,93
CATEX SRL;PF0180786820X661061;78/68/2  RIT PA 66 - 13193 PETALO;KG;1,00999999046326;50
CATEX SRL;PF0180786820X661063;78/68/2  RIT PA 66 - 13101 BIANCO;KG;541,100001811981;6384,96
CATEX SRL;PF0180786820X661064;78/68/2  RIT PA 66 - 13163 OLIVO;KG;21,2000002861023;250,16
CATEX SRL;PF0180786820X661065;78/68/2  RIT PA 66 - 13196 CIOCCOLATA;KG;1059,4199988842;12539,22
CATEX SRL;PF0180786820X661066;78/68/2  RIT PA 66 - 13147 SUSINA;KG;38,1700005531311;450,41
CATEX SRL;PF0180786820X661067;78/68/2  RIT PA 66 - 13181 ARANCIO FLUO;KG;36,2199995517731;427,4
CATEX SRL;PF0180786820X661068;78/68/2  RIT PA 66 - 13198 FUXIA FLUO;KG;37,5300002098083;442,86
CATEX SRL;PF0180786820X661069;78/68/2  RIT PA 66 - 13200 PRATO FLUO;KG;34,5899991989136;408,16
CATEX SRL;PF0180786820X661070;78/68/2  RIT PA 66 - 13199 ROSA FLUO;KG;15,0299997329712;177,35
CATEX SRL;PF0180786820X661071;78/68/2  RIT PA 66 - 13178 GIALLO FLUO;KG;34,1200004816055;402,61
CATEX SRL;PF0180786820X661072;78/68/2  RIT PA 66 - 13111 BEIGE;KG;20,0400004386902;236,48
CATEX SRL;PF0180786820X661073;78/68/2  RIT PA 66 - 13104 COLOMBO;KG;21,6700000762939;255,71
CATEX SRL;PR01800006;;;0;134,69
TRERE' INNOVATION S.R.L.;;;NR;1;-267,4
TRERE' INNOVATION S.R.L.;;;;;
TRERE' INNOVATION S.R.L.;PF0309030/204661047;30/2 ELAS CUC PA 66 - GERANIUM 17-1753;KG;0,479999989271164;7,8
TRERE' INNOVATION S.R.L.;PF0309030/204661105;30/2 ELAS CUC PA 66 - CAPRI BREEZE 17-4735;KG;5,73000001907349;93,11
TRERE' INNOVATION S.R.L.;PF0309030/204661114;30/2 ELAS CUC PA 66 - LIME PUNCH FLUO 13-0550;KG;17,9200001209974;291,21
TRERE' INNOVATION S.R.L.;PF0309040/20X661105;40/2 ELAS RIT PA 66 - CAPRI BREEZE 17-4735;KG;1,17999994754791;11,45
TRERE' INNOVATION S.R.L.;PF0309040/20X661108;40/2 ELAS RIT PA 66 - DKT-B23A GREEN;KG;0,740000009536743;7,18
TRERE' INNOVATION S.R.L.;PF0309040/20X661109;40/2 ELAS RIT PA 66 - DKT-L11A MAUVE;KG;0,740000009536743;7,18
TRERE' INNOVATION S.R.L.;PF0309040/20X661110;40/2 ELAS RIT PA 66 - DKT-D19B TURQUOISE;KG;1,08000004291534;10,48
TRERE' INNOVATION S.R.L.;PF0309040/20X661111;40/2 ELAS RIT PA 66 - INDIGO BUNTING 18-4250 TPX;KG;0,779999971389771;7,57
TRERE' INNOVATION S.R.L.;PF0309040/20XEX1114;40/2 ELAS RIT FLEXI PA 66 - LIME PUNCH FLUO 13-0550;KG;9,46000003814697;91,76
TRERE' INNOVATION S.R.L.;PF0309070/20XP61114;70/2 ELAS RIT PA 6 - LIME PUNCH FLUO 13-0550;KG;363,679996848106;3091,33
TRERE' INNOVATION S.R.L.;PF0309070/20XP61118;70/2 ELAS RIT PA 6 - ELECTRIC GREEN 14-5721;KG;1,31999999284744;11,6
TRERE' INNOVATION S.R.L.;PF0309070/20XP61119;70/2 ELAS RIT PA 6 - RASBERRY CERISE 19-1955 TPX;KG;137,489999771118;1237,41
TRERE' INNOVATION S.R.L.;PF0309070/30XFL1083;70/3 ELAS RIT FLEXY PA 6 - FIERY RED 18-1664;KG;39,5199998617172;335,93
TRERE' INNOVATION S.R.L.;PF0309070/30XFL1103;70/3 ELAS RIT FLEXY PA 6 - GRENADINE 17-1558 TPX;KG;30,4499988555908;258,83
TRERE' INNOVATION S.R.L.;PF0309070/30XFL1104;70/3 ELAS RIT FLEXY PA 6 - MAGENTA 17-2036 TPX;KG;20,6499998569489;175,53
TRERE' INNOVATION S.R.L.;PF0309070/30XFL1110;70/3 ELAS RIT FLEXY PA 6 - DKT-D19B TURQUOISE;KG;24,6400003433228;209,44
TRERE' INNOVATION S.R.L.;PF0309070/30XFL1115;70/3 ELAS RIT FLEXY PA 6 - BLU FASHION ID 8475;KG;37,6099996566772;319,7
TRERE' INNOVATION S.R.L.;PF0309070/30XFL1116;70/3 ELAS RIT FLEXY PA 6 - DEEP ULTRAMARINE 19-3950 TPX;KG;29,2899993658066;248,97
TRERE' INNOVATION S.R.L.;PF0309070/30XP61035;70/3 ELAS RIT PA 6 - DIVA BLUE;KG;36,2000007629395;307,71
TRERE' INNOVATION S.R.L.;PF0309070/30XP61048;70/3 ELAS RIT PA 6 - PINK LEMONADE 16-1735;KG;1006,23000568151;8553,16
TRERE' INNOVATION S.R.L.;PF0309070/30XP61068;70/3 ELAS RIT PA 6 - FUSION CORAL 16-1543;KG;164,640000343323;1399,48
TRERE' INNOVATION S.R.L.;PF0309070/30XP61083;70/3 ELAS RIT PA 6 - FIERY RED 18-1664;KG;336,019999861717;2856,25
TRERE' INNOVATION S.R.L.;PF0309070/30XP61085;70/3 ELAS RIT PA 6 - SULPHUR SPRING 13-0650;KG;251,999999761581;2142,08
TRERE' INNOVATION S.R.L.;PF0309070/30XP61087;70/3 ELAS RIT PA 6 - SULPHUR 14-0755;KG;34,8099999427795;295,89
TRERE' INNOVATION S.R.L.;PF0309070/30XP61098;70/3 ELAS RIT PA 6 - ROYAL BLUE 19-3955;KG;28,2900004386902;240,47
TRERE' INNOVATION S.R.L.;PF0309070/30XP61099;70/3 ELAS RIT PA 6 - MAZARINE BLUE 19-3864;KG;109,949999332428;934,59
TRERE' INNOVATION S.R.L.;PF0309070/30XP61101;70/3 ELAS RIT PA 6 - CIPRESSO 2602;KG;1,51999998092651;12,92
TRERE' INNOVATION S.R.L.;PF0309070/30XP61102;70/3 ELAS RIT PA 6 - CORAL FLUO 26N;KG;21,7600002288818;184,96
TRERE' INNOVATION S.R.L.;PF0309070/30XP61103;70/3 ELAS RIT PA 6 - GRENADINE 17-1558 TPX;KG;22,3400005102158;189,89
TRERE' INNOVATION S.R.L.;PF0309070/30XP61104;70/3 ELAS RIT PA 6 - MAGENTA 17-2036 TPX;KG;32,4199998378754;275,58
TRERE' INNOVATION S.R.L.;PF0309070/30XP61106;70/3 ELAS RIT PA 6 - DEEP LAGON 19-4540;KG;0,879999995231628;7,48
TRERE' INNOVATION S.R.L.;PF0309070/30XP61107;70/3 ELAS RIT PA 6 - BALTIC 16-5123;KG;0,680000007152557;5,78
TRERE' INNOVATION S.R.L.;PF0309070/30XP61108;70/3 ELAS RIT PA 6 - DKT-B23A GREEN;KG;0,639999985694885;5,44
TRERE' INNOVATION S.R.L.;PF0309070/30XP61109;70/3 ELAS RIT PA 6 - DKT-L11A MAUVE;KG;0,889999985694885;7,57
TRERE' INNOVATION S.R.L.;PF0309070/30XP61110;70/3 ELAS RIT PA 6 - DKT-D19B TURQUOISE;KG;139,239999651909;1183,57
TRERE' INNOVATION S.R.L.;PF0309070/30XP61112;70/3 ELAS RIT PA 6 - E009 CYPRESS;KG;51,4799990653992;437,59
TRERE' INNOVATION S.R.L.;PF0309070/30XP61114;70/3 ELAS RIT PA 6 - LIME PUNCH FLUO 13-0550;KG;286,580001533031;2436
TRERE' INNOVATION S.R.L.;PF0309070/30XP61115;70/3 ELAS RIT PA 6 - BLU FASHION ID 8475;KG;31,5999994277954;268,6
TRERE' INNOVATION S.R.L.;PF0309070/30XP61116;70/3 ELAS RIT PA 6 - DEEP ULTRAMARINE 19-3950 TPX;KG;1,4099999666214;11,99
TRERE' INNOVATION S.R.L.;PF0309070/30XP61117;70/3 ELAS RIT PA 6 - FESTIVAL FUCHSIA 19-2434;KG;1,23000001907349;10,46
TRERE' INNOVATION S.R.L.;PF0309070/40XFL1035;70/4 ELAS RIT FLEXY PA 6 - DIVA BLUE;KG;57,3599996566772;521,97
TRERE' INNOVATION S.R.L.;PF0309070/40XFL1039;70/4 ELAS RIT FLEXY PA 6 - FRENCH BLUE 18-4140;KG;107,849998474121;981,45
TRERE' INNOVATION S.R.L.;PF0309070/40XFL1040;70/4 ELAS RIT FLEXY PA 6 - RASPBERRY PINK FLUO;KG;145,170001029968;1321,06
TRERE' INNOVATION S.R.L.;PF0309070/40XFL1047;70/4 ELAS RIT FLEXY PA 6 - GERANIUM 17-1753;KG;137,030000209808;1246,96
TRERE' INNOVATION S.R.L.;PF0309070/40XFL1062;70/4 ELAS RIT FLEXY PA 6 - SUPER PINK 17-2625;KG;41,0299997329712;373,37
TRERE' INNOVATION S.R.L.;PF0309070/40XFL1068;70/4 ELAS RIT FLEXY PA 6 - FUSION CORAL 16-1543;KG;55,7600002288818;507,41
TRERE' INNOVATION S.R.L.;PF0309070/40XFL1088;70/4 ELAS RIT FLEXY PA 6 - CONCORD GRAPE 18-3218;KG;20,3100004196167;184,82
TRERE' INNOVATION S.R.L.;PF0309070/40XFL1118;70/4 ELAS RIT FLEXY PA 6 - ELECTRIC GREEN 14-5721;KG;0,239999994635582;2,18
TRERE' INNOVATION S.R.L.;PF0309070/40XP61070;70/4 ELAS RIT PA 6 - CARDINALE E 58;KG;83,9200000762939;763,68
TRERE' INNOVATION S.R.L.;PF0309782BR0I661071;78/68/2 ELAS BREEZE INT. PA 66 - CANDIDO;KG;429,029996871948;7808,36
TRERE' INNOVATION S.R.L.;PF0309786820X661113;78/68/2  RIT PA 66 - BLAZING YELLOW 12-0643;KG;29,5099992752075;361,5
TRERE' INNOVATION S.R.L.;PR03090006;;;0;1034,37
NYFIL S.R.L.;;;;;
NYFIL S.R.L.;PF0327070/20X661279;70/2 ELAS RIT PA 66 - GREGGIO;KG;1002,34999847412;5913,91
DUE GALLI SRL Socio Unico;;;;;
DUE GALLI SRL Socio Unico;PF0337060/20XEX1000;60/2 ELAS RIT FLEXI PA 66 - NERO 103;KG;38,4499998092651;446,02
DUE GALLI SRL Socio Unico;PF0337060/20XEX1001;60/2 ELAS RIT FLEXI PA 66 - BLU;KG;39,5799989700317;459,12
DUE GALLI SRL Socio Unico;PF0337060/20XEX1003;60/2 ELAS RIT FLEXI PA 66 - GRIGIO;KG;41,7200002670288;483,95
DUE GALLI SRL Socio Unico;PF0337060/20XEX1004;60/2 ELAS RIT FLEXI PA 66 - NOCE;KG;42,2400007247925;489,98
CALZIFICIO PEZZINI SRL;;;;;
CALZIFICIO PEZZINI SRL;PF0341030/20X661024;30/2 ELAS RIT PA 66 - AZZURRO;KG;12,5800000429153;204,43
CALZIFICIO PEZZINI SRL;PF0341040/20XEX1019;40/2 ELAS RIT FLEXI PA 66 - AVIO V 150;KG;15,9300003051758;151,34
CALZIFICIO PEZZINI SRL;PF0341040/20XFL1000;40/2 ELAS RIT FLEXY PA 6 - E03 NERO;KG;96,3699989318848;915,53
CALZIFICIO PEZZINI SRL;PF0341040/20XFL1019;40/2 ELAS RIT FLEXY PA 6 - AVIO V 150;KG;111,499999046326;1059,26
CALZIFICIO PEZZINI SRL;PF0341040/20XP61000;40/2 ELAS RIT PA 6 - E03 NERO;KG;621,210003376007;5901,63
CALZIFICIO PEZZINI SRL;PF0341040/20XP61003;40/2 ELAS RIT PA 6 - E01 BIANCO;KG;169,280000925064;1654,86
CALZIFICIO PEZZINI SRL;PF0341040/20XP61006;40/2 ELAS RIT PA 6 - E 63 GRIGIO;KG;40,8700001239777;388,27
CALZIFICIO PEZZINI SRL;PF0341040/20XP61007;40/2 ELAS RIT PA 6 - GRIFONE E 93;KG;38,8299999237061;368,9
CALZIFICIO PEZZINI SRL;PF0341040/20XP61015;40/2 ELAS RIT PA 6 - E 63 GRIGIO ANTRACITE;KG;48,5700006484985;461,43
CALZIFICIO PEZZINI SRL;PF0341070/20IP61026;70/2 ELAS INT. PA 6 - GREGGIO;KG;16,3899993896484;83,59
CALZIFICIO PEZZINI SRL;PF0341070/20XFL1027;70/2 ELAS RIT FLEXY PA 6 - LILLA;KG;28,7200002670288;248,43
CALZIFICIO PEZZINI SRL;PF0341070/20XFL1028;70/2 ELAS RIT FLEXY PA 6 - ORANGE 18-1561 TCX;KG;58,2900009155273;504,21
CALZIFICIO PEZZINI SRL;PF0341070/20XFL1029;70/2 ELAS RIT FLEXY PA 6 - LILLA A CAMPIONE;KG;55,7400007247925;482,15
CALZIFICIO PEZZINI SRL;PF0341070/20XP61016;70/2 ELAS RIT PA 6 - CICLAMINO A CAMPIONE;KG;40,2699997425079;348,33
CALZIFICIO PEZZINI SRL;PF0341070/20XP61019;70/2 ELAS RIT PA 6 - AVIO V 150;KG;58,8999991416931;509,48
CALZIFICIO PEZZINI SRL;PF0341070/20XP61023;70/2 ELAS RIT PA 6 - CENERE;KG;36,5599989891052;316,25
CALZIFICIO PEZZINI SRL;PF0341070/20XP61025;70/2 ELAS RIT PA 6 - RODODENDRUM;KG;39,8699998855591;344,88
(NON USARE) - REAL KNITTING DOO;;;;;
(NON USARE) - REAL KNITTING DOO;PF0345060/20X661000;60/2 ELAS RIT PA 66 - GREGGIO;KG;2766,01000070572;22404,8
CALZE HORUS di Paiano Quintino;;;;;
CALZE HORUS di Paiano Quintino;PF0349040/20XEX1000;40/2 ELAS RIT FLEXI PA 66 - BLU MIDNIGHT 87298/111;KG;37,9700000286102;375,91
CALZE HORUS di Paiano Quintino;PF0349040/20XEX1002;40/2 ELAS RIT FLEXI PA 66 - NERO;KG;33,0699987411499;327,39
UNIPROD SRL;;;KG;247,699996948242;-3839,35
UNIPROD SRL;;;;;
UNIPROD SRL;PF0350040/20XEX1002;40/2 ELAS RIT FLEXI PA 66 - 024 NERO;KG;90,4000015258789;949,22
UNIPROD SRL;PF0350040/20XEX1020;40/2 ELAS RIT FLEXI PA 66 - 014 BLU MARINE LEFERON 6014;KG;100,609999656677;1056,42
UNIPROD SRL;PF0350070/30XFL1002;70/3 ELAS RIT FLEXY PA 6 - 024 NERO;KG;800,599999785423;7285,5
UNIPROD SRL;PF0350070/30XFL1003;70/3 ELAS RIT FLEXY PA 6 - 001 CANDIDO;KG;836,729997158051;7614,26
UNIPROD SRL;PF0350070/30XFL1006;70/3 ELAS RIT FLEXY PA 6 - 019 GIALLO SENNA E 77;KG;69,0799999237061;628,63
UNIPROD SRL;PF0350070/30XFL1012;70/3 ELAS RIT FLEXY PA 6 - 014 BLU MARINE E 12;KG;74,8700008392334;681,31
UNIPROD SRL;PF0350783QS0I661001;78/68/3 ELAS QSKIN INT. PA 66 - NERO;KG;247,700001835823;3839,41
CALZIFICIO ANSON SNC di Verardi Vito, Anna e Sonia;;;KG;265,190002441406;-132,6
CALZIFICIO ANSON SNC di Verardi Vito, Anna e Sonia;;;;;
CALZIFICIO ANSON SNC di Verardi Vito, Anna e Sonia;PF0352070/20XFL1019;70/2 ELAS RIT FLEXY PA 6 - YELLOW CROC;KG;67,539999961853;574,1
CALZIFICIO ANSON SNC di Verardi Vito, Anna e Sonia;PF0352070/30XFL1014;70/3 ELAS RIT FLEXY PA 6 - HOT CORAL 17-1656 NO FLUO;KG;15,1199998855591;120,96
CALZIFICIO ANSON SNC di Verardi Vito, Anna e Sonia;PF0352070/30XFL1016;70/3 ELAS RIT FLEXY PA 6 - NAVY 1010;KG;78,8999996185303;631,2
CALZIFICIO ANSON SNC di Verardi Vito, Anna e Sonia;PF0352070/30XFL1017;70/3 ELAS RIT FLEXY PA 6 - MARENGO 0971;KG;120,179999828339;961,44
CALZIFICIO ANSON SNC di Verardi Vito, Anna e Sonia;PF0352070/30XFL1018;70/3 ELAS RIT FLEXY PA 6 - SPRING GREEN 152;KG;19,6899998188019;157,52
CALZIFICIO ANSON SNC di Verardi Vito, Anna e Sonia;PF0352070/30XFL1020;70/3 ELAS RIT FLEXY PA 6 - GREEN TIROL 4559;KG;58,5599985122681;468,48
CALZIFICIO ANSON SNC di Verardi Vito, Anna e Sonia;PF0352070/30XP61000;70/3 ELAS RIT PA 6 - NERO;KG;257,760001182556;2112,27
CALZIFICIO ANSON SNC di Verardi Vito, Anna e Sonia;PF0352070/30XP61002;70/3 ELAS RIT PA 6 - CANDIDO;KG;236,290003299713;1938,79
CALZIFICIO ANSON SNC di Verardi Vito, Anna e Sonia;PF0352070/30XP61014;70/3 ELAS RIT PA 6 - HOT CORAL 17-1656 NO FLUO;KG;67,9000005722046;577,15
CALZIFICIO ANSON SNC di Verardi Vito, Anna e Sonia;PF0352227010A661014;LYCRA+PA66 (22+ 078 TINTO) 85 DTX - HOT CORAL 17-1656 NO FLUO;KG;11,3599996566772;215,84
DAC SRL;;;;;
DAC SRL;PF0354040/20XEX1002;40/2 ELAS RIT FLEXI PA 66 - BLU NOTTE 111;KG;18,2600002288818;193,56
DAC SRL;PF0354070/20XFL1000;70/2 ELAS RIT FLEXY PA 6 - NERO 103;KG;13,1099996566772;117,99
(NON USARE) CALZIFICIO CHIARA di Giannelli Marco;;;;;
(NON USARE) CALZIFICIO CHIARA di Giannelli Marco;PF0359040/20XEX1000;40/2 ELAS RIT FLEXI PA 66 - CANDIDO;KG;15,5200004577637;158,3
(NON USARE) CALZIFICIO CHIARA di Giannelli Marco;PF0359040/20XEX1001;40/2 ELAS RIT FLEXI PA 66 - NERO;KG;21,4299998283386;218,59
(NON USARE) CALZIFICIO CHIARA di Giannelli Marco;PF0359070/20XFL1001;70/2 ELAS RIT FLEXY PA 6 - NERO;KG;29,8799991607666;262,94
(NON USARE) CALZIFICIO CHIARA di Giannelli Marco;PF0359070/30XFL1001;70/3 ELAS RIT FLEXY PA 6 - NERO;KG;21,5700001716614;189,82
(NON USARE) CALZIFICIO CHIARA di Giannelli Marco;PF0359070/30XFL1009;70/3 ELAS RIT FLEXY PA 6 - E 1 CANDIDO;KG;34,519998550415;303,78
(NON USARE) CALZIFICIO CHIARA di Giannelli Marco;PF0359070/30XFL1010;70/3 ELAS RIT FLEXY PA 6 - E 62 PIRITE;KG;38,9200000762939;342,5
(NON USARE) CALZIFICIO CHIARA di Giannelli Marco;PF0359070/30XFL1011;70/3 ELAS RIT FLEXY PA 6 - E 20 FRANCESE;KG;19,7299995422363;173,62
(NON USARE) CALZIFICIO CHIARA di Giannelli Marco;PF0359070/30XFL1012;70/3 ELAS RIT FLEXY PA 6 - E 56 MARINA;KG;19,75;173,8
(NON USARE) CALZIFICIO CHIARA di Giannelli Marco;PF0359070/30XFL1013;70/3 ELAS RIT FLEXY PA 6 - E 63 ACCIAIO;KG;19,2799999713898;169,67
(NON USARE) CALZIFICIO CHIARA di Giannelli Marco;PF0359781820ITP1006;78/18X2 INT. PA6 TINTO PASTA - OCEANO 1041;KG;44,75;340,1
(NON USARE) CALZIFICIO CHIARA di Giannelli Marco;PF0359781820ITP1007;78/18X2 INT. PA6 TINTO PASTA - GRIGIO MEDIO 1022;KG;43,8200016021729;284,83
(NON USARE) CALZIFICIO CHIARA di Giannelli Marco;PF0359781820ITP1008;78/18X2 INT. PA6 TINTO PASTA - NERO 1000;KG;40,8500003814697;232,85
DEA DI GRAZIELLA FRANCIOSO;;;;;
DEA DI GRAZIELLA FRANCIOSO;PF0376070/20IP61000;70/2 ELAS INT. PA 6 - GREGGIO;KG;1627,37999677658;7974,18
INTERSOCKS S.R.L. a Socio Unico;;;KG;39,8199996948242;-185,16
INTERSOCKS S.R.L. a Socio Unico;;;kg;14,4099998474121;-126,81
INTERSOCKS S.R.L. a Socio Unico;;;;;
INTERSOCKS S.R.L. a Socio Unico;PF0388070/10A661071;70/1 ELAS APE PA 66 - 36943 WHISKY M037;KG;19,5199999809265;195,2
INTERSOCKS S.R.L. a Socio Unico;PF0388070/10AFL1050;70/1 ELAS APE FLEXY PA 6 - 37282 FATHOM J011;KG;17,7199997901917;168,34
INTERSOCKS S.R.L. a Socio Unico;PF0388070/10IFL1058;70/1 ELAS INT. FLEXY PA 6 - T001;KG;15,5900001525879;148,11
INTERSOCKS S.R.L. a Socio Unico;PF0388070/20XFL1003;70/2 ELAS RIT FLEXY PA 6 - 36193 DIVA PINK FLUO;KG;17,5400009155273;156,11
INTERSOCKS S.R.L. a Socio Unico;PF0388070/20XFL1012;70/2 ELAS RIT FLEXY PA 6 - 37243 FATHOM J011;KG;15,3800004720688;136,88
INTERSOCKS S.R.L. a Socio Unico;PF0388070/20XFL1047;70/2 ELAS RIT FLEXY PA 6 - 38864 COVE B903;KG;16,5400009155273;147,21
INTERSOCKS S.R.L. a Socio Unico;PF0388070/20XFL1048;70/2 ELAS RIT FLEXY PA 6 - 38865 SKY A101;KG;16,0400009155273;142,76
INTERSOCKS S.R.L. a Socio Unico;PF0388070/20XFL1049;70/2 ELAS RIT FLEXY PA 6 - 38866 HYDRO V121;KG;15,6099996566772;138,93
INTERSOCKS S.R.L. a Socio Unico;PF0388070/20XFL1056;70/2 ELAS RIT FLEXY PA 6 - 35090 GIALLO AMARILLO G034;KG;15,7200002670288;139,91
INTERSOCKS S.R.L. a Socio Unico;PF0388070/20XFL1064;70/2 ELAS RIT FLEXY PA 6 - 38973 BLU SRUCE B368;KG;17,4799995422363;155,57
INTERSOCKS S.R.L. a Socio Unico;PF0388070/20XFL1065;70/2 ELAS RIT FLEXY PA 6 - 34600 RUGINE CORTESA 8114 R044;KG;19,8500003814697;176,67
INTERSOCKS S.R.L. a Socio Unico;PF0388070/20XFL1069;70/2 ELAS RIT FLEXY PA 6 - 38974 WOOD ROSE R189;KG;14,8800001144409;132,43
INTERSOCKS S.R.L. a Socio Unico;PF0388070/30XFL1030;70/3 ELAS RIT FLEXY PA 6 - 37771 SULPHUR SPRING G029;KG;17,9800002574921;158,23
INTERSOCKS S.R.L. a Socio Unico;PF0388070/30XFL1035;70/3 ELAS RIT FLEXY PA 6 - 38096 PRUGNA 8158 P104;KG;14,789999961853;130,15
INTERSOCKS S.R.L. a Socio Unico;PF0388070/30XFL1051;70/3 ELAS RIT FLEXY PA 6 - 37597 FATHOM J011;KG;14,4499998092651;127,16
INTERSOCKS S.R.L. a Socio Unico;PF0388070/30XFL1057;70/3 ELAS RIT FLEXY PA 6 - 37713 VERDE ACCESO V113;KG;55,3900001049042;487,43
INTERSOCKS S.R.L. a Socio Unico;PF0388070/30XFL1063;70/3 ELAS RIT FLEXY PA 6 - 36767 SAFETY YELLOW FLUO;KG;19,9099998474121;175,21
INTERSOCKS S.R.L. a Socio Unico;PF0388070/30XFL1066;70/3 ELAS RIT FLEXY PA 6 - 37783 VERDE BAIA V112;KG;14,1599998474121;124,61
INTERSOCKS S.R.L. a Socio Unico;PF0388070/30XFL1067;70/3 ELAS RIT FLEXY PA 6 - 37858 OLIVA KONA V140;KG;14,5900001525879;128,39
INTERSOCKS S.R.L. a Socio Unico;PF0388070/30XFL1068;70/3 ELAS RIT FLEXY PA 6 - 37030 BLUE COBALT C048;KG;32,8899993896484;289,43
INTERSOCKS S.R.L. a Socio Unico;PF0388070/30XFL1070;70/3 ELAS RIT FLEXY PA 6 - 36854 DIVA PINK FLUO;KG;27,2700004577637;239,97
INTERSOCKS S.R.L. a Socio Unico;PF0388746820I661036;74/68/2 ELAS INT. PA 66 - 36935 AZZURRO TURCHESE A106;KG;15,1899995803833;236,96
INTERSOCKS S.R.L. a Socio Unico;PF0388746820I661062;74/68/2 ELAS INT. PA 66 - NERO;KG;14,0599996447563;219,34
INTERSOCKS S.R.L. a Socio Unico;PF03887866Q0XEX1020;78/68/2 QSKIN RIT FLEXI PA 66 - 37109 NERO;KG;22,6300001144409;373,4
INTERSOCKS S.R.L. a Socio Unico;PF03887866Q0XEX1059;78/68/2 QSKIN RIT FLEXI PA 66 - BORDEAUX R181;KG;14,8299999237061;244,7
INTERSOCKS S.R.L. a Socio Unico;PF03887866Q0XEX1060;78/68/2 QSKIN RIT FLEXI PA 66 - FUCSIA SCURO F002;KG;15,2399997711182;251,46
INTERSOCKS S.R.L. a Socio Unico;PF03887866Q0XEX1061;78/68/2 QSKIN RIT FLEXI PA 66 - ARANCIO A083 TANGERINE TANGO;KG;14,3000001907349;235,95
INTERSOCKS S.R.L. a Socio Unico;PF0388786820X661020;78/68/2  RIT PA 66 - 37109 NERO;KG;18,2799997329712;215,7
INTERSOCKS S.R.L. a Socio Unico;PF0388786820X661052;78/68/2  RIT PA 66 - 38940 ROSSO R103;KG;14,2200002670288;167,8
INTERSOCKS S.R.L. a Socio Unico;PF0388786820X661053;78/68/2  RIT PA 66 - 38942 NAZIONALE C164;KG;14,9300003051758;176,17
INTERSOCKS S.R.L. a Socio Unico;PF0388786820X661055;78/68/2  RIT PA 66 - 38941 GIALLO AMARILLO G034;KG;14,8900003433228;175,7
INTERSOCKS S.R.L. a Socio Unico;PR03880006;;;0;32,37
PIZETA FASHION SRL;;;;;
PIZETA FASHION SRL;PF039867/200K661000;67/20 LISCIO VOILE RIT 450Z PA 66 - BLU SCURO 145;KG;19,9500002861023;289,28
PIZETA FASHION SRL;PF039867/200K661002;67/20 LISCIO VOILE RIT 450 GIRI PA 66 - NERO 002;KG;12,6700000762939;183,72
PIZETA FASHION SRL;PF039867/200K661003;67/20 LISCIO VOILE RIT 450 GIRI PA 66 - ANTRACITE 082;KG;19,4099998474121;281,45
BEST CALZE S.R.L.;;;;;
BEST CALZE S.R.L.;PF0399040/20XEX1003;40/2 ELAS RIT FLEXI PA 66 - E 11 BLEU;KG;40,0799989700317;208,41
BEST CALZE S.R.L.;PF0399040/20XEX1004;40/2 ELAS RIT FLEXI PA 66 - E 3 NERO;KG;20,5099997520447;106,65
BEST CALZE S.R.L.;PF0399070/20IP61011;70/2 ELAS INT. PA 6 - GREGGIO;KG;245,819997787476;651,42
BEST CALZE S.R.L.;PF0399070/20XFL1004;70/2 ELAS RIT FLEXY PA 6 - E 3 NERO;KG;37,8499994277954;160,86
BEST CALZE S.R.L.;PF0399070/20XFL1006;70/2 ELAS RIT FLEXY PA 6 - E 1 BIANCO;KG;40,189998626709;170,81
GEVAERT BANDWEVERIJ NV;;;;;
GEVAERT BANDWEVERIJ NV;PF0420022080UP61007;220/8 OPACO OPA RITORTO 90 PA 6 - BLACK;KG;58,7800006866455;555,49
GEVAERT BANDWEVERIJ NV;PF0420022080UP61012;220/10 OPACO OPA RIT 90 PA 6 - DUSKY GREEN 553 17-0517 TPX;KG;60,6300001144409;585,74
GEVAERT BANDWEVERIJ NV;PF0420040/20X661007;40/2 ELAS RIT PA 66 - BLACK;KG;207,97000181675;2225,28
GEVAERT BANDWEVERIJ NV;PF0420070/20X661000;70/2 ELAS RIT PA 66 - DONKERGRIJS 241;KG;1015,48999869823;9342,48
GEVAERT BANDWEVERIJ NV;PF0420070/20X661005;70/2 ELAS RIT PA 66 - GREY DIM;KG;3234,29000008106;29755,43
GEVAERT BANDWEVERIJ NV;PF0420070/20X661007;70/2 ELAS RIT PA 66 - BLACK;KG;3096,91999572515;28373,01
GEVAERT BANDWEVERIJ NV;PF0420070/20X661008;70/2 ELAS RIT PA 66 - NAVY 242;KG;1542,33000463247;14131,78
GEVAERT BANDWEVERIJ NV;PF0420070/20X661011;70/2 ELAS RIT PA 66 - DUCK 532;KG;140,470001220703;1292,34
GEVAERT BANDWEVERIJ NV;PF0420070/20X661013;70/2 ELAS RIT PA 66 - KAKI 273;KG;197,150000572205;1813,78
GEVAERT BANDWEVERIJ NV;PF0420070/20X661014;70/2 ELAS RIT PA 66 - ZEEWIER 530;KG;106,700001716614;981,64
GEVAERT BANDWEVERIJ NV;PF0420070/20X661015;70/2 ELAS RIT PA 66 - CIEL 396;KG;95,2799997329712;876,57
GEVAERT BANDWEVERIJ NV;PF0420070/20X661016;70/2 ELAS RIT PA 66 - LICHTGRIJS 239;KG;187,16999912262;1721,96
GEVAERT BANDWEVERIJ NV;PF0420070/20X661017;70/2 ELAS RIT PA 66 - ANTRACIET 357;KG;99,2399997711182;913
GEVAERT BANDWEVERIJ NV;PF0420070/20X661018;70/2 ELAS RIT PA 66 - CREAM 476;KG;97,4700002670288;896,72
CALZIFICIO PRISCO SRL;;;kg;108,410003662109;298,13
CALZIFICIO PRISCO SRL;;;;;
CALZIFICIO PRISCO SRL;PF0424040/20X661000;40/2 ELAS RIT PA 66 - BLU;KG;78,1499996185303;1062,85
CALZIFICIO PRISCO SRL;PF0424040/20X661008;40/2 ELAS RIT PA 66 - COLLEGE;KG;32,5799999237061;443,09
CALZIFICIO PRISCO SRL;PF0424040/20X661012;40/2 ELAS RIT PA 66 - NERO;KG;75,9500007629395;1032,93
CALZIFICIO PRISCO SRL;PF0424040/20X661019;40/2 ELAS RIT PA 66 - ANTRACITE;KG;43,7999992370605;595,68
CALZIFICIO PRISCO SRL;PF0424040/20X661020;40/2 ELAS RIT PA 66 - NAVY;KG;55,0699996948242;748,95
CALZIFICIO PRISCO SRL;PF0424040/20X661044;40/2 ELAS RIT PA 66 - CANDIDO;KG;38,5899999141693;524,82
CALZIFICIO PRISCO SRL;PF0424040/20X661057;40/2 ELAS RIT PA 66 - MOSTO;KG;28,710000038147;390,46
CALZIFICIO PRISCO SRL;PF0424040/20X661069;40/2 ELAS RIT PA 66 - OCEANO NUOVO;KG;29,5500001907349;393,02
CALZIFICIO PRISCO SRL;PF0424040/20X661070;40/2 ELAS RIT PA 66 - GRIGIO 10;KG;29,6300001144409;402,97
CALZIFICIO PRISCO SRL;PF0424040/20X661071;40/2 ELAS RIT PA 66 - CIPRIA;KG;19,5;265,2
CALZIFICIO PRISCO SRL;PF0424040/20X661075;40/2 ELAS RIT PA 66 - MILITARE;KG;29,0100002288818;394,54
CALZIFICIO PRISCO SRL;PF0424040/20XEX1000;40/2 ELAS RIT FLEXI PA 66 - BLU;KG;223,179998874664;3035,25
CALZIFICIO PRISCO SRL;PF0424040/20XEX1004;40/2 ELAS RIT FLEXI PA 66 - CASPIO;KG;28,3099994659424;385,02
CALZIFICIO PRISCO SRL;PF0424040/20XEX1012;40/2 ELAS RIT FLEXI PA 66 - NERO;KG;210,809998989105;2867,03
CALZIFICIO PRISCO SRL;PF0424040/20XEX1019;40/2 ELAS RIT FLEXI PA 66 - ANTRACITE;KG;29,6700000762939;403,51
CALZIFICIO PRISCO SRL;PF0424040/20XEX1027;40/2 ELAS RIT FLEXI PA 66 - OMBRA;KG;29,3699998855591;399,43
CALZIFICIO PRISCO SRL;PF0424040/20XEX1031;40/2 ELAS RIT FLEXI PA 66 - TOPO;KG;28,8099999427795;391,82
CALZIFICIO PRISCO SRL;PF0424040/20XEX1044;40/2 ELAS RIT FLEXI PA 66 - CANDIDO;KG;76,9100008010864;1045,97
CALZIFICIO PRISCO SRL;PF0424040/20XEX1066;40/2 ELAS RIT FLEXI PA 66 - PERLA 3063;KG;17,6300001144409;239,77
CALZIFICIO PRISCO SRL;PF0424040/20XEX1081;40/2 ELAS RIT FLEXI PA 66 - GIALLO ORO;KG;21,1199998855591;287,23
CALZIFICIO PRISCO SRL;PF0424040/20XEX1082;40/2 ELAS RIT FLEXI PA 66 - OPOSSUM;KG;29,1799998283386;396,85
CALZIFICIO PRISCO SRL;PF0424040/20XEX1087;40/2 ELAS RIT FLEXI PA 66 - NUVOLA;KG;19,5699996948242;266,15
CALZIFICIO PRISCO SRL;PF0424040/20XEX1088;40/2 ELAS RIT FLEXI PA 66 - AVIO;KG;30,2199993133545;410,99
CALZIFICIO PRISCO SRL;PF0424070/10A661000;70/1 ELAS APE PA 66 - BLU;KG;53,3600006103516;549,61
CALZIFICIO PRISCO SRL;PF0424070/10A661012;70/1 ELAS APE PA 66 - NERO;KG;57,0400009155273;587,52
CALZIFICIO PRISCO SRL;PF0424070/10A661031;70/1 ELAS APE PA 66 - TOPO;KG;34,1700000762939;351,95
CALZIFICIO PRISCO SRL;PF0424070/10A661044;70/1 ELAS APE PA 66 - CANDIDO;KG;377,769999742508;3891,06
CALZIFICIO PRISCO SRL;PF0424070/10A661076;70/1 ELAS APE PA 66 - AVIO 2800;KG;33,6199991106987;346,29
CALZIFICIO PRISCO SRL;PF0424070/10AP61000;70/1 ELAS APE PA 6 - BLU;KG;4,34000015258789;35,91
CALZIFICIO PRISCO SRL;PF0424070/20X661000;70/2 ELAS RIT PA 66 - BLU;KG;545,289998650551;5425,62
CALZIFICIO PRISCO SRL;PF0424070/20X661004;70/2 ELAS RIT PA 66 - CASPIO;KG;31,1700000762939;310,14
CALZIFICIO PRISCO SRL;PF0424070/20X661012;70/2 ELAS RIT PA 66 - NERO;KG;162,570000648499;1617,58
CALZIFICIO PRISCO SRL;PF0424070/20X661019;70/2 ELAS RIT PA 66 - ANTRACITE;KG;41,2200002670288;410,14
CALZIFICIO PRISCO SRL;PF0424070/20X661020;70/2 ELAS RIT PA 66 - NAVY;KG;243,609998226166;2423,91
CALZIFICIO PRISCO SRL;PF0424070/20X661022;70/2 ELAS RIT PA 66 - GRIGIO CHIARO;KG;30,0899991989136;299,4
CALZIFICIO PRISCO SRL;PF0424070/20X661027;70/2 ELAS RIT PA 66 - OMBRA;KG;71,9800000190735;716,2
CALZIFICIO PRISCO SRL;PF0424070/20X661028;70/2 ELAS RIT PA 66 - FUME';KG;38,6699991226196;384,77
CALZIFICIO PRISCO SRL;PF0424070/20X661044;70/2 ELAS RIT PA 66 - CANDIDO;KG;505,180001378059;5026,55
CALZIFICIO PRISCO SRL;PF0424070/20X661059;78/2 FIL ELAS RITORTO PA 66 - NERO;KG;416,070001959801;2080,35
CALZIFICIO PRISCO SRL;PF0424070/20X661066;70/2 ELAS RIT PA 66 - PERLA 3063;KG;28,6299996376038;284,88
CALZIFICIO PRISCO SRL;PF0424070/20X661072;70/2 ELAS RIT PA 66 - SABBIA 13;KG;67,1399998664856;668,04
CALZIFICIO PRISCO SRL;PF0424070/20X661073;70/2 ELAS RIT PA 66 - RUBINO;KG;28,5800004005432;284,37
CALZIFICIO PRISCO SRL;PF0424070/20X661074;70/2 ELAS RIT PA 66 - PANNA 1/31;KG;30,4300003051758;302,79
CALZIFICIO PRISCO SRL;PF0424070/20X661076;70/2 ELAS RIT PA 66 - AVIO 2800;KG;31,4499998092651;312,93
CALZIFICIO PRISCO SRL;PF0424070/20X661078;70/2 ELAS RIT PA 66 - BLUETTE 100;KG;70,3100008964539;699,59
CALZIFICIO PRISCO SRL;PF0424070/20X661079;70/2 ELAS RIT PA 66 - VERDONE;KG;30,4499998092651;302,97
CALZIFICIO PRISCO SRL;PF0424070/20X661080;70/2 ELAS RIT PA 66 - BAROLO;KG;60,0800004005432;597,79
CALZIFICIO PRISCO SRL;PF0424070/20X661085;70/2 ELAS RIT PA 66 - PERLA 1/40;KG;31,0399992465973;308,85
CALZIFICIO PRISCO SRL;PF0424563410S661001;56/34/1 FLEXY RIT SIN PA 66 - GHIAIA;KG;19,5899996757507;280,14
CALZIFICIO PRISCO SRL;PF0424563410S661002;56/34/1 FLEXY RIT SIN PA 66 - CANDIDO;KG;23,8900003433228;341,63
CALZIFICIO PRISCO SRL;PF0424563410S661008;56/34/1 FLEXY RIT SIN PA 66 - COLLEGE;KG;228,750000417233;3264,51
CALZIFICIO PRISCO SRL;PF0424563410S661009;56/34/1 FLEXY RIT SIN PA 66 - NERO;KG;192,989999711514;2738,23
CALZIFICIO PRISCO SRL;PF0424563410S661016;56/34/1 FLEXY RIT SIN PA 66 - ANTRACITE;KG;54,5399993658066;779,93
CALZIFICIO PRISCO SRL;PF0424563410S661030;56/34/1 FLEXY RIT SIN PA 66 - CASPIO;KG;29,3199998140335;419,28
CALZIFICIO PRISCO SRL;PF0424563410S661033;56/34/1 FLEXY RIT SIN PA 66 - PRINCIPE;KG;49,0300006866455;701,12
CALZIFICIO PRISCO SRL;PF0424563410S661034;56/34/1 FLEXY RIT SIN PA 66 - GRIGIO 7;KG;22,0700006484985;315,61
CALZIFICIO PRISCO SRL;PF0424563410S661038;56/34/1 FLEXY RIT SIN PA 66 - JEANS NUOVO 671;KG;26,4000005722046;377,52
CALZIFICIO PRISCO SRL;PF0424563410S661053;56/34/1 FLEXY RIT SIN PA 66 - MORO 12;KG;22,1299995481968;316,46
CALZIFICIO PRISCO SRL;PF0424563410S661068;56/34/1 FLEXY RIT SIN PA 66 - SMERALDO;KG;20,5500001907349;285,65
CALZIFICIO PRISCO SRL;PF0424563410S661083;56/34/1 FLEXY RIT SIN PA 66 - FIORDO;KG;27,399999499321;391,83
CALZIFICIO PRISCO SRL;PF0424851TA0IEX1001;85/92/1 TACTEL INT. FLEXI PA 66 - GHIAIA;KG;163,679999172688;2422,46
CALZIFICIO PRISCO SRL;PF0424851TA0IEX1002;85/92/1 TACTEL INT. FLEXI PA 66 - CANDIDO;KG;256,459999084473;3795,59
CALZIFICIO PRISCO SRL;PF0424851TA0IEX1006;85/92/1 TACTEL INT. FLEXI PA 66 - LAMA;KG;25,3800001144409;375,62
CALZIFICIO PRISCO SRL;PF0424851TA0IEX1008;85/92/1 TACTEL INT. FLEXI PA 66 - COLLEGE;KG;394,040001034737;5831,79
CALZIFICIO PRISCO SRL;PF0424851TA0IEX1011;85/92/1 TACTEL INT. FLEXI PA 66 - ACCIAIO;KG;30,9199996590614;457,62
CALZIFICIO PRISCO SRL;PF0424851TA0IEX1013;85/92/1 TACTEL INT. FLEXI PA 66 - NERO;KG;713,830002307892;10564,7
CALZIFICIO PRISCO SRL;PF0424851TA0IEX1014;85/92/1 TACTEL INT. FLEXI PA 66 - FUME';KG;134,35000038147;1988,39
CALZIFICIO PRISCO SRL;PF0424851TA0IEX1018;85/92/1 TACTEL INT. FLEXI PA 66 - OCEANO;KG;25,539999961853;377,99
CALZIFICIO PRISCO SRL;PF0424851TA0IEX1023;85/92/1 TACTEL INT. FLEXI PA 66 - PINO;KG;23,5700006484985;348,84
CALZIFICIO PRISCO SRL;PF0424851TA0IEX1024;85/92/1 TACTEL INT. FLEXI PA 66 - ANTRACITE;KG;125,020000576973;1850,28
CALZIFICIO PRISCO SRL;PF0424851TA0IEX1026;85/92/1 TACTEL INT. FLEXI PA 66 - MARRONE;KG;78,7000000476837;1164,76
CALZIFICIO PRISCO SRL;PF0424851TA0IEX1029;85/92/1 TACTEL INT. FLEXI PA 66 - ROYAL;KG;27,3100004196167;404,18
CALZIFICIO PRISCO SRL;PF0424851TA0IEX1030;85/92/1 TACTEL INT. FLEXI PA 66 - CASPIO;KG;50,5099999904633;747,55
CALZIFICIO PRISCO SRL;PF0424851TA0IEX1033;85/92/1 TACTEL INT. FLEXI PA 66 - PRINCIPE;KG;17,8600006103516;264,33
CALZIFICIO PRISCO SRL;PF0424851TA0IEX1043;85/92/1 TACTEL INT. FLEXI PA 66 - LACCA;KG;17,0899996757507;252,93
CALZIFICIO PRISCO SRL;PF0424851TA0IEX1046;85/92/1 TACTEL INT. FLEXI PA 66 - BORDO';KG;64,7300004959106;958
CALZIFICIO PRISCO SRL;PF0424851TA0IEX1053;85/92/1 TACTEL INT. FLEXI PA 66 - MORO 12;KG;33,6199998855591;497,57
CALZIFICIO PRISCO SRL;PF0424851TA0IEX1077;85/92/1 TACTEL INT. FLEXI PA 66 - AZZURRO;KG;21,9200000762939;324,42
CALZIFICIO PRISCO SRL;PF0424851TA0IEX1084;85/92/1 TACTEL INT. FLEXI PA 66 - RUBINO;KG;18,9899995326996;281,05
CALZIFICIO PRISCO SRL;PF0424851TA0IEX1086;85/92/1 TACTEL INT. FLEXI PA 66 - MILITARE;KG;31,1899995803833;461,61
RIMTEKS  A.S.;;;KG;4,70000016689301;0,47
RIMTEKS  A.S.;;;kg;101,680000305176;-843,94
RIMTEKS  A.S.;;;;;
RIMTEKS  A.S.;PF0431070/10A661013;70/1 ELAS APE PA 66 - 321;KG;16,1700000762939;154,43
RIMTEKS  A.S.;PF0431070/10A661014;70/1 ELAS APE PA 66 - 362;KG;16,0899996757507;153,66
RIMTEKS  A.S.;PF0431070/10A661015;70/1 ELAS APE PA 66 - 42D;KG;16,5500004291534;158,05
RIMTEKS  A.S.;PF0431070/10A661016;70/1 ELAS APE PA 66 - 002 WHITE;KG;16,2799999713898;155,48
RIMTEKS  A.S.;PF0431070/10XP61004;70/1 ELAS TWIST PA 6 - 0002 WHITE;KG;12,960000038147;123,77
RIMTEKS  A.S.;PF0431070/10XP61018;70/1 ELAS TWIST PA 6 - 253;KG;12,7700004577637;121,95
RIMTEKS  A.S.;PF0431070/20X661008;70/2 ELAS TWIST PA 66 - 714;KG;17,7799999713898;158,25
RIMTEKS  A.S.;PF0431070/20X661009;70/2 ELAS TWIST PA 66 - 78B;KG;16,3700001239777;145,69
RIMTEKS  A.S.;PF0431070/20XFL1020;70/2 ELAS RIT FLEXY PA 6 - D9351;KG;282,469998598099;2626,97
RIMTEKS  A.S.;PF0431070/20XP61004;70/2 ELAS RIT PA 6 - 0002 WHITE;KG;118,809998750687;986,13
RIMTEKS  A.S.;PF0431070/20XP61005;70/2 ELAS RIT PA 6 - 7059 BLACK;KG;216,86999976635;1800,02
RIMTEKS  A.S.;PF0431070/20XP61006;70/2 ELAS RIT PA 6 - 3274 INDIGO MOOD;KG;525,230001926422;4359,41
RIMTEKS  A.S.;PF0431070/20XP61007;70/2 ELAS RIT PA 6 - TAMARAC GREY 19-3907;KG;94,489999294281;784,27
RIMTEKS  A.S.;PF0431070/20XP61010;70/2 ELAS RIT PA 6 - 118;KG;15,0900001525879;125,25
RIMTEKS  A.S.;PF0431070/20XP61011;70/2 ELAS RIT PA 6 - 975;KG;15,7500004172325;130,72
RIMTEKS  A.S.;PF0431070/20XP61012;70/2 ELAS RIT PA 6 - 78V;KG;15,5;128,65
RIMTEKS  A.S.;PF0431070/20XP61020;70/2 ELAS RIT PA 6 - D9351;KG;393,069995164871;3262,51
RIMTEKS  A.S.;PF0431070/20XP61021;70/2 ELAS RIT PA 6 - GRISAILLE 18-3912 TCX;KG;15,5;128,65
RIMTEKS  A.S.;PF0431070/20XP61022;70/2 ELAS RIT PA 6 - MISTED YELLOW 14-0837 TCX;KG;15,9499998092651;132,39
RIMTEKS  A.S.;PF0431070/20XP61023;70/2 ELAS RIT PA 6 - VINTAGE INDIGO 19-3929 TCX;KG;16,2299995422363;134,71
RIMTEKS  A.S.;PF0431070/20XP61024;70/2 ELAS RIT PA 6 - WATER FALL 15-5516 TCX;KG;16,3200001716614;135,46
RIMTEKS  A.S.;PF0431070/20XP61025;70/2 ELAS RIT PA 6 - BLUE BONNET 17-3936 TCX;KG;18,0400009155273;149,73
RIMTEKS  A.S.;PF0431070/20XP61026;70/2 ELAS RIT PA 6 - AURORA RED 18-1550 TCX;KG;18,5;153,55
RIMTEKS  A.S.;PF0431070/20XP61027;70/2 ELAS RIT PA 6 - DARK SAPPHIRE 19-4020 TCX;KG;21,2400002479553;176,29
RIMTEKS  A.S.;PF0431100/10A661017;100/1 ELAS APE PA 66 - 73R;KG;15,7399997711182;148,74
RIMTEKS  A.S.;PF0431100/10A661018;100/1 ELAS APE PA 66 - 253;KG;17,1599998474121;162,16
RIMTEKS  A.S.;PF0431786820X661019;78/68/2 ELAS TWIST PA MICRO - 002 OPTIC;KG;15,3000001907349;187,43
RIMTEKS  A.S.;PF0431786820X661028;78/68/2 ELAS TWIST PA 66 MICRO - WHITE;KG;16,1700000762939;198,08
RIMTEKS  A.S.;PF0431786820X661029;78/68/2 ELAS TWIST PA 66 MICRO - BLACK;KG;15,0299997329712;184,12
RIMTEKS  A.S.;PR04310007;;;0;0
MARINA CALZE S.R.L.;;;;;
MARINA CALZE S.R.L.;PF0441070/20IP61000;70/2 ELAS INT. PA 6 - GREGGIO;KG;2253,01999855042;11490,48
INSOCKS SRL;;;KG;132,322999954224;-1271,74
INSOCKS SRL;;;;;
INSOCKS SRL;PF0448070/10A661053;70/1 ELAS APE PA 66 - 37282 FATHOM J011;KG;32,1100006103516;321,1
INSOCKS SRL;PF0448070/10IFL1053;70/1 ELAS INT. FLEXY PA 6 - 37282 FATHOM J011;KG;122,210000991821;1161,02
INSOCKS SRL;PF0448070/10IFL1061;70/1 ELAS INT. FLEXY PA 6 - 31189 NERO N023;KG;41,3500003814697;392,83
INSOCKS SRL;PF0448070/20XFL1015;70/2 ELAS RIT FLEXY PA 6 - 36193 DIVA PINK FLUO;KG;189,800001144409;1718,21
INSOCKS SRL;PF0448070/20XFL1019;70/2 ELAS RIT FLEXY PA 6 - 37243 FATHOM;KG;234,309998035431;2085,37
INSOCKS SRL;PF0448070/20XFL1033;70/2 ELAS RIT FLEXY PA 6 - 31319 LILLA SILK V012;KG;15,8000001907349;140,62
INSOCKS SRL;PF0448070/20XFL1037;70/2 ELAS RIT FLEXY PA 6 - 31695 OLIVA KONA V140;KG;13,1700000762939;117,21
INSOCKS SRL;PF0448070/20XFL1047;70/2 ELAS RIT FLEXY PA 6 - 37659 ADRIATICO A601;KG;15,950000166893;141,95
INSOCKS SRL;PF0448070/20XFL1055;70/2 ELAS RIT FLEXY PA 6 - 36862 PRUGNA 8158 P104;KG;40,0400004386902;356,35
INSOCKS SRL;PF0448070/20XFL1060;70/2 ELAS RIT FLEXY PA 6 - 31320 VERDE SAFARI V284;KG;17,0799995660782;152,02
INSOCKS SRL;PF0448070/20XFL1064;70/2 ELAS RIT FLEXY PA 6 - 37223 SCARLET R210;KG;15,8900003433228;141,42
INSOCKS SRL;PF0448070/20XFL1065;70/2 ELAS RIT FLEXY PA 6 - 37059 SULPHUR SPRING;KG;15,9700002670288;142,13
INSOCKS SRL;PF0448070/20XFL1066;70/2 ELAS RIT FLEXY PA 6 - 38866 HYDRO V121;KG;37,2700003385544;331,71
INSOCKS SRL;PF0448070/20XFL1067;70/2 ELAS RIT FLEXY PA 6 - 38865 SKY A101;KG;19,8400003910065;176,58
INSOCKS SRL;PF0448070/20XFL1068;70/2 ELAS RIT FLEXY PA 6 - 38864 COVE B903;KG;38,1799988746643;339,8
INSOCKS SRL;PF0448070/20XFL1074;70/2 ELAS RIT FLEXY PA 6 - 38029 TOBACCO T013;KG;20,3800001144409;181,39
INSOCKS SRL;PF0448070/20XFL1075;70/2 ELAS RIT FLEXY PA 6 - 38973 BLU SRUCE B368;KG;56,4800004959106;502,68
INSOCKS SRL;PF0448070/20XFL1076;70/2 ELAS RIT FLEXY PA 6 - 34600 RUGINE CORTESA 8114 R044;KG;29,5499992370605;262,99
INSOCKS SRL;PF0448070/30XFL1003;70/3 ELAS RIT FLEXY PA 6 - 36758 BIANCO;KG;202,340002298355;1780,57
INSOCKS SRL;PF0448070/30XFL1007;70/3 ELAS RIT FLEXY PA 6 - 36759 NERO;KG;51,1800007820129;450,38
INSOCKS SRL;PF0448070/30XFL1012;70/3 ELAS RIT FLEXY PA 6 - 37029 RUGINE CORTESA;KG;57,3600001335144;504,77
INSOCKS SRL;PF0448070/30XFL1020;70/3 ELAS RIT FLEXY PA 6 - 35345 CHARCOAL;KG;406,449998855591;3576,76
INSOCKS SRL;PF0448070/30XFL1025;70/3 ELAS RIT FLEXY PA 6 - 36934 ARANCIO FLUO SCURO;KG;86,5200009346008;761,37
INSOCKS SRL;PF0448070/30XFL1026;70/3 ELAS RIT FLEXY PA 6 - 37573 NEW BOTTLE GREEN V212;KG;68,029999256134;598,66
INSOCKS SRL;PF0448070/30XFL1030;70/3 ELAS RIT FLEXY PA 6 - 36983 PRUGNA 8158 P104;KG;32,210000038147;283,45
INSOCKS SRL;PF0448070/30XFL1039;70/3 ELAS RIT FLEXY PA 6 - 36854 DIVA PINK FLUO;KG;141,440001487732;1244,67
INSOCKS SRL;PF0448070/30XFL1044;70/3 ELAS RIT FLEXY PA 6 - 37771 SULPHUR SPRING G029;KG;73,0599994659424;642,92
INSOCKS SRL;PF0448070/30XFL1051;70/3 ELAS RIT FLEXY PA 6 - 38027 SCARLET R210;KG;120,799999237061;1063,04
INSOCKS SRL;PF0448070/30XFL1056;70/3 ELAS RIT FLEXY PA 6 - 37957 FATHOM J011;KG;51,2300011515617;450,82
INSOCKS SRL;PF0448070/30XFL1057;70/3 ELAS RIT FLEXY PA 6 - 38887 PIETRA M102;KG;15,8100004196167;139,13
INSOCKS SRL;PF0448070/30XFL1058;70/3 ELAS RIT FLEXY PA 6 - 37858 OLIVA KONA V140;KG;35,1599998474121;309,41
INSOCKS SRL;PF0448070/30XFL1062;70/3 ELAS RIT FLEXY PA 6 - 38138 DIRECT BLUE B222;KG;16,5799999237061;145,9
INSOCKS SRL;PF0448070/30XFL1063;70/3 ELAS RIT FLEXY PA 6 - 36767 SAFETY YELLOW FLUO;KG;70,409999370575;619,6
INSOCKS SRL;PF0448070/30XFL1069;70/3 ELAS RIT FLEXY PA 6 - 36935 AZZURRO TURCHESE A106;KG;15;132
INSOCKS SRL;PF0448070/40XFL1059;70/4 ELAS RIT FLEXY PA 6 - 38923 OLIVA KONA V140;KG;110,020000457764;990,18
INSOCKS SRL;PF0448782SK0IEX1054;78/68/2 SKINLIFE INT. FLEXI PA 66 - 37895 CHARCOAL G170;KG;58,1199989318848;813,68
INSOCKS SRL;PF0448784620XTC1006;78/46/2 ELAS RIT TACTEL - 30389 NERO;KG;223,140000343323;2833,89
INSOCKS SRL;PF0448784620XTC1016;78/46/2 ELAS RIT TACTEL - 30380 BIANCO;KG;13,0600004196167;165,86
INSOCKS SRL;PF0448784620XTC1073;78/46/2 ELAS RIT TACTEL - 38023 BLU SCURO E11 B207;KG;135,639999389648;1722,64
INSOCKS SRL;PF0448786820X661070;78/68/2  RIT PA 66 - 38111 PEACOAT B102;KG;11,3900003433228;134,4
INSOCKS SRL;PF0448786820X661071;78/68/2  RIT PA 66 - 37109 NERO N002;KG;17,5900001525879;207,56
INSOCKS SRL;PF0448786820X661072;78/68/2  RIT PA 66 - 35208 BIANCO B001;KG;19,1200003623962;225,62
INSOCKS SRL;PR04480006;;;0;214,99
NUOVA CALZE REGIA SRL;;;KG;664,199996948242;-1914,25
NUOVA CALZE REGIA SRL;;;;;
NUOVA CALZE REGIA SRL;PF0451070/20XFL1016;70/2 ELAS RIT FLEXY PA 6 - ESCARLATA 8152;KG;76,4300012588501;680,23
NUOVA CALZE REGIA SRL;PF0451784620XTC1002;78/46/2 ELAS RIT TACTEL - NERO;KG;550,550001621246;6882,02
NUOVA CALZE REGIA SRL;PF0451784620XTC1016;78/46/2 ELAS RIT TACTEL - ESCARLATA 8152;KG;173,900002002716;2173,78
Winsocks srl;;;;;
Winsocks srl;PF0463070/20XFL1002;70/2 ELAS RIT FLEXY PA 6 - E 3 NERO;KG;80,6699991226196;685,71
Winsocks srl;PF0463070/30XFL1001;70/3 ELAS RIT FLEXY PA 6 - CANDIDO;KG;19,9500007629395;169,58
Winsocks srl;PF0463070/30XFL1002;70/3 ELAS RIT FLEXY PA 6 - E 3 NERO;KG;220,730000257492;1876,22
Winsocks srl;PF0463070/30XFL1004;70/3 ELAS RIT FLEXY PA 6 - ROSSO E33;KG;96,2799997329712;818,4
Winsocks srl;PF0463070/30XFL1005;70/3 ELAS RIT FLEXY PA 6 - ANTRACITE E4;KG;211,92000079155;1801,36
Winsocks srl;PF0463070/30XFL1006;70/3 ELAS RIT FLEXY PA 6 - ARANCIO E 35;KG;74,9800009727478;637,35
Winsocks srl;PF0463070/30XFL1007;70/3 ELAS RIT FLEXY PA 6 - ROYAL 6080;KG;95,8099994659424;814,41
Winsocks srl;PF0463070/30XFL1008;70/3 ELAS RIT FLEXY PA 6 - E 1 CANDIDO;KG;229,060000896454;1947,03
Winsocks srl;PF0463070/30XFL1009;70/3 ELAS RIT FLEXY PA 6 - E 80 CHERRY;KG;97,439998626709;828,26
Winsocks srl;PF0463070/30XFL1010;70/3 ELAS RIT FLEXY PA 6 - GIALLO SOLE E 77;KG;18,8000001907349;159,81
Winsocks srl;PF0463070/30XFL1011;70/3 ELAS RIT FLEXY PA 6 - GIALLO FLUO E 99;KG;38,8899993896484;330,58
Winsocks srl;PF0463070/30XFL1012;70/3 ELAS RIT FLEXY PA 6 - KIWI E 68;KG;39,0500001907349;331,94
Winsocks srl;PF0463070/30XFL1013;70/3 ELAS RIT FLEXY PA 6 - E 53 CICLAMINO;KG;19,4000000953674;164,91
ATHENA CALZE SRL;;;KG;14,3900003433228;-221,61
ATHENA CALZE SRL;;;;;
ATHENA CALZE SRL;PF0465070/20D661002;70/2 ELAS CUC 10000 PA 66 - COD. 871 HAUT;KG;16,1800003051758;249,17
ATHENA CALZE SRL;PF0465070/20D661008;70/2 ELAS CUC 10000 PA 66 - COD. 710;KG;17,1600000709295;264,27
ATHENA CALZE SRL;PF0465070/20D661011;70/2 ELAS CUC 10000 PA 66 - COD. 844;KG;37,5600004196167;578,42
ATHENA CALZE SRL;PF0465070/20D661015;70/2 ELAS CUC 10000 PA 66 - 853 PLAUM;KG;15,990000128746;246,24
ATHENA CALZE SRL;PF0465070/20D661016;70/2 ELAS CUC 10000 PA 66 - NERO;KG;15,8000001907349;243,31
ATHENA CALZE SRL;PF0465070/20D661018;70/2 ELAS CUC 10000 PA 66 - COD. 339 RAUCBL;KG;15,5999999046326;240,24
ATHENA CALZE SRL;PF0465070/20D661019;70/2 ELAS CUC 10000 PA 66 - 570 BEERE;KG;1,00999999046326;50
ATHENA CALZE SRL;PF0465070/20D661020;70/2 ELAS CUC 10000 PA 66 - 866 MAUVE;KG;1,00999999046326;50
ATHENA CALZE SRL;PF0465070/20D661022;70/2 ELAS CUC 10000 PA 66 - COD. 837 BURGUN (NON USARE);KG;14,3900001049042;221,6
ATHENA CALZE SRL;PF0465070/20D661023;70/2 ELAS CUC 10000 PA 66 - ALTROSE 557;KG;1,00999999046326;15,55
ATHENA CALZE SRL;PF0465070/20D661024;70/2 ELAS CUC 10000 PA 66 - KAKI 763;KG;13,7300000190735;211,43
ATHENA CALZE SRL;PF0465070/20D661025;70/2 ELAS CUC 10000 PA 66 - 837 BURGUN A CAMPIONE;KG;18,0900003910065;278,59
SC CALZE SRL;;;;;
SC CALZE SRL;PF0470040/20X661001;40/2 ELAS RIT PA 66 - NERO GS005;KG;100,919999361038;539,93
SC CALZE SRL;PF0470040/20X661002;40/2 ELAS RIT PA 66 - E 6 TUBO;KG;20,0499997138977;107,27
SC CALZE SRL;PF0470040/20X661003;40/2 ELAS RITORTO PRIMETTA PA 66 - E 33 ROSSO;KG;15,3200002908707;81,96
SC CALZE SRL;PF0470040/20X661004;40/2 ELAS RIT PA 66 - E 12 NAVY;KG;177,550000429153;949,9
SC CALZE SRL;PF0470040/20X661005;40/2 ELAS RITORTO PRIMETTA PA 66 - E 66 ROYAL;KG;15,1199998855591;80,89
SC CALZE SRL;PF0470040/20X661008;40/2 ELAS RITORTO PRIMETTA PA 66 - E 18 TURCHESE;KG;14,539999961853;77,79
SC CALZE SRL;PF0470040/20X661009;40/2 ELAS RITORTO PRIMETTA PA 66 - E 77 SOLE;KG;13,9700003862381;74,74
SC CALZE SRL;PF0470040/20X661010;40/2 ELAS RITORTO PRIMETTA PA 66 - E 30 BEIGE;KG;16,4200003147125;87,85
SC CALZE SRL;PF0470040/20X661011;40/2 ELAS RIT PA 66 - GREGGIO;KG;36,8800001144409;165,96
SC CALZE SRL;PF0470040/20X661020;40/2 ELAS RIT PA 66 - BIANCO 101;KG;35,7399997711182;191,21
SC CALZE SRL;PF0470040/20X661028;40/2 ELAS RITORTO PRIMETTA PA 66 - E 15 AVIATORE;KG;37,5200003385544;200,73
SC CALZE SRL;PF0470040/20X661030;40/2 ELAS RITORTO PRIMETTA PA 66 - E 70 IRLANDA;KG;19,2799999713898;103,15
SC CALZE SRL;PF0470040/20X661032;40/2 ELAS RITORTO PRIMETTA PA 66 - E 26 TORTORA;KG;15;80,25
SC CALZE SRL;PF0470040/20X661033;40/2 ELAS RITORTO PRIMETTA PA 66 - E 53 CICLAMINO;KG;13,4799995422363;72,12
SC CALZE SRL;PF0470040/20XEX1015;40/2 ELAS RIT FLEXI PA 66 PRIMETTA - ROSSO 133;KG;57,5099999904633;307,68
SC CALZE SRL;PF0470040/20XEX1017;40/2 ELAS RIT FLEXI PA 66 - NERO GS005;KG;141,659999847412;757,86
SC CALZE SRL;PF0470040/20XEX1018;40/2 ELAS RIT FLEXI PA 66 - BLU NOTTE 111;KG;137,079998493195;733,39
SC CALZE SRL;PF0470040/20XEX1020;40/2 ELAS RIT FLEXI PA 66 - BIANCO CA010;KG;105,690000772476;565,44
SC CALZE SRL;PF0470040/20XEX1035;40/2 ELAS RIT FLEXI PA 66 PRIMETTA - GRIGIO PERLA 109;KG;16,5200004577637;88,38
SC CALZE SRL;PF0470040/20XEX1036;40/2 ELAS RIT FLEXI PA 66 PRIMETTA- AVIO 114;KG;19,3100004196167;103,31
SC CALZE SRL;PF0470040/20XEX1037;40/2 ELAS RIT FLEXI PA 66 - GRIGIO MEDIO 107;KG;35,5599999427795;190,24
SC CALZE SRL;PF0470070/10A661001;70/1 ELAS APE PA 66 - NERO GS005;KG;92,7700011730194;514,89
SC CALZE SRL;PF0470070/10A661020;70/1 ELAS APE PA 66 - BIANCO 101;KG;40,2799997329712;223,56
SC CALZE SRL;PF0470070/20XP61008;70/2 ELAS RIT PA 6 - E 18 TURCHESE;KG;16,1000003814697;71,64
SC CALZE SRL;PF0470070/20XP61030;70/2 ELAS RIT PA 6 - E 70 IRLANDA;KG;15,9499998092651;70,98
SC CALZE SRL;PF0470701TP0ATP1023;78/18 INT PA6 TP PRIMETTA -  BIANCO OTTICO 10001 TP;KG;22,7099990844727;65,86
SC CALZE SRL;PF0470781820ITP1023;78/18X2 INT PA6 TP PRIMETTA - 2002 BIANCO OTT/1001 BIANCO OTT;KG;22,4899997711182;65,22
SC CALZE SRL;PF0470781820ITP1024;78/18X2 INT PA6 TP PRIMETTA - 2223 OLTREMARE/BLU OCEANO;KG;63,230001449585;239,01
SC CALZE SRL;PF0470781820ITP1029;78/18X2 INT PA6 TP PRIMETTA - 2043 ROSSO/1005 ROSSO ;KG;20,7399997711182;78,4
SC CALZE SRL;PF0470781820ITP1031;78/18X2 INT PA6 TP PRIMETTA - AVIO 1013 TP;KG;21,9599990844727;71,37
ONEBUSINESS SRL;;;;;
ONEBUSINESS SRL;PF0483070/20IP61016;70/2 ELAS INT. PA 6 - ANTRACITE A CAMPIONE;KG;76,3999996185303;580,64
ONEBUSINESS SRL;PF0483070/20XP61000;70/2 ELAS RIT PA 6 - GS005 - NERO;KG;202,05999994278;1687,21
ONEBUSINESS SRL;PF0483070/20XP61002;70/2 ELAS RIT PA 6 - E12 NAVY;KG;307,280000567436;2565,79
ONEBUSINESS SRL;PF0483070/20XP61004;70/2 ELAS RIT PA 6 - BLU CAMPIONE;KG;99,2800016403198;814,09
ONEBUSINESS SRL;PF0483070/20XP61006;70/2 ELAS RIT PA 6 - GRIGIO TOPO T716;KG;101,439999103546;847,03
ONEBUSINESS SRL;PF0483070/20XP61010;70/2 ELAS RIT PA 6 - ROSSO T718;KG;56,9300003051758;475,37
ONEBUSINESS SRL;PF0483070/20XP61014;70/2 ELAS RIT PA 6 - ROSSO A CAMPIONE;KG;47,0099995136261;385,48
ONEBUSINESS SRL;PF0483070/20XP61015;70/2 ELAS RIT PA 6 - ROYAL A CAMPIONE;KG;47,139999628067;386,55
ONEBUSINESS SRL;PF0483TI+TP0INY1013;78/2 MELANGE INTER PA 66 - MELANGE 2018 ONEB;KG;1338,43000221252;14187,37
GIANTEX SRL;;;;;
GIANTEX SRL;PF0484070/10A661001;70/1 ELAS APE PA 66 - APPLE BUTTER;KG;23,4400005340576;246,12
GIANTEX SRL;PF0484070/10A661002;70/1 ELAS APE PA 66 - RIO RED;KG;30,460000038147;319,83
GIANTEX SRL;PF0484070/10A661003;70/1 ELAS APE PA 66 - DRY ROSE;KG;30,0199999809265;315,21
GIANTEX SRL;PF0484070/10A661004;70/1 ELAS APE PA 66 - SALUTE;KG;30,1600008010864;316,68
GIANTEX SRL;PF0484070/10A661005;70/1 ELAS APE PA 66 - SURF THE WEB;KG;30,3600006103516;318,78
FILATI ELASTICI MAGHINA SRL;;;;;
FILATI ELASTICI MAGHINA SRL;PF0489040/10A661003;40/1 ELAS APE PA 66 - 65 BLU CHIARO;KG;53,3500008583069;589,53
FILATI ELASTICI MAGHINA SRL;PF0489040/10A661004;40/1 ELAS APE PA 66 - 2017 ARGENTO;KG;259,370001316071;2870,66
FILATI ELASTICI MAGHINA SRL;PF0489040/10A661007;40/1 ELAS APE PA 66 - 12 ROYAL;KG;51,039999961853;563,99
FILATI ELASTICI MAGHINA SRL;PF0489040/10A661011;40/1 ELAS APE PA 66 - 17 BORDO';KG;119,550000071526;1321,01
FILATI ELASTICI MAGHINA SRL;PF0489040/10A661016;40/1 ELAS APE PA 66 - 2012 GRIGIO MEDIO;KG;466,149999856949;5150,96
FILATI ELASTICI MAGHINA SRL;PF0489040/10A661017;40/1 ELAS APE PA 66 - 30 AVIAZIONE;KG;106,550001144409;1177,38
FILATI ELASTICI MAGHINA SRL;PF0489040/10A661034;40/1 ELAS APE PA 66 - 13 MARINA;KG;56,75;627,09
FILATI ELASTICI MAGHINA SRL;PF0489040/10A661037;40/1 ELAS APE PA 66 - 11 AVIO;KG;131,910000801086;1457,61
FILATI ELASTICI MAGHINA SRL;PF0489040/10A661040;40/1 ELAS APE PA 66 - TESTA MORO 28;KG;13,4399995803833;148,51
FILATI ELASTICI MAGHINA SRL;PF0489040/10A661048;40/1 ELAS APE PA 66 - SACCO 2618;KG;274,419999480247;3032,37
FILATI ELASTICI MAGHINA SRL;PF0489040/10A661050;40/1 ELAS APE PA 66 - 2710 FUXIA;KG;52,2200002670288;577,05
FILATI ELASTICI MAGHINA SRL;PF0489070/10A661003;70/1 ELAS APE PA 66 - 65 BLU CHIARO;KG;416,870001375675;3981,13
FILATI ELASTICI MAGHINA SRL;PF0489070/10A661006;70/1 ELAS APE PA 66 - 67 BLUETTE;KG;107,220001459122;1023,96
FILATI ELASTICI MAGHINA SRL;PF0489070/10A661007;70/1 ELAS APE PA 66 - 12 ROYAL;KG;313,159996986389;2990,66
FILATI ELASTICI MAGHINA SRL;PF0489070/10A661008;70/1 ELAS APE PA 66 - 55 GRANATA;KG;212,670001208782;2031,03
FILATI ELASTICI MAGHINA SRL;PF0489070/10A661009;70/1 ELAS APE PA 66 - 21 CORDA;KG;828,509999752045;7928,07
FILATI ELASTICI MAGHINA SRL;PF0489070/10A661011;70/1 ELAS APE PA 66 - 17 BORDO';KG;417,300000667572;3985,27
FILATI ELASTICI MAGHINA SRL;PF0489070/10A661012;70/1 ELAS APE PA 66 - 03 GRIGIO PERLA;KG;200,900000989437;1918,59
FILATI ELASTICI MAGHINA SRL;PF0489070/10A661013;70/1 ELAS APE PA 66 - 05 GRIGIO TOPO;KG;157,88000202179;1507,76
FILATI ELASTICI MAGHINA SRL;PF0489070/10A661015;70/1 ELAS APE PA 66 - 06 ANTRACITE;KG;105,139999389648;1004,1
FILATI ELASTICI MAGHINA SRL;PF0489070/10A661017;70/1 ELAS APE PA 66 - 30 AVIAZIONE;KG;70,5099995136261;673,37
FILATI ELASTICI MAGHINA SRL;PF0489070/10A661021;70/1 ELAS APE PA 66 - 19 GIALLONE;KG;22,1599998474121;211,63
FILATI ELASTICI MAGHINA SRL;PF0489070/10A661022;70/1 ELAS APE PA 66 - 04 GRIGIO MEDIO;KG;110,340000629425;1053,74
FILATI ELASTICI MAGHINA SRL;PF0489070/10A661023;70/1 ELAS APE PA 66 - 16 ROSSO;KG;344,910001277924;3293,89
FILATI ELASTICI MAGHINA SRL;PF0489070/10A661025;70/1 ELAS APE PA 66 - 66 KAKI;KG;22,5;214,88
FILATI ELASTICI MAGHINA SRL;PF0489070/10A661027;70/1 ELAS APE PA 66 - 26 BRUCIATO;KG;31,6300000548363;302,06
FILATI ELASTICI MAGHINA SRL;PF0489070/10A661029;70/1 ELAS APE PA 66 - 41 CORALLO;KG;47,8400001525879;456,87
FILATI ELASTICI MAGHINA SRL;PF0489070/10A661031;70/1 ELAS APE PA 66 - 07 NERO;KG;108,129999160767;1032,63
FILATI ELASTICI MAGHINA SRL;PF0489070/10A661037;70/1 ELAS APE PA 66 - 11 AVIO;KG;51,5900001525879;492,69
FILATI ELASTICI MAGHINA SRL;PF0489070/10A661038;70/1 ELAS APE PA 66 - 53 OCEANO;KG;51,7800011634827;494,49
FILATI ELASTICI MAGHINA SRL;PF0489070/10A661039;70/1 ELAS APE PA 66 - PERVINCA 08;KG;79,5499992370605;759,7
FILATI ELASTICI MAGHINA SRL;PF0489070/10A661040;70/1 ELAS APE PA 66 - TESTA MORO 28;KG;47,0800001621246;449,61
FILATI ELASTICI MAGHINA SRL;PF0489070/10A661042;70/1 ELAS APE PA 66 - VERDE 33;KG;131,810000002384;1258,79
FILATI ELASTICI MAGHINA SRL;PF0489070/10A661045;70/1 ELAS APE PA 66 - 58 GIALLO SOLE;KG;23,3599996566772;223,09
FILATI ELASTICI MAGHINA SRL;PF0489070/10A661046;70/1 ELAS APE PA 66 - 22 OCRA;KG;21,9200000762939;209,33
FILATI ELASTICI MAGHINA SRL;PF0489070/10A661049;70/1 ELAS APE PA 66 - 48 RANGER;KG;31,2199997901917;298,16
FILATI ELASTICI MAGHINA SRL;PF0489070/10A661051;70/1 ELAS APE PA 66 - 32 VERDE;KG;22,9700000882149;219,36
FILATI ELASTICI MAGHINA SRL;PF0489070/10A661052;70/1 ELAS APE PA 66 - 44 FUXIA;KG;57,4100000858307;548,27
FILATI ELASTICI MAGHINA SRL;PF0489070/10A661053;70/1 ELAS APE PA 66 - 09 CIELO;KG;57,729998588562;551,32
FILATI ELASTICI MAGHINA SRL;PF0489070/10A661054;70/1 ELAS APE PA 66 - 10 AZZURRO;KG;114,630000114441;1094,72
FILATI ELASTICI MAGHINA SRL;PF0489070/10A661055;70/1 ELAS APE PA 66 - CRUISE T001 PETROLIO - TON;KG;112,000000953674;1069,6
FILATI ELASTICI MAGHINA SRL;PF0489100/10A661001;100/1 ELAS APE PA 66 - 71 ROSA CONFETTO;KG;49,0799999237061;463,8
FILATI ELASTICI MAGHINA SRL;PF0489100/10A661002;100/1 ELAS APE PA 66 - NOCE 37;KG;106;1001,69
FILATI ELASTICI MAGHINA SRL;PF0489100/10A661007;100/1 ELAS APE PA 66 - 12 ROYAL;KG;49,7000002861023;469,66
FILATI ELASTICI MAGHINA SRL;PF0489100/10A661009;100/1 ELAS APE PA 66 - 21 CORDA;KG;51,6799993515015;488,38
FILATI ELASTICI MAGHINA SRL;PF0489100/10A661011;100/1 ELAS APE PA 66 - 17 BORDO';KG;89,6799998283386;847,48
FILATI ELASTICI MAGHINA SRL;PF0489100/10A661012;100/1 ELAS APE PA 66 - 03 GRIGIO PERLA;KG;103,689998149872;979,88
FILATI ELASTICI MAGHINA SRL;PF0489100/10A661015;100/1 ELAS APE PA 66 - 06 ANTRACITE;KG;316,24999666214;2988,59
FILATI ELASTICI MAGHINA SRL;PF0489100/10A661016;100/1 ELAS APE PA 66 - 2012 GRIGIO MEDIO;KG;215,649999380112;2037,88
FILATI ELASTICI MAGHINA SRL;PF0489100/10A661017;100/1 ELAS APE PA 66 - 30 AVIAZIONE;KG;63,6700010299683;601,69
FILATI ELASTICI MAGHINA SRL;PF0489100/10A661022;100/1 ELAS APE PA 66 - 04 GRIGIO MEDIO;KG;262,209998607635;2477,86
FILATI ELASTICI MAGHINA SRL;PF0489100/10A661028;100/1 ELAS APE PA 66 - 60 BRUCIATO;KG;25,2399997711182;238,52
FILATI ELASTICI MAGHINA SRL;PF0489100/10A661031;100/1 ELAS APE PA 66 - 07 NERO;KG;514,190000832081;4859,1
FILATI ELASTICI MAGHINA SRL;PF0489100/10A661034;100/1 ELAS APE PA 66 - 13 MARINA;KG;219,089998722076;2070,4
FILATI ELASTICI MAGHINA SRL;PF0489100/10A661035;100/1 ELAS APE PA 66 - 02 CANDIDO;KG;108,000000476837;1020,6
FILATI ELASTICI MAGHINA SRL;PF0489100/10A661037;100/1 ELAS APE PA 66 - 11 AVIO;KG;106,820003211498;1009,45
FILATI ELASTICI MAGHINA SRL;PF0489100/10A661038;100/1 ELAS APE PA 66 - 53 OCEANO;KG;55,7600002288818;526,94
FILATI ELASTICI MAGHINA SRL;PF0489100/10A661039;100/1 ELAS APE PA 66 - PERVINCA 08;KG;49,0099989771843;463,14
FILATI ELASTICI MAGHINA SRL;PF0489100/10A661042;100/1 ELAS APE PA 66 - VERDE 33;KG;25,3500003814697;239,57
FILATI ELASTICI MAGHINA SRL;PF0489100/10A661047;100/1 ELAS APE PA 66 - LILLA 45;KG;25,1300001144409;237,48
FILATI ELASTICI MAGHINA SRL;PF0489100/10A661048;100/1 ELAS APE PA 66 - SACCO 2618;KG;142,809998989105;1349,57
(NON USARE) - PIROLA GIOVANNI SNC;;;;;
(NON USARE) - PIROLA GIOVANNI SNC;PF0495070/20X661012;70/2 ELAS RIT PA 66 - NERO;KG;59,3099994659424;563,47
AGAV SRL;;;;;
AGAV SRL;PF0496070/10XP61002;70/1 ELAS RIT PA 6 - BORDO' A CAMPIONE;KG;13,4899997711182;134,9
AGAV SRL;PF0496070/10XP61003;70/1 ELAS RIT PA 6 - FUXIA FLUO A CAMPIONE;KG;17,3899993896484;173,9
AGAV SRL;PF0496070/10XP61004;70/1 ELAS RIT PA 6 - TURCHESE A CAMPIONE;KG;12,4899997711182;124,9
AGAV SRL;PR04960006;;;0;0
ANZICHI GIULIO;;;;;
ANZICHI GIULIO;PF0499040/20X661005;40/2 ELAS RIT PA 66 - GREGGIO;KG;19,6899996995926;153,59
CALZIFICIO M BRESCIANI SRL;;;KG;30,6400003433228;-433,56
CALZIFICIO M BRESCIANI SRL;;;;;
CALZIFICIO M BRESCIANI SRL;PF0507017LY0ELY1026;17 DTX ELASTOMERO LYCRA - GREGGIO;KG;29,8999996185303;747,5
CALZIFICIO M BRESCIANI SRL;PF0507040/10A661011;40/1 ELAS APE PA 66 - E 66 ROYAL A CAMPIONE;KG;13,3000001907349;239,4
CALZIFICIO M BRESCIANI SRL;PF0507040/10A661013;40/1 ELAS APE PA 66 - BLU 691;KG;74,0400009155273;1332,72
CALZIFICIO M BRESCIANI SRL;PF0507040/10A661015;40/1 ELAS APE PA 66 - 014 NERO;KG;73,660000026226;1325,88
CALZIFICIO M BRESCIANI SRL;PF0507040/10A661020;40/1 ELAS APE PA 66 - ML015 VERDONE;KG;13,1100001335144;235,98
CALZIFICIO M BRESCIANI SRL;PF0507040/10A661028;40/1 ELAS APE PA 66 - 005 GRIGIO MEDIO;KG;17,9200000762939;322,56
CALZIFICIO M BRESCIANI SRL;PF0507040/10A661030;40/1 ELAS APE PA 66 - 028 FRASSINO;KG;11,6700000762939;210,06
CALZIFICIO M BRESCIANI SRL;PF0507040/10A661031;40/1 ELAS APE PA 66 - 023 MILITARE;KG;11,5799999237061;208,44
CALZIFICIO M BRESCIANI SRL;PF0507040/10A661036;40/1 ELAS APE PA 66 - 025 MARRONE;KG;13,0499997138977;234,9
CALZIFICIO M BRESCIANI SRL;PF0507040/10A661037;40/1 ELAS APE PA 66 - E60 RUBINO;KG;13,0199997425079;234,36
CALZIFICIO M BRESCIANI SRL;PF0507040/10A661038;40/1 ELAS APE PA 66 - 026 ARANCIO;KG;13,1500005722046;236,7
CALZIFICIO M BRESCIANI SRL;PF0507040/10A661044;40/1 ELAS APE PA 66 - 703 CAFFE' A CAMPIONE;KG;12,5300002098083;225,54
CALZIFICIO M BRESCIANI SRL;PF0507040/10A661046;40/1 ELAS APE PA 66 - 140 OTTANIO CAMPIONE;KG;1,00999999046326;35
CALZIFICIO M BRESCIANI SRL;PF0507040/20X661000;40/2 ELAS RIT PA 66 - Z0052 AMETISTA;KG;11,3599998354912;160,74
CALZIFICIO M BRESCIANI SRL;PF0507040/20X661010;40/2 ELAS RIT PA 66 - CINA NL015;KG;1,00999999046326;35
CALZIFICIO M BRESCIANI SRL;PF0507040/20X661025;40/2 ELAS RIT PA 66 - 019 AVIO;KG;12,639999628067;178,86
CALZIFICIO M BRESCIANI SRL;PF0507040/20X661027;40/2 ELAS RIT PA 66 - 082 CARAIBI;KG;12,1600003242493;172,06
CALZIFICIO M BRESCIANI SRL;PF0507040/20X661033;40/2 ELAS RIT PA 66 - 003 MORO;KG;10,539999961853;149,14
CALZIFICIO M BRESCIANI SRL;PF0507040/20X661035;40/2 ELAS RIT PA 66 - 001 BLU X 40/2;KG;20,3500003814697;287,95
CALZIFICIO M BRESCIANI SRL;PF0507040/20XEX1009;40/2 ELAS RIT FLEXI PA 66 - 007 BIANCO;KG;27,7700004577637;392,95
CALZIFICIO M BRESCIANI SRL;PF0507040/20XEX1013;40/2 ELAS RIT FLEXI PA 66 - BLU 691;KG;10,4499998092651;147,87
CALZIFICIO M BRESCIANI SRL;PF0507040/20XEX1015;40/2 ELAS RIT FLEXI PA 66 - 014 NERO;KG;28,5499999523163;403,98
CALZIFICIO M BRESCIANI SRL;PF0507040/20XEX1039;40/2 ELAS RIT FLEXI PA 66 - 006 PERLA;KG;13,3800001144409;189,33
CALZIFICIO M BRESCIANI SRL;PF0507040/20XEX1040;40/2 ELAS RIT FLEXI PA 66 - 008 GREGGIO;KG;12,5200004577637;177,16
CALZIFICIO M BRESCIANI SRL;PF0507040/20XEX1041;40/2 ELAS RIT FLEXI PA 66 - E67 VERDE;KG;28,7599997520447;406,96
CALZIFICIO M BRESCIANI SRL;PF0507040/20XEX1043;40/2 ELAS RIT FLEXI PA 66 - E15 AVIATORE A CAMPIONE;KG;18,6100001335144;263,33
CALZIFICIO M BRESCIANI SRL;PF0507070/20X661029;70/2 ELAS RIT PA 66 - 439 CARNE A CAMPIONE;KG;2,19000005722046;35
CALZIFICIO M BRESCIANI SRL;PF0507070/20X661032;70/2 ELAS RIT PA 66 - 024 ALGA;KG;1,00999999046326;35
CALZIFICIO M BRESCIANI SRL;PF0507070/20X661034;70/2 ELAS RIT PA 66 - 015 VERDONE;KG;1,00999999046326;35
CALZIFICIO M BRESCIANI SRL;PF0507070/20X661042;70/2 ELAS RIT PA 66 - NNL 015 COBALTO;KG;1,00999999046326;35
CALZIFICIO M BRESCIANI SRL;PF0507070/20X661045;70/2 ELAS RIT PA 66 - M408;KG;1,00999999046326;35
CALZIFICIO M BRESCIANI SRL;PR05070001;;;0;250,28
Tvornica carapa MIRO d.o.o.;;;;;
Tvornica carapa MIRO d.o.o.;PF0512070/30XFL1003;70/3 ELAS RIT FLEXY PA 6 - 36767 SAFETY YELLOW FLUO;KG;15,7200002670288;138,34
Tvornica carapa MIRO d.o.o.;PF0512070/30XFL1004;70/3 ELAS RIT FLEXY PA 6 - 38138 DIRECT BLUE B222;KG;16,0599994659424;141,33
Tvornica carapa MIRO d.o.o.;PF0512070/30XFL1013;70/3 ELAS RIT FLEXY PA 6 - 37014 SCARLATTO NEON FLUO;KG;44,5700006484985;392,21
Tvornica carapa MIRO d.o.o.;PF0512070/30XFL1014;70/3 ELAS RIT FLEXY PA 6 - 37783 VERDE BAIA V112;KG;19,6500000953674;172,92
Tvornica carapa MIRO d.o.o.;PR05120006;;;0;30,15
CALZIFICIO TATIANA di Quecchia Davide;;;;;
CALZIFICIO TATIANA di Quecchia Davide;PF0514070/30XFL1003;70/3 ELAS RIT FLEXY PA 6 - 37771 SULPHUR SPRING;KG;39,3200006484985;346,02
CALZIFICIO TATIANA di Quecchia Davide;PF0514070/30XFL1010;70/3 ELAS RIT FLEXY PA 6 - 33308 SCARLET R210;KG;19,4200000762939;170,9
T.R.S. International S.r.l.;;;;;
T.R.S. International S.r.l.;PF0520070/20XFL1002;70/2 ELAS RIT FLEXY PA 6 - NEON RED FLUO;KG;19,0400009155273;165,65
T.R.S. International S.r.l.;PF0520070/20XFL1003;70/2 ELAS RIT FLEXY PA 6 - 31319 LILLA SILK V012;KG;16,4299997091293;142,94
T.R.S. International S.r.l.;PF0520070/30XFL1000;70/3 ELAS RIT FLEXY PA 6 - ANTRACITE 1005;KG;44,9800007343292;395,83
T.R.S. International S.r.l.;PR05200006;;;0;9,52
DANIELE CENEDESE (NON USARE);;;;;
DANIELE CENEDESE (NON USARE);PF0531070/20XFL1001;70/2 ELAS RIT FLEXY PA 6 - NERO;KG;15,8800001144409;144,51
DANIELE CENEDESE (NON USARE);PF0531782SK0IEX1001;78/68/2 SKINLIFE INT. FLEXI PA 66 - NERO;KG;59,0199995040894;867,6
M.P. DI PEZZINI MANUEL;;;;;
M.P. DI PEZZINI MANUEL;PF0532070/30XFL1000;70/3 ELAS RIT FLEXY PA 6 - VERDE B1566;KG;13,8599996566772;128,9
ELMAR NASTRIFICIO SRL;;;;;
ELMAR NASTRIFICIO SRL;PF0534LUC700XP61000;70 LUCIDO RIT PA 6 - ARANCIO FLUO;KG;10,3500003814697;207
ELMAR NASTRIFICIO SRL;PR05340006;;;0;5,18
ALOIS TESSITURA SERICA SRL;;;;;
ALOIS TESSITURA SERICA SRL;PF05390156T0X661000;156/1 TACTEL RIT PA 66 - GREGGIO;KG;13,8100004196167;165,72
ALOIS TESSITURA SERICA SRL;PF0539LUC700XP61000;70 LUCIDO RIT PA 6 - GREGGIO;KG;6,05000019073486;87,73
LUCIO ZHEN;;;;;
LUCIO ZHEN;PF0542070/20X661000;70/2 ELAS RIT PA 66 - GREGGIO;KG;2114,50000143051;12475,64
ALGE - INNOTEX GmbH;;;;;
ALGE - INNOTEX GmbH;PF0543070/20X661000;78/2 ELAS TWIST PA 66 - GREEN;KG;48,0299999713898;427,47
ALGE - INNOTEX GmbH;PF0543070/20X661001;70/2 ELAS TWIST PA 66 - PERLE GRAU 1021;KG;424,050001502037;3774,04
ALGE - INNOTEX GmbH;PF0543070/20X661002;70/2 ELAS TWIST PA 66 - MALEDIVEN 3344;KG;51,1600008010864;455,33
ALGE - INNOTEX GmbH;PF0543070/20X661003;70/2 ELAS TWIST PA 66 - RASPBERRY 3345;KG;50,4899986982346;449,37
ALGE - INNOTEX GmbH;PF0543070/20X661004;70/2 ELAS TWIST PA 66 - WINTERROT 8004;KG;100,909999370575;898,1
ALGE - INNOTEX GmbH;PR05430001;;;0;60,77
FACENTI & SONS SRL;;;;;
FACENTI & SONS SRL;PF0555040/20XEX1007;40/2 ELAS RIT FLEXI PA 66 - NERO 20;KG;1,00999999046326;10,5
FACENTI & SONS SRL;PF0555040/20XEX1008;40/2 ELAS RIT FLEXI PA 66 - E 11 BLEU;KG;1,00999999046326;10,5
FACENTI & SONS SRL;PF0555851TA0IEX1000;85/92/1 TACTEL INT. FLEXI PA 66 - BORDO';KG;1,00999999046326;14
FACENTI & SONS SRL;PF0555851TA0IEX1001;85/92/1 TACTEL INT. FLEXI PA 66 - MARRONE;KG;1,00999999046326;14
FACENTI & SONS SRL;PF0555851TA0IEX1002;85/92/1 TACTEL INT. FLEXI PA 66 - ANTRACITE;KG;1,00999999046326;14
FACENTI & SONS SRL;PF0555851TA0IEX1003;85/92/1 TACTEL INT. FLEXI PA 66 - ROYAL;KG;2,01999998092651;28
FACENTI & SONS SRL;PF0555851TA0IEX1004;85/92/1 TACTEL INT. FLEXI PA 66 - LACCA;KG;2,01999998092651;28
FACENTI & SONS SRL;PF0555851TA0IEX1005;85/92/1 TACTEL INT. FLEXI PA 66 - NERO;KG;2,01999998092651;28
FACENTI & SONS SRL;PF0555851TA0IEX1006;85/92/1 TACTEL INT. FLEXI PA 66 - COLLEGE;KG;2,01999998092651;28
FACENTI & SONS SRL;PF0555851TA0IEX1009;85/92/1 TACTEL INT. FLEXI PA 66 - LAMA;KG;1,00999999046326;14
FILMAR SPA;;;;;
FILMAR SPA;PF0570402EC0I661000;40/20/2 ELAS ECOCARE INT. PA 66 - TC017-Z0115;KG;25,7799997329712;180,46
FILMAR SPA;PF0570402EC0I661002;40/20/2 ELAS ECOCARE INT. PA 66 - TC001-Z0001;KG;24,2500005960464;169,75
FILMAR SPA;PF0570402EC0I661003;40/20/2 ELAS ECOCARE INT. PA 66 - TC002-Z0169;KG;24,710000038147;172,97
FILMAR SPA;PF0570402EC0I661004;40/20/2 ELAS ECOCARE INT. PA 66 - TC003-Z0007;KG;15,1199998855591;105,84
FILMAR SPA;PF0570402EC0I661005;40/20/2 ELAS ECOCARE INT. PA 66 - TC004-Z0030;KG;14,9199997186661;104,44
FILMAR SPA;PF0570402EC0I661006;40/20/2 ELAS ECOCARE INT. PA 66 - TC005-Z0134;KG;24,960000038147;174,72
FILMAR SPA;PF0570402EC0I661007;40/20/2 ELAS ECOCARE INT. PA 66 - TC006-Z0077;KG;24,7800006866455;173,46
FILMAR SPA;PF0570402EC0I661008;40/20/2 ELAS ECOCARE INT. PA 66 - TC007-Z0048;KG;30,9500007629395;216,65
FILMAR SPA;PF0570402EC0I661009;40/20/2 ELAS ECOCARE INT. PA 66 - TC008-Z0217;KG;15,5300002098083;108,71
FILMAR SPA;PF0570402EC0I661010;40/20/2 ELAS ECOCARE INT. PA 66 - TC009-Z0057;KG;15,1899996995926;106,33
FILMAR SPA;PF0570402EC0I661011;40/20/2 ELAS ECOCARE INT. PA 66 - TC010-Z0190;KG;15,3099998235703;107,17
FILMAR SPA;PF0570402EC0I661012;40/20/2 ELAS ECOCARE INT. PA 66 - TC011-Z0063;KG;20,6899995803833;144,83
FILMAR SPA;PF0570402EC0I661013;40/20/2 ELAS ECOCARE INT. PA 66 - TC014-Z0131;KG;23,6899995803833;165,83
FILMAR SPA;PF0570402EC0I661014;40/20/2 ELAS ECOCARE INT. PA 66 - TC018-Z0023;KG;1,12000000476837;7,84
FILMAR SPA;PF0570402EC0I661015;40/20/2 ELAS ECOCARE INT. PA 66 - TC019-Z0184;KG;14,3099999427795;100,17
FILMAR SPA;PF0570402EC0I661016;40/20/2 ELAS ECOCARE INT. PA 66 - TC020-Z0230;KG;1,01999998092651;7,14
FILMAR SPA;PF0570402EC0I661017;40/20/2 ELAS ECOCARE INT. PA 66 - TC021-Z0049;KG;14,8999999165535;104,3
FILMAR SPA;PF0570402EC0I661018;40/20/2 ELAS ECOCARE INT. PA 66 - TC022-Z0072;KG;1,0900000333786;7,63
FILMAR SPA;PF0570402EC0I661019;40/20/2 ELAS ECOCARE INT. PA 66 - TC023-Z0208;KG;13,8800001144409;97,16
FILMAR SPA;PF0570402EC0I661020;40/20/2 ELAS ECOCARE INT. PA 66 - TC015-Z0207;KG;14,2599996328354;99,82
FILMAR SPA;PF0570402EC0I661021;40/20/2 ELAS ECOCARE INT. PA 66 - TC012-Z0088;KG;14,7800003290176;103,46
FILMAR SPA;PF0570402EC0I661022;40/20/2 ELAS ECOCARE INT. PA 66 - TC013-Z0042;KG;1,03999996185303;7,28
FILMAR SPA;PF0570402EC0I661023;40/20/2 ELAS ECOCARE INT. PA 66 - TC016-Z0215;KG;17,3299996256828;121,31
(NON USARE) - CALZIFICIO POTENZA SRL;;;;;
(NON USARE) - CALZIFICIO POTENZA SRL;PF0579040/20XEX1000;40/2 ELAS RIT FLEXI PA 66 - NERO;KG;16,0599994659424;168,63
(NON USARE) - CALZIFICIO POTENZA SRL;PF0579070/30XFL1000;70/3 ELAS RIT FLEXY PA 6 - NERO;KG;3,96000003814697;36,04
LA BLU SRL;;;;;
LA BLU SRL;PF0580040/20XEX1001;40/2 ELAS RIT FLEXI PA 66 - BLU NOTTE 111;KG;18,4999997615814;194,25
LA BLU SRL;PF0580070/20XFL1000;70/2 ELAS RIT FLEXY PA 6 - NERO;KG;15,1899995803833;138,23
M&G Calzificio di MACRI' GINO & C. (NON USARE);;;;;
M&G Calzificio di MACRI' GINO & C. (NON USARE);PF0581040/20XEX1000;40/2 ELAS RIT FLEXI PA 66 - BIANCO 101;KG;20,4200005531311;214,41
M&G Calzificio di MACRI' GINO & C. (NON USARE);PF0581040/20XEX1001;40/2 ELAS RIT FLEXI PA 66 - BLU NOTTE 111;KG;19,6900000572205;206,74
NYTEX SRL;;;;;
NYTEX SRL;PFD041060/20XEX1008;60/2 ELAS RIT FLEXI PA 66 - 020 CELESTE;KG;38,5000004768372;385
NYTEX SRL;PFD041070/10A661005;70/1 ELAS APE PA 66 - GARDENIA 13;KG;35,3699998855591;318,33
NYTEX SRL;PFD041070/10A661006;70/1 ELAS APE PA 66 - BLUETTE 19-3864;KG;23,5799998939037;212,22
NYTEX SRL;PFD041070/10A661007;70/1 ELAS APE PA 66 - VIOLA 19-3622;KG;22,7699995040894;204,93
NYTEX SRL;PFD041070/10A661009;70/1 ELAS APE PA 66 - VERDE ARMY;KG;44,2700004577637;398,43