nome_cliente_17;codice_articolo_17;articolo_colore_17;unita_di_misura_17;quantita_17;imponibile_17
CIOCCA SPA;;;;;
CIOCCA SPA;PF0008040/20X661000;40/2 ELAS RIT PA 66 - MORO 81;KG;51,559999704361;678,02
CIOCCA SPA;PF0008040/20X661001;40/2 ELAS RIT PA 66 - NERO 20;KG;742,549998521805;9741,11
CIOCCA SPA;PF0008040/20X661002;40/2 ELAS RIT PA 66 - BLU NOTTE 85;KG;644,479999780655;8474,9
CIOCCA SPA;PF0008040/20X661003;40/2 ELAS RIT PA 66 - GRIGIO TOPO 88;KG;86,7199990153313;1135,61
CIOCCA SPA;PF0008040/20X661004;40/2 ELAS RIT PA 66 - ANTRACITE 89;KG;208,060002565384;2727,63
CIOCCA SPA;PF0008040/20X661005;40/2 ELAS RIT PA 66 - BORDO' 58;KG;54,4300005435944;715,76
CIOCCA SPA;PF0008040/20X661006;40/2 ELAS RIT PA 66 - INDACO 728;KG;14,9600002765656;196,72
CIOCCA SPA;PF0008040/20X661007;40/2 ELAS RIT PA 66 - BLU NAVY 77;KG;16,3800001144409;215,39
CIOCCA SPA;PF0008040/20X661008;40/2 ELAS RIT PA 66 - CORDA 06;KG;17,0799999237061;224,6
CIOCCA SPA;PF0008040/20X661009;40/2 ELAS RIT PA 66 - ARGENTO 36;KG;28,289999961853;372,01
CIOCCA SPA;PF0008040/20X661016;40/2 ELAS RIT PA 66 - SABBIA 03;KG;151,970000982285;1998,39
CIOCCA SPA;PF0008040/20X661023;40/2 ELAS RIT PA 66 - AVIO 712;KG;16,9400000572205;222,76
CIOCCA SPA;PF0008040/20X661026;40/2 ELAS RIT PA 66 - BEIGE 111;KG;14,07000041008;185,02
CIOCCA SPA;PF0008040/20X661031;40/2 ELAS RIT PA 66 - GHISA 87;KG;17,3300004005432;227,89
CIOCCA SPA;PF0008040/20X661033;40/2 ELAS RIT PA 66 - BEIGE 14;KG;16,289999961853;214,21
CIOCCA SPA;PF0008040/20X661037;40/2 ELAS RIT PA 66 - GREGGIO;KG;293,759996175766;2629,15
CIOCCA SPA;PF0008060/20X661000;60/2 ELAS RIT PA 66 - MORO 81;KG;60,1799991130829;651,59
CIOCCA SPA;PF0008060/20X661001;60/2 ELAS RIT PA 66 - NERO 20;KG;619,939999222755;6727,75
CIOCCA SPA;PF0008060/20X661002;60/2 ELAS RIT PA 66 - BLU NOTTE 85;KG;610,259999394417;6622,77
CIOCCA SPA;PF0008060/20X661003;60/2 ELAS RIT PA 66 - GRIGIO TOPO 88;KG;92,3200010061264;1006,3
CIOCCA SPA;PF0008060/20X661004;60/2 ELAS RIT PA 66 - ANTRACITE 89;KG;140,399999260902;1530,37
CIOCCA SPA;PF0008060/20X661005;60/2 ELAS RIT PA 66 - BORDO' 58;KG;44,6900000572205;487,14
CIOCCA SPA;PF0008060/20X661006;60/2 ELAS RIT PA 66 - INDACO 728;KG;15,1500000953674;165,13
CIOCCA SPA;PF0008060/20X661007;60/2 ELAS RIT PA 66 - BLU NAVY 77;KG;76,6400008201599;835,38
CIOCCA SPA;PF0008060/20X661008;60/2 ELAS RIT PA 66 - CORDA 06;KG;15,8600001335144;172,88
CIOCCA SPA;PF0008060/20X661009;60/2 ELAS RIT PA 66 - ARGENTO 36;KG;45,1800006628036;488,11
CIOCCA SPA;PF0008060/20X661016;60/2 ELAS RIT PA 66 - SABBIA 03;KG;14,9800000190735;163,29
CIOCCA SPA;PF0008060/20X661018;60/2 ELAS RIT PA 66 - BLUETTE 713;KG;30,6199998855591;329,28
CIOCCA SPA;PF0008060/20X661023;60/2 ELAS RIT PA 66 - AVIO 712;KG;14,2200000286102;155
CIOCCA SPA;PF0008060/20X661024;60/2 ELAS RIT PA 66 - BIANCO 02;KG;286,999998986721;3119,28
CIOCCA SPA;PF0008060/20X661025;60/2 ELAS RIT PA 66 - SALVIA 43;KG;14,6099996566772;159,25
CIOCCA SPA;PF0008060/20X661030;60/2 ELAS RIT PA 66 - AVIO 778;KG;47,9700002670288;522,87
CIOCCA SPA;PF0008060/20X661031;60/2 ELAS RIT PA 66 - GHISA 87;KG;13,8700003623962;151,19
CIOCCA SPA;PF0008060/20X661033;60/2 ELAS RIT PA 66 - BEIGE 14;KG;15,1499996185303;165,14
CIOCCA SPA;PF0008060/20X661034;60/2 ELAS RIT PA 66 - VR182 - MILITARE 48;KG;15,8400001525879;167,91
CIOCCA SPA;PF0008060/20X661037;60/2 ELAS RIT PA 66 - GREGGIO;KG;421,549999237061;3203,77
CIOCCA SPA;PF0008060/30X661001;60/3 ELAS RIT PA 66 - NERO 20;KG;125,220000356436;1421,23
CIOCCA SPA;PF0008060/30X661002;60/3 ELAS RIT PA 66 - BLU NOTTE 85;KG;47,9900000095367;538,3
CIOCCA SPA;PF0008060/30X661004;60/3 ELAS RIT PA 66 - ANTRACITE 89;KG;29,4799996614456;334,6
CIOCCA SPA;PF0008060/30X661008;60/3 ELAS RIT PA 66 - CORDA 06;KG;12,7699999809265;144,94
CIOCCA SPA;PF0008060/30X661024;60/3 ELAS RIT PA 66 - BIANCO 02;KG;78,3700005710125;889,5
CIOCCA SPA;PF0008060/30X661037;60/3 ELAS RIT PA 66 - GREGGIO;KG;25,8499999046326;266,26
CIOCCA SPA;PF000844/340XTC1009;44/34/2 ELAS RIT TACTEL - ARGENTO 36;KG;14,5199999809265;221,44
CIOCCA SPA;PF000844/340XTC1010;44/34/2 ELAS RIT TACTEL - NERO 20;KG;196,929998874664;2992,52
CIOCCA SPA;PF000844/340XTC1011;44/34/2 ELAS RIT TACTEL - BLU NOTTE 85;KG;177,149999916553;2685,84
CIOCCA SPA;PF000844/340XTC1012;44/34/2 ELAS RIT TACTEL - ANTRACITE 89;KG;76,9400008916855;1167,77
CIOCCA SPA;PF000844/340XTC1015;44/34/2 ELAS RIT TACTEL - CORDA 06;KG;32,1599996089935;490,44
CIOCCA SPA;PF000844/340XTC1037;44/34/2 ELAS RIT TACTEL - GREGGIO;KG;44,8400008678436;513,42
CIOCCA SPA;PF000844/340XTC1038;44/34/2 ELAS RIT TACTEL - AVIO 712 CAMPIONE;KG;15,3800003528595;234,54
DUBLO SRL;;;;;
DUBLO SRL;PF0011100/10X661017;100/1 ELAS RIT PA 66 - KAKI 097;KG;34,1799998283386;348,64
DUBLO SRL;PF001167/200K661000;67/20 LISCIO VOILE RIT 450 GIRI PA 66 - MARRONE 090;KG;32,1999995708466;450,8
DUBLO SRL;PF001167/200K661001;67/20 LISCIO VOILE RIT 450 GIRI PA 66 - BLEU 051;KG;631,380002439022;8801,55
DUBLO SRL;PF001167/200K661002;67/20 LISCIO VOILE RIT 450 GIRI PA 66 - NERO 002;KG;498,549998044968;6932,45
DUBLO SRL;PF001167/200K661003;67/20 LISCIO VOILE RIT 450 GIRI PA 66 - ANTRACITE 082;KG;396,139999866486;5527,88
DUBLO SRL;PF001167/200K661005;67/20 LISCIO VOILE RIT 450 GIRI PA 66 - GRIGIO MEDIO 084;KG;68,2699990272522;955,78
DUBLO SRL;PF001167/200K661006;67/20 LISCIO VOILE RIT 450 GIRI PA 66 - BIANCO 001;KG;30,6600005626678;429,24
DUBLO SRL;PF0011784620XTC1001;78/46/2 ELAS RIT TACTEL - BLEU 051;KG;29,6499996185303;355,8
DUBLO SRL;PR00110010;;;0;674,71
CALZIFICIO EIRE SRL;;;;;
CALZIFICIO EIRE SRL;PF0013070/20XP61003;70/2 ELAS RIT PA 6 - 272 SANDHO;KG;23,5499992370605;235,5
CALZIFICIO EIRE SRL;PF0013070/20XP61004;70/2 ELAS RIT PA 6 - 194 CHAMP;KG;21,2099995613098;212,1
CALZIFICIO EIRE SRL;PF0013070/20XP61005;70/2 ELAS RIT PA 6 - 872 LAVEND;KG;24,5199999809265;245,2
CALZIFICIO EIRE SRL;PF0013070/20XP61006;70/2 ELAS RIT PA 6 - 488 TAUBLA;KG;25,289999961853;252,9
CALZIFICIO EIRE SRL;PF0013070/20XP61007;70/2 ELAS RIT PA 6 - NATURAL;KG;13,9399995803833;143,58
CALZIFICIO EIRE SRL;PF0013070/20XP61008;70/2 ELAS RIT PA 6 - BARELYBLACK;KG;14,5799999237061;150,17
FACI di Falzoni Luigi & C. SNC;;;;;
FACI di Falzoni Luigi & C. SNC;PF0026040/20XP61010;40/2 ELAS RIT PA 6 - BIANCO;KG;292,99000120163;3429,08
FACI di Falzoni Luigi & C. SNC;PF0026040/20XP61024;40/2 ELAS RIT PA 6 - POUDRE 2014;KG;65,4499990940094;762,36
FACI di Falzoni Luigi & C. SNC;PF0026070/20XP61024;70/2 ELAS RIT PA 6 - POUDRE 2014;KG;39,4400000572205;331,29
FACI di Falzoni Luigi & C. SNC;PF0026LUC700XP61000;70 LUCIDO RIT PA 6 - CANDIDO;KG;244,499999046326;3748,91
FACI di Falzoni Luigi & C. SNC;PF0026LUC700XP61008;70 LUCIDO RIT PA 6 - NERO;KG;48,9500007629395;748,94
FACI di Falzoni Luigi & C. SNC;PR00260001;;;0;537,67
FACI di Falzoni Luigi & C. SNC;PR00260007;;;0;138,28
GEMTEX SRL;;;;;
GEMTEX SRL;PF0028070/20XP61002;70/2 ELAS RIT PA 6 - ARANCIO 62;KG;30,3800001144409;276,46
GEMTEX SRL;PF0028070/20XP61004;70/2 ELAS RIT PA 6 - GRIGIO SCURO 27;KG;63,769998550415;567,55
GEMTEX SRL;PF0028070/20XP61008;70/2 ELAS RIT PA 6 - ROSSO N.32;KG;142,869998455048;1300,13
GEMTEX SRL;PF0028070/20XP61017;70/2 ELAS RIT PA 6 - CANDIDO;KG;455,30999314785;4097,57
GEMTEX SRL;PF0028070/20XP61018;70/2 ELAS RIT PA 6 - NERO A CAMPIONE;KG;435,950000762939;3955,77
GEMTEX SRL;PF0028070/20XP61019;70/2 ELAS RIT PA 6 - GRIGIO 149;KG;308,179998636246;2800,33
GEMTEX SRL;PF0028070/20XP61036;70/2 ELAS RIT PA 6 - GRIGIO CHIARO 18;KG;157,460000514984;1397,26
GEMTEX SRL;PF0028070/20XP61038;70/2 ELAS RIT PA 6 - GRIGIO MEDIO 26;KG;184,38000112772;1665,9
GEMTEX SRL;PF0028070/20XP61068;70/2 ELAS RIT PA 6 - BLU COOP 2016;KG;458,429998874664;4144,88
GEMTEX SRL;PF0028070/20XP61070;70/2 ELAS RIT PA 6 - BLU ERMAN N. 173;KG;53,710000038147;467,27
GEMTEX SRL;PF0028070/20XP61071;70/2 ELAS RIT PA 6 - BLUETTE 98;KG;73,6600009202957;670,3
INTERKNIT SRL;;;;;
INTERKNIT SRL;PF0032070/20XP61028;70/2 ELAS RIT PA 6 - 36854 DIVA PINK FLUO;KG;14,9199999570847;132,79
INTERKNIT SRL;PF0032070/20XP61029;70/2 ELAS RIT PA 6 - 37059 SULPHUR SPRING;KG;89,6600000858307;797,97
INTERKNIT SRL;PF0032070/20XP61038;70/2 ELAS RIT PA 6 - 37243 FATHOM;KG;30,0999994277954;264,88
INTERKNIT SRL;PF0032070/20XP61046;70/2 ELAS RIT PA 6 - 37783 VERDE BAIA V112;KG;9,80000019073486;86,24
INTERKNIT SRL;PF0032070/20XP61050;70/2 ELAS RIT PA 6 - 37223 SCARLET R210;KG;30,7800002098083;273,94
INTERKNIT SRL;PF0032070/30XP61015;70/3 ELAS RIT PA 6 - 35345 CHARCHOAL;KG;59,5799999237061;518,35
INTERKNIT SRL;PF0032070/30XP61020;70/3 ELAS RIT PA 6 - 37018 WHISKY;KG;34,3099994659424;300,21
INTERKNIT SRL;PF0032070/30XP61025;70/3 ELAS RIT PA 6 - 36759 NERO;KG;130,369998931885;1142,19
INTERKNIT SRL;PF0032070/30XP61026;70/3 ELAS RIT PA 6 - 36758 BIANCO;KG;126,810000419617;1115,91
INTERKNIT SRL;PF0032070/30XP61028;70/3 ELAS RIT PA 6 - 36854 DIVA PINK FLUO;KG;56,6100006103516;498,17
INTERKNIT SRL;PF0032070/30XP61030;70/3 ELAS RIT PA 6 - 37310 COL. 1039 GRIGIO MEDIO G172;KG;16,1099996566772;140,16
INTERKNIT SRL;PF0032070/30XP61039;70/3 ELAS RIT PA 6 - 36983 PRUGNA 8158 P104;KG;18,3699998855591;159,82
INTERKNIT SRL;PF0032070/30XP61040;70/3 ELAS RIT PA 6 - 37771 SULPHUR SPRING G029;KG;12,9399995803833;112,58
INTERKNIT SRL;PF0032070/30XP61041;70/3 ELAS RIT PA 6 - 36827 MATTONE TEJA R158;KG;15,2700004577637;132,85
INTERKNIT SRL;PF0032070/30XP61042;70/3 ELAS RIT PA 6 - 37695 FUCSIA SCURO F002;KG;27,4300007820129;240,03
INTERKNIT SRL;PF0032070/30XP61046;70/3 ELAS RIT PA 6 - 37783 VERDE BAIA V112;KG;25,1699998378754;220,54
INTERKNIT SRL;PF0032070/30XP61047;70/3 ELAS RIT PA 6 - 37001 GRANATE B223;KG;16,4199995994568;144,5
INTERKNIT SRL;PF0032070/30XP61048;70/3 ELAS RIT PA 6 - 36998 OCRE;KG;38,2600002288818;336,69
INTERKNIT SRL;PF0032070/30XP61049;70/3 ELAS RIT PA 6 - 36935 AZZURRO TURCHESE A106;KG;27,9899992346764;246,31
INTERKNIT SRL;PF0032784620XTC1002;78/46/2 ELAS RIT TACTEL - 30389 NERO;KG;184,9399985075;2260,27
INTERKNIT SRL;PF0032784620XTC1024;78/46/2 ELAS RIT TACTEL - 36192 NEON GIALLO;KG;13,4699995517731;164,34
INTERKNIT SRL;PF0032784620XTC1037;78/46/2 ELAS RIT TACTEL - 30380 BIANCO;KG;135,749998807907;1657,17
INTERKNIT SRL;PF0032784620XTC1051;78/46/2 ELAS RIT TACTEL - 38023 BLU SCURO E 11 B207;KG;16,7499997615814;206,03
INTERKNIT SRL;PF0032786820X661043;78/68/2  RIT PA 66 - 35208 BIANCO B001;KG;95,6899995803833;1119,57
INTERKNIT SRL;PF0032786820X661044;78/68/2  RIT PA 66 - 37109 NERO N002;KG;108,20000115037;1265,93
INTERKNIT SRL;PF0032786820X661045;78/68/2  RIT PA 66 - 37475 VERDE LAPIS;KG;58,1800009012222;680,7
INTERKNIT SRL;PR00320006;;;0;42,51
MICO SPORT SPA;;;;;
MICO SPORT SPA;PF0034040/20X661010;40/2 ELAS RIT PA 66 - ROSSO 003;KG;9,8100004196167;130,47
MICO SPORT SPA;PF0034040/20X661015;40/2 ELAS RIT PA 66 - GRIGIO M;KG;40,6800001859665;549,19
MICO SPORT SPA;PF0034040/20X661032;40/2 ELAS RIT PA 66 - GRIGIO 431/C;KG;79,3200005292892;1063,02
MICO SPORT SPA;PF0034040/20X661033;40/2 ELAS RIT PA 66 - VERDE ARMY;KG;41,5599994659424;561,07
MICO SPORT SPA;PF0034040/20X661034;40/2 ELAS RIT PA 66 - AZZURRO 05;KG;95,8400011062622;1285,8
MICO SPORT SPA;PF0034040/20X661044;40/2 ELAS RIT PA 66 - GIALLO FLUO;KG;80,0200011730194;1080,3
MICO SPORT SPA;PF0034040/20X661074;40/2 ELAS RIT PA 66 - VERDE FLUO;KG;38,630000770092;521,51
MICO SPORT SPA;PF0034040/20X661088;40/2 ELAS RIT PA 66 - GINGER 14;KG;43,2799997329712;584,29
MICO SPORT SPA;PF0034040/20X661093;40/2 ELAS RIT PA 66 - FUXIA 15;KG;20,5900001525879;277,97
MICO SPORT SPA;PF0034040/20X661104;40/2 ELAS RIT PA 66 - ARANCIO 16;KG;12,5799995660782;167,32
MICO SPORT SPA;PF0034040/20X661107;40/2 ELAS RIT PA 66 - BLUETTE 9086;KG;10,5099995136261;141,89
MICO SPORT SPA;PF0034040/20X661113;40/2 ELAS RIT PA 66 - PRINCESS 18;KG;33,8400001525879;456,86
MICO SPORT SPA;PF0034070/20X661004;70/2 ELAS RIT PA 66 - GRAFITE 9240;KG;41,1300001144409;413,37
MICO SPORT SPA;PF0034070/20X661010;70/2 ELAS RIT PA 66 - ROSSO 003;KG;41,1100006103516;404,93
MICO SPORT SPA;PF0034070/20X661015;70/2 ELAS RIT PA 66 - GRIGIO M;KG;241,059998512268;2407,28
MICO SPORT SPA;PF0034070/20X661016;70/2 ELAS RIT PA 66 - BLU UNIVERSO;KG;43,7399997711182;439,59
MICO SPORT SPA;PF0034070/20X661019;70/2 ELAS RIT PA 66 - ARGENTO 4;KG;124,860000133514;1246,09
MICO SPORT SPA;PF0034070/20X661020;70/2 ELAS RIT PA 66 - GRIGIO PELTRO;KG;202,079999685287;2030,88
MICO SPORT SPA;PF0034070/20X661027;70/2 ELAS RIT PA 66 - PAVONE 071;KG;32,3800001144409;325,42
MICO SPORT SPA;PF0034070/20X661030;70/2 ELAS RIT PA 66 - VERDE CIPRESSO 06;KG;42,6399998664856;428,54
MICO SPORT SPA;PF0034070/20X661033;70/2 ELAS RIT PA 66 - VERDE ARMY;KG;127,509999752045;1272,82
MICO SPORT SPA;PF0034070/20X661034;70/2 ELAS RIT PA 66 - AZZURRO 05;KG;112,540000557899;1131,04
MICO SPORT SPA;PF0034070/20X661044;70/2 ELAS RIT PA 66 - GIALLO FLUO;KG;79,7699995040894;801,69
MICO SPORT SPA;PF0034070/20X661081;70/2 ELAS RIT PA 66 - GARDENIA 13;KG;78,549999833107;789,43
MICO SPORT SPA;PF0034070/20X661082;70/2 ELAS RIT PA 66 - GHIACCIAIO 13;KG;115,639999866486;1154,02
MICO SPORT SPA;PF0034070/20X661088;70/2 ELAS RIT PA 66 - GINGER 14;KG;40,3199996948242;405,22
MICO SPORT SPA;PF0034070/20X661090;70/2 ELAS RIT PA 66 - TURCHESE 15;KG;39,5599994659424;397,59
MICO SPORT SPA;PF0034070/20X661093;70/2 ELAS RIT PA 66 - FUXIA 15;KG;71,7000004649162;716,16
MICO SPORT SPA;PF0034070/20X661095;70/2 ELAS RIT PA 66 - GIALLO 16;KG;42,9100008010864;431,25
MICO SPORT SPA;PF0034070/20X661099;70/2 ELAS RIT PA 66 - AZZURRO 16;KG;117,5;1180,89
MICO SPORT SPA;PF0034070/20X661104;70/2 ELAS RIT PA 66 - ARANCIO 16;KG;50,5300000309944;507,82
MICO SPORT SPA;PF0034070/20X661105;70/2 ELAS RIT PA 66 - CERAMIC 17;KG;39,4500002861023;396,47
MICO SPORT SPA;PF0034070/20X661107;70/2 ELAS RIT PA 66 - BLUETTE 9086;KG;31,9700002670288;321,3
MICO SPORT SPA;PF0034070/20X661113;70/2 ELAS RIT PA 66 - PRINCESS 18;KG;108,479999780655;1090,22
MICO SPORT SPA;PF0034100/20X661004;100/2 ELAS RIT PA 66 - GRAFITE 9240;KG;83,5;864,23
MICO SPORT SPA;PF0034100/20X661005;100/2 ELAS RIT PA 66 - ACIDO 2662;KG;37,4500007629395;387,61
MICO SPORT SPA;PF0034100/20X661010;100/2 ELAS RIT PA 66 - ROSSO 003;KG;336,530000448227;3466,3
MICO SPORT SPA;PF0034100/20X661011;100/2 ELAS RIT PA 66 - GRIGIO 2360;KG;42,1000008583069;435,74
MICO SPORT SPA;PF0034100/20X661015;100/2 ELAS RIT PA 66 - GRIGIO M;KG;282,510000705719;2915,54
MICO SPORT SPA;PF0034100/20X661020;100/2 ELAS RIT PA 66 - GRIGIO PELTRO;KG;201,390000104904;2084,38
MICO SPORT SPA;PF0034100/20X661022;100/2 ELAS RIT PA 66 - GRIGIO CAMP;KG;125,469997823238;1290,45
MICO SPORT SPA;PF0034100/20X661027;100/2 ELAS RIT PA 66 - PAVONE 071;KG;55,1400001049042;562,1
MICO SPORT SPA;PF0034100/20X661032;100/2 ELAS RIT PA 66 - GRIGIO 431/C;KG;170,169999718666;1761,26
MICO SPORT SPA;PF0034100/20X661044;100/2 ELAS RIT PA 66 - GIALLO FLUO;KG;280,780000805855;2898,81
MICO SPORT SPA;PF0034100/20X661047;100/2 ELAS RIT PA 66 - ARANCIO 10;KG;44,2800000905991;449,44
MICO SPORT SPA;PF0034100/20X661062;100/2 ELAS RIT PA 66 - VERDE CIPRESSO;KG;40,4099998474121;410,16
MICO SPORT SPA;PF0034100/20X661066;100/2 ELAS RIT PA 66 - ALBICOCCA 9508;KG;38,4199995994568;397,65
MICO SPORT SPA;PF0034100/20X661074;100/2 ELAS RIT PA 66 - VERDE FLUO;KG;200,719999790192;2069,72
MICO SPORT SPA;PF0034100/20X661084;100/2 ELAS RIT PA 66 - ARANCIO FLUO;KG;38,6800003051758;400,35
MICO SPORT SPA;PF0034100/20X661088;100/2 ELAS RIT PA 66 - GINGER 14;KG;123,439999938011;1277,62
MICO SPORT SPA;PF0034100/20X661090;100/2 ELAS RIT PA 66 - TURCHESE 15;KG;44,4200000762939;459,75
MICO SPORT SPA;PF0034100/20X661093;100/2 ELAS RIT PA 66 - FUXIA 15;KG;119,489999473095;1232,69
MICO SPORT SPA;PF0034100/20X661104;100/2 ELAS RIT PA 66 - ARANCIO 16;KG;110,870000362396;1140,47
MICO SPORT SPA;PF0034227010A661033;LYCRA+PA66 (22+ 078 TINTO) 85 DTX - VERDE ARMY;KG;45,1900006532669;822,02
MICO SPORT SPA;PF0034227010A661072;LYCRA+PA66 (22+ 078 TINTO) 85 DTX - FUXIA FLUO;KG;22,2600002884865;404,91
MICO SPORT SPA;PF0034227010A661113;LYCRA+PA66 (22+ 078 TINTO) 85 DTX - PRINCESS 18;KG;39,4700002670288;717,96
MICO SPORT SPA;PF0034784610XTC1001;78/46/1 ELAS RIT TACTEL - NERO;KG;142,699997901917;1926,48
MICO SPORT SPA;PF0034784610XTC1021;78/46/1 ELAS RIT TACTEL - ANTRACITE 4;KG;21,5299998521805;286,35
MICO SPORT SPA;PF0034784610XTC1029;78/46/1 ELAS RIT TACTEL - GRIGIO 431/C;KG;43,4800004959106;586,99
MICO SPORT SPA;PF0034784620XTC1012;78/46/2 ELAS RIT TACTEL - ARGENTO 4;KG;36,7300000190735;466,47
MICO SPORT SPA;PF0034784620XTC1021;78/46/2 ELAS RIT TACTEL - ANTRACITE 4;KG;14,7800004482269;184,75
NASTRIFICIO ZINGONIA SRL;;;KG;549,480001449585;-4782,18
NASTRIFICIO ZINGONIA SRL;;;;;
NASTRIFICIO ZINGONIA SRL;PF00360156T0X661023;156/1 TACTEL RIT PA 66 - BLU CATANZARO;KG;37,6700000762939;512,31
NASTRIFICIO ZINGONIA SRL;PF00360156T0X661036;156/1 TACTEL RIT PA 66 - ORO;KG;180,259999275208;2451,55
NASTRIFICIO ZINGONIA SRL;PF00360156T0X661081;156/1 TACTEL RIT PA 66 - GRIGIO 58;KG;39,2900000214577;534,34
NASTRIFICIO ZINGONIA SRL;PF00360156T0X661168;156/1 TACTEL RIT PA 66 - NERO LUCIDO TACTEL;KG;119,299999237061;1622,48
NASTRIFICIO ZINGONIA SRL;PF0036040/20I661001;40/2 ELAS INT. PA 66 - CANDIDO;KG;96,1600012779236;1096,22
NASTRIFICIO ZINGONIA SRL;PF0036040/20I661004;40/2 ELAS INT. PA 66 - NERO;KG;206,959998846054;2359,36
NASTRIFICIO ZINGONIA SRL;PF0036040/20X661020;40/2 ELAS RIT PA 66 - GRIGIO CHIARO;KG;84,4200010299683;962,4
NASTRIFICIO ZINGONIA SRL;PF0036040/20X661112;40/2 ELAS RIT PA 66 - GRIGIO COT;KG;85,2599999904633;971,98
NASTRIFICIO ZINGONIA SRL;PF0036070/20X661001;70/2 ELAS RIT PA 66 - CANDIDO;KG;3234,92999994755;28570,56
NASTRIFICIO ZINGONIA SRL;PF0036070/20X661002;70/2 ELAS RIT PA 66 - BLU RANGER;KG;874,81999796629;7742,19
NASTRIFICIO ZINGONIA SRL;PF0036070/20X661004;70/2 ELAS RIT PA 66 - NERO;KG;7347,8900064826;64853,41
NASTRIFICIO ZINGONIA SRL;PF0036070/20X661005;70/2 ELAS RIT PA 66 - GRIGIO MEDIO;KG;270,869998455048;2397,19
NASTRIFICIO ZINGONIA SRL;PF0036070/20X661006;70/2 ELAS RIT PA 66 - ROSSO BRIKO;KG;193,55000191927;1712,92
NASTRIFICIO ZINGONIA SRL;PF0036070/20X661008;70/2 ELAS RIT PA 66 - FUXIA 5;KG;91,5700001716614;810,41
NASTRIFICIO ZINGONIA SRL;PF0036070/20X661010;70/2 ELAS RIT PA 66 - AZZURRO 7;KG;77,7499995231628;688,08
NASTRIFICIO ZINGONIA SRL;PF0036070/20X661015;70/2 ELAS RIT PA 66 - GRIGIO SCURO BRIKO;KG;1193,58999842405;10525,2
NASTRIFICIO ZINGONIA SRL;PF0036070/20X661016;70/2 ELAS RIT PA 66 - ROYAL;KG;494,309998929501;4374,62
NASTRIFICIO ZINGONIA SRL;PF0036070/20X661023;70/2 ELAS RIT PA 66 - BLU CATANZARO;KG;5389,52000284195;47382,37
NASTRIFICIO ZINGONIA SRL;PF0036070/20X661024;70/2 ELAS RIT PA 66 - GRIGIO PERLA;KG;549,680000424385;4826,9
NASTRIFICIO ZINGONIA SRL;PF0036070/20X661026;70/2 ELAS RIT PA 66 - BLU MANTRA;KG;97,6199998855591;863,94
NASTRIFICIO ZINGONIA SRL;PF0036070/20X661028;70/2 ELAS RIT PA 66 - VIOLA 4;KG;98,7200002670288;853,92
NASTRIFICIO ZINGONIA SRL;PF0036070/20X661031;70/2 ELAS RIT PA 66 -  ANTRACITE 132 ;KG;86,8299996852875;768,44
NASTRIFICIO ZINGONIA SRL;PF0036070/20X661037;70/2 ELAS RIT PA 66 - ROSA CHIARO;KG;92,1499996185303;815,54
NASTRIFICIO ZINGONIA SRL;PF0036070/20X661041;70/2 ELAS RIT PA 66 - GIALLO LIMONE;KG;184,679998040199;1615,63
NASTRIFICIO ZINGONIA SRL;PF0036070/20X661043;70/2 ELAS RIT PA 66 - OLTREMARE;KG;284,140000581741;2514,68
NASTRIFICIO ZINGONIA SRL;PF0036070/20X661047;70/2 ELAS RIT PA 66 - GRIGIO UOMO;KG;2184,31000244617;19176,86
NASTRIFICIO ZINGONIA SRL;PF0036070/20X661051;70/2 ELAS RIT PA 66 - BLUETTE BRIKO;KG;97,3599987030029;861,65
NASTRIFICIO ZINGONIA SRL;PF0036070/20X661052;70/2 ELAS RIT PA 66 - COBALTO CHIARO;KG;190,320002436638;1663,87
NASTRIFICIO ZINGONIA SRL;PF0036070/20X661055;70/2 ELAS RIT PA 66 - ASFALTO;KG;189,740001678467;1679,2
NASTRIFICIO ZINGONIA SRL;PF0036070/20X661061;70/2 ELAS RIT PA 66 - BLU SPORT;KG;461,100001335144;4080,72
NASTRIFICIO ZINGONIA SRL;PF0036070/20X661063;70/2 ELAS RIT PA 66 - GRIGIO CAGI;KG;180,930000603199;1601,22
NASTRIFICIO ZINGONIA SRL;PF0036070/20X661065;70/2 ELAS RIT PA 66 - ROSSO SANGUE;KG;471,659996032715;4174,21
NASTRIFICIO ZINGONIA SRL;PF0036070/20X661066;70/2 ELAS RIT PA 66 - BORDEAUX CHIARO;KG;174,759999752045;1546,64
NASTRIFICIO ZINGONIA SRL;PF0036070/20X661074;70/2 ELAS RIT PA 66 - BLU NOTTE;KG;2153,7199985981;18984,04
NASTRIFICIO ZINGONIA SRL;PF0036070/20X661076;70/2 ELAS RIT PA 66 - FUMO DI LONDRA;KG;179,240000963211;1586,26
NASTRIFICIO ZINGONIA SRL;PF0036070/20X661077;70/2 ELAS RIT PA 66 - BLU YAM;KG;643,470001637936;5656,31
NASTRIFICIO ZINGONIA SRL;PF0036070/20X661079;70/2 ELAS RIT PA 66 - ARANCIO FLUO;KG;89,9400014877319;795,96
NASTRIFICIO ZINGONIA SRL;PF0036070/20X661082;70/2 ELAS RIT PA 66 - FANGO SCURO;KG;89,1200008392334;788,71
NASTRIFICIO ZINGONIA SRL;PF0036070/20X661084;70/2 ELAS RIT PA 66 - VERDE FLUO;KG;93,3699989318848;826,32
NASTRIFICIO ZINGONIA SRL;PF0036070/20X661085;70/2 ELAS RIT PA 66 - ARANCIO EMINENCE;KG;82,0100002288818;725,79
NASTRIFICIO ZINGONIA SRL;PF0036070/20X661091;70/2 ELAS RIT PA 66 - ARANCIO SPY;KG;191,160000801086;1671,26
NASTRIFICIO ZINGONIA SRL;PF0036070/20X661092;70/2 ELAS RIT PA 66 - VERDE EMINENCE;KG;92,0700001716614;814,83
NASTRIFICIO ZINGONIA SRL;PF0036070/20X661101;70/2 ELAS RIT PA 66 - BLUETTE UOMO;KG;188,099999427795;1646,49
NASTRIFICIO ZINGONIA SRL;PF0036070/20X661107;70/2 ELAS RIT PA 66 - AVIO SCURO BRIKO;KG;1877,14000141621;16436,64
NASTRIFICIO ZINGONIA SRL;PF0036070/20X661108;70/2 ELAS RIT PA 66 - VERDE F.L. 2;KG;381,969999790192;3361,01
NASTRIFICIO ZINGONIA SRL;PF0036070/20X661113;70/2 ELAS RIT PA 66 - GRIGIO NIKE;KG;179,580001831055;1571,53
NASTRIFICIO ZINGONIA SRL;PF0036070/20X661118;70/2 ELAS RIT PA 66 - TIGER LILLY;KG;96,1300003528595;850,75
NASTRIFICIO ZINGONIA SRL;PF0036070/20X661119;70/2 ELAS RIT PA 66 - BALTIC;KG;81,3300008773804;719,77
NASTRIFICIO ZINGONIA SRL;PF0036070/20X661120;70/2 ELAS RIT PA 66 - MAJOLICA BLUE;KG;281,280001372099;2452,2
NASTRIFICIO ZINGONIA SRL;PF0036070/20X661123;70/2 ELAS RIT PA 66 - MARYGOLD;KG;84,8900008201599;751,27
NASTRIFICIO ZINGONIA SRL;PF0036070/20X661133;70/2 ELAS RIT PA 66 - AZZURRO 5;KG;177,450001239777;1570,44
NASTRIFICIO ZINGONIA SRL;PF0036070/20X661137;70/2 ELAS RIT PA 66 - BARELY BLUE 12-4306 TPX;KG;906,969999134541;8026,72
NASTRIFICIO ZINGONIA SRL;PF0036070/20X661138;70/2 ELAS RIT PA 66 - GREGGIO;KG;298,720000267029;1911,79
NASTRIFICIO ZINGONIA SRL;PF0036070/20X661143;70/2 ELAS RIT PA 66 - VERDE MILITARE UNDERWEAR;KG;90,4100008010864;800,13
NASTRIFICIO ZINGONIA SRL;PF0036070/20X661144;70/2 ELAS RIT PA 66 - BORDO' QUARENGHI;KG;91,7799980640411;812,26
NASTRIFICIO ZINGONIA SRL;PF0036070/20X661146;70/2 ELAS RIT PA 66 - GRIGIO COT 70/2;KG;446,370000720024;3931,41
NASTRIFICIO ZINGONIA SRL;PF0036070/20X661147;70/2 ELAS RIT PA 66 - GIALLINO 100/C;KG;80,8999993801117;715,96
NASTRIFICIO ZINGONIA SRL;PF0036070/20X661148;70/2 ELAS RIT PA 66 - ORANGE RAST 18-1447 TPX;KG;99,2199993133545;878,1
NASTRIFICIO ZINGONIA SRL;PF0036070/20X661153;70/2 ELAS RIT PA 66 - BRONZO;KG;93,7699997425079;829,87
NASTRIFICIO ZINGONIA SRL;PF0036070/20X661157;70/2 ELAS RIT PA 66 - PETROLIO;KG;182,639999747276;1616,36
NASTRIFICIO ZINGONIA SRL;PF0036070/20X661164;70/2 ELAS RIT PA 66 - GIALLO BAZ;KG;98,6200008392334;853,06
NASTRIFICIO ZINGONIA SRL;PF0036070/20X661165;70/2 ELAS RIT PA 66 - SMERALDO;KG;86,5800008773804;766,24
NASTRIFICIO ZINGONIA SRL;PF0036070/20X661167;70/2 ELAS RIT PA 66 - PRUGNA;KG;94,3300006389618;834,83
NASTRIFICIO ZINGONIA SRL;PF0036070/20X661169;70/2 ELAS RIT PA 66 - NERO 0006;KG;95,5999994277954;846,06
NASTRIFICIO ZINGONIA SRL;PF0036070/20X661170;70/2 ELAS RIT PA 66 - ARMY GREEN;KG;89,7400007247925;794,2
NASTRIFICIO ZINGONIA SRL;PF0036070/20X661171;70/2 ELAS RIT PA 66 - BLU CIELO 1757;KG;1280,05999410152;11328,56
NASTRIFICIO ZINGONIA SRL;PF0036070/20X661172;70/2 ELAS RIT PA 66 - ROSSO MELA;KG;444,609998047352;3934,79
NASTRIFICIO ZINGONIA SRL;PF0036070/20X661173;70/2 ELAS RIT PA 66 - VERDE TROPHY;KG;801,999999761581;7097,72
NASTRIFICIO ZINGONIA SRL;PF0036070/20X661175;70/2 ELAS RIT PA 66 - BLU BALTIMORA;KG;1608,34000277519;14233,86
NASTRIFICIO ZINGONIA SRL;PF0036070/20X661176;70/2 ELAS RIT PA 66 - GRIGIO 031;KG;55,6200004816055;492,25
NASTRIFICIO ZINGONIA SRL;PF0036070/20X661179;70/2 ELAS RIT PA 66 - COLLEGE;KG;344,039999604225;3044,78
NASTRIFICIO ZINGONIA SRL;PF0036070/20X661180;70/2 ELAS RIT PA 66 - GIALLO OCRA;KG;344,360001087189;3047,61
NASTRIFICIO ZINGONIA SRL;PF0036070/20X661181;70/2 ELAS RIT PA 66 - GRIGIO NOIR;KG;112,55999994278;996,16
NASTRIFICIO ZINGONIA SRL;PF0036070/20X661183;70/2 ELAS RIT PA 66 - BLU RIVIERA;KG;191,779999732971;1697,24
NASTRIFICIO ZINGONIA SRL;PF0036070/40I661004;70/4 ELAS INT. PA 66 - NERO;KG;4266,4200065136;38585,99
NASTRIFICIO ZINGONIA SRL;PF0036070/40I661138;70/4 ELAS INT. PA 66 - GREGGIO;KG;1003,72001671791;5922,08
NASTRIFICIO ZINGONIA SRL;PF0036070/40IP61004;70/4 ELAS INT. PA 6 - NERO;KG;997,3900000453;8677,29
NASTRIFICIO ZINGONIA SRL;PF0036070/40IP61138;70/4 ELAS INT. PA 6 - GREGGIO;KG;523,050004959106;2981,44
NASTRIFICIO ZINGONIA SRL;PF0036070400I661177;SPLENDOR DTEX 78/2 NY66 INTERL - DARK GREY MEL NZ;KG;867,400004804134;10105,2
NASTRIFICIO ZINGONIA SRL;PF003640/2M0X661058;SPLENDOR DTEX 78/2 NY66 INTERL - BLU MELANGE;KG;267,819999217987;3120,09
NASTRIFICIO ZINGONIA SRL;PF003640/2T0X661062;SPLENDOR DTEX 78/2 NY 66 - GRIGIO MEDIO MELANGE;KG;2039,52000120282;23760,33
NASTRIFICIO ZINGONIA SRL;PF003640/2T0X661145;SPLENDOR DTEX 78/2 NY66 R. - BLU SCURO JEANS MELANGE;KG;579,600000500679;6752,39
NASTRIFICIO ZINGONIA SRL;PF0036402700INY1178;SPLENDOR DTEX 78/2 NY66 INTERL. - GRIGIO 031 NZ TONO 6;KG;960,280002117157;11187,28
NASTRIFICIO ZINGONIA SRL;PF0036402I+0XNY1013;SPLENDOR DTEX 78/2 NY66 R. - GRIGIO MELANGE;KG;4239,74000352621;51300,67
NASTRIFICIO ZINGONIA SRL;PF0036406400INY1056;SPLENDOR DTEX 78/2 NY66 INTERL. - ASFALTO MELANGE;KG;89,8400002717972;1046,64
NASTRIFICIO ZINGONIA SRL;PF0036406400INY1140;SPLENDOR DTEX 78/2 NY66 INTERL. - MELANGE ADM;KG;1306,98000431061;15226,33
NASTRIFICIO ZINGONIA SRL;PF0036781820ITP1151;78/18X2 INT. PA6 TINTO PASTA - NERO T.P.;KG;4602,90001106262;24082,72
NASTRIFICIO ZINGONIA SRL;PF0036781820ITP1155;78/18X2 INT. PA6 TINTO PASTA - BIANCO T.P.;KG;9284,4400062561;49497,74
NASTRIFICIO ZINGONIA SRL;PF0036786820ITP1142;78/68/2 ELAS INTERL PA6 TINTO PASTA - BIANCO;KG;1572,54000282288;14152,86
NASTRIFICIO ZINGONIA SRL;PF0036786820ITP1151;78/68/2 ELAS INTERL PA6 TINTO PASTA - NERO TINTO PASTA;KG;1523,47000217438;12187,76
REMMERT SPA;;;;;
REMMERT SPA;PF00370156T0X661013;156/1 TACTEL RIT PA 66 - BIANCO;KG;75,8900012969971;1206,65
REMMERT SPA;PF00370156T0X661034;156/1 TACTEL RIT PA 66 - NERO;KG;82,2199993133545;1274,43
REMMERT SPA;PF0037070/20IP61133;70/2 ELAS INT. PA 6 - GREGGIO;KG;673,370007038116;3299,54
REMMERT SPA;PF0037070/20XP61005;70/2 ELAS RIT PA 6 - NERO;KG;99,830002784729;788,65
REMMERT SPA;PF0037070/20XP61006;70/2 ELAS RIT PA 6 - CANDIDO;KG;91,0300002098083;719,15
REMMERT SPA;PF0037070/20XP61008;70/2 ELAS RIT PA 6 - BLU 805;KG;390,500000178814;3532,51
REMMERT SPA;PF0037070/20XP61010;70/2 ELAS RIT PA 6 - ROSSO 237;KG;51,1099991798401;465,1
REMMERT SPA;PF0037070/20XP61016;70/2 ELAS RIT PA 6 - GRIGIO 630;KG;97,6400008201599;868,52
REMMERT SPA;PF0037070/20XP61019;70/2 ELAS RIT PA 6 - BLU 295;KG;166,930000066757;1519,07
REMMERT SPA;PF0037070/20XP61022;70/2 ELAS RIT PA 6 - AVORIO 533;KG;57,7100009918213;525,16
REMMERT SPA;PF0037070/20XP61024;70/2 ELAS RIT PA 6 - BLU 701;KG;48,4699993133545;441,07
REMMERT SPA;PF0037070/20XP61030;70/2 ELAS RIT PA 6 - BLU 632;KG;29,6599998474121;269,91
REMMERT SPA;PF0037070/20XP61032;70/2 ELAS RIT PA 6 - GRIGIO 266;KG;79,5699996948242;724,1
REMMERT SPA;PF0037070/20XP61042;70/2 ELAS RIT PA 6 - BLU 147;KG;49,3899998664856;449,45
REMMERT SPA;PF0037070/20XP61048;70/2 ELAS RIT PA 6 - BORDO' 793;KG;48,8000001907349;444,09
REMMERT SPA;PF0037070/20XP61067;70/2 ELAS RIT PA 6 - BLU 293;KG;37,710000038147;343,16
REMMERT SPA;PF0037070/20XP61120;70/2 ELAS RIT PA 6 - BEIGE 769;KG;44,5999991893768;405,87
REMMERT SPA;PF0037070/20XP61122;70/2 ELAS RIT PA 6 - GRIGIO 730;KG;39,6499996185303;360,82
REMMERT SPA;PF0037070/20XP61133;70/2 ELAS RIT PA 6 - GREGGIO;KG;561,619998335838;3939,38
REMMERT SPA;PF0037070/20XP61134;70/2 ELAS RIT PA 6 - 181 GRIGIO;KG;34,789999961853;316,59
REMMERT SPA;PF0037070/20XP61147;70/2 ELAS RIT PA 6 - NAVY 282C;KG;1,04999995231628;30
REMMERT SPA;PF0037070/20XP61148;70/2 ELAS RIT PA 6 - ORANGE 152C;KG;1,04999995231628;30
REMMERT SPA;PF0037070/20XP61149;70/2 ELAS RIT PA 6 - YELLOW 7404C;KG;1,04999995231628;30
REMMERT SPA;PF0037070/20XP61155;70/2 ELAS RIT PA 6 - SENAPE 285;KG;1,04999995231628;30
REMMERT SPA;PF0037070/20XP61156;70/2 ELAS RIT PA 6 - MARRONE 821;KG;1,04999995231628;9,45
REMMERT SPA;PF0037070/20XP61157;70/2 ELAS RIT PA 6 - BEIGE 629;KG;12,0100002288818;109,29
REMMERT SPA;PF0037070/20XP61158;70/2 ELAS RIT PA 6 - BEIGE 203;KG;23,4099998474121;213,03
REMMERT SPA;PF0037070/20XP61159;70/2 ELAS RIT PA 6 - BEIGE 547;KG;1,04999995231628;30
REMMERT SPA;PF0037070/20XP61160;70/2 ELAS RIT PA 6 - BEIGE 222;KG;1,04999995231628;30
REMMERT SPA;PF0037070/20XP61161;70/2 ELAS RIT PA 6 - ROSA 221;KG;21,1200008392334;212,64
REMMERT SPA;PF0037070/20XP61162;70/2 ELAS RIT PA 6 - GIALLO 555;KG;13,0200002193451;138,93
REMMERT SPA;PF0037070/20XP61163;70/2 ELAS RIT PA 6 - BEIGE 206;KG;29,9099991321564;272,18
REMMERT SPA;PF0037701700X661037;78/2 MELANGE RITORTO PA 66 - GRIGIO MELANGE 8546;KG;97,4400010108948;1198,52
REMMERT SPA;PF0037786820M661000;78/68/2  RIT 200 GIRI PA 66 MICRO - CANDIDO;KG;325,880002737045;4616,04
REMMERT SPA;PF0037786820M661008;78/68/2  RIT 200 GIRI PA 66 MICRO - BLU 805;KG;110,029999732971;1562,43
REMMERT SPA;PF0037786820M661013;78/68/2  RIT 200 GIRI PA 66 MICRO - BIANCO;KG;212,799998283386;3021,75
REMMERT SPA;PF0037786820M661042;78/68/2  RIT 200 GIRI PA 66 MICRO - BLU 147;KG;62,4399995803833;886,64
REMMERT SPA;PF0037786820M661122;78/68/2  RIT 200 GIRI PA 66 MICRO - GRIGIO 730;KG;24,300000667572;342,63
REMMERT SPA;PF0037786820M661140;78/68/2  RIT 200 GIRI PA 66 MICRO - GRIGIO VERSACE;KG;61,4900007247925;873,17
REMMERT SPA;PF00377868M0Y661003;78/68/2 RITORTO 150 GIRI PA 66 MICRO - GRIGIO MELANGE P962;KG;127,66999912262;1774,59
REMMERT SPA;PR00370001;;;0;193,55
SARA SPORTLINE SRL;;;;;
SARA SPORTLINE SRL;PF0039070/20X661001;70/2 ELAS RIT PA 66 - ROSSO;KG;464,129997134209;4552,91
SARA SPORTLINE SRL;PF0039070/40X661001;70/4 ELAS RIT PA 66 - ROSSO;KG;392,660001277924;4077,6
TONOLI  SRL;;;NR;4;17715,55
EUROLAST SRL;;;;;
EUROLAST SRL;PF0068786810A661003;78/68/1 ELAS APE PA 66 - DARK BLU;KG;60,1200008392334;781,56
LIABEL SPA;;;;;
LIABEL SPA;PF0070020/10A661000;20/1 ELAS APE PA 66 - BORDO';KG;33,1200001239777;1059,84
TEA SRL;;;;;
TEA SRL;PF0073040/20X661000;40/2 ELAS RIT PA 66 - BLEU 044;KG;78,7800002098083;1047,77
TEA SRL;PF0073100/10X661006;100/1 ELAS RIT PA 66 - GREGGIO;KG;92,3200001716614;757,03
TEA SRL;PF0073100/20X661006;100/2 ELAS RIT PA 66 - GREGGIO;KG;192,879999160767;1581,61
CALZIFICIO PEDACI ANTONIO;;;;;
CALZIFICIO PEDACI ANTONIO;PF0079100/20XP61001;100/2 ELAS RIT PA 6 - NERO;KG;108,480000019073;976,32
MIVA SRL;;;;;
MIVA SRL;PF0082070/20X661001;70/2 ELAS RIT PA 66 - NERO;KG;23,4000005722046;245,71
MIVA SRL;PF0082070/20X661002;70/2 ELAS RIT PA 66 - GREGGIO;KG;36,7400009632111;304,94
NEW KOKO'S  SRL;;;KG;61,8699989318848;-556,83
NEW KOKO'S  SRL;;;;;
NEW KOKO'S  SRL;PF0084070/10A661034;70/1 ELAS APE PA 66 - 35022 GRIGIO ALLUMINIO 401;KG;108,569999217987;1031,43
NEW KOKO'S  SRL;PF0084070/10AP61031;70/1 ELAS APE PA 6 - 37686 FUXIA FLUO 8143 F001;KG;43,6599998474121;397,31
NEW KOKO'S  SRL;PF0084070/10AP61032;70/1 ELAS APE PA 6 - 31186 GRIGIO CENERE 403;KG;34,2599997520447;311,77
NEW KOKO'S  SRL;PF0084070/20XP61025;70/2 ELAS RIT PA 6 - 37014 SCARLATTO NEON FLUO;KG;13,9099998474121;123,8
NEW KOKO'S  SRL;PF0084070/20XP61036;70/2 ELAS RIT PA 6 - 31322 BLU B051;KG;28,1800003051758;247,98
NEW KOKO'S  SRL;PF0084070/20XP61040;70/2 ELAS RIT PA 6 - 34771 ROSA FLUO 8151 ;KG;79,2199993133545;705,06
NEW KOKO'S  SRL;PF0084070/20XP61041;70/2 ELAS RIT PA 6 - 34243 VERDE MAR 4550 LEFERON V300;KG;133,20000243187;1185,49
NEW KOKO'S  SRL;PF0084070/20XP61042;70/2 ELAS RIT PA 6 - 33359 VERDE PISTACCHIO V414;KG;28,2000000476837;250,98
NEW KOKO'S  SRL;PF0084070/20XP61045;70/2 ELAS RIT PA 6 - 30942 ARANCIO FLUO A004;KG;68,6499996185303;610,98
NEW KOKO'S  SRL;PF0084070/30XP61006;70/3 ELAS RIT PA 6 - 36937 VERDE;KG;22,2799997329712;196,06
NEW KOKO'S  SRL;PF0084070/30XP61017;70/3 ELAS RIT PA 6 - 37214 SALMONE FLUO S024;KG;135,600001096725;1193,28
NEW KOKO'S  SRL;PF0084070/30XP61025;70/3 ELAS RIT PA 6 - 37014 SCARLATTO NEON FLUO;KG;64,6099996566772;568,58
NEW KOKO'S  SRL;PF0084070/30XP61029;70/3 ELAS RIT PA 6 - 37310 COL. 1039 GRIGIO MEDIO G172;KG;20,9600005149841;184,45
NEW KOKO'S  SRL;PF0084070/30XP61033;70/3 ELAS RIT PA 6 - GRIGIO E 61 G226;KG;28,7700004577637;244,55
NEW KOKO'S  SRL;PF0084070/30XP61035;70/3 ELAS RIT PA 6 - 35345 CHARCHOAL;KG;98,5900003910065;864,68
NEW KOKO'S  SRL;PF0084070/30XP61037;70/3 ELAS RIT PA 6 - 36759 NERO;KG;741,080001831055;6521,51
NEW KOKO'S  SRL;PF0084070/30XP61038;70/3 ELAS RIT PA 6 - 36767 SAFETY YELLOW FLUO;KG;91,2000002861023;802,58
NEW KOKO'S  SRL;PF0084070/30XP61039;70/3 ELAS RIT PA 6 - 37488 TURCHESE CHIARO 8155;KG;141,220002353191;1242,73
NEW KOKO'S  SRL;PF0084070/30XP61040;70/3 ELAS RIT PA 6 - 34771 ROSA FLUO 8151 ;KG;68,8599991798401;605,97
NEW KOKO'S  SRL;PF0084070/30XP61043;70/3 ELAS RIT PA 6 - 36758 BIANCO E1;KG;115;1012
NEW KOKO'S  SRL;PF0084070/30XP61045;70/3 ELAS RIT PA 6 - 30942 ARANCIO FLUO A004;KG;48,5499994754791;427,25
NEW KOKO'S  SRL;PF0084070/30XP61048;70/3 ELAS RIT PA 6 - 37036 GRIGIO G142;KG;154,840000271797;1362,59
NEW KOKO'S  SRL;PF0084070/30XP61049;70/3 ELAS RIT PA 6 - 38039 SALMONE FLUO S024;KG;23,6999998092651;208,56
NEW KOKO'S  SRL;PF0084070/30XP61050;70/3 ELAS RIT PA 6 - 37771 SULPHUR SPRING G029;KG;30,3200006484985;266,82
NEW KOKO'S  SRL;PF0084070/40XFL1030;70/4 ELAS RIT FLEXY PA 6 - 37741 GRIGIO G901;KG;39,6400003433228;356,76
NEW KOKO'S  SRL;PF0084070/40XFL1046;70/4 ELAS RIT FLEXY PA 6 - 36510 ANTRACITE A235;KG;47,75;429,75
NEW KOKO'S  SRL;PF0084070/40XFL1047;70/4 ELAS RIT FLEXY PA 6 - 35186 GRIGIO CHIARO 106 G142;KG;40,8500008583069;367,65
NEW KOKO'S  SRL;PF0084070/40XP61030;70/4 ELAS RIT PA 6 - 37741 GRIGIO G901;KG;503,009999513626;4447,41
NEW KOKO'S  SRL;PF0084070/40XP61046;70/4 ELAS RIT PA 6 - 36510 ANTRACITE A235;KG;137,300001144409;1235,7
NEW KOKO'S  SRL;PF0084070/40XP61047;70/4 ELAS RIT PA 6 - 35186 GRIGIO CHIARO 106 G142;KG;173,589998960495;1562,31
NEW KOKO'S  SRL;PF0084784620XTC1008;78/46/2 ELAS RIT TACTEL - 30389 NERO;KG;193,409999608994;2368,34
NEW KOKO'S  SRL;PF0084784620XTC1009;78/46/2 ELAS RIT TACTEL - 36230 ROSSO VINO 5663;KG;38,0900001525879;464,69
NEW KOKO'S  SRL;PF0084784620XTC1010;78/46/2 ELAS RIT TACTEL - 36231 PISTACCHIO 8120;KG;41,1700010299683;502,28
NEW KOKO'S  SRL;PF0084784620XTC1028;78/46/2 ELAS RIT TACTEL - 33745 ANTRACITE;KG;30,0599996447563;369,74
NEW KOKO'S  SRL;PF0084786820X661003;78/68/2  RIT PA 66 - 37489 GIALLO G004;KG;14,960000038147;176,53
NEW KOKO'S  SRL;PF0084786820X661008;78/68/2  RIT PA 66 - 30389 NERO;KG;104,190000712872;1219,04
NEW KOKO'S  SRL;PF0084786820X661026;78/68/2  RIT PA 66 - 35208 B001 BIANCO;KG;25,2600002288818;295,54
NEW KOKO'S  SRL;PF0084786820X661044;78/68/2  RIT PA 66 - 36515 NERO N023;KG;11,3999996185303;134,52
NEW KOKO'S  SRL;PR00840006;;;0;199,37
STORI B. & C. SRL;;;;;
STORI B. & C. SRL;PF0102030/20X661032;30/2 ELAS RIT PA 66 - S3 GERANIO;KG;3,08999991416931;52,53
STORI B. & C. SRL;PF0102040/20X661002;40/2 ELAS RIT PA 66 - BLEU B9;KG;17,789999961853;289,97
STORI B. & C. SRL;PF0102040/20X661003;40/2 ELAS RIT PA 66 - N9 NERO;KG;90,7899985313416;1479,88
STORI B. & C. SRL;PF0102040/20X661015;40/2 ELAS RIT PA 66 - ARGENTO N4;KG;12,5299997329712;204,24
STORI B. & C. SRL;PF0102040/20X661032;40/2 ELAS RIT PA 66 - S3 GERANIO;KG;5,32999992370605;85,28
STORI B. & C. SRL;PF0102040/20X661033;40/2 ELAS RIT PA 66 - CAFFE' M6;KG;30,3499999046326;494,71
STORI B. & C. SRL;PF0102040/20X661034;40/2 ELAS RIT PA 66 - Z8 VERDE BOTTIGLIA;KG;8,14000034332275;132,68
STORI B. & C. SRL;PF0102070/20X661000;70/2 ELAS RIT PA 66 - BIANCO X0;KG;75,1899996995926;1022,59
STORI B. & C. SRL;PF0102070/20X661002;70/2 ELAS RIT PA 66 - BLEU B9;KG;17,0599994659424;232,02
STORI B. & C. SRL;PF0102070/20X661003;70/2 ELAS RIT PA 66 - N9 NERO;KG;38,9699995517731;529,99
STORI B. & C. SRL;PF0102070/20X661007;70/2 ELAS RIT PA 66 - NATURALE K0;KG;57,4100003242493;780,77
STORI B. & C. SRL;PF0102070/20X661009;70/2 ELAS RIT PA 66 - PIOMBO N8;KG;30,8899993896484;420,1
STORI B. & C. SRL;PF0102070/20X661015;70/2 ELAS RIT PA 66 - ARGENTO N4;KG;21,300000667572;289,68
STORI B. & C. SRL;PF0102070/20X661032;70/2 ELAS RIT PA 66 - S3 GERANIO;KG;8,47000026702881;112,65
STORI B. & C. SRL;PF0102070/20X661034;70/2 ELAS RIT PA 66 - Z8 VERDE BOTTIGLIA;KG;19,5899991989136;266,42
STORI B. & C. SRL;PF0102100/20X661000;100/2 ELAS RIT PA 66 - BIANCO X0;KG;7,65999984741211;104,18
STORI B. & C. SRL;PF0102100/20X661003;100/2 ELAS RIT PA 66 - N9 NERO;KG;8,8100004196167;119,82
STORI B. & C. SRL;PF0102100/20X661007;100/2 ELAS RIT PA 66 - NATURALE K0;KG;14,210000038147;193,25
STORI B. & C. SRL;PF0102100/20X661034;100/2 ELAS RIT PA 66 - Z8 VERDE BOTTIGLIA;KG;6,84000015258789;93,02
STORI B. & C. SRL;PF0102207010A661032;LY178+PA ( 20+078 TINTO) 86 DTX - S3 GERANIO;KG;6,69999980926514;136,01
STORI B. & C. SRL;PF0102443410I661000;44/34/1 ELAS INT. PA 66 - BIANCO X0;KG;146,160000801086;2082,81
STORI B. & C. SRL;PF0102443410I661003;44/34/1 ELAS INT. PA 66 - N9 NERO;KG;159,609999537468;2251,96
STORI B. & C. SRL;PF0102443410I661028;44/34/1 ELAS INT. PA 66 - P1 GRIGIO CHIARO;KG;57,9600005634129;825,94
STORI B. & C. SRL;PF0102443410I661032;44/34/1 ELAS INT. PA 66 - S3 GERANIO;KG;17,2399997711182;240,5
CALZIFICIO TELEMACO SRL;;;;;
CALZIFICIO TELEMACO SRL;PF0110070/10A661004;70/1 ELAS APE PA 66 - 31695 OLIVA KONA V140;KG;62,0799989700317;640,74
CALZIFICIO TELEMACO SRL;PF0110070/20XP61003;70/2 ELAS RIT PA 6 - 30976 PIETRA COPPER M102;KG;25,1099996566772;223,48
CALZIFICIO TELEMACO SRL;PF0110070/20XP61004;70/2 ELAS RIT PA 6 - 31695 OLIVA KONA V140;KG;219,020001173019;1949,29
CALZIFICIO TELEMACO SRL;PF0110070/20XP61011;70/2 ELAS RIT PA 6 - 31013 NAUTICAL V113;KG;18,4799993038177;166,32
CALZIFICIO TELEMACO SRL;PF0110070/20XP61015;70/2 ELAS RIT PA 6 - 37243 FATHOM J011;KG;32,9600002765656;293,34
CALZIFICIO TELEMACO SRL;PF0110070/20XP61016;70/2 ELAS RIT PA 6 - 37659 ADRIATICO A601;KG;31,6100006103516;281,32
CALZIFICIO TELEMACO SRL;PF0110070/30XP61005;70/3 ELAS RIT PA 6 - 37018 WHISKY M037;KG;20,210000038147;177,85
CALZIFICIO TELEMACO SRL;PF0110070/30XP61009;70/3 ELAS RIT PA 6 - 36934 ARANCIO FLUO;KG;31,8099999427795;281,44
CALZIFICIO TELEMACO SRL;PF0110784620XTC1001;78/46/2 ELAS RIT TACTEL - 36192 NEON GIALLO FLUO;KG;11,67999958992;140,16
CALZIFICIO TELEMACO SRL;PF0110784620XTC1010;78/46/2 ELAS RIT TACTEL - 37418 COBALTO ROYAL B540 E 20;KG;30,1199996471405;373,48
CALZIFICIO TELEMACO SRL;PF0110786820X661006;78/68/2  RIT PA 66 - 37109 NERO N002;KG;114,530000686646;1351,45
CALZIFICIO TELEMACO SRL;PF0110786820X661007;78/68/2  RIT PA 66 - 35208 BIANCO B001;KG;124,879998207092;1473,58
CALZIFICIO TELEMACO SRL;PF0110786820X661012;78/68/2  RIT PA 66 - 37849 CORALICIUS C169;KG;26,8499994277954;316,83
CALZIFICIO TELEMACO SRL;PF0110786820X661013;78/68/2  RIT PA 66 - 37850 LAKE BLUE V300;KG;41,2000007629395;486,15
CALZIFICIO TELEMACO SRL;PF0110786820X661014;78/68/2  RIT PA 66 - 37857 SULPHUR SPRING G029;KG;11,1499996185303;131,57
CALZIFICIO TELEMACO SRL;PR01100006;;;0;21,75
VEROPIZ S.R.L.;;;;;
VEROPIZ S.R.L.;PF0118040/20X661001;40/2 ELAS RIT PA 66 - ARMY GREEN 854;KG;200,680000245571;2107,18
VEROPIZ S.R.L.;PF0118040/20X661002;40/2 ELAS RIT PA 66 - BIANCO;KG;261,119998216629;2741,8
VEROPIZ S.R.L.;PF0118040/20X661003;40/2 ELAS RIT PA 66 - NERO;KG;321,769999504089;3378,66
VEROPIZ S.R.L.;PF0118040/20X661004;40/2 ELAS RIT PA 66 - BLU NOTTE;KG;16,0699999332428;168,74
VEROPIZ S.R.L.;PF0118040/20X661005;40/2 ELAS RIT PA 66 - BLU CIELO 1757;KG;183,860001325607;1930,58
VEROPIZ S.R.L.;PF0118040/20X661006;40/2 ELAS RIT PA 66 - G031/PR.1;KG;207,759999275208;2181,51
VEROPIZ S.R.L.;PF0118040/20X661007;40/2 ELAS RIT PA 66 - DARK GREY MEL;KG;15,8500003814697;166,43
VEROPIZ S.R.L.;PF0118040/20X661008;40/2 ELAS RIT PA 66 - WHITE GREY MEL C336;KG;79,2600004673004;832,25
VEROPIZ S.R.L.;PF0118040/20X661011;40/2 ELAS RIT PA 66 - DARK GREY A CAMPIONE/PR.1;KG;133,969999670982;1406,71
VEROPIZ S.R.L.;PF0118040/20X661012;40/2 ELAS RIT PA 66 - GRIGIO G031 CAMPIONE 2;KG;10,460000038147;109,83
VEROPIZ S.R.L.;PF0118040/20X661014;40/2 ELAS RIT PA 66 - ROSSO PORTO;KG;82,9500002861023;871
VEROPIZ S.R.L.;PF0118070/10A661001;70/1 ELAS APE PA 66 - ARMY GREEN 854;KG;37,4799997806549;374,8
VEROPIZ S.R.L.;PF0118070/20X661001;70/2 ELAS RIT PA 66 - ARMY GREEN 854;KG;563,890000700951;5187,79
VEROPIZ S.R.L.;PF0118070/20X661002;70/2 ELAS RIT PA 66 - BIANCO;KG;794,689995408058;7311,15
VEROPIZ S.R.L.;PF0118070/20X661003;70/2 ELAS RIT PA 66 - NERO;KG;2321,20001029968;21354,94
VEROPIZ S.R.L.;PF0118070/20X661004;70/2 ELAS RIT PA 66 - BLU NOTTE;KG;17,4799995422363;160,81
VEROPIZ S.R.L.;PF0118070/20X661005;70/2 ELAS RIT PA 66 - BLU CIELO 1757;KG;363,819999694824;3347,16
VEROPIZ S.R.L.;PF0118070/20X661006;70/2 ELAS RIT PA 66 - G031/PR.1;KG;446,160001993179;4104,68
VEROPIZ S.R.L.;PF0118070/20X661007;70/2 ELAS RIT PA 66 - DARK GREY MEL;KG;16,8000001907349;154,56
VEROPIZ S.R.L.;PF0118070/20X661008;70/2 ELAS RIT PA 66 - WHITE GREY MEL C336;KG;192,150002121925;1767,79
VEROPIZ S.R.L.;PF0118070/20X661009;70/2 ELAS RIT PA 66 - POMMEGRANADE;KG;75,460000038147;694,24
VEROPIZ S.R.L.;PF0118070/20X661010;70/2 ELAS RIT PA 66 - LIME BEAT;KG;65,7099996805191;604,53
VEROPIZ S.R.L.;PF0118070/20X661011;70/2 ELAS RIT PA 66 - DARK GREY A CAMPIONE/PR.1;KG;276,580000162125;2544,51
VEROPIZ S.R.L.;PF0118070/20X661012;70/2 ELAS RIT PA 66 - GRIGIO G031 CAMPIONE 2;KG;15,5700002908707;143,25
VEROPIZ S.R.L.;PF0118070/20X661013;70/2 ELAS RIT PA 66 - DARK GREY (- GIALLO);KG;74,7999987602234;688,17
VEROPIZ S.R.L.;PF0118070/20X661014;70/2 ELAS RIT PA 66 - ROSSO PORTO;KG;227,979999065399;2097,42
ILUNA GROUP SRL;;;NR;39;-156
ILUNA GROUP SRL;;;;;
ILUNA GROUP SRL;PF0119070/30DP61001;70/3 ELAS CUC 10000 PA 6 - NERO VS CC;KG;84,4099993109703;702
ILUNA GROUP SRL;PF0119100/20D661000;100/2 ELAS CUC 10000 PA 66 - A107/A50 WHITE;KG;59,8799996972084;1192
ILUNA GROUP SRL;PF0119100/20D661004;100/2 ELAS CUC 10000 PA 66 - NUDE N175 D89;KG;39,6900000572205;740
ILUNA GROUP SRL;PF0119100/20D661012;100/2 ELAS CUC 10000 PA 66 - SCALLOP PINK S 564;KG;13,6999998092651;284
ILUNA GROUP SRL;PF0119100/20D661022;100/2 ELAS CUC 10000 PA 66 - DUSTBLUE B394;KG;188,260001897812;3391,85
ILUNA GROUP SRL;PF0119100/20D661023;100/2 ELAS CUC 10000 PA 66 - SKIN N249 TCHIBO;KG;34,5300002098083;670,8
GENESI SRL;;;;;
GENESI SRL;PF0121100/20D661005;100/2 ELAS CUC 10000 PA 66 - COD. 325;KG;12,1000003814697;220,4
GENESI SRL;PF0121100/20D661010;100/2 ELAS CUC 10000 PA 66 - COD. 0003 NERO;KG;93,5899992585182;1693
GENESI SRL;PF0121100/20D661011;100/2 ELAS CUC 10000 PA 66 - 0002 BIANCO CANDIDO OTTICO;KG;28,7099994421005;538,2
GENESI SRL;PF0121100/20D661032;100/2 ELAS CUC 10000 PA 66 - GRAPHITE GRAY 1195;KG;17,4100000858307;351
GENESI SRL;PF0121100/20D661033;100/2 ELAS CUC 10000 PA 66 - COD. 001;KG;12,9700000137091;235,6
GENESI SRL;PF0121100/20D661052;100/2 ELAS CUC 10000 PA 66 - COD. 1333;KG;28,6499998569489;528
GENESI SRL;PF0121100/20D661069;100/2 ELAS CUC 10000 PA 66 - COD. 302;KG;13,5099999904633;257,4
GENESI SRL;PF0121100/20D661117;100/2 ELAS CUC 10000 PA 66 - COD. 1125 ASFALTO;KG;12,4999998807907;245,7
GENESI SRL;PF0121100/20D661121;100/2 ELAS CUC 10000 PA 66 - LEGION COD. 1534;KG;13,1700000762939;245,7
GENESI SRL;PF0121100/20D661142;100/2 ELAS CUC 10000 PA 66 - COD. 937;KG;15,25;280,8
GENESI SRL;PF0121100/20D661143;100/2 ELAS CUC 10000 PA 66 - COD. 711;KG;11,7699999809265;209
GENESI SRL;PF0121100/20D661144;100/2 ELAS CUC 10000 PA 66 - COD. 230;KG;12,3300001621246;224,2
GENESI SRL;PF0121100/20D661145;100/2 ELAS CUC 10000 PA 66 - METHYL BLUE;KG;11,8800001144409;222,3
GENESI SRL;PF0121100/20D661146;100/2 ELAS CUC 10000 PA 66 - OCEAN;KG;13,9000000953674;257,4
GENESI SRL;PF0121100/20D661147;100/2 ELAS CUC 10000 PA 66 - FLUO CORAL;KG;11,8800001144409;218,4
GENESI SRL;PF0121100/20D661148;100/2 ELAS CUC 10000 PA 66 - BORDEAUX ;KG;11,809999704361;222,3
GENESI SRL;PF0121100/20D661149;100/2 ELAS CUC 10000 PA 66 - COD. 512;KG;14,3500001430511;273
GENESI SRL;PF0121100/20D661150;100/2 ELAS CUC 10000 PA 66 - COD. 3023;KG;12,8299999237061;249,6
GENESI SRL;PF0121100/20D661151;100/2 ELAS CUC 10000 PA 66 - ROSE POUDRE;KG;12,9199999570847;257,4
GENESI SRL;PR01210006;;;0;5,94
(NON USARE) - MEGADYNE SPA ;;;;;
(NON USARE) - MEGADYNE SPA ;PF0126060/20X661000;60/2 ELAS RIT PA 66 - ARANCIO;KG;526,579999446869;5687,06
(NON USARE) - MEGADYNE SPA ;PF0126100/10A661001;100/1 ELAS APE PA 66 - GREGGIO - S;KG;523,230001449585;3557,97
(NON USARE) - MEGADYNE SPA ;PF0126100/10A661002;100/1 ELAS APE PA 66 - GREGGIO - Z;KG;527,319997787476;3585,76
VALCUVIA SRL;;;KG;21;-220,5
VALCUVIA SRL;;;;;
VALCUVIA SRL;PF0127070/20XP61022;70/2 ELAS RIT PA 6 - 254 SABBIA;KG;14,9300003051758;156,77
VALCUVIA SRL;PF0127100/20X661001;100/2 ELAS RIT PA 66 - NERO;KG;63,2600002288818;664,25
VALCUVIA SRL;PF0127100/20X661016;100/2 ELAS RIT PA 66 - COD. 1831;KG;13,6599998474121;143,43
VALCUVIA SRL;PF0127100/20X661021;100/2 ELAS RIT PA 66 - COD. 821;KG;21,0599999427795;221,13
POMPEA SPA;;;;;
POMPEA SPA;PF0128070/20X661078;70/2 ELAS RIT PA 66 - COD. 737 NATURALE;KG;40,1700000762939;393,67
POMPEA SPA;PF0128070/20X661086;70/2 ELAS RIT PA 66 - COD. 751 ROSE';KG;38,6500000953674;378,77
POMPEA SPA;PF0128070/20X661133;70/2 ELAS RIT PA 66 - COD. 629 PLAYA;KG;14,3500003814697;136,33
POMPEA SPA;PF0128070/20X661134;70/2 ELAS RIT PA 66 - COD. 321 MINERAL;KG;14,2500004768372;135,38
POMPEA SPA;PF0128070/20X661138;70/2 ELAS RIT PA 66 - COD. 903 VERDE ACQUA;KG;15,2699999809265;149,65
POMPEA SPA;PF0128100/20D661007;100/2 ELAS CUC 10000 PA 66 - COD. 320 MINERAL;KG;16,9099998474121;260,42
POMPEA SPA;PF0128100/20D661028;100/2 ELAS CUC 10000 PA 66 - COD. 1332 BLU;KG;143,099999547005;2199,5
POMPEA SPA;PF0128100/20D661035;100/2 ELAS CUC 10000 PA 66 - COD. 61 AZZURRO;KG;25,2500001192093;388,86
POMPEA SPA;PF0128100/20D661039;100/2 ELAS CUC 10000 PA 66 - COD. 613;KG;32,8999989032745;506,67
POMPEA SPA;PF0128100/20D661062;100/2 ELAS CUC 10000 PA 66 - COD. 909;KG;15,3299999237061;236,08
POMPEA SPA;PF0128100/20D661068;100/2 ELAS CUC 10000 PA 66 - COD. 296;KG;30,7999999523163;474,32
POMPEA SPA;PF0128100/20D661082;100/2 ELAS CUC 10000 PA 66 - COD. 325;KG;190,389999806881;2928,02
POMPEA SPA;PF0128100/20D661090;100/2 ELAS CUC 10000 PA 66 - COD. 856 GRIGIO;KG;16,6299996376038;256,11
POMPEA SPA;PF0128100/20D661097;100/2 ELAS CUC 10000 PA 66 - COD. 907 AZZURRO FUTURE;KG;16,1699995994568;249,02
POMPEA SPA;PF0128100/20D661128;100/2 ELAS CUC 10000 PA 66 - COD. 3034 MELOGRANO;KG;25,8800001144409;398,56
POMPEA SPA;PF0128100/20D661129;100/2 ELAS CUC 10000 PA 66 - COD. 930;KG;31,3500001430511;478,19
POMPEA SPA;PF0128100/20D661130;100/2 ELAS CUC 10000 PA 66 - COD. 239;KG;15,0500001907349;227,27
POMPEA SPA;PF0128100/20D661131;100/2 ELAS CUC 10000 PA 66 - COD. 880;KG;33,4300004839897;509,49
POMPEA SPA;PF0128100/20D661135;100/2 ELAS CUC 10000 PA 66 - COD 879 ROSA SOGNO;KG;15,8900001049042;244,7
POMPEA SPA;PF0128100/20D661136;100/2 ELAS CUC 10000 PA 66 - COD. 440;KG;15,4399998188019;237,77
POMPEA SPA;PF0128100/20D661137;100/2 ELAS CUC 10000 PA 66 - COD. 75 ACQUA;KG;38,4999997615814;592,91
I.R.T.E. SRL;;;KG;60,5800018310547;-763,31
I.R.T.E. SRL;;;;;
I.R.T.E. SRL;PF0129040/10A661064;40/1 ELAS APE PA 66 - NERO 0006;KG;37,6100001335144;564,15
I.R.T.E. SRL;PF0129040/10A661140;40/1 ELAS APE PA 66 - GREGGIO;KG;31,3100008964539;422,69
I.R.T.E. SRL;PF0129070/10A661057;70/1 ELAS APE PA 66 - MAGENTA TPX 17-2036;KG;29,1699998378754;288,78
I.R.T.E. SRL;PF0129701TP0ATP1089;78/18 APE PA6 TINTO PASTA - NERO TINTO PASTA;KG;5968,30999565125;34616,2
I.R.T.E. SRL;PF0129701TP0ATP1095;78/18 APE PA6 TINTO PASTA - BIANCO OTTICO TINTO PASTA;KG;705,830001831055;3952,66
I.R.T.E. SRL;PF0129701TT0I661067;78/2 MELANGE INTER PA 66 - DENIM MELANGE;KG;215,17000079155;2711,14
I.R.T.E. SRL;PF0129701TT0I661092;78/2 MELANGE INTER PA 66 - DARK BLU MELANGE;KG;679,440002918243;8536,78
I.R.T.E. SRL;PF0129701TT0I661114;78/2 MELANGE INTER PA 66 - GRAFITE MEL PR. 2;KG;830,269998788834;10438,6
I.R.T.E. SRL;PF0129701TT0I661126;78/2 MELANGE INTER PA 66 - VERDE MELANGE 683;KG;343,899999156594;4333,13
I.R.T.E. SRL;PF0129701TT0I661130;78/2 MELANGE INTER PA 66 - GRIGIO MELANGE 040;KG;106,66999912262;1344,03
I.R.T.E. SRL;PF0129701TT0I661131;78/2 MELANGE INTER PA 66 - DENIM MELANGE 2017;KG;196,410000324249;2474,75
I.R.T.E. SRL;PF0129706700INY1138;78/2 MELANGE INTER PA 66 - BLU MELANGE 128 TONO 1;KG;63,5599999427795;800,86
I.R.T.E. SRL;PF0129786820X661002;78/68/2  RIT PA 66 - BIANCO;KG;963,710001289845;11564,52
I.R.T.E. SRL;PF0129786820X661109;78/68/2  RIT PA 66 - SABBIA;KG;75,8000001907349;883,13
I.R.T.E. SRL;PF0129786820X661110;78/68/2  RIT PA 66 - 11-0507 TPX;KG;67,5800004005432;810,96
I.R.T.E. SRL;PF0129786820X661115;78/68/2  RIT PA 66 - TPX 11-0601;KG;0,639999985694885;7,42
I.R.T.E. SRL;PF0129786820X661125;78/68/2  RIT PA 66 - VERDE LIME 12-0322;KG;0,850000023841858;10,2
I.R.T.E. SRL;PF0129786820X661128;78/68/2  RIT PA 66 - AZZURRO PORTOGALLO;KG;30,7700006961823;369,24
I.R.T.E. SRL;PF0129786820X661139;78/68/2  RIT PA 66 - AZZURRO GHIACCIO;KG;1,5;18
I.R.T.E. SRL;PF0129V70/20V661062;70/2 VOLUMINIZZATO INTERL. PA 66 - CARBONE D030;KG;448,520002365112;4036,68
I.R.T.E. SRL;PF0129V70/20V661096;70/2 VOLUMINIZZATO INTERL. PA 66 - VERDE ACQUA;KG;0,689999997615814;6,21
I.R.T.E. SRL;PF0129V70/20V661103;70/2 VOLUMINIZZATO INTERL. PA 66 - VERDE SEQUOIA TPX 19-5513;KG;263,960000038147;2342,94
I.R.T.E. SRL;PF0129V70/20V661104;70/2 VOLUMINIZZATO INTERL. PA 66 - AZZURRO NORD TPX 17-4433;KG;521,990001440048;4593,52
I.R.T.E. SRL;PF0129V70/20V661107;70/2 VOLUMINIZZATO INTERL. PA 66 - PAPRIKA;KG;351,60999917984;3164,49
I.R.T.E. SRL;PF0129V70/20V661110;70/2 VOLUMINIZZATO INTERL. PA 66 - WINTER 11-0507 TPX;KG;46,0100002288818;414,09
I.R.T.E. SRL;PF0129V70/20V661111;70/2 VOLUMINIZZATO INTERL. PA 66 - BLU MARINO;KG;473,889996767044;4264,8
I.R.T.E. SRL;PF0129V70/20V661112;70/2 VOLUMINIZZATO INTERL. PA 66 - BLU AVIO;KG;94,5699989199638;850,95
I.R.T.E. SRL;PF0129V70/20V661113;70/2 VOLUMINIZZATO INTERL. PA 66 - BLU EVEREST;KG;0,990000009536743;8,71
I.R.T.E. SRL;PF0129V70/20V661116;70/2 VOLUMINIZZATO INTERL. PA 66 - BLU J. 117;KG;390,169998347759;3511,53
I.R.T.E. SRL;PF0129V70/20V661117;70/2 VOLUMINIZZATO INTERL. PA 66 - BLU E12;KG;228,270001888275;2054,43
I.R.T.E. SRL;PF0129V70/20V661118;70/2 VOLUMINIZZATO INTERL. PA 66 - INDACO 1028;KG;12,0200001001358;108,18
I.R.T.E. SRL;PF0129V70/20V661119;70/2 VOLUMINIZZATO INTERL. PA 66 - BLU INTENSO;KG;1701,13999629021;15310,26
I.R.T.E. SRL;PF0129V70/20V661120;70/2 VOLUMINIZZATO INTERL. PA 66 - GHIACCIO;KG;1,36000001430511;12,24
I.R.T.E. SRL;PF0129V70/20V661121;70/2 VOLUMINIZZATO INTERL. PA 66 - BLU NUBE;KG;24,3299994468689;218,97
I.R.T.E. SRL;PF0129V70/20V661122;70/2 VOLUMINIZZATO INTERL. PA 66 - GIALLO AFRICA;KG;331,950002908707;2987,55
I.R.T.E. SRL;PF0129V70/20V661123;70/2 VOLUMINIZZATO INTERL. PA 66 - CILIEGIA;KG;302,899999976158;2726,1
I.R.T.E. SRL;PF0129V70/20V661124;70/2 VOLUMINIZZATO INTERL. PA 66 - VERDE MALAGA;KG;638,619999408722;5747,58
I.R.T.E. SRL;PF0129V70/20V661127;70/2 VOLUMINIZZATO INTERL. PA 66 - GRIGIO J4;KG;105,249999523163;947,25
I.R.T.E. SRL;PF0129V70/20V661129;70/2 VOLUMINIZZATO INTERL. PA 66 - BLU SAPPHIRE 18-4231 TPX;KG;0,629999995231628;5,67
I.R.T.E. SRL;PF0129V70/20V661132;70/2 VOLUMINIZZATO INTERL. PA 66 - BLU 1993;KG;34,9900002479553;314,91
I.R.T.E. SRL;PF0129V70/20V661133;70/2 VOLUMINIZZATO INTERL. PA 66 - WHITE 0001;KG;1313,1000020504;11817,9
I.R.T.E. SRL;PF0129V70/20V661134;70/2 VOLUMINIZZATO INTERL. PA 66 - BLU ZAFFIRO;KG;401,299998283386;3611,7
I.R.T.E. SRL;PF0129V70/20V661135;70/2 VOLUMINIZZATO INTERL. PA 66 - OTTANIO;KG;112,89999961853;1016,1
I.R.T.E. SRL;PF0129V70/20V661136;70/2 VOLUMINIZZATO INTERL. PA 66 - WINE 2315;KG;0,670000016689301;6,03
I.R.T.E. SRL;PF0129V70/20V661137;70/2 VOLUMINIZZATO INTERL. PA 66 - GIALLO 0947;KG;0,579999983310699;5,22
I.R.T.E. SRL;PR01290001;;;0;68,92
VARTES SRL;;;;;
VARTES SRL;PF0137100/20X661014;100/2 ELAS RIT PA 66 - COD. 089 ;KG;17,1600003242493;226,51
VARTES SRL;PF0137100/20X661017;100/2 ELAS RIT PA 66 - AZZURRO COD. 082 A CAMPIONE;KG;32,1599994897842;424,51
VARTES SRL;PF0137100/20X661018;100/2 ELAS RIT PA 66 - COD. 986;KG;17,0900003910065;225,59
VARTES SRL;PF0137100/20X661019;100/2 ELAS RIT PA 66 - COD. 230;KG;31,549999833107;416,46
VARTES SRL;PF0137100/20X661020;100/2 ELAS RIT PA 66 - BLU 858 A CAMPIONE;KG;15,210000038147;200,77
SARAFLEX SRL;;;;;
SARAFLEX SRL;PF0143070/20XP61001;70/2 ELAS RIT PA 6 - GREGGIO;KG;312,900002717972;2127,74
FINOTEX ITALIA SRL;;;;;
FINOTEX ITALIA SRL;PF0145100/20X661000;100/2 ELAS RIT PA 66 - NERO;KG;288,879998922348;2805,59
GIRARDI SRL;;;;;
GIRARDI SRL;PF0155100/20X661010;100/2 ELAS RIT PA 66 - NOCCIOLA;KG;50,6799998283386;506,8
CIZETA MEDICALI SPA;;;;;
CIZETA MEDICALI SPA;PF0160070/20X661016;70/2 ELAS RITORTO 100 GIRI PA 66 - 251 ECRU;KG;32,2299995422363;331,97
CIZETA MEDICALI SPA;PF0160070/20X661017;70/2 ELAS RIT PA 66 - 620 LAMA;KG;49,9099998474121;514,08
EMMETEX ITALIA SNC DI MARMO N. & C.;;;;;
EMMETEX ITALIA SNC DI MARMO N. & C.;PF0166070/20XP61014;70/2 ELAS RIT PA 6 - NAVY E 12;KG;674,36999797821;5356,5
EMMETEX ITALIA SNC DI MARMO N. & C.;PF0166070/20XP61023;70/2 ELAS RIT PA 6 - VERDE SALVIA CAMPIONE;KG;49,7500002384186;394,58
EMMETEX ITALIA SNC DI MARMO N. & C.;PF0166070/20XP61046;70/2 ELAS RIT PA 6 - BLEU NOTTE 1510;KG;302,870000123978;2412,19
EMMETEX ITALIA SNC DI MARMO N. & C.;PF0166070/20XP61047;70/2 ELAS RIT PA 6 - BLUETTE 643;KG;408,359999656677;3247,51
EMMETEX ITALIA SNC DI MARMO N. & C.;PF0166070/20XP61048;70/2 ELAS RIT PA 6 - BLUE NAVY 1010;KG;155,059999465942;1227,14
EMMETEX ITALIA SNC DI MARMO N. & C.;PF0166070/20XP61049;70/2 ELAS RIT PA 6 - E 80 CHERRY;KG;24,550000667572;193,95
EMMETEX ITALIA SNC DI MARMO N. & C.;PF0166070/20XP61050;70/2 ELAS RIT PA 6 - FUXIA E 49;KG;27,8800001144409;220,25
EMMETEX ITALIA SNC DI MARMO N. & C.;PF0166070/20XP61051;70/2 ELAS RIT PA 6 - CICLAMINO E 53;KG;27,2999992370605;218,4
EMMETEX ITALIA SNC DI MARMO N. & C.;PF0166070/20XP61052;70/2 ELAS RIT PA 6 - BLUE PATRIOT;KG;938,359998822212;7506,88
EMMETEX ITALIA SNC DI MARMO N. & C.;PF0166070/20XP61053;70/2 ELAS RIT PA 6 - BLEU E 11;KG;213,220000267029;1705,76
EMMETEX ITALIA SNC DI MARMO N. & C.;PF0166070/20XP61054;70/2 ELAS RIT PA 6 - GIALLO SOLE E 77;KG;40,5600004196167;324,48
EMMETEX ITALIA SNC DI MARMO N. & C.;PF0166070/20XP61055;70/2 ELAS RIT PA 6 - E 63 ACCIAIO;KG;101,690001130104;813,52
EMMETEX ITALIA SNC DI MARMO N. & C.;PF0166070/20XP61057;70/2 ELAS RIT PA 6 - ROSSO CAMPIONE;KG;206,69000005722;1653,52
EMMETEX ITALIA SNC DI MARMO N. & C.;PF0166070/20XP61058;70/2 ELAS RIT PA 6 - E 66 ROYAL;KG;187,109997749329;1496,88
EMMETEX ITALIA SNC DI MARMO N. & C.;PF0166070/20XP61059;70/2 ELAS RIT PA 6 - ARANCIO 16-1359 TCX;KG;37,5300006866455;300,24
EMMETEX ITALIA SNC DI MARMO N. & C.;PF0166070/20XP61060;70/2 ELAS RIT PA 6 - INDACO DI CHIO;KG;94,2299993038177;753,84
EMMETEX ITALIA SNC DI MARMO N. & C.;PF0166070/20XP61061;70/2 ELAS RIT PA 6 - BLU JEANS DI CHIO;KG;88,9300003051758;711,44
EMMETEX ITALIA SNC DI MARMO N. & C.;PF0166070/20XP61062;70/2 ELAS RIT PA 6 - BORDO' DI CHIO;KG;68,9100008010864;551,28
EMMETEX ITALIA SNC DI MARMO N. & C.;PF0166070/20XP61063;70/2 ELAS RIT PA 6 - E 4 ANTRACITE;KG;50,4600009918213;403,68
EMMETEX ITALIA SNC DI MARMO N. & C.;PF0166706700INY1007;78/2 MELANGE INTERLACCIATO PA 6.6 - GRIGIO MELANGE SCURO;KG;591,129999637604;6228,37
EMMETEX ITALIA SNC DI MARMO N. & C.;PF0166706700INY1043;78/2 MELANGE INTERLACCIATO PA 6.6 - GRIGIO MEL 01/2016;KG;234,540000915527;2486,12
DAVIDE RICUPERATI S.N.C.;;;;;
DAVIDE RICUPERATI S.N.C.;PF0173100/20X661000;100/2 ELAS RIT PA 66 - GREGGIO;KG;108,900001049042;827,63
MARA DI RIVABEN LUCA & C. S.N.C.;;;;;
MARA DI RIVABEN LUCA & C. S.N.C.;PF0176070/20X661000;70/2 ELAS RIT PA 66 - BEIGE 989;KG;119,069999694824;1166,69
MARA DI RIVABEN LUCA & C. S.N.C.;PF0176070/20X661001;70/2 ELAS RIT PA 66 - BIANCO;KG;34,0900011062622;328,97
CATEX SRL;;;;;
CATEX SRL;PF0180786820X661019;78/68/2  RIT PA 66 - 13174 BLU;KG;32,7300004959106;386,22
TRERE' INNOVATION S.R.L.;;;;;
TRERE' INNOVATION S.R.L.;PF0309030/204661098;30/2 ELAS CUC PA 66 - ROYAL BLUE 19-3955;KG;139,599998444319;2268,53
TRERE' INNOVATION S.R.L.;PF0309030/204661099;30/2 ELAS CUC PA 66 - MAZARINE BLUE 19-3864;KG;74,4499999582767;1209,84
TRERE' INNOVATION S.R.L.;PF0309040/20X661097;40/2 ELAS RIT PA 66 - MAUVE MIST 15-3207;KG;0,680000007152557;6,6
TRERE' INNOVATION S.R.L.;PF0309040/20X661098;40/2 ELAS RIT PA 66 - ROYAL BLUE 19-3955;KG;176,919998407364;1716,11
TRERE' INNOVATION S.R.L.;PF0309040/20X661099;40/2 ELAS RIT PA 66 - MAZARINE BLUE 19-3864;KG;102,490000188351;994,15
TRERE' INNOVATION S.R.L.;PF0309070/20IP61093;70/2 ELAS INT. PA 6 - BLU TECNO;KG;0,800000011920929;6,8
TRERE' INNOVATION S.R.L.;PF0309070/20XP61035;70/2 ELAS RIT PA 6 - DIVA BLUE;KG;19,2399998903275;163,55
TRERE' INNOVATION S.R.L.;PF0309070/20XP61049;70/2 ELAS RIT PA 6 - DEEP BLUE 19-3847;KG;0,860000014305115;7,31
TRERE' INNOVATION S.R.L.;PF0309070/20XP61062;70/2 ELAS RIT PA 6 - SUPER PINK 17-2625;KG;8,80000019073486;74,8
TRERE' INNOVATION S.R.L.;PF0309070/20XP61090;70/2 ELAS RIT PA 6 - MELLOW MAUVE 17-1612 TPX;KG;0,889999985694885;7,57
TRERE' INNOVATION S.R.L.;PF0309070/20XP61092;70/2 ELAS RIT PA 6 - GREY YORK;KG;0,629999995231628;5,36
TRERE' INNOVATION S.R.L.;PF0309070/20XP61093;70/2 ELAS RIT PA 6 - BLU TECNO;KG;0,759999990463257;6,46
TRERE' INNOVATION S.R.L.;PF0309070/20XP61094;70/2 ELAS RIT PA 6 - NERO TECNO PE;KG;0,699999988079071;5,95
TRERE' INNOVATION S.R.L.;PF0309070/20XP61096;70/2 ELAS RIT PA 6 - DKT E08A RED;KG;3,63000011444092;30,86
TRERE' INNOVATION S.R.L.;PF0309070/20XP61097;70/2 ELAS RIT PA 6 - MAUVE MIST 15-3207;KG;0,720000028610229;6,12
TRERE' INNOVATION S.R.L.;PF0309070/20XP61101;70/2 ELAS RIT PA 6 - CIPRESSO 2602;KG;0,629999995231628;5,36
TRERE' INNOVATION S.R.L.;PF0309070/30XP61039;70/3 ELAS RIT PA 6 - FRENCH BLUE 18-4140;KG;136,149999022484;1211,74
TRERE' INNOVATION S.R.L.;PF0309070/30XP61047;70/3 ELAS RIT PA 6 - GERANIUM 17-1753;KG;54,8299999237061;487,99
TRERE' INNOVATION S.R.L.;PF0309070/30XP61060;70/3 ELAS RIT PA 6 - GREEN WATER 146;KG;220,549999952316;1874,72
TRERE' INNOVATION S.R.L.;PF0309070/30XP61068;70/3 ELAS RIT PA 6 - FUSION CORAL 16-1543;KG;61,4399995803833;522,25
TRERE' INNOVATION S.R.L.;PF0309070/30XP61083;70/3 ELAS RIT PA 6 - FIERY RED 18-1664;KG;1266,09999656677;10805,58
TRERE' INNOVATION S.R.L.;PF0309070/30XP61085;70/3 ELAS RIT PA 6 - SULPHUR SPRING 13-0650;KG;44,2600002288818;393,92
TRERE' INNOVATION S.R.L.;PF0309070/30XP61087;70/3 ELAS RIT PA 6 - SULPHUR 14-0755;KG;223,949998855591;1993,16
TRERE' INNOVATION S.R.L.;PF0309070/30XP61088;70/3 ELAS RIT PA 6 - CONCORD GRAPE 18-3218;KG;224,539999008179;1998,43
TRERE' INNOVATION S.R.L.;PF0309070/30XP61089;70/3 ELAS RIT PA 6 - ORANGE 944;KG;1745,92000192404;14840,74
TRERE' INNOVATION S.R.L.;PF0309070/30XP61090;70/3 ELAS RIT PA 6 - MELLOW MAUVE 17-1612 TPX;KG;0,699999988079071;5,95
TRERE' INNOVATION S.R.L.;PF0309070/30XP61091;70/3 ELAS RIT PA 6 -  CHINOIS GREEN 17-5107 TPX;KG;0,529999971389771;4,51
TRERE' INNOVATION S.R.L.;PF0309070/30XP61095;70/3 ELAS RIT PA 6 - DKT N08A GREY;KG;9,14000004529953;81,34
TRERE' INNOVATION S.R.L.;PF0309070/30XP61096;70/3 ELAS RIT PA 6 - DKT E08A RED;KG;0,800000011920929;7,12
TRERE' INNOVATION S.R.L.;PF0309070/30XP61098;70/3 ELAS RIT PA 6 - ROYAL BLUE 19-3955;KG;3160,45000141859;26864,78
TRERE' INNOVATION S.R.L.;PF0309070/30XP61099;70/3 ELAS RIT PA 6 - MAZARINE BLUE 19-3864;KG;1705,96999716759;14501,18
TRERE' INNOVATION S.R.L.;PF0309070/30XP61100;70/3 ELAS RIT PA 6 - VIBRANT GREEN 16-6339;KG;1,58000004291534;14,06
TRERE' INNOVATION S.R.L.;PF0309070/30XP61102;70/3 ELAS RIT PA 6 - CORAL FLUO 26N;KG;11,8800001144409;100,98
TRERE' INNOVATION S.R.L.;PF0309070/40XP61039;70/4 ELAS RIT PA 6 - FRENCH BLUE 18-4140;KG;44,200000166893;402,21
TRERE' INNOVATION S.R.L.;PF0309070/40XP61040;70/4 ELAS RIT PA 6 - RASPBERRY PINK FLUO;KG;365,839998662472;3329,18
TRERE' INNOVATION S.R.L.;PF0309070/40XP61047;70/4 ELAS RIT PA 6 - GERANIUM 17-1753;KG;49,599999666214;451,36
TRERE' INNOVATION S.R.L.;PF0309070/40XP61070;70/4 ELAS RIT PA 6 - CARDINALE E 58;KG;161,209998130798;1467,01
TRERE' INNOVATION S.R.L.;PR03090006;;;0;13,07
Calzificio SA.BA Snc;;;;;
Calzificio SA.BA Snc;PF0325070/20X661011;70/2 ELAS RIT PA 66 - NERO;KG;6,15000009536743;53,51
DUE GALLI SRL Socio Unico;;;;;
DUE GALLI SRL Socio Unico;PF0337060/20X661000;60/2 ELAS RIT PA 66 - NERO 103;KG;50,5400004386902;571,09
DUE GALLI SRL Socio Unico;PF0337060/20X661001;60/2 ELAS RIT PA 66 - BLU;KG;38,6399992108345;436,64
DUE GALLI SRL Socio Unico;PF0337060/20X661004;60/2 ELAS RIT PA 66 - NOCE;KG;35,8699998855591;405,33
DUE GALLI SRL Socio Unico;PF0337100/20X661004;100/2 ELAS RIT PA 66 - NOCE;KG;6,07000017166138;63,43
CALZIFICIO PEZZINI SRL;;;;;
CALZIFICIO PEZZINI SRL;PF0341030/20X661016;30/2 ELAS RIT PA 66 - CICLAMINO A CAMPIONE;KG;1,82000005245209;29,12
CALZIFICIO PEZZINI SRL;PF0341030/20X661023;30/2 ELAS RIT PA 66 - CENERE;KG;6,04000005125999;98,15
CALZIFICIO PEZZINI SRL;PF0341040/20XP61000;40/2 ELAS RIT PA 6 - E03 NERO;KG;314,999996542931;3109,87
CALZIFICIO PEZZINI SRL;PF0341040/20XP61003;40/2 ELAS RIT PA 6 - E01 BIANCO;KG;70,8499984741211;704,96
CALZIFICIO PEZZINI SRL;PF0341040/20XP61005;40/2 ELAS RIT PA 6 - E 21 MORO;KG;12,6000003814697;122,22
CALZIFICIO PEZZINI SRL;PF0341040/20XP61007;40/2 ELAS RIT PA 6 - GRIFONE E 93;KG;106,100001335144;1047,08
CALZIFICIO PEZZINI SRL;PF0341040/20XP61017;40/2 ELAS RIT PA 6 - SMERALDO;KG;15,7700004577637;156,91
CALZIFICIO PEZZINI SRL;PF0341040/20XP61023;40/2 ELAS RIT PA 6 - CENERE;KG;20,0999999046326;200
CALZIFICIO PEZZINI SRL;PF0341070/20XP61002;70/2 ELAS RIT PA 6 - LILAS CLAIR;KG;36,9400007724762;319,53
CALZIFICIO PEZZINI SRL;PF0341070/20XP61016;70/2 ELAS RIT PA 6 - CICLAMINO A CAMPIONE;KG;91,1999998092651;777,22
CALZIFICIO PEZZINI SRL;PF0341070/20XP61019;70/2 ELAS RIT PA 6 - AVIO V 150;KG;34,2699995040894;296,44
CALZIFICIO PEZZINI SRL;PF0341070/20XP61022;70/2 ELAS RIT PA 6 - BALLERINA;KG;86,529999256134;748,49
CALZIFICIO PEZZINI SRL;PF0341070/20XP61024;70/2 ELAS RIT PA 6 - AZZURRO;KG;48,1000003814697;416,06
FILBOFLEX S.R.L.;;;;;
FILBOFLEX S.R.L.;PF0343040/10A661000;40/1 ELAS APE PA 66 - GRIGIO PALATINO;KG;34,3700003623962;515,55
(NON USARE) - REAL KNITTING DOO;;;;;
(NON USARE) - REAL KNITTING DOO;PF0345060/20X661000;60/2 ELAS RIT PA 66 - GREGGIO;KG;3145,24000251293;25326,56
(NON USARE) - REAL KNITTING DOO;PF0345060/20X661007;60/2 ELAS RIT PA 66 - CAPPUCCINO FLIRT;KG;30,1599998474121;340,81
(NON USARE) - REAL KNITTING DOO;PF0345060/20X661008;60/2 ELAS RIT PA 66 - FUMO FLIRT;KG;31,8799991607666;360,25
(NON USARE) - REAL KNITTING DOO;PF0345060/20X661013;60/2 ELAS RIT PA 66 - MIELE FLIRT;KG;296,900001108646;3355
(NON USARE) - REAL KNITTING DOO;PF0345060/20X661019;60/2 ELAS RIT PA 66 - CARAMELLO;KG;298,389999389648;3371,81
(NON USARE) - REAL KNITTING DOO;PF0345060/20X661023;60/2 ELAS RIT PA 66 - DAINO GLAMOUR;KG;276,589997112751;3125,47
CALZE HORUS di Paiano Quintino;;;;;
CALZE HORUS di Paiano Quintino;PF0349040/20X661000;40/2 ELAS RIT PA 66 - BLU MIDNIGHT 87298/111;KG;45,2800009250641;448,28
CALZE HORUS di Paiano Quintino;PF0349040/20X661002;40/2 ELAS RIT PA 66 - NERO;KG;44,5999999046326;441,53
CALZIFICIO ANSON SNC di Verardi Vito, Anna e Sonia;;;;;
CALZIFICIO ANSON SNC di Verardi Vito, Anna e Sonia;PF0352070/20XP61005;70/2 ELAS RIT PA 6 - MAZARINE BLUE 18-3949 TCX;KG;8,15999984741211;69,36
CALZIFICIO ANSON SNC di Verardi Vito, Anna e Sonia;PF0352070/20XP61006;70/2 ELAS RIT PA 6 - HOT CORAL FLUO 17-1656 TPX;KG;72,2700004577637;614,3
CALZIFICIO ANSON SNC di Verardi Vito, Anna e Sonia;PF0352070/20XP61007;70/2 ELAS RIT PA 6 - SULPHUR SPRING 13-0660 TPX;KG;126,179999351501;1072,56
CALZIFICIO ANSON SNC di Verardi Vito, Anna e Sonia;PF0352070/20XP61009;70/2 ELAS RIT PA 6 - TURCHESE 4562;KG;47,8999996185303;407,16
CALZIFICIO ANSON SNC di Verardi Vito, Anna e Sonia;PF0352070/30XP61000;70/3 ELAS RIT PA 6 - NERO;KG;18,6099996566772;148,88
CALZIFICIO ANSON SNC di Verardi Vito, Anna e Sonia;PF0352070/30XP61008;70/3 ELAS RIT PA 6 - VERDE 16-6340;KG;45,279999256134;384,88
CALZIFICIO ANSON SNC di Verardi Vito, Anna e Sonia;PF0352100/20XP61005;100/2 ELAS RIT PA 6 - MAZARINE BLUE 18-3949 TCX;KG;2,03999996185303;17,34
CALZIFICIO ANSON SNC di Verardi Vito, Anna e Sonia;PF0352110240ITP1000;110/24x2 INTER E RIT PA6 TINTO PASTA - NERO;KG;21,5;152,65
CALZIFICIO ANSON SNC di Verardi Vito, Anna e Sonia;PF0352110240ITP1002;110/24x2 INTER E RIT PA6 TINTO PASTA - CANDIDO;KG;91,9700005054474;647,23
CALZIFICIO ANSON SNC di Verardi Vito, Anna e Sonia;PF0352227010AP61005;LYCRA+PA6 (22+ 078 TINTO) 85 DTX - MAZARINE BLUE 18-3949 TCX;KG;9,42000007629395;178,98
CALZIFICIO ANSON SNC di Verardi Vito, Anna e Sonia;PF0352781820ITP1010;78/18X2 INT. PA6 TINTO PASTA - TP BRONZO 1024;KG;43;258
CALZIFICIO ANSON SNC di Verardi Vito, Anna e Sonia;PF0352781820ITP1011;78/18X2 INT. PA6 TINTO PASTA - TP GRIGIO MEDIO 1022;KG;22,3899993896484;134,34
CALZIFICIO ANSON SNC di Verardi Vito, Anna e Sonia;PF0352781820ITP1012;78/18X2 INT. PA6 TINTO PASTA - TP INDACO 1028;KG;22,6399993896484;135,84
CALZIFICIO ANSON SNC di Verardi Vito, Anna e Sonia;PF0352784620XTC1001;78/46/2 ELAS RIT TACTEL - CANDIDO;KG;15,25;179,95
CALZIFICIO ANSON SNC di Verardi Vito, Anna e Sonia;PF0352784620XTC1004;78/46/2 ELAS RIT TACTEL - NERO;KG;19,0500001907349;224,79
CALZIFICIO ANSON SNC di Verardi Vito, Anna e Sonia;PF0352784620XTC1005;78/46/2 ELAS RIT TACTEL - MAZARINE BLUE 18-3949 TCX;KG;9,39999961853027;110,92
(NON USARE) CALZIFICIO CHIARA di Giannelli Marco;;;;;
(NON USARE) CALZIFICIO CHIARA di Giannelli Marco;PF0359070/30XP61003;70/3 ELAS RIT PA 6 - COBALTO FLUO;KG;0,899999976158142;8,1
(NON USARE) CALZIFICIO CHIARA di Giannelli Marco;PF0359070/30XP61004;70/3 ELAS RIT PA 6 - E 33 ROSSO;KG;46,0700001716614;414,63
(NON USARE) CALZIFICIO CHIARA di Giannelli Marco;PF0359781820ITP1006;78/18X2 INT. PA6 TINTO PASTA - OCEANO 1041;KG;82,7800006866455;538,08
(NON USARE) CALZIFICIO CHIARA di Giannelli Marco;PF0359781820ITP1007;78/18X2 INT. PA6 TINTO PASTA - GRIGIO MEDIO 1022;KG;22,1599998474121;144,04
(NON USARE) CALZIFICIO CHIARA di Giannelli Marco;PF0359781820ITP1008;78/18X2 INT. PA6 TINTO PASTA - NERO 1000;KG;86,9099998474121;495,38
(NON USARE) CALZIFICIO CHIARA di Giannelli Marco;PR03590006;;;0;0,45
DEA DI GRAZIELLA FRANCIOSO;;;;;
DEA DI GRAZIELLA FRANCIOSO;PF0376070/20IP61000;70/2 ELAS INT. PA 6 - GREGGIO;KG;1106,21001338959;5334,76
INTERSOCKS S.R.L. a Socio Unico;;;;;
INTERSOCKS S.R.L. a Socio Unico;PF03880078301661041;78/2 ELAS FIAMMATO BINATO PA 66 - 38169 GREY/BLACK;KG;12,0000002384186;168
INTERSOCKS S.R.L. a Socio Unico;PF03880078301661042;78/2 ELAS FIAMMATO BINATO PA 66 - 38168 SURF THE WEB/BLACK;KG;13,860000371933;194,04
INTERSOCKS S.R.L. a Socio Unico;PF03880078301661043;78/2 ELAS FIAMMATO BINATO PA 66 - 38167 BEETROOT PURPLE/WHITE;KG;14,299999833107;200,2
INTERSOCKS S.R.L. a Socio Unico;PF03880078I0I661025;78/68/1 INNERGY INT. PA 66 - 2012 GRIGIO MEDIO;KG;16,2299995422363;340,83
INTERSOCKS S.R.L. a Socio Unico;PF03880078I0I661026;78/68/1 INNERGY INT. PA 66 - 2223 OLTREMARE;KG;15,2200002670288;319,62
INTERSOCKS S.R.L. a Socio Unico;PF0388070/10A661024;70/1 ELAS APE PA 66 - 37362 GRIGIO CHIARO G396;KG;21,1500000953674;211,5
INTERSOCKS S.R.L. a Socio Unico;PF0388070/10A661032;70/1 ELAS APE PA 66 - 38028 DARK ROSA R041;KG;15,6200003623962;156,2
INTERSOCKS S.R.L. a Socio Unico;PF0388070/10A661035;70/1 ELAS APE PA 66 - 38096 PRUGNA 8158 P104;KG;12,1499996185303;121,5
INTERSOCKS S.R.L. a Socio Unico;PF0388070/20XP61002;70/2 ELAS RIT PA 6 - 37059 SULPHUR SPRING;KG;15,2599997520447;134,29
INTERSOCKS S.R.L. a Socio Unico;PF0388070/20XP61012;70/2 ELAS RIT PA 6 - 37243 FATHOM J011;KG;14,5500001907349;125,13
INTERSOCKS S.R.L. a Socio Unico;PF0388070/20XP61022;70/2 ELAS RIT PA 6 - 37659 ADRIATICO A601;KG;14,9899997711182;128,91
INTERSOCKS S.R.L. a Socio Unico;PF0388070/20XP61023;70/2 ELAS RIT PA 6 - 37658 VINTAGE RED R385;KG;15,0200004577637;129,17
INTERSOCKS S.R.L. a Socio Unico;PF0388070/20XP61031;70/2 ELAS RIT PA 6 - 37223 SCARLET R210;KG;14,7000005245209;130,83
INTERSOCKS S.R.L. a Socio Unico;PF0388070/20XP61033;70/2 ELAS RIT PA 6 - 38029 TOBACCO T013;KG;15,3000001907349;136,17
INTERSOCKS S.R.L. a Socio Unico;PF0388070/20XP61034;70/2 ELAS RIT PA 6 - 38030 MARRONE SADDLE M092;KG;14,3699998855591;127,9
INTERSOCKS S.R.L. a Socio Unico;PF0388070/30XFL1046;70/3 ELAS RIT FLEXY PA 6 - 37566 ROSA HORTENSIA 8124 R046;KG;19,5700006484985;172,22
INTERSOCKS S.R.L. a Socio Unico;PF0388070/30XP61008;70/3 ELAS RIT PA 6 - 37386 GERANIO V073;KG;15,3299999237061;134,9
INTERSOCKS S.R.L. a Socio Unico;PF0388070/30XP61030;70/3 ELAS RIT PA 6 - 37771 SULPHUR SPRING G029;KG;15,0800004005432;131,2
INTERSOCKS S.R.L. a Socio Unico;PF0388070/30XP61031;70/3 ELAS RIT PA 6 - 37223 SCARLET R210;KG;15,1500005722046;133,32
INTERSOCKS S.R.L. a Socio Unico;PF0388070/30XP61036;70/3 ELAS RIT PA 6 - 36935 AZZURRO TURCHESE A106;KG;10,9700004458427;96,54
INTERSOCKS S.R.L. a Socio Unico;PF0388070/30XP61037;70/3 ELAS RIT PA 6 - 38039 SALMONE FLUO S024;KG;16,2300000190735;142,82
INTERSOCKS S.R.L. a Socio Unico;PF0388070/30XP61044;70/3 ELAS RIT PA 6 - 38027 SCARLET R210;KG;15,960000038147;140,45
INTERSOCKS S.R.L. a Socio Unico;PF0388070/30XP61045;70/3 ELAS RIT PA 6 - 37025 ROSA AZALEA F005;KG;15,5600004196167;136,93
INTERSOCKS S.R.L. a Socio Unico;PF0388784630I661020;78/46/3 ELAS INT. PA 66 - 37109 NERO;KG;3,73000001907349;55,2
INTERSOCKS S.R.L. a Socio Unico;PF0388786820X661027;78/68/2  RIT PA 66 - 37849 CORALICIUS C169;KG;13,9499998092651;163,22
INTERSOCKS S.R.L. a Socio Unico;PF0388786820X661028;78/68/2  RIT PA 66 - 37850 LAKE BLUE V300;KG;16,3500003814697;191,3
INTERSOCKS S.R.L. a Socio Unico;PF0388786820X661029;78/68/2  RIT PA 66 - 37857 SULPHUR SPRING G029;KG;14,9899997711182;175,38
INTERSOCKS S.R.L. a Socio Unico;PF0388786820X661038;78/68/2  RIT PA 66 - 38110 IRON CLAD B107;KG;15,9300003051758;187,97
INTERSOCKS S.R.L. a Socio Unico;PF0388786820X661039;78/68/2  RIT PA 66 - 38111 PEACOAT B102;KG;17,7300000190735;209,22
INTERSOCKS S.R.L. a Socio Unico;PF0388786820X661040;78/68/2  RIT PA 66 - 38109 CARDVAN B266;KG;16,650000333786;196,47
INTERSOCKS S.R.L. a Socio Unico;PR03880006;;;0;8,12
PIZETA FASHION SRL;;;;;
PIZETA FASHION SRL;PF039867/200K661000;67/20 LISCIO VOILE RIT 450Z PA 66 - BLU SCURO 145;KG;14,5499995946884;202,24
PIZETA FASHION SRL;PF039867/200K661002;67/20 LISCIO VOILE RIT 450 GIRI PA 66 - NERO 002;KG;12,6300001144409;175,56
BEST CALZE S.R.L.;;;;;
BEST CALZE S.R.L.;PF0399070/20IP61011;70/2 ELAS INT. PA 6 - GREGGIO;KG;243,349999427795;1016,77
GEVAERT BANDWEVERIJ NV;;;;;
GEVAERT BANDWEVERIJ NV;PF0420040/20X661007;40/2 ELAS RIT PA 66 - BLACK;KG;185,280000209808;1926,92
GEVAERT BANDWEVERIJ NV;PF0420040/20X661009;40/2 ELAS RIT PA 66 - DONKERGROEN 63;KG;55,7600002288818;579,91
GEVAERT BANDWEVERIJ NV;PF0420070/20X661000;70/2 ELAS RIT PA 66 - DONKERGRIJS 241;KG;694,180001795292;6178,25
GEVAERT BANDWEVERIJ NV;PF0420070/20X661005;70/2 ELAS RIT PA 66 - GREY DIM;KG;1964,4300069809;17483,44
GEVAERT BANDWEVERIJ NV;PF0420070/20X661006;70/2 ELAS RIT PA 66 - GRIJS 223;KG;187,96000123024;1672,84
GEVAERT BANDWEVERIJ NV;PF0420070/20X661007;70/2 ELAS RIT PA 66 - BLACK;KG;1470,72000181675;13089,5
GEVAERT BANDWEVERIJ NV;PF0420070/20X661008;70/2 ELAS RIT PA 66 - NAVY 242;KG;686,190001726151;6107,15
GEVAERT BANDWEVERIJ NV;PF0420070/20X661010;70/2 ELAS RIT PA 66 - 31B;KG;30,1900010108948;268,69
CALZIFICIO PRISCO SRL;;;;;
CALZIFICIO PRISCO SRL;PF0424040/20X661000;40/2 ELAS RIT PA 66 - BLU;KG;81,7899994850159;1079,63
CALZIFICIO PRISCO SRL;PF0424040/20X661004;40/2 ELAS RIT PA 66 - CASPIO;KG;28,7200002670288;381,98
CALZIFICIO PRISCO SRL;PF0424040/20X661012;40/2 ELAS RIT PA 66 - NERO;KG;78,019998729229;1029,87
CALZIFICIO PRISCO SRL;PF0424040/20X661019;40/2 ELAS RIT PA 66 - ANTRACITE;KG;132,850001454353;1762,78
CALZIFICIO PRISCO SRL;PF0424040/20X661020;40/2 ELAS RIT PA 66 - NAVY;KG;53,4499998092651;689,51
CALZIFICIO PRISCO SRL;PF0424040/20X661021;40/2 ELAS RIT PA 66 - COMETA;KG;33,2600002288818;429,05
CALZIFICIO PRISCO SRL;PF0424040/20X661027;40/2 ELAS RIT PA 66 - OMBRA;KG;51,7100005149841;682,57
CALZIFICIO PRISCO SRL;PF0424040/20X661028;40/2 ELAS RIT PA 66 - FUME';KG;25,5699998140335;340,09
CALZIFICIO PRISCO SRL;PF0424040/20X661031;40/2 ELAS RIT PA 66 - TOPO;KG;52,3999993801117;691,67
CALZIFICIO PRISCO SRL;PF0424040/20X661038;40/2 ELAS RIT PA 66 - JEANS NUOVO 671;KG;33,0199992656708;435,86
CALZIFICIO PRISCO SRL;PF0424040/20X661039;40/2 ELAS RIT PA 66 - MARINS;KG;29,9500002861023;398,34
CALZIFICIO PRISCO SRL;PF0424040/20X661044;40/2 ELAS RIT PA 66 - CANDIDO;KG;100,370000839233;1321,68
CALZIFICIO PRISCO SRL;PF0424040/20X661048;40/2 ELAS RIT PA 66 - BORDO';KG;27,349999666214;363,75
CALZIFICIO PRISCO SRL;PF0424040/20X661049;40/2 ELAS RIT PA 66 - GRIGIO 7;KG;31,1600003242493;414,44
CALZIFICIO PRISCO SRL;PF0424040/20X661057;40/2 ELAS RIT PA 66 - MOSTO;KG;15,2399997711182;196,6
CALZIFICIO PRISCO SRL;PF0424040/20X661060;40/2 ELAS RIT PA 66 - E 4 ANTRACITE;KG;31,3000001907349;413,16
CALZIFICIO PRISCO SRL;PF0424040/20X661064;40/2 ELAS RIT PA 66 - AMARANTO;KG;21,039999961853;279,83
CALZIFICIO PRISCO SRL;PF0424070/10A661044;70/1 ELAS APE PA 66 - CANDIDO;KG;50,4300001859665;499,26
CALZIFICIO PRISCO SRL;PF0424070/10AP61000;70/1 ELAS APE PA 6 - BLU;KG;295,579997956753;2364,64
CALZIFICIO PRISCO SRL;PF0424070/10AP61012;70/1 ELAS APE PA 6 - NERO;KG;495,70999994874;3965,68
CALZIFICIO PRISCO SRL;PF0424070/20X661000;70/2 ELAS RIT PA 66 - BLU;KG;240,859999716282;2324,31
CALZIFICIO PRISCO SRL;PF0424070/20X661004;70/2 ELAS RIT PA 66 - CASPIO;KG;45,0099999904633;434,35
CALZIFICIO PRISCO SRL;PF0424070/20X661012;70/2 ELAS RIT PA 66 - NERO;KG;86,8200001716614;803,09
CALZIFICIO PRISCO SRL;PF0424070/20X661020;70/2 ELAS RIT PA 66 - NAVY;KG;30,1400003433228;290,85
CALZIFICIO PRISCO SRL;PF0424070/20X661028;70/2 ELAS RIT PA 66 - FUME';KG;87,6899991035461;846,21
CALZIFICIO PRISCO SRL;PF0424070/20X661031;70/2 ELAS RIT PA 66 - TOPO;KG;42,3900010585785;409,07
CALZIFICIO PRISCO SRL;PF0424070/20X661044;70/2 ELAS RIT PA 66 - CANDIDO;KG;311,389998674393;2995,08
CALZIFICIO PRISCO SRL;PF0424070/20X661059;78/2 FIL ELAS RITORTO PA 66 - NERO;KG;90,9700009822845;454,85
CALZIFICIO PRISCO SRL;PF0424070/20X661061;70/2 ELAS RIT PA 66 - GRIGIO 650;KG;20,129999756813;194,25
CALZIFICIO PRISCO SRL;PF0424070/20X661062;70/2 ELAS RIT PA 66 - MARE 319;KG;21,8099992275238;210,47
CALZIFICIO PRISCO SRL;PF0424070/20X661063;70/2 ELAS RIT PA 66 - BEGONIA 12;KG;20,2600002288818;195,51
CALZIFICIO PRISCO SRL;PF0424070/20X661065;70/2 ELAS RIT PA 66 - UVA 1930;KG;21,9699995517731;212,01
CALZIFICIO PRISCO SRL;PF0424070/20X661066;70/2 ELAS RIT PA 66 - PERLA 3063;KG;29,7999995946884;287,58
CALZIFICIO PRISCO SRL;PF0424442EL0X661000;44/2 ELAS RIT PA 66 - BLU;KG;179,060001730919;1432,48
CALZIFICIO PRISCO SRL;PF0424442EL0X661012;44/2 ELAS RIT PA 66 - NERO;KG;348,609999656677;2788,88
CALZIFICIO PRISCO SRL;PF0424563410S661001;56/34/1 FLEXY RIT SIN PA 66 - GHIAIA;KG;17,2600002288818;239,91
CALZIFICIO PRISCO SRL;PF0424563410S661003;56/34/1 FLEXY RIT SIN PA 66 - INDACO;KG;24,210000038147;326,84
CALZIFICIO PRISCO SRL;PF0424563410S661007;56/34/1 FLEXY RIT SIN PA 66 - MARINE 153;KG;22,3799991607666;302,13
CALZIFICIO PRISCO SRL;PF0424563410S661008;56/34/1 FLEXY RIT SIN PA 66 - COLLEGE;KG;243,599999338388;3382,17
CALZIFICIO PRISCO SRL;PF0424563410S661009;56/34/1 FLEXY RIT SIN PA 66 - NERO;KG;250,189999341965;3473,88
CALZIFICIO PRISCO SRL;PF0424563410S661011;56/34/1 FLEXY RIT SIN PA 66 - ACCIAIO;KG;28,9500002861023;402,4
CALZIFICIO PRISCO SRL;PF0424563410S661016;56/34/1 FLEXY RIT SIN PA 66 - ANTRACITE;KG;69,0199996232986;956,39
CALZIFICIO PRISCO SRL;PF0424563410S661017;56/34/1 FLEXY RIT SIN PA 66 - FUME';KG;75,0399997234344;1037,28
CALZIFICIO PRISCO SRL;PF0424563410S661018;56/34/1 FLEXY RIT SIN PA 66 - OCEANO;KG;23,2200002670288;322,76
CALZIFICIO PRISCO SRL;PF0424563410S661030;56/34/1 FLEXY RIT SIN PA 66 - CASPIO;KG;113,939999699593;1581,26
CALZIFICIO PRISCO SRL;PF0424563410S661033;56/34/1 FLEXY RIT SIN PA 66 - PRINCIPE;KG;60,5500001907349;833
CALZIFICIO PRISCO SRL;PF0424563410S661038;56/34/1 FLEXY RIT SIN PA 66 - JEANS NUOVO 671;KG;62,6000000834465;867,07
CALZIFICIO PRISCO SRL;PF0424563410S661041;56/34/1 FLEXY RIT SIN PA 66 - OLIMPO;KG;17,3100004196167;233,69
CALZIFICIO PRISCO SRL;PF0424563410S661054;56/34/1 FLEXY RIT SIN PA 66 - CARDINALE;KG;22,6099996566772;305,24
CALZIFICIO PRISCO SRL;PF0424563410S661055;56/34/1 FLEXY RIT SIN PA 66 - DOSSIER;KG;21,6300001144409;292,01
CALZIFICIO PRISCO SRL;PF0424563410S661058;56/34/1 FLEXY RIT SIN PA 66 - GRIGIO NORD;KG;18,5199999809265;255,58
CALZIFICIO PRISCO SRL;PF0424563410S661067;56/34/1 FLEXY RIT SIN PA 66 - TWIN;KG;21,1999998092651;294,69
CALZIFICIO PRISCO SRL;PF0424784610XTC1013;78/46/1 ELAS RIT TACTEL - NERO;KG;152,240000665188;2192,27
CALZIFICIO PRISCO SRL;PF0424851TA0IEX1001;85/92/1 TACTEL INT. FLEXI PA 66 - GHIAIA;KG;150,460000157356;2162,01
CALZIFICIO PRISCO SRL;PF0424851TA0IEX1002;85/92/1 TACTEL INT. FLEXI PA 66 - CANDIDO;KG;334,360001087189;4794,56
CALZIFICIO PRISCO SRL;PF0424851TA0IEX1008;85/92/1 TACTEL INT. FLEXI PA 66 - COLLEGE;KG;528,220001459122;7596,3
CALZIFICIO PRISCO SRL;PF0424851TA0IEX1011;85/92/1 TACTEL INT. FLEXI PA 66 - ACCIAIO;KG;30,3400001525879;436,9
CALZIFICIO PRISCO SRL;PF0424851TA0IEX1013;85/92/1 TACTEL INT. FLEXI PA 66 - NERO;KG;867,5500010252;12479,61
CALZIFICIO PRISCO SRL;PF0424851TA0IEX1014;85/92/1 TACTEL INT. FLEXI PA 66 - FUME';KG;90,3899998664856;1301,6
CALZIFICIO PRISCO SRL;PF0424851TA0IEX1018;85/92/1 TACTEL INT. FLEXI PA 66 - OCEANO;KG;27,9600005149841;402,63
CALZIFICIO PRISCO SRL;PF0424851TA0IEX1023;85/92/1 TACTEL INT. FLEXI PA 66 - PINO;KG;36,1499996185303;520,56
CALZIFICIO PRISCO SRL;PF0424851TA0IEX1024;85/92/1 TACTEL INT. FLEXI PA 66 - ANTRACITE;KG;214,380001842976;3083,23
CALZIFICIO PRISCO SRL;PF0424851TA0IEX1026;85/92/1 TACTEL INT. FLEXI PA 66 - MARRONE;KG;138,709998846054;1987,79
CALZIFICIO PRISCO SRL;PF0424851TA0IEX1030;85/92/1 TACTEL INT. FLEXI PA 66 - CASPIO;KG;111,239999890327;1595,61
CALZIFICIO PRISCO SRL;PF0424851TA0IEX1034;85/92/1 TACTEL INT. FLEXI PA 66 - GRIGIO 7;KG;30,2299995422363;435,31
CALZIFICIO PRISCO SRL;PF0424851TA0IEX1035;85/92/1 TACTEL INT. FLEXI PA 66 - VANILLA;KG;28,1100002527237;404,79
CALZIFICIO PRISCO SRL;PF0424851TA0IEX1038;85/92/1 TACTEL INT. FLEXI PA 66 - JEANS NUOVO 671;KG;33,0199999809265;475,49
CALZIFICIO PRISCO SRL;PF0424851TA0IEX1050;85/92/1 TACTEL INT. FLEXI PA 66 - VINACCIA;KG;27;388,8
CALZIFICIO PRISCO SRL;PF0424851TA0IEX1053;85/92/1 TACTEL INT. FLEXI PA 66 - MORO 12;KG;23,3900003433228;336,81
CALZIFICIO PRISCO SRL;PF0424851TA0IEX1054;85/92/1 TACTEL INT. FLEXI PA 66 - CARDINALE;KG;37,1700000762939;533,51
VARIMED SRL;;;KG;1;-3029,43
VARIMED SRL;;;;;
VARIMED SRL;PF0427030/20X661000;30/2 ELAS RIT PA 66 - DAINO 100;KG;19,4400006532669;330,48
VARIMED SRL;PF0427030/20X661001;30/2 ELAS RIT PA 66 - VISONE 2023;KG;20,0800008773804;341,36
VARIMED SRL;PF0427030/20X661002;30/2 ELAS RIT PA 66 - FUMO 1015;KG;19,9300000071526;338,81
VARIMED SRL;PF0427030/20X661003;30/2 ELAS RIT PA 66 - MIELE 80917;KG;20;340
VARIMED SRL;PF0427030/20X661005;30/2 ELAS RIT PA 66 - NERO 7010;KG;19,1800003051758;326,06
VARIMED SRL;PF0427030/20X661009;30/2 ELAS RIT PA 66 - BLU 3012;KG;22,3300001621246;379,61
VARIMED SRL;PF0427040/20X661002;44/13X2  ELAS RITORTO PA 66 - FUMO 1015;KG;18,5899997353554;218,44
VARIMED SRL;PF0427040/20X661005;44/13X2  ELAS RITORTO PA 66 - NERO 7010;KG;61,5300008058548;722,99
VARIMED SRL;PF0427040/20X661009;44/13X2  ELAS RITORTO PA 66 - BLU 3012;KG;62,4400005340576;733,68
VARIMED SRL;PF0427070/20X661000;78/34X2 ELAS RITORTO PA 66 - DAINO 100;KG;343,970001459122;3639,34
VARIMED SRL;PF0427070/20X661001;78/34X2 ELAS RITORTO PA 66 - VISONE 2023;KG;52,7300003767014;553,66
VARIMED SRL;PF0427070/20X661003;78/34X2 ELAS RITORTO PA 66 - MIELE 80917;KG;72,0699994564056;756,93
VARIMED SRL;PF0427070/20X661004;78/34X2 ELAS RITORTO PA 66 - CAFFE' 2015;KG;63,7400002479553;673,56
VARIMED SRL;PF0427070/20X661005;78/34X2 ELAS RITORTO PA 66 - NERO 7010;KG;210,469999551773;2209,71
VARIMED SRL;PF0427070/20X661009;78/34X2 ELAS RITORTO PA 66 - BLU 3012;KG;21,6200008392334;230,26
VARIMED SRL;PF0427100/20X661000;100/2 ELAS RIT PA 66 - DAINO 100;KG;31,3400001525879;340,04
VARIMED SRL;PF0427100/20X661003;100/2 ELAS RIT PA 66 - MIELE 80917;KG;19,4900002479553;211,47
VARIMED SRL;PF0427100/20X661006;100/2 ELAS RIT PA 66 - BEIGE 2009;KG;210,5500010252;2239,59
VARIMED SRL;PF0427100/20X661008;100/2 ELAS RIT PA 66 - VERDE;KG;20,9300003051758;227,09
VARIMED SRL;PF042744/340XTC1000;44/34/2 ELAS RIT TACTEL - DAINO 100;KG;179,939999103546;2700,4
VARIMED SRL;PF042744/340XTC1002;44/34/2 ELAS RIT TACTEL - FUMO 1015;KG;84,6200012564659;1273,08
VARIMED SRL;PF042744/340XTC1003;44/34/2 ELAS RIT TACTEL - MIELE 80917;KG;91,3399996757507;1360,97
VARIMED SRL;PF042744/340XTC1004;44/34/2 ELAS RIT TACTEL - CAFFE' 2015;KG;43,7200005054474;662,36
VARIMED SRL;PF042744/340XTC1005;44/34/2 ELAS RIT TACTEL - NERO 7010;KG;151,159999847412;2270,65
VARIMED SRL;PF042744/340XTC1009;44/34/2 ELAS RIT TACTEL - BLU 3012;KG;118,279999226332;1781,59
VARIMED SRL;PR04270001;;;0;929,37
RIMTEKS  A.S.;;;KG;1,77000004053116;0,96
MARINA CALZE S.R.L.;;;;;
MARINA CALZE S.R.L.;PF0441070/20IP61000;70/2 ELAS INT. PA 6 - GREGGIO;KG;2531,78001117706;12796,95
INSOCKS SRL;;;KG;0;0
INSOCKS SRL;;;kg;14,3599996566772;-183,81
INSOCKS SRL;;;;;
INSOCKS SRL;PF0448070/10A661041;70/1 ELAS APE PA 66 - 37856 DIVA PINK FLUO;KG;17,75;177,5
INSOCKS SRL;PF0448070/10A661043;70/1 ELAS APE PA 66 - 35138 MATTONE 419V;KG;99,6899995803833;996,9
INSOCKS SRL;PF0448070/10A661053;70/1 ELAS APE PA 66 - 37282 FATHOM J011;KG;111,159997940063;1111,6
INSOCKS SRL;PF0448070/20XP61019;70/2 ELAS RIT PA 6 - 37243 FATHOM;KG;147,610000133514;1313,72
INSOCKS SRL;PF0448070/20XP61030;70/2 ELAS RIT PA 6 - 36983 PRUGNA 8158 P104;KG;15,5199995040894;136,57
INSOCKS SRL;PF0448070/20XP61032;70/2 ELAS RIT PA 6 - 31013 VERDE ACCESO V113;KG;31,5700006484985;277,82
INSOCKS SRL;PF0448070/20XP61033;70/2 ELAS RIT PA 6 - 31319 LILLA SILK V012;KG;17,289999961853;152,15
INSOCKS SRL;PF0448070/20XP61035;70/2 ELAS RIT PA 6 - 37386 GERANIO V073;KG;35,439998626709;311,87
INSOCKS SRL;PF0448070/20XP61036;70/2 ELAS RIT PA 6 - 33303 GIALLO CORN G065;KG;16,6399993896484;146,43
INSOCKS SRL;PF0448070/20XP61037;70/2 ELAS RIT PA 6 - 31695 OLIVA KONA V140;KG;16,2700004577637;143,18
INSOCKS SRL;PF0448070/20XP61038;70/2 ELAS RIT PA 6 - 30976 PIETRA M102;KG;16,7600001692772;147,49
INSOCKS SRL;PF0448070/20XP61045;70/2 ELAS RIT PA 6 - 37479 DIRECT BLUE;KG;43,4700002670288;386,88
INSOCKS SRL;PF0448070/20XP61047;70/2 ELAS RIT PA 6 - 37659 ADRIATICO A601;KG;30,5499992370605;271,9
INSOCKS SRL;PF0448070/20XP61048;70/2 ELAS RIT PA 6 - 37658 VINTAGE RED R385;KG;29,1199998855591;259,17
INSOCKS SRL;PF0448070/30XP61012;70/3 ELAS RIT PA 6 - 37029 RUGINE CORTESA;KG;20,290000140667;178,55
INSOCKS SRL;PF0448070/30XP61013;70/3 ELAS RIT PA 6 - 36937 VERDE BENETTON;KG;45,8599996566772;398,99
INSOCKS SRL;PF0448070/30XP61025;70/3 ELAS RIT PA 6 - 36934 ARANCIO FLUO SCURO;KG;214,080000519753;1879,3
INSOCKS SRL;PF0448070/30XP61026;70/3 ELAS RIT PA 6 - 37573 NEW BOTTLE GREEN V212;KG;43,8299996852875;384,32
INSOCKS SRL;PF0448070/30XP61027;70/3 ELAS RIT PA 6 - 37018 WHISKY;KG;44,6299996376038;389,9
INSOCKS SRL;PF0448070/30XP61028;70/3 ELAS RIT PA 6 - 37597 FATHOM;KG;13,7400000095367;119,54
INSOCKS SRL;PF0448070/30XP61029;70/3 ELAS RIT PA 6 - 37001 GRANATE B223;KG;42,6099998950958;370,72
INSOCKS SRL;PF0448070/30XP61030;70/3 ELAS RIT PA 6 - 36983 PRUGNA 8158 P104;KG;32,3200001716614;281,19
INSOCKS SRL;PF0448070/30XP61031;70/3 ELAS RIT PA 6 - 37457 MOKA M031;KG;142,990001320839;1244
INSOCKS SRL;PF0448070/30XP61032;70/3 ELAS RIT PA 6 - 31013 VERDE ACCESO V113;KG;16,6600003242493;144,95
INSOCKS SRL;PF0448070/30XP61033;70/3 ELAS RIT PA 6 - 31319 LILLA SILK V012;KG;32,5799999237061;283,45
INSOCKS SRL;PF0448070/30XP61034;70/3 ELAS RIT PA 6 - 37711 GIALLO CORN G065;KG;16,460000038147;143,21
INSOCKS SRL;PF0448070/30XP61039;70/3 ELAS RIT PA 6 - 36854 DIVA PINK FLUO;KG;209,069999933243;1823,78
INSOCKS SRL;PF0448070/30XP61044;70/3 ELAS RIT PA 6 - 37771 SULPHUR SPRING G029;KG;32,0999995470047;282,47
INSOCKS SRL;PF0448070/30XP61046;70/3 ELAS RIT PA 6 - 38106 ROYAL 6080;KG;152,969999790192;1346,13
INSOCKS SRL;PF0448070/30XP61048;70/3 ELAS RIT PA 6 - 37658 VINTAGE RED R385;KG;16,2600002288818;143,09
INSOCKS SRL;PF0448070/30XP61049;70/3 ELAS RIT PA 6 - 37489 G004 GIALLO SCURO;KG;28,5199999809265;250,98
INSOCKS SRL;PF0448070/30XP61050;70/3 ELAS RIT PA 6 - 36713 AZZURRO CARAIBI 406 A233;KG;45,7900004386902;402,95
INSOCKS SRL;PF0448070/30XP61051;70/3 ELAS RIT PA 6 - 38027 SCARLET R210;KG;45,8999998569489;403,92
INSOCKS SRL;PF0448070/30XP61052;70/3 ELAS RIT PA 6 - 37568 ROSA CARNE S018;KG;46,4399995803833;408,67
INSOCKS SRL;PF0448784620XTC1006;78/46/2 ELAS RIT TACTEL - 30389 NERO;KG;432,82000246644;5301,99
INSOCKS SRL;PF0448784620XTC1016;78/46/2 ELAS RIT TACTEL - 30380 BIANCO;KG;45,9899997711182;565,67
INSOCKS SRL;PF0448784620XTC1021;78/46/2 ELAS RIT TACTEL - 36192 NEON GIALLO FLUO;KG;75,2800002098083;925,96
INSOCKS SRL;PF0448784620XTC1042;78/46/2 ELAS RIT TACTEL - 36474 SCARLATTO NEON FLUO;KG;31,8099994659424;391,26
INSOCKS SRL;PF0448786820X661040;78/68/2  RIT PA 66 - 37476 COSMO PINK;KG;33,739999294281;394,76
INSOCKS SRL;PF04487868S0I661054;78/68/2 SKINLIFE INT. PA 66 - 37895 CHARCOAL G170;KG;31,7200002670288;444,08
INSOCKS SRL;PR04480006;;;0;274,03
NUOVA CALZE REGIA SRL;;;;;
NUOVA CALZE REGIA SRL;PF0451070/30XP61015;70/3 ELAS RIT PA 6 - 37771 SULPHUR SPRING G029;KG;32,710000038147;287,85
NUOVA CALZE REGIA SRL;PF0451784620XTC1002;78/46/2 ELAS RIT TACTEL - NERO;KG;186,940000653267;2284,74
NUOVA CALZE REGIA SRL;PF0451784620XTC1006;78/46/2 ELAS RIT TACTEL - CANDIDO;KG;135,35000026226;1654
NUOVA CALZE REGIA SRL;PF0451786820X661010;78/68/2  RIT PA 66 - GIALLO FLUO E 99 ;KG;44,7699995040894;523,81
NUOVA CALZE REGIA SRL;PF0451786820X661011;78/68/2  RIT PA 66 - E20 COBALTO;KG;40,4300003051758;473,04
NUOVA CALZE REGIA SRL;PF0451786820X661012;78/68/2  RIT PA 66 - E51 VIOLA;KG;10,0200004577637;117,23
NUOVA CALZE REGIA SRL;PF0451786820X661013;78/68/2  RIT PA 66 - E53 CICLAMINO;KG;19,6500000953674;229,91
NUOVA CALZE REGIA SRL;PF0451786820XTC1002;78/68/2  RIT TACTEL - NERO;KG;1389,55999648571;17369,77
NUOVA CALZE REGIA SRL;PF0451786820XTC1004;78/68/2  RIT TACTEL - BLUETTE;KG;104,229999005795;1302,91
NUOVA CALZE REGIA SRL;PF0451786820XTC1007;78/68/2  RIT TACTEL - ALIANTE 413;KG;360,520002365112;4506,59
NUOVA CALZE REGIA SRL;PF0451786820XTC1008;78/68/2  RIT TACTEL - ARGENTO E 61;KG;62,7699995040894;784,63
NUOVA CALZE REGIA SRL;PF0451786820XTC1009;78/68/2  RIT TACTEL - ROSA E 49;KG;15,3199999332428;191,51
NUOVA CALZE REGIA SRL;PR04510006;;;0;22,39
Alge Elastic GmbH;;;;;
Alge Elastic GmbH;PF0455070/20X661000;HE 78F24X2 PA6.6 -SCHWARZ 57010;KG;2098,68999958038;18258,63
ATHENA CALZE SRL;;;;;
ATHENA CALZE SRL;PF0465070/20D661000;70/2 ELAS CUC 10000 PA 66 - COD. 618 CHAMPAGNE;KG;15,2799999713898;235,31
ATHENA CALZE SRL;PF0465070/20D661001;70/2 ELAS CUC 10000 PA 66 - COD. 813 MELONE;KG;14,6000000238419;224,84
ATHENA CALZE SRL;PF0465070/20D661002;70/2 ELAS CUC 10000 PA 66 - COD. 871 HAUT;KG;15,2400000095367;234,69
ATHENA CALZE SRL;PF0465070/20D661011;70/2 ELAS CUC 10000 PA 66 - COD. 844;KG;14,9200000762939;229,76
ATHENA CALZE SRL;PF0465070/20D661012;70/2 ELAS CUC 10000 PA 66 - COD. 979;KG;15,1200001239777;232,84
ATHENA CALZE SRL;PF0465070/20D661013;70/2 ELAS CUC 10000 PA 66 - COD. 996 ACQUAMARINA;KG;15,299999833107;235,62
ATHENA CALZE SRL;PF0465070/20D661014;70/2 ELAS CUC 10000 PA 66 - COD. 298 ROUGE;KG;14,8699998855591;229,01
ATHENA CALZE SRL;PF0465070/20D661015;70/2 ELAS CUC 10000 PA 66 - 853 PLAUM;KG;14,6700000762939;225,92
ATHENA CALZE SRL;PF0465070/20D661016;70/2 ELAS CUC 10000 PA 66 - NERO;KG;16,3699998855591;252,09
ATHENA CALZE SRL;PF0465070/20D661017;70/2 ELAS CUC 10000 PA 66 - 567 MAGENT;KG;14,5300002098083;223,76
SC CALZE SRL;;;;;
SC CALZE SRL;PF0470040/20X661001;40/2 ELAS RIT PA 66 - NERO GS005;KG;142,05999994278;738,71
SC CALZE SRL;PF0470040/20X661002;40/2 ELAS RIT PA 66 - E 6 TUBO;KG;19,9200000762939;103,58
SC CALZE SRL;PF0470040/20X661004;40/2 ELAS RIT PA 66 - E 12 NAVY;KG;81,6700003147125;424,68
SC CALZE SRL;PF0470040/20X661012;40/2 ELAS RIT PA 66 - FELCE 416;KG;15,7699999809265;82
SC CALZE SRL;PF0470040/20X661013;40/2 ELAS RIT PA 66 - VERDE PINO 260;KG;16,2999997138977;84,76
SC CALZE SRL;PF0470040/20X661014;40/2 ELAS RIT PA 66 - GIALLO 136;KG;15,7000002861023;81,64
SC CALZE SRL;PF0470040/20X661015;40/2 ELAS RIT PA 66 - ROSSO 133;KG;39,2099995613098;203,9
SC CALZE SRL;PF0470040/20X661016;40/2 ELAS RIT PA 66 - ARANCIO 135;KG;15,9200003147125;82,79
SC CALZE SRL;PF0470040/20X661017;40/2 ELAS RIT PA 66 - NERO GS005;KG;47,1299991607666;245,08
SC CALZE SRL;PF0470040/20X661018;40/2 ELAS RIT PA 66 - BLU NOTTE 111;KG;50,539999961853;262,8
SC CALZE SRL;PF0470040/20X661019;40/2 ELAS RIT PA 66 - BEIGE 605;KG;15,2900004386902;79,5
SC CALZE SRL;PF0470040/20X661020;40/2 ELAS RIT PA 66 - BIANCO 101;KG;79,0699992179871;411,16
SC CALZE SRL;PF0470040/20X661025;40/2 ELAS RIT PA 66 - E 61 PERLA;KG;20,039999961853;104,21
SC CALZE SRL;PF0470070/20IP61011;70/2 ELAS INTERL PA 6 PRIMETTA - GREGGIO;KG;68,4400005340576;174,53
SC CALZE SRL;PF0470070/20XP61012;70/2 ELAS RIT PA 6 - FELCE 416;KG;35,1599998474121;152,94
SC CALZE SRL;PF0470070/20XP61015;70/2 ELAS RIT PA 6 - ROSSO 133;KG;45,2700010538101;196,92
SC CALZE SRL;PF0470070/20XP61016;70/2 ELAS RIT PA 6 - ARANCIO 135;KG;16,2800003290176;70,82
SC CALZE SRL;PF0470070/20XP61020;70/2 ELAS RIT PA 6 - BIANCO 101;KG;37,4900000095367;163,09
SC CALZE SRL;PF0470070/20XP61021;70/2 ELAS RIT PA 6 - ARGENTO 417;KG;33,4099998474121;145,33
SC CALZE SRL;PF0470070/20XP61022;70/2 ELAS RIT PA 6 - GIALLO 137;KG;18,0799999237061;78,64
SC CALZE SRL;PF0470701TP0ATP1001;78/18 INT PA6 TP PRIMETTA - NERO 1000 TP;KG;24,6200008392334;70,17
SC CALZE SRL;PF0470701TP0ATP1023;78/18 INT PA6 TP PRIMETTA -  BIANCO OTTICO 10001 TP;KG;22,4300003051758;65,05
SC CALZE SRL;PF0470781820ITP1001;78/18X2 INT PA6 TP PRIMETTA  - 2999 NERO/1000 NERO;KG;350,709998130798;999,53
SC CALZE SRL;PF0470781820ITP1002;78/18X2 INT PA6 TP PRIMETTA - GR. MEDIO 1022;KG;44,1700000762939;143,55
SC CALZE SRL;PF0470781820ITP1023;78/18X2 INT PA6 TP PRIMETTA - 2002 BIANCO OTT/1001 BIANCO OTT;KG;108,409999847412;314,39
SC CALZE SRL;PF0470781820ITP1024;78/18X2 INT PA6 TP PRIMETTA - 2223 OLTREMARE/BLU OCEANO;KG;129,269998550415;420,14
SC CALZE SRL;PF0470781820ITP1026;78/18X2 INT PA6 TP PRIMETTA - 2012 GR MEDIO/1022 GR MEDIO;KG;43,8099994659424;142,38
SC CALZE SRL;PF0470781820ITP1027;78/18X2 INT PA6 TP PRIMETTA - 2072 GIALLO/1002 GIALLO;KG;18,5499992370605;60,29
ONEBUSINESS SRL;;;KG;0;0
ONEBUSINESS SRL;;;kg;69,5800018310547;-580,99
ONEBUSINESS SRL;;;;;
ONEBUSINESS SRL;PF0483070/20XP61000;70/2 ELAS RIT PA 6 - GS005 - NERO;KG;974,439999461174;8073,18
ONEBUSINESS SRL;PF0483070/20XP61002;70/2 ELAS RIT PA 6 - E12 NAVY;KG;509,959998369217;4197,71
ONEBUSINESS SRL;PF0483070/20XP61004;70/2 ELAS RIT PA 6 - BLU CAMPIONE;KG;305,019997954369;2546,93
ONEBUSINESS SRL;PF0483070/20XP61005;70/2 ELAS RIT PA 6 - BORDEAUX;KG;16,6700000762939;139,2
ONEBUSINESS SRL;PF0483070/20XP61006;70/2 ELAS RIT PA 6 - GRIGIO TOPO T716;KG;58,2799997329712;486,64
ONEBUSINESS SRL;PF0483070/20XP61010;70/2 ELAS RIT PA 6 - ROSSO T718;KG;163,969999790192;1369,15
ONEBUSINESS SRL;PF0483070/20XP61011;70/2 ELAS RIT PA 6 - E01 CANDIDO;KG;299,699999809265;2439,28
ONEBUSINESS SRL;PF0483070/20XP61012;70/2 ELAS RIT PA 6 - PIOMBO E 8;KG;14,8699998855591;118,96
ONEBUSINESS SRL;PF0483786820X661007;78/68/2  RIT PA 66 - NERO 103;KG;21,5900001525879;261,24
FILATI ELASTICI MAGHINA SRL;;;;;
FILATI ELASTICI MAGHINA SRL;PF0489040/10A661004;40/1 ELAS APE PA 66 - 2017 ARGENTO;KG;576,530000686646;6250,83
FILATI ELASTICI MAGHINA SRL;PF0489040/10A661011;40/1 ELAS APE PA 66 - 17 BORDO';KG;102,300000190735;1115,09
FILATI ELASTICI MAGHINA SRL;PF0489040/10A661016;40/1 ELAS APE PA 66 - 2012 GRIGIO MEDIO;KG;721,269999623299;7827,52
FILATI ELASTICI MAGHINA SRL;PF0489040/10A661017;40/1 ELAS APE PA 66 - 30 AVIAZIONE;KG;98,0499982833862;1068,74
FILATI ELASTICI MAGHINA SRL;PF0489040/10A661023;40/1 ELAS APE PA 66 - 16 ROSSO;KG;205,929998397827;2244,66
FILATI ELASTICI MAGHINA SRL;PF0489040/10A661024;40/1 ELAS APE PA 66 - 24 SABBIA;KG;56,8100004196167;619,23
FILATI ELASTICI MAGHINA SRL;PF0489040/10A661037;40/1 ELAS APE PA 66 - 11 AVIO;KG;273,079998970032;2976,57
FILATI ELASTICI MAGHINA SRL;PF0489070/10A661001;70/1 ELAS APE PA 66 - 71 ROSA CONFETTO;KG;101,94000005722;958,24
FILATI ELASTICI MAGHINA SRL;PF0489070/10A661003;70/1 ELAS APE PA 66 - 65 BLU CHIARO;KG;415,89999961853;3876,55
FILATI ELASTICI MAGHINA SRL;PF0489070/10A661005;70/1 ELAS APE PA 66 - 69 VERDE MARCIO;KG;104,449999779463;950,51
FILATI ELASTICI MAGHINA SRL;PF0489070/10A661006;70/1 ELAS APE PA 66 - 67 BLUETTE;KG;103,500000476837;972,92
FILATI ELASTICI MAGHINA SRL;PF0489070/10A661008;70/1 ELAS APE PA 66 - 55 GRANATA;KG;189,570000648499;1781,95
FILATI ELASTICI MAGHINA SRL;PF0489070/10A661009;70/1 ELAS APE PA 66 - 21 CORDA;KG;856,1499979496;7993,28
FILATI ELASTICI MAGHINA SRL;PF0489070/10A661010;70/1 ELAS APE PA 66 - 15 ARANCIO;KG;105,599999427795;960,97
FILATI ELASTICI MAGHINA SRL;PF0489070/10A661011;70/1 ELAS APE PA 66 - 17 BORDO';KG;193,070001602173;1783,38
FILATI ELASTICI MAGHINA SRL;PF0489070/10A661012;70/1 ELAS APE PA 66 - 03 GRIGIO PERLA;KG;99,5899996757507;906,28
FILATI ELASTICI MAGHINA SRL;PF0489070/10A661013;70/1 ELAS APE PA 66 - 05 GRIGIO TOPO;KG;297,360000610352;2733,36
FILATI ELASTICI MAGHINA SRL;PF0489070/10A661014;70/1 ELAS APE PA 66 - 70 V. INGLESE;KG;149,830000817776;1393,93
FILATI ELASTICI MAGHINA SRL;PF0489070/10A661015;70/1 ELAS APE PA 66 - 06 ANTRACITE;KG;208,179999351501;1894,44
FILATI ELASTICI MAGHINA SRL;PF0489070/10A661017;70/1 ELAS APE PA 66 - 30 AVIAZIONE;KG;43,8499999046326;399,04
FILATI ELASTICI MAGHINA SRL;PF0489070/10A661018;70/1 ELAS APE PA 66 - 40 FUXIA;KG;53,1900005340576;484,04
FILATI ELASTICI MAGHINA SRL;PF0489070/10A661019;70/1 ELAS APE PA 66 - 31 VERDE;KG;105,14999973774;971,75
FILATI ELASTICI MAGHINA SRL;PF0489070/10A661020;70/1 ELAS APE PA 66 - 18 GIALLINO;KG;51,8599996566772;471,93
FILATI ELASTICI MAGHINA SRL;PF0489070/10A661021;70/1 ELAS APE PA 66 - 19 GIALLONE;KG;51,6800003051758;470,28
FILATI ELASTICI MAGHINA SRL;PF0489070/10A661022;70/1 ELAS APE PA 66 - 04 GRIGIO MEDIO;KG;396,48000189662;3696,23
FILATI ELASTICI MAGHINA SRL;PF0489070/10A661023;70/1 ELAS APE PA 66 - 16 ROSSO;KG;149,12999856472;1385,85
FILATI ELASTICI MAGHINA SRL;PF0489070/10A661024;70/1 ELAS APE PA 66 - 24 SABBIA;KG;52,8900012969971;481,29
FILATI ELASTICI MAGHINA SRL;PF0489070/10A661025;70/1 ELAS APE PA 66 - 66 KAKI;KG;52,8499994277954;480,94
FILATI ELASTICI MAGHINA SRL;PF0489070/10A661026;70/1 ELAS APE PA 66 - 25 AVANA;KG;20,9700002670288;190,83
FILATI ELASTICI MAGHINA SRL;PF0489070/10A661027;70/1 ELAS APE PA 66 - 26 BRUCIATO;KG;14,9799996614456;136,32
FILATI ELASTICI MAGHINA SRL;PF0489070/10A661028;70/1 ELAS APE PA 66 - 60 BRUCIATO;KG;32,0299994945526;291,48
FILATI ELASTICI MAGHINA SRL;PF0489070/10A661029;70/1 ELAS APE PA 66 - 41 CORALLO;KG;21,0799999237061;191,83
FILATI ELASTICI MAGHINA SRL;PF0489070/10A661030;70/1 ELAS APE PA 66 - 49 FLUORITE;KG;31,3599996566772;285,38
FILATI ELASTICI MAGHINA SRL;PF0489070/10A661031;70/1 ELAS APE PA 66 - 07 NERO;KG;320,160000801086;3009,51
FILATI ELASTICI MAGHINA SRL;PF0489070/10A661032;70/1 ELAS APE PA 66 - 36 SAFARI;KG;21,039999961853;191,46
FILATI ELASTICI MAGHINA SRL;PF0489070/10A661033;70/1 ELAS APE PA 66 - 35 VERDINO;KG;57,1199994087219;536,93
FILATI ELASTICI MAGHINA SRL;PF0489070/10A661034;70/1 ELAS APE PA 66 - 13 MARINA;KG;203,460000216961;1912,53
FILATI ELASTICI MAGHINA SRL;PF0489070/10A661037;70/1 ELAS APE PA 66 - 11 AVIO;KG;87,7999992370605;825,34
FILATI ELASTICI MAGHINA SRL;PF0489070/10A661038;70/1 ELAS APE PA 66 - 53 OCEANO;KG;50,900000333786;478,45
FILATI ELASTICI MAGHINA SRL;PF0489070/10A661039;70/1 ELAS APE PA 66 - PERVINCA 08;KG;57,6199998855591;541,64
FILATI ELASTICI MAGHINA SRL;PF0489070/10A661040;70/1 ELAS APE PA 66 - TESTA MORO 28;KG;51,0800001621246;480,15
FILATI ELASTICI MAGHINA SRL;PF0489070/10A661041;70/1 ELAS APE PA 66 - 14 ROSA CARICO;KG;48,8500001430511;459,19
FILATI ELASTICI MAGHINA SRL;PF0489070/10A661042;70/1 ELAS APE PA 66 - VERDE 33;KG;60,3500008583069;567,29
FILATI ELASTICI MAGHINA SRL;PF0489070/10A661043;70/1 ELAS APE PA 66 - 59 SENAPE;KG;36,3200006484985;341,41
FILATI ELASTICI MAGHINA SRL;PF0489100/10A661002;100/1 ELAS APE PA 66 - NOCE 37;KG;184,149999380112;1697,62
FILATI ELASTICI MAGHINA SRL;PF0489100/10A661003;100/1 ELAS APE PA 66 - 65 BLU CHIARO;KG;48,2200002670288;448,44
FILATI ELASTICI MAGHINA SRL;PF0489100/10A661009;100/1 ELAS APE PA 66 - 21 CORDA;KG;97,7100005149841;908,71
FILATI ELASTICI MAGHINA SRL;PF0489100/10A661011;100/1 ELAS APE PA 66 - 17 BORDO';KG;84,4000005722046;784,92
FILATI ELASTICI MAGHINA SRL;PF0489100/10A661015;100/1 ELAS APE PA 66 - 06 ANTRACITE;KG;435,490002512932;4017,39
FILATI ELASTICI MAGHINA SRL;PF0489100/10A661016;100/1 ELAS APE PA 66 - 2012 GRIGIO MEDIO;KG;417,289999961853;3853,06
FILATI ELASTICI MAGHINA SRL;PF0489100/10A661018;100/1 ELAS APE PA 66 - 40 FUXIA;KG;35,5300002098083;330,43
FILATI ELASTICI MAGHINA SRL;PF0489100/10A661022;100/1 ELAS APE PA 66 - 04 GRIGIO MEDIO;KG;382,769998669624;3532,38
FILATI ELASTICI MAGHINA SRL;PF0489100/10A661031;100/1 ELAS APE PA 66 - 07 NERO;KG;633,479997158051;5858,1
FILATI ELASTICI MAGHINA SRL;PF0489100/10A661034;100/1 ELAS APE PA 66 - 13 MARINA;KG;309,859998703003;2881,71
FILATI ELASTICI MAGHINA SRL;PF0489100/10A661035;100/1 ELAS APE PA 66 - 02 CANDIDO;KG;99,8000005483627;928,15
FILATI ELASTICI MAGHINA SRL;PF0489100/10A661036;100/1 ELAS APE PA 66 - NOCE 27;KG;31,8800001144409;296,48
FILATI ELASTICI MAGHINA SRL;PF0489100/10A661038;100/1 ELAS APE PA 66 - 53 OCEANO;KG;60,0399998426437;558,37
FILATI ELASTICI MAGHINA SRL;PF0489100/10A661039;100/1 ELAS APE PA 66 - PERVINCA 08;KG;49,4099994897842;459,52
FILATI ELASTICI MAGHINA SRL;PF0489100/10A661040;100/1 ELAS APE PA 66 - TESTA MORO 28;KG;62,0299997329712;576,87
FILATI ELASTICI MAGHINA SRL;PF0489100/10A661041;100/1 ELAS APE PA 66 - 14 ROSA CARICO;KG;61,4699993133545;571,67
FILATI ELASTICI MAGHINA SRL;PF0489100/10A661044;100/1 ELAS APE PA 66 - 34 VERDE;KG;36,2800006866455;337,41
NASTRITESSUTI SRL;;;;;
NASTRITESSUTI SRL;PF0490070/20XP61000;70/2 ELAS RIT PA 6 - VERDE 19-5917 TCX;KG;15,2100003957748;135,37
(NON USARE) - PIROLA GIOVANNI SNC;;;;;
(NON USARE) - PIROLA GIOVANNI SNC;PF0495070/20X661000;70/2 ELAS RIT PA 66 - GIALLO VIVO 13-0858 TP;KG;48,0800006389618;456,77
(NON USARE) - PIROLA GIOVANNI SNC;PF0495070/20X661001;70/2 ELAS RIT PA 66 - VERDE VIVO 16-6340 TP;KG;48,3600010871887;459,44
(NON USARE) - PIROLA GIOVANNI SNC;PF0495070/20X661002;70/2 ELAS RIT PA 66 - ROSSO VIVO 17-1563 TP;KG;30,3600004315376;288,43
(NON USARE) - PIROLA GIOVANNI SNC;PF0495070/20X661003;70/2 ELAS RIT PA 66 - BLUETTE VIVO 18-4252 TP;KG;70,8100001811981;672,71
(NON USARE) - PIROLA GIOVANNI SNC;PF0495070/20X661005;70/2 ELAS RIT PA 66 - ARANCIO CARIOCA;KG;72,7100014686584;690,76
(NON USARE) - PIROLA GIOVANNI SNC;PF0495070/20X661006;70/2 ELAS RIT PA 66 - ROSSO 450;KG;15,4200000762939;146,49
(NON USARE) - PIROLA GIOVANNI SNC;PF0495070/20X661007;70/2 ELAS RIT PA 66 - BLU 832;KG;14,2799997329712;135,66
(NON USARE) - PIROLA GIOVANNI SNC;PF0495070/20X661008;70/2 ELAS RIT PA 66 - AVIO 370;KG;15,2500002384186;144,88
(NON USARE) - PIROLA GIOVANNI SNC;PF0495070/20X661009;70/2 ELAS RIT PA 66 - ROSA 279;KG;15,4200000762939;146,49
(NON USARE) - PIROLA GIOVANNI SNC;PF0495070/20X661010;70/2 ELAS RIT PA 66 - AZZURRO 277;KG;14,3500003814697;136,33
(NON USARE) - PIROLA GIOVANNI SNC;PF0495070/20X661011;70/2 ELAS RIT PA 66 - FUXIA FLUO CHIARO 995;KG;16,0100004076958;152,1
(NON USARE) - PIROLA GIOVANNI SNC;PF0495070/20X661012;70/2 ELAS RIT PA 66 - NERO;KG;54,7099997997284;519,75
(NON USARE) - PIROLA GIOVANNI SNC;PF0495070/20X661013;70/2 ELAS RIT PA 66 - BIANCO;KG;55,689998626709;529,06
(NON USARE) - PIROLA GIOVANNI SNC;PR04950006;;;0;8,01
AGAV SRL;;;;;
AGAV SRL;PF0496070/10AP61000;70/1 ELAS APE PA 6 - BORDEAUX 4170;KG;186,779999256134;1746,41
AGAV SRL;PF0496070/10AP61001;70/1 ELAS APE PA 6 - NUDO 1406;KG;102,930000305176;962,41
ANZICHI GIULIO;;;;;
ANZICHI GIULIO;PF0499040/20X661001;40/2 ELAS RIT PA 66 - NERO 20;KG;43,9100003242493;474,22
ANZICHI GIULIO;PF0499040/20X661002;40/2 ELAS RIT PA 66 - VERDE MELA;KG;6,40000009536743;69,12
ANZICHI GIULIO;PF0499040/20X661004;40/2 ELAS RIT PA 66 - GRIGIO PERLA;KG;6,94999980926514;54,21
ANZICHI GIULIO;PF0499040/20X661005;40/2 ELAS RIT PA 66 - GREGGIO;KG;62,5600004196167;508,08
ANZICHI GIULIO;PF0499040/20X661006;40/2 ELAS RIT PA 66 - GRIGIO TOPO;KG;6,5;70,2
ANZICHI GIULIO;PF0499040/20X661007;40/2 ELAS RIT PA 66 - ARANCIO;KG;5,1100001335144;55,19
ANZICHI GIULIO;PF0499040/20X661008;40/2 ELAS RIT PA 66 - BORDO';KG;5,01999998092651;54,22
ANZICHI GIULIO;PF0499040/20X661010;40/2 ELAS RIT PA 66 - ROSA INTENSO;KG;6,82000017166138;73,66
VIOLA CALZIFICIO SPA;;;;;
VIOLA CALZIFICIO SPA;PF0501070/20XP61001;70/2 ELAS RIT PA 6 - 63-220 WINE;KG;32,0200004577637;272,17
CALZIFICIO M BRESCIANI SRL;;;;;
CALZIFICIO M BRESCIANI SRL;PF0507040/10A661000;40/1 ELAS APE PA 66 - Z0052 AMETISTA;KG;1,00999999046326;18,18
CALZIFICIO M BRESCIANI SRL;PF0507040/10A661001;40/1 ELAS APE PA 66 - Z0128;KG;1,00999999046326;18,18
CALZIFICIO M BRESCIANI SRL;PF0507040/10A661002;40/1 ELAS APE PA 66 - NL041 512 GIALLO A CAMP.;KG;1,00999999046326;18,18
CALZIFICIO M BRESCIANI SRL;PF0507040/10A661003;40/1 ELAS APE PA 66 - 036 CICLAMINO;KG;10,8699998855591;195,66
CALZIFICIO M BRESCIANI SRL;PF0507040/10A661004;40/1 ELAS APE PA 66 - 046 PRUGNA;KG;12,039999961853;216,72
CALZIFICIO M BRESCIANI SRL;PF0507040/10A661005;40/1 ELAS APE PA 66 - 931 GIALLINO;KG;11,0900001525879;199,62
CALZIFICIO M BRESCIANI SRL;PF0507040/10A661006;40/1 ELAS APE PA 66 - 039 CILIEGIO;KG;11,3900003433228;205,02
CALZIFICIO M BRESCIANI SRL;PF0507040/10A661007;40/1 ELAS APE PA 66 - E88 CIPRIA;KG;10,6199998855591;191,16
CALZIFICIO M BRESCIANI SRL;PF0507040/10A661008;40/1 ELAS APE PA 66 - 044 BLU CHIARO;KG;12,2599995136261;220,68
CALZIFICIO M BRESCIANI SRL;PF0507040/10A661009;40/1 ELAS APE PA 66 - 007 BIANCO;KG;25,039999961853;450,72
CALZIFICIO M BRESCIANI SRL;PF0507040/10A661010;40/1 ELAS APE PA 66 - CINA NL015;KG;13,4699995517731;242,46
CALZIFICIO M BRESCIANI SRL;PF0507040/10A661011;40/1 ELAS APE PA 66 - E 66 ROYAL A CAMPIONE;KG;11,7399997711182;211,32
CALZIFICIO M BRESCIANI SRL;PF0507040/10A661012;40/1 ELAS APE PA 66 - 073 AVIO A CAMPIONE;KG;1,04999995231628;18,9
CALZIFICIO M BRESCIANI SRL;PF0507040/10A661013;40/1 ELAS APE PA 66 - BLU 691;KG;23,9900007247925;431,82
CALZIFICIO M BRESCIANI SRL;PF0507040/10A661014;40/1 ELAS APE PA 66 - 123 SAFARI;KG;11,9099996089935;214,38
CALZIFICIO M BRESCIANI SRL;PF0507040/10A661015;40/1 ELAS APE PA 66 - 014 NERO;KG;23,8099992275238;428,58
CALZIFICIO M BRESCIANI SRL;PF0507040/10A661016;40/1 ELAS APE PA 66 - 501 MORO;KG;12,4400000572205;223,92
CALZIFICIO M BRESCIANI SRL;PF0507040/10A661017;40/1 ELAS APE PA 66 - 042 FRASSINO;KG;11,9499995708466;215,1
CALZIFICIO M BRESCIANI SRL;PF0507040/10A661018;40/1 ELAS APE PA 66 - 047 FIORDALISO 119;KG;12,7699999809265;229,86
CALZIFICIO M BRESCIANI SRL;PF0507040/10A661019;40/1 ELAS APE PA 66 - 002 BORDO';KG;9,5600004196167;172,08
CALZIFICIO M BRESCIANI SRL;PF0507040/10A661020;40/1 ELAS APE PA 66 - ML015 VERDONE;KG;12,7399997711182;229,32
CALZIFICIO M BRESCIANI SRL;PF0507040/10A661021;40/1 ELAS APE PA 66 - 154 ARGILLA;KG;11,0400000810623;198,72
CALZIFICIO M BRESCIANI SRL;PF0507040/10A661022;40/1 ELAS APE PA 66 - 035 BROWN;KG;12,3399996757507;222,12
CALZIFICIO M BRESCIANI SRL;PF0507040/10A661023;40/1 ELAS APE PA 66 - E84 CIPOLLA;KG;12,4799997806549;224,64
CALZIFICIO M BRESCIANI SRL;PF0507040/20X661010;40/2 ELAS RIT PA 66 - CINA NL015;KG;11,3299999237061;160,32
CALZIFICIO M BRESCIANI SRL;PF0507040/20X661024;40/2 ELAS RIT PA 66 - 018 BLUETTE A CAMPIONE;KG;11,1099996566772;157,21
CALZIFICIO M BRESCIANI SRL;PR05070001;;;0;83,77
Tvornica carapa MIRO d.o.o.;;;;;
Tvornica carapa MIRO d.o.o.;PF0512070/20XP61000;70/2 ELAS RIT PA 6 - 36937 VERDE BENETTON;KG;51,6700010299683;459,86
Tvornica carapa MIRO d.o.o.;PF0512070/20XP61001;70/2 ELAS RIT PA 6 - 37488 TURCHESE CHIARO 118;KG;41,8600006103516;372,55
Tvornica carapa MIRO d.o.o.;PF0512070/20XP61002;70/2 ELAS RIT PA 6 - 37059 SULPHUR SPRING;KG;15,3699998855591;136,79
Tvornica carapa MIRO d.o.o.;PF0512070/30XP61000;70/3 ELAS RIT PA 6 - 36937 VERDE BENETTON;KG;39,0900002717972;343,99
Tvornica carapa MIRO d.o.o.;PF0512070/30XP61001;70/3 ELAS RIT PA 6 - 37488 TURCHESE CHIARO 118;KG;28,3299999237061;249,3
Manifattura San Biagio Srl;;;;;
Manifattura San Biagio Srl;PF0513040/20X661000;40/2 ELAS RIT PA 66 - BLU NOTTE 111;KG;49,3700004220009;488,77
Manifattura San Biagio Srl;PF0513040/20X661001;40/2 ELAS RIT PA 66 - BIANCO CANDIDO;KG;18,2999997138977;181,17
Manifattura San Biagio Srl;PF0513040/20X661002;40/2 ELAS RIT PA 66 - NERO;KG;23,7599993944168;235,22
CALZIFICIO TATIANA di Quecchia Davide;;;;;
CALZIFICIO TATIANA di Quecchia Davide;PF0514070/20XP61000;70/2 ELAS RIT PA 6 - 36279 BLUE COBALT C048;KG;59,7200002670288;519,56
CALZIFICIO TATIANA di Quecchia Davide;PF0514070/20XP61001;70/2 ELAS RIT PA 6 - 36279 BLUE COBALT C048 TATIANA;KG;48,9099998474121;425,53
CALZIFICIO TATIANA di Quecchia Davide;PF0514070/20XP61006;70/2 ELAS RIT PA 6 - NERO;KG;93,6399993896484;791,27
CALZIFICIO TATIANA di Quecchia Davide;PF0514070/20XP61007;70/2 ELAS RIT PA 6 - ECRU E2;KG;71,0599991679192;600,46
CALZIFICIO TATIANA di Quecchia Davide;PF0514070/30XP61002;70/3 ELAS RIT PA 6 - 35343 PURPLE V035;KG;27,970000743866;239,15
CALZIFICIO TATIANA di Quecchia Davide;PF0514070/30XP61003;70/3 ELAS RIT PA 6 - 37771 SULPHUR SPRING;KG;45,7599990367889;391,25
CALZIFICIO TATIANA di Quecchia Davide;PF0514070/30XP61004;70/3 ELAS RIT PA 6 - 36159 NAVY B207;KG;50,1499996185303;428,79
CALZIFICIO TATIANA di Quecchia Davide;PF0514070/30XP61005;70/3 ELAS RIT PA 6 - 35345 ANTRACITE 104 A263;KG;71,3200001716614;609,79
CALZIFICIO TATIANA di Quecchia Davide;PF0514070/40XP61008;70/4 ELAS RIT PA 6 - GIALLO MARGHERITA E52;KG;57,870000243187;503,47
CALZIFICIO TATIANA di Quecchia Davide;PF0514070/40XP61009;70/4 ELAS RIT PA 6 - BIANCO;KG;541,16999822855;4708,25
T.R.S. International S.r.l.;;;;;
T.R.S. International S.r.l.;PF0520070/30XP61000;70/3 ELAS RIT PA 6 - ANTRACITE 1005;KG;69,1900005340576;608,88
T.R.S. International S.r.l.;PF0520070/30XP61001;70/3 ELAS RIT PA 6 - 36935 AZZURRO TURCHESE A106;KG;4,09000015258789;35,99
ITALIAFILI SRL;;;;;
ITALIAFILI SRL;PF05290156T0X661000;156/1 TACTEL RIT PA 66 - AZZURRO;KG;1;50
ITALIAFILI SRL;PR05290010;;;0;15
ARTEMISIA SRL;;;;;
ARTEMISIA SRL;PF0530070/20D661000;70/2 ELAS CUC 10000 PA 66 - COD. 871 HAUT;KG;22,5300004482269;346,96
DANIELE CENEDESE (NON USARE);;;;;
DANIELE CENEDESE (NON USARE);PF05317868S0I661000;78/68/2 SKINLIFE INT. PA 66 - VERDE A CAMPIONE;KG;14,4700002670288;202,58